rbi_regional_office,item,status,years_listed,years_closed,date_closure_rate,evidence_score
Agartala,Akshaya Tritiya,absent in some years,4,1,0.25,0.0094
Ahmedabad,Akshaya Tritiya,absent in some years,4,1,0.25,0.0094
Aizawl,Akshaya Tritiya,absent in some years,4,1,0.25,0.0094
Belapur,Akshaya Tritiya,absent in some years,4,1,0.25,0.0094
Bengaluru,Akshaya Tritiya,never absent,4,4,1.0,0.6
Bhopal,Akshaya Tritiya,absent in some years,4,1,0.25,0.0094
Bhubaneswar,Akshaya Tritiya,absent in some years,4,1,0.25,0.0094
Chandigarh,Akshaya Tritiya,absent in some years,4,1,0.25,0.0094
Chennai,Akshaya Tritiya,absent in some years,4,1,0.25,0.0094
Dehradun,Akshaya Tritiya,absent in some years,4,1,0.25,0.0094
Gangtok,Akshaya Tritiya,absent in some years,4,1,0.25,0.0094
Guwahati,Akshaya Tritiya,absent in some years,4,1,0.25,0.0094
Hyderabad,Akshaya Tritiya,absent in some years,4,1,0.25,0.0094
Imphal,Akshaya Tritiya,absent in some years,4,1,0.25,0.0094
Jaipur,Akshaya Tritiya,absent in some years,4,1,0.25,0.0094
Jammu,Akshaya Tritiya,absent in some years,4,1,0.25,0.0094
Kanpur,Akshaya Tritiya,absent in some years,4,1,0.25,0.0094
Kochi,Akshaya Tritiya,absent in some years,4,1,0.25,0.0094
Kolkata,Akshaya Tritiya,absent in some years,4,1,0.25,0.0094
Lucknow,Akshaya Tritiya,absent in some years,4,1,0.25,0.0094
Mumbai,Akshaya Tritiya,absent in some years,4,1,0.25,0.0094
Nagpur,Akshaya Tritiya,absent in some years,4,1,0.25,0.0094
New Delhi,Akshaya Tritiya,absent in some years,4,1,0.25,0.0094
Panaji,Akshaya Tritiya,absent in some years,4,1,0.25,0.0094
Patna,Akshaya Tritiya,absent in some years,4,1,0.25,0.0094
Raipur,Akshaya Tritiya,absent in some years,4,1,0.25,0.0094
Ranchi,Akshaya Tritiya,absent in some years,4,1,0.25,0.0094
Shillong,Akshaya Tritiya,absent in some years,4,1,0.25,0.0094
Shimla,Akshaya Tritiya,absent in some years,4,1,0.25,0.0094
Srinagar,Akshaya Tritiya,absent in some years,4,1,0.25,0.0094
Thiruvananthapuram,Akshaya Tritiya,absent in some years,4,1,0.25,0.0094
Belapur,Attukal Pongala,absent in some years,4,2,0.5,0.0375
Bhopal,Attukal Pongala,absent in some years,4,1,0.25,0.0094
Dehradun,Attukal Pongala,absent in some years,4,3,0.75,0.0844
Guwahati,Attukal Pongala,absent in some years,4,2,0.5,0.0375
Hyderabad,Attukal Pongala,absent in some years,4,2,0.5,0.0375
Jaipur,Attukal Pongala,absent in some years,4,2,0.5,0.0375
Jammu,Attukal Pongala,absent in some years,4,1,0.25,0.0094
Kanpur,Attukal Pongala,absent in some years,4,3,0.75,0.0844
Kolkata,Attukal Pongala,absent in some years,4,2,0.5,0.0375
Lucknow,Attukal Pongala,absent in some years,4,3,0.75,0.0844
Mumbai,Attukal Pongala,absent in some years,4,2,0.5,0.0375
Nagpur,Attukal Pongala,absent in some years,4,2,0.5,0.0375
Panaji,Attukal Pongala,absent in some years,4,2,0.5,0.0375
Patna,Attukal Pongala,absent in some years,4,1,0.25,0.0094
Ranchi,Attukal Pongala,absent in some years,4,3,0.75,0.0844
Srinagar,Attukal Pongala,absent in some years,4,1,0.25,0.0094
Thiruvananthapuram,Attukal Pongala,confirmed,4,4,1.0,1.0
Vijayawada,Attukal Pongala,absent in some years,4,1,0.25,0.0094
Agartala,Baisakhi (Vaisakhi),never absent,4,4,1.0,0.6
Ahmedabad,Baisakhi (Vaisakhi),absent in some years,4,3,0.75,0.0844
Aizawl,Baisakhi (Vaisakhi),absent in some years,4,3,0.75,0.0844
Belapur,Baisakhi (Vaisakhi),absent in some years,4,3,0.75,0.0844
Bengaluru,Baisakhi (Vaisakhi),absent in some years,4,3,0.75,0.0844
Bhopal,Baisakhi (Vaisakhi),absent in some years,4,3,0.75,0.0844
Bhubaneswar,Baisakhi (Vaisakhi),absent in some years,4,3,0.75,0.0844
Chandigarh,Baisakhi (Vaisakhi),confirmed (home community),4,3,0.75,0.75
Chennai,Baisakhi (Vaisakhi),absent in some years,4,3,0.75,0.0844
Dehradun,Baisakhi (Vaisakhi),absent in some years,4,3,0.75,0.0844
Gangtok,Baisakhi (Vaisakhi),absent in some years,4,3,0.75,0.0844
Guwahati,Baisakhi (Vaisakhi),never absent,4,4,1.0,0.6
Hyderabad,Baisakhi (Vaisakhi),absent in some years,4,3,0.75,0.0844
Imphal,Baisakhi (Vaisakhi),never absent,4,4,1.0,0.6
Itanagar,Baisakhi (Vaisakhi),absent in some years,4,1,0.25,0.0094
Jaipur,Baisakhi (Vaisakhi),absent in some years,4,3,0.75,0.0844
Jammu,Baisakhi (Vaisakhi),never absent,4,4,1.0,0.6
Kanpur,Baisakhi (Vaisakhi),absent in some years,4,3,0.75,0.0844
Kochi,Baisakhi (Vaisakhi),absent in some years,4,3,0.75,0.0844
Kolkata,Baisakhi (Vaisakhi),absent in some years,4,3,0.75,0.0844
Lucknow,Baisakhi (Vaisakhi),absent in some years,4,3,0.75,0.0844
Mumbai,Baisakhi (Vaisakhi),absent in some years,4,3,0.75,0.0844
Nagpur,Baisakhi (Vaisakhi),absent in some years,4,3,0.75,0.0844
New Delhi,Baisakhi (Vaisakhi),absent in some years,4,3,0.75,0.0844
Panaji,Baisakhi (Vaisakhi),absent in some years,4,3,0.75,0.0844
Patna,Baisakhi (Vaisakhi),absent in some years,4,3,0.75,0.0844
Raipur,Baisakhi (Vaisakhi),absent in some years,4,2,0.5,0.0375
Ranchi,Baisakhi (Vaisakhi),absent in some years,4,3,0.75,0.0844
Shimla,Baisakhi (Vaisakhi),absent in some years,4,3,0.75,0.0844
Srinagar,Baisakhi (Vaisakhi),never absent,4,4,1.0,0.6
Thiruvananthapuram,Baisakhi (Vaisakhi),absent in some years,4,3,0.75,0.0844
Vijayawada,Baisakhi (Vaisakhi),absent in some years,4,2,0.5,0.0375
Agartala,Basava Jayanti,absent in some years,4,1,0.25,0.0094
Ahmedabad,Basava Jayanti,absent in some years,4,1,0.25,0.0094
Aizawl,Basava Jayanti,absent in some years,4,1,0.25,0.0094
Belapur,Basava Jayanti,absent in some years,4,1,0.25,0.0094
Bengaluru,Basava Jayanti,confirmed (home community),4,4,1.0,1.0
Bhopal,Basava Jayanti,absent in some years,4,1,0.25,0.0094
Bhubaneswar,Basava Jayanti,absent in some years,4,1,0.25,0.0094
Chandigarh,Basava Jayanti,absent in some years,4,1,0.25,0.0094
Chennai,Basava Jayanti,absent in some years,4,1,0.25,0.0094
Dehradun,Basava Jayanti,absent in some years,4,1,0.25,0.0094
Gangtok,Basava Jayanti,absent in some years,4,1,0.25,0.0094
Guwahati,Basava Jayanti,absent in some years,4,1,0.25,0.0094
Hyderabad,Basava Jayanti,absent in some years,4,1,0.25,0.0094
Imphal,Basava Jayanti,absent in some years,4,1,0.25,0.0094
Jaipur,Basava Jayanti,absent in some years,4,1,0.25,0.0094
Jammu,Basava Jayanti,absent in some years,4,1,0.25,0.0094
Kanpur,Basava Jayanti,absent in some years,4,1,0.25,0.0094
Kochi,Basava Jayanti,absent in some years,4,1,0.25,0.0094
Kolkata,Basava Jayanti,absent in some years,4,1,0.25,0.0094
Lucknow,Basava Jayanti,absent in some years,4,1,0.25,0.0094
Mumbai,Basava Jayanti,absent in some years,4,1,0.25,0.0094
Nagpur,Basava Jayanti,absent in some years,4,1,0.25,0.0094
New Delhi,Basava Jayanti,absent in some years,4,1,0.25,0.0094
Panaji,Basava Jayanti,absent in some years,4,1,0.25,0.0094
Patna,Basava Jayanti,absent in some years,4,1,0.25,0.0094
Raipur,Basava Jayanti,absent in some years,4,1,0.25,0.0094
Ranchi,Basava Jayanti,absent in some years,4,1,0.25,0.0094
Shillong,Basava Jayanti,absent in some years,4,1,0.25,0.0094
Shimla,Basava Jayanti,absent in some years,4,1,0.25,0.0094
Srinagar,Basava Jayanti,absent in some years,4,1,0.25,0.0094
Thiruvananthapuram,Basava Jayanti,absent in some years,4,1,0.25,0.0094
Imphal,Behdienkhlam,absent in some years,4,1,0.25,0.0094
Shillong,Behdienkhlam,confirmed,4,4,1.0,1.0
Agartala,Bengali New Year (Pohela Boishakh),confirmed (home community),4,4,1.0,1.0
Ahmedabad,Bengali New Year (Pohela Boishakh),absent in some years,4,1,0.25,0.0094
Aizawl,Bengali New Year (Pohela Boishakh),absent in some years,4,1,0.25,0.0094
Belapur,Bengali New Year (Pohela Boishakh),absent in some years,4,1,0.25,0.0094
Bengaluru,Bengali New Year (Pohela Boishakh),absent in some years,4,1,0.25,0.0094
Bhopal,Bengali New Year (Pohela Boishakh),absent in some years,4,1,0.25,0.0094
Bhubaneswar,Bengali New Year (Pohela Boishakh),absent in some years,4,1,0.25,0.0094
Chandigarh,Bengali New Year (Pohela Boishakh),absent in some years,4,1,0.25,0.0094
Chennai,Bengali New Year (Pohela Boishakh),absent in some years,4,1,0.25,0.0094
Dehradun,Bengali New Year (Pohela Boishakh),absent in some years,4,1,0.25,0.0094
Gangtok,Bengali New Year (Pohela Boishakh),absent in some years,4,1,0.25,0.0094
Guwahati,Bengali New Year (Pohela Boishakh),never absent,4,4,1.0,0.6
Hyderabad,Bengali New Year (Pohela Boishakh),absent in some years,4,1,0.25,0.0094
Imphal,Bengali New Year (Pohela Boishakh),absent in some years,4,1,0.25,0.0094
Itanagar,Bengali New Year (Pohela Boishakh),absent in some years,4,3,0.75,0.0844
Kanpur,Bengali New Year (Pohela Boishakh),absent in some years,4,1,0.25,0.0094
Kochi,Bengali New Year (Pohela Boishakh),absent in some years,4,3,0.75,0.0844
Kolkata,Bengali New Year (Pohela Boishakh),confirmed (home community),4,4,1.0,1.0
Lucknow,Bengali New Year (Pohela Boishakh),absent in some years,4,1,0.25,0.0094
Mumbai,Bengali New Year (Pohela Boishakh),absent in some years,4,1,0.25,0.0094
Nagpur,Bengali New Year (Pohela Boishakh),absent in some years,4,1,0.25,0.0094
New Delhi,Bengali New Year (Pohela Boishakh),absent in some years,4,1,0.25,0.0094
Panaji,Bengali New Year (Pohela Boishakh),absent in some years,4,1,0.25,0.0094
Patna,Bengali New Year (Pohela Boishakh),absent in some years,4,1,0.25,0.0094
Raipur,Bengali New Year (Pohela Boishakh),absent in some years,4,1,0.25,0.0094
Ranchi,Bengali New Year (Pohela Boishakh),absent in some years,4,1,0.25,0.0094
Shillong,Bengali New Year (Pohela Boishakh),absent in some years,4,1,0.25,0.0094
Shimla,Bengali New Year (Pohela Boishakh),never absent,4,4,1.0,0.6
Thiruvananthapuram,Bengali New Year (Pohela Boishakh),absent in some years,4,3,0.75,0.0844
Ahmedabad,Bhai Dooj,absent in some years,4,2,0.4,0.03
Belapur,Bhai Dooj,absent in some years,4,1,0.2,0.0075
Bengaluru,Bhai Dooj,absent in some years,4,1,0.2,0.0075
Dehradun,Bhai Dooj,absent in some years,4,1,0.2,0.0075
Gangtok,Bhai Dooj,never absent,4,4,1.0,0.6
Imphal,Bhai Dooj,never absent,4,4,0.8,0.48
Jammu,Bhai Dooj,absent in some years,4,1,0.2,0.0075
Kanpur,Bhai Dooj,never absent,4,4,1.0,0.6
Kolkata,Bhai Dooj,absent in some years,4,3,0.6,0.0675
Lucknow,Bhai Dooj,never absent,4,4,1.0,0.6
Mumbai,Bhai Dooj,absent in some years,4,1,0.2,0.0075
Nagpur,Bhai Dooj,absent in some years,4,1,0.2,0.0075
Shimla,Bhai Dooj,never absent,4,4,0.8,0.48
Srinagar,Bhai Dooj,absent in some years,4,1,0.2,0.0075
Agartala,Biju / Buisu,confirmed (home community),5,5,1.0,1.0
Ahmedabad,Biju / Buisu,absent in some years,5,4,0.8,0.096
Aizawl,Biju / Buisu,confirmed (home community),5,4,0.8,0.8
Belapur,Biju / Buisu,absent in some years,5,4,0.8,0.096
Bengaluru,Biju / Buisu,absent in some years,5,4,0.8,0.096
Bhopal,Biju / Buisu,absent in some years,5,4,0.8,0.096
Bhubaneswar,Biju / Buisu,absent in some years,5,4,0.8,0.096
Chandigarh,Biju / Buisu,absent in some years,5,4,0.8,0.096
Chennai,Biju / Buisu,absent in some years,5,4,0.8,0.096
Dehradun,Biju / Buisu,absent in some years,5,4,0.8,0.096
Gangtok,Biju / Buisu,absent in some years,5,4,0.8,0.096
Guwahati,Biju / Buisu,never absent,5,5,1.0,0.6
Hyderabad,Biju / Buisu,absent in some years,5,4,0.8,0.096
Imphal,Biju / Buisu,never absent,5,5,1.0,0.6
Itanagar,Biju / Buisu,absent in some years,5,2,0.4,0.024
Jaipur,Biju / Buisu,absent in some years,5,4,0.8,0.096
Jammu,Biju / Buisu,never absent,5,5,1.0,0.6
Kanpur,Biju / Buisu,absent in some years,5,4,0.8,0.096
Kochi,Biju / Buisu,absent in some years,5,4,0.8,0.096
Kolkata,Biju / Buisu,absent in some years,5,4,0.8,0.096
Lucknow,Biju / Buisu,absent in some years,5,4,0.8,0.096
Mumbai,Biju / Buisu,absent in some years,5,4,0.8,0.096
Nagpur,Biju / Buisu,absent in some years,5,4,0.8,0.096
New Delhi,Biju / Buisu,absent in some years,5,4,0.8,0.096
Panaji,Biju / Buisu,absent in some years,5,4,0.8,0.096
Patna,Biju / Buisu,absent in some years,5,4,0.8,0.096
Raipur,Biju / Buisu,absent in some years,5,3,0.6,0.054
Ranchi,Biju / Buisu,absent in some years,5,4,0.8,0.096
Shimla,Biju / Buisu,absent in some years,5,3,0.6,0.054
Srinagar,Biju / Buisu,never absent,5,5,1.0,0.6
Thiruvananthapuram,Biju / Buisu,absent in some years,5,4,0.8,0.096
Vijayawada,Biju / Buisu,absent in some years,5,3,0.6,0.054
Ahmedabad,Birthday of Hazrat Ali,absent in some years,4,1,0.25,0.0094
Bengaluru,Birthday of Hazrat Ali,absent in some years,4,1,0.25,0.0094
Bhubaneswar,Birthday of Hazrat Ali,absent in some years,4,1,0.25,0.0094
Chennai,Birthday of Hazrat Ali,absent in some years,4,2,0.5,0.0375
Gangtok,Birthday of Hazrat Ali,absent in some years,4,1,0.25,0.0094
Guwahati,Birthday of Hazrat Ali,absent in some years,4,1,0.25,0.0094
Hyderabad,Birthday of Hazrat Ali,absent in some years,4,1,0.25,0.0094
Imphal,Birthday of Hazrat Ali,absent in some years,4,1,0.25,0.0094
Itanagar,Birthday of Hazrat Ali,absent in some years,4,1,0.25,0.0094
Kanpur,Birthday of Hazrat Ali,confirmed,4,4,1.0,1.0
Lucknow,Birthday of Hazrat Ali,confirmed,4,4,1.0,1.0
Vijayawada,Birthday of Hazrat Ali,absent in some years,4,1,0.25,0.0094
Agartala,Bohag Bihu,never absent,5,5,0.692,0.4154
Ahmedabad,Bohag Bihu,absent in some years,5,4,0.385,0.0462
Aizawl,Bohag Bihu,absent in some years,5,4,0.385,0.0462
Belapur,Bohag Bihu,absent in some years,5,4,0.385,0.0462
Bengaluru,Bohag Bihu,absent in some years,5,4,0.385,0.0462
Bhopal,Bohag Bihu,absent in some years,5,4,0.385,0.0462
Bhubaneswar,Bohag Bihu,absent in some years,5,4,0.385,0.0462
Chandigarh,Bohag Bihu,absent in some years,5,4,0.385,0.0462
Chennai,Bohag Bihu,absent in some years,5,4,0.385,0.0462
Dehradun,Bohag Bihu,absent in some years,5,4,0.385,0.0462
Gangtok,Bohag Bihu,absent in some years,5,4,0.385,0.0462
Guwahati,Bohag Bihu,confirmed,5,5,1.0,1.0
Hyderabad,Bohag Bihu,absent in some years,5,4,0.385,0.0462
Imphal,Bohag Bihu,never absent,5,5,0.462,0.2769
Itanagar,Bohag Bihu,absent in some years,5,3,0.385,0.0346
Jaipur,Bohag Bihu,absent in some years,5,4,0.308,0.0369
Jammu,Bohag Bihu,never absent,5,5,0.385,0.2308
Kanpur,Bohag Bihu,absent in some years,5,4,0.385,0.0462
Kochi,Bohag Bihu,absent in some years,5,4,0.538,0.0646
Kolkata,Bohag Bihu,absent in some years,5,4,0.615,0.0738
Lucknow,Bohag Bihu,absent in some years,5,4,0.385,0.0462
Mumbai,Bohag Bihu,absent in some years,5,4,0.385,0.0462
Nagpur,Bohag Bihu,absent in some years,5,4,0.385,0.0462
New Delhi,Bohag Bihu,absent in some years,5,4,0.385,0.0462
Panaji,Bohag Bihu,absent in some years,5,4,0.385,0.0462
Patna,Bohag Bihu,absent in some years,5,4,0.385,0.0462
Raipur,Bohag Bihu,absent in some years,5,3,0.308,0.0277
Ranchi,Bohag Bihu,absent in some years,5,4,0.385,0.0462
Shillong,Bohag Bihu,absent in some years,5,2,0.154,0.0092
Shimla,Bohag Bihu,never absent,5,5,0.615,0.3692
Srinagar,Bohag Bihu,never absent,5,5,0.385,0.2308
Thiruvananthapuram,Bohag Bihu,absent in some years,5,4,0.538,0.0646
Vijayawada,Bohag Bihu,absent in some years,5,3,0.231,0.0208
Agartala,Buddha Purnima,confirmed,5,5,1.0,1.0
Aizawl,Buddha Purnima,confirmed,5,4,0.8,0.8
Belapur,Buddha Purnima,confirmed,5,5,1.0,1.0
Bengaluru,Buddha Purnima,absent in some years,5,1,0.2,0.006
Bhopal,Buddha Purnima,confirmed,5,5,1.0,1.0
Chandigarh,Buddha Purnima,confirmed,5,4,0.8,0.8
Chennai,Buddha Purnima,absent in some years,5,1,0.2,0.006
Dehradun,Buddha Purnima,confirmed,5,5,1.0,1.0
Guwahati,Buddha Purnima,absent in some years,5,1,0.2,0.006
Hyderabad,Buddha Purnima,absent in some years,5,1,0.2,0.006
Imphal,Buddha Purnima,absent in some years,5,1,0.2,0.006
Itanagar,Buddha Purnima,confirmed,5,4,0.8,0.8
Jammu,Buddha Purnima,confirmed,5,5,1.0,1.0
Kanpur,Buddha Purnima,confirmed,5,5,1.0,1.0
Kochi,Buddha Purnima,absent in some years,5,1,0.2,0.006
Kolkata,Buddha Purnima,confirmed,5,5,1.0,1.0
Lucknow,Buddha Purnima,confirmed,5,5,1.0,1.0
Mumbai,Buddha Purnima,confirmed,5,5,1.0,1.0
Nagpur,Buddha Purnima,confirmed,5,5,1.0,1.0
New Delhi,Buddha Purnima,confirmed,5,5,1.0,1.0
Panaji,Buddha Purnima,absent in some years,5,1,0.2,0.006
Patna,Buddha Purnima,absent in some years,5,1,0.2,0.006
Raipur,Buddha Purnima,confirmed,5,5,1.0,1.0
Ranchi,Buddha Purnima,confirmed,5,5,1.0,1.0
Shimla,Buddha Purnima,confirmed,5,5,1.0,1.0
Srinagar,Buddha Purnima,confirmed,5,5,1.0,1.0
Thiruvananthapuram,Buddha Purnima,absent in some years,5,1,0.2,0.006
Vijayawada,Buddha Purnima,absent in some years,5,1,0.2,0.006
Agartala,CIVIC: Ambedkar Jayanti,never absent,4,4,1.0,0.6
Ahmedabad,CIVIC: Ambedkar Jayanti,never absent,4,4,1.0,0.6
Aizawl,CIVIC: Ambedkar Jayanti,never absent,4,4,1.0,0.6
Belapur,CIVIC: Ambedkar Jayanti,never absent,4,4,1.0,0.6
Bengaluru,CIVIC: Ambedkar Jayanti,never absent,4,4,1.0,0.6
Bhopal,CIVIC: Ambedkar Jayanti,never absent,4,4,1.0,0.6
Bhubaneswar,CIVIC: Ambedkar Jayanti,never absent,4,4,1.0,0.6
Chandigarh,CIVIC: Ambedkar Jayanti,never absent,4,4,1.0,0.6
Chennai,CIVIC: Ambedkar Jayanti,never absent,4,4,1.0,0.6
Dehradun,CIVIC: Ambedkar Jayanti,never absent,4,4,1.0,0.6
Gangtok,CIVIC: Ambedkar Jayanti,never absent,4,4,1.0,0.6
Guwahati,CIVIC: Ambedkar Jayanti,never absent,4,4,1.0,0.6
Hyderabad,CIVIC: Ambedkar Jayanti,never absent,4,4,1.0,0.6
Imphal,CIVIC: Ambedkar Jayanti,never absent,4,4,1.0,0.6
Itanagar,CIVIC: Ambedkar Jayanti,absent in some years,4,2,0.5,0.0375
Jaipur,CIVIC: Ambedkar Jayanti,never absent,4,4,1.0,0.6
Jammu,CIVIC: Ambedkar Jayanti,never absent,4,4,1.0,0.6
Kanpur,CIVIC: Ambedkar Jayanti,never absent,4,4,1.0,0.6
Kochi,CIVIC: Ambedkar Jayanti,never absent,4,4,1.0,0.6
Kolkata,CIVIC: Ambedkar Jayanti,never absent,4,4,1.0,0.6
Lucknow,CIVIC: Ambedkar Jayanti,never absent,4,4,1.0,0.6
Mumbai,CIVIC: Ambedkar Jayanti,never absent,4,4,1.0,0.6
Nagpur,CIVIC: Ambedkar Jayanti,never absent,4,4,1.0,0.6
New Delhi,CIVIC: Ambedkar Jayanti,never absent,4,4,1.0,0.6
Panaji,CIVIC: Ambedkar Jayanti,never absent,4,4,1.0,0.6
Patna,CIVIC: Ambedkar Jayanti,never absent,4,4,1.0,0.6
Raipur,CIVIC: Ambedkar Jayanti,absent in some years,4,3,0.75,0.0844
Ranchi,CIVIC: Ambedkar Jayanti,never absent,4,4,1.0,0.6
Shimla,CIVIC: Ambedkar Jayanti,absent in some years,4,3,0.75,0.0844
Srinagar,CIVIC: Ambedkar Jayanti,never absent,4,4,1.0,0.6
Thiruvananthapuram,CIVIC: Ambedkar Jayanti,never absent,4,4,1.0,0.6
Vijayawada,CIVIC: Ambedkar Jayanti,absent in some years,4,3,0.75,0.0844
Ranchi,CIVIC: Bank account closing,never absent,1,1,1.0,0.6
Agartala,CIVIC: Election day,confirmed,5,3,0.1,0.1
Ahmedabad,CIVIC: Election day,confirmed,5,2,0.05,0.05
Aizawl,CIVIC: Election day,confirmed,5,4,0.1,0.1
Belapur,CIVIC: Election day,confirmed,5,3,0.1,0.1
Bengaluru,CIVIC: Election day,confirmed,5,3,0.1,0.1
Bhopal,CIVIC: Election day,confirmed,5,3,0.075,0.075
Bhubaneswar,CIVIC: Election day,absent in some years,5,2,0.05,0.003
Chandigarh,CIVIC: Election day,confirmed,5,1,0.025,0.025
Chennai,CIVIC: Election day,confirmed,5,4,0.125,0.125
Dehradun,CIVIC: Election day,confirmed,5,3,0.075,0.075
Gangtok,CIVIC: Election day,absent in some years,5,1,0.025,0.0008
Hyderabad,CIVIC: Election day,confirmed,5,3,0.075,0.075
Imphal,CIVIC: Election day,confirmed,5,1,0.025,0.025
Itanagar,CIVIC: Election day,confirmed,5,2,0.05,0.05
Jaipur,CIVIC: Election day,confirmed,5,3,0.075,0.075
Jammu,CIVIC: Election day,confirmed,5,1,0.05,0.05
Kanpur,CIVIC: Election day,confirmed,5,4,0.125,0.125
Kochi,CIVIC: Election day,confirmed,5,3,0.075,0.075
Kohima,CIVIC: Election day,confirmed,5,1,0.05,0.05
Kolkata,CIVIC: Election day,confirmed,5,2,0.05,0.05
Lucknow,CIVIC: Election day,confirmed,5,5,0.125,0.125
Mumbai,CIVIC: Election day,confirmed,5,3,0.1,0.1
Nagpur,CIVIC: Election day,confirmed,5,3,0.1,0.1
Panaji,CIVIC: Election day,confirmed,5,1,0.025,0.025
Patna,CIVIC: Election day,confirmed,5,2,0.05,0.05
Raipur,CIVIC: Election day,confirmed,5,3,0.075,0.075
Ranchi,CIVIC: Election day,confirmed,5,2,0.05,0.05
Shillong,CIVIC: Election day,confirmed,5,2,0.075,0.075
Shimla,CIVIC: Election day,confirmed,5,3,0.075,0.075
Srinagar,CIVIC: Election day,confirmed,5,1,0.05,0.05
Thiruvananthapuram,CIVIC: Election day,confirmed,5,3,0.075,0.075
Vijayawada,CIVIC: Election day,confirmed,5,2,0.05,0.05
Agartala,CIVIC: Gandhi Jayanti,confirmed (statutory / own-state day),4,4,1.0,1.0
Ahmedabad,CIVIC: Gandhi Jayanti,confirmed (statutory / own-state day),4,4,1.0,1.0
Aizawl,CIVIC: Gandhi Jayanti,confirmed (statutory / own-state day),4,4,1.0,1.0
Belapur,CIVIC: Gandhi Jayanti,confirmed (statutory / own-state day),4,4,1.0,1.0
Bengaluru,CIVIC: Gandhi Jayanti,confirmed (statutory / own-state day),4,4,1.0,1.0
Bhopal,CIVIC: Gandhi Jayanti,confirmed (statutory / own-state day),4,4,1.0,1.0
Bhubaneswar,CIVIC: Gandhi Jayanti,confirmed (statutory / own-state day),4,4,1.0,1.0
Chandigarh,CIVIC: Gandhi Jayanti,confirmed (statutory / own-state day),4,4,1.0,1.0
Chennai,CIVIC: Gandhi Jayanti,confirmed (statutory / own-state day),4,4,1.0,1.0
Dehradun,CIVIC: Gandhi Jayanti,confirmed (statutory / own-state day),4,4,1.0,1.0
Gangtok,CIVIC: Gandhi Jayanti,confirmed (statutory / own-state day),4,4,1.0,1.0
Guwahati,CIVIC: Gandhi Jayanti,confirmed (statutory / own-state day),4,4,1.0,1.0
Hyderabad,CIVIC: Gandhi Jayanti,confirmed (statutory / own-state day),4,4,1.0,1.0
Imphal,CIVIC: Gandhi Jayanti,confirmed (statutory / own-state day),4,4,1.0,1.0
Itanagar,CIVIC: Gandhi Jayanti,confirmed (statutory / own-state day),4,4,1.0,1.0
Jaipur,CIVIC: Gandhi Jayanti,confirmed (statutory / own-state day),4,4,1.0,1.0
Jammu,CIVIC: Gandhi Jayanti,confirmed (statutory / own-state day),4,4,1.0,1.0
Kanpur,CIVIC: Gandhi Jayanti,confirmed (statutory / own-state day),4,4,1.0,1.0
Kochi,CIVIC: Gandhi Jayanti,confirmed (statutory / own-state day),4,4,1.0,1.0
Kohima,CIVIC: Gandhi Jayanti,confirmed (statutory / own-state day),4,4,1.0,1.0
Kolkata,CIVIC: Gandhi Jayanti,confirmed (statutory / own-state day),4,4,1.0,1.0
Lucknow,CIVIC: Gandhi Jayanti,confirmed (statutory / own-state day),4,4,1.0,1.0
Mumbai,CIVIC: Gandhi Jayanti,confirmed (statutory / own-state day),4,4,1.0,1.0
Nagpur,CIVIC: Gandhi Jayanti,confirmed (statutory / own-state day),4,4,1.0,1.0
New Delhi,CIVIC: Gandhi Jayanti,confirmed (statutory / own-state day),4,4,1.0,1.0
Panaji,CIVIC: Gandhi Jayanti,confirmed (statutory / own-state day),4,4,1.0,1.0
Patna,CIVIC: Gandhi Jayanti,confirmed (statutory / own-state day),4,4,1.0,1.0
Raipur,CIVIC: Gandhi Jayanti,confirmed (statutory / own-state day),4,4,1.0,1.0
Ranchi,CIVIC: Gandhi Jayanti,confirmed (statutory / own-state day),4,4,1.0,1.0
Shillong,CIVIC: Gandhi Jayanti,confirmed (statutory / own-state day),4,4,1.0,1.0
Shimla,CIVIC: Gandhi Jayanti,confirmed (statutory / own-state day),4,4,1.0,1.0
Srinagar,CIVIC: Gandhi Jayanti,confirmed (statutory / own-state day),4,4,1.0,1.0
Thiruvananthapuram,CIVIC: Gandhi Jayanti,confirmed (statutory / own-state day),4,4,1.0,1.0
Vijayawada,CIVIC: Gandhi Jayanti,confirmed (statutory / own-state day),4,4,1.0,1.0
Agartala,CIVIC: Independence Day,confirmed (statutory / own-state day),5,5,1.0,1.0
Ahmedabad,CIVIC: Independence Day,confirmed (statutory / own-state day),5,5,1.0,1.0
Aizawl,CIVIC: Independence Day,confirmed (statutory / own-state day),5,5,1.0,1.0
Belapur,CIVIC: Independence Day,confirmed (statutory / own-state day),5,5,1.0,1.0
Bengaluru,CIVIC: Independence Day,confirmed (statutory / own-state day),5,5,1.0,1.0
Bhopal,CIVIC: Independence Day,confirmed (statutory / own-state day),5,5,1.0,1.0
Bhubaneswar,CIVIC: Independence Day,confirmed (statutory / own-state day),5,5,1.0,1.0
Chandigarh,CIVIC: Independence Day,confirmed (statutory / own-state day),5,5,1.0,1.0
Chennai,CIVIC: Independence Day,confirmed (statutory / own-state day),5,5,1.0,1.0
Dehradun,CIVIC: Independence Day,confirmed (statutory / own-state day),5,5,1.0,1.0
Gangtok,CIVIC: Independence Day,confirmed (statutory / own-state day),5,5,1.0,1.0
Guwahati,CIVIC: Independence Day,confirmed (statutory / own-state day),5,5,1.0,1.0
Hyderabad,CIVIC: Independence Day,confirmed (statutory / own-state day),5,5,1.0,1.0
Imphal,CIVIC: Independence Day,confirmed (statutory / own-state day),5,5,1.0,1.0
Itanagar,CIVIC: Independence Day,confirmed (statutory / own-state day),5,4,0.8,1.0
Jaipur,CIVIC: Independence Day,confirmed (statutory / own-state day),5,5,1.0,1.0
Jammu,CIVIC: Independence Day,confirmed (statutory / own-state day),5,5,1.0,1.0
Kanpur,CIVIC: Independence Day,confirmed (statutory / own-state day),5,5,1.0,1.0
Kochi,CIVIC: Independence Day,confirmed (statutory / own-state day),5,5,1.0,1.0
Kohima,CIVIC: Independence Day,confirmed (statutory / own-state day),5,4,0.8,1.0
Kolkata,CIVIC: Independence Day,confirmed (statutory / own-state day),5,5,1.0,1.0
Lucknow,CIVIC: Independence Day,confirmed (statutory / own-state day),5,5,1.0,1.0
Mumbai,CIVIC: Independence Day,confirmed (statutory / own-state day),5,5,1.0,1.0
Nagpur,CIVIC: Independence Day,confirmed (statutory / own-state day),5,5,1.0,1.0
New Delhi,CIVIC: Independence Day,confirmed (statutory / own-state day),5,5,1.0,1.0
Panaji,CIVIC: Independence Day,confirmed (statutory / own-state day),5,5,1.0,1.0
Patna,CIVIC: Independence Day,confirmed (statutory / own-state day),5,5,1.0,1.0
Raipur,CIVIC: Independence Day,confirmed (statutory / own-state day),5,5,1.0,1.0
Ranchi,CIVIC: Independence Day,confirmed (statutory / own-state day),5,5,1.0,1.0
Shillong,CIVIC: Independence Day,confirmed (statutory / own-state day),5,5,1.0,1.0
Shimla,CIVIC: Independence Day,confirmed (statutory / own-state day),5,5,1.0,1.0
Srinagar,CIVIC: Independence Day,confirmed (statutory / own-state day),5,5,1.0,1.0
Thiruvananthapuram,CIVIC: Independence Day,confirmed (statutory / own-state day),5,5,1.0,1.0
Vijayawada,CIVIC: Independence Day,confirmed (statutory / own-state day),5,4,0.8,1.0
Agartala,CIVIC: May Day / Maharashtra Day,absent in some years,4,1,0.25,0.0094
Aizawl,CIVIC: May Day / Maharashtra Day,absent in some years,4,1,0.25,0.0094
Belapur,CIVIC: May Day / Maharashtra Day,confirmed,4,4,1.0,1.0
Bengaluru,CIVIC: May Day / Maharashtra Day,confirmed,4,4,1.0,1.0
Bhopal,CIVIC: May Day / Maharashtra Day,absent in some years,4,1,0.25,0.0094
Chandigarh,CIVIC: May Day / Maharashtra Day,absent in some years,4,1,0.25,0.0094
Chennai,CIVIC: May Day / Maharashtra Day,confirmed,4,4,1.0,1.0
Dehradun,CIVIC: May Day / Maharashtra Day,absent in some years,4,1,0.25,0.0094
Guwahati,CIVIC: May Day / Maharashtra Day,confirmed,4,4,1.0,1.0
Hyderabad,CIVIC: May Day / Maharashtra Day,confirmed,4,4,1.0,1.0
Imphal,CIVIC: May Day / Maharashtra Day,confirmed,4,4,1.0,1.0
Itanagar,CIVIC: May Day / Maharashtra Day,absent in some years,4,1,0.25,0.0094
Jammu,CIVIC: May Day / Maharashtra Day,absent in some years,4,1,0.25,0.0094
Kanpur,CIVIC: May Day / Maharashtra Day,absent in some years,4,1,0.25,0.0094
Kochi,CIVIC: May Day / Maharashtra Day,confirmed,4,4,1.0,1.0
Kolkata,CIVIC: May Day / Maharashtra Day,confirmed,4,4,1.0,1.0
Lucknow,CIVIC: May Day / Maharashtra Day,absent in some years,4,1,0.25,0.0094
Mumbai,CIVIC: May Day / Maharashtra Day,confirmed,4,4,1.0,1.0
Nagpur,CIVIC: May Day / Maharashtra Day,confirmed,4,4,1.0,1.0
New Delhi,CIVIC: May Day / Maharashtra Day,absent in some years,4,1,0.25,0.0094
Panaji,CIVIC: May Day / Maharashtra Day,confirmed,4,4,1.0,1.0
Patna,CIVIC: May Day / Maharashtra Day,confirmed,4,4,1.0,1.0
Raipur,CIVIC: May Day / Maharashtra Day,absent in some years,4,1,0.25,0.0094
Ranchi,CIVIC: May Day / Maharashtra Day,absent in some years,4,1,0.25,0.0094
Shimla,CIVIC: May Day / Maharashtra Day,absent in some years,4,1,0.25,0.0094
Srinagar,CIVIC: May Day / Maharashtra Day,absent in some years,4,1,0.25,0.0094
Thiruvananthapuram,CIVIC: May Day / Maharashtra Day,confirmed,4,4,1.0,1.0
Vijayawada,CIVIC: May Day / Maharashtra Day,confirmed,4,4,1.0,1.0
Agartala,CIVIC: Netaji Jayanti,absent in some years,4,3,0.75,0.0844
Bhubaneswar,CIVIC: Netaji Jayanti,absent in some years,4,2,0.5,0.0375
Dehradun,CIVIC: Netaji Jayanti,absent in some years,4,1,0.25,0.0094
Imphal,CIVIC: Netaji Jayanti,absent in some years,4,1,0.25,0.0094
Kolkata,CIVIC: Netaji Jayanti,confirmed,4,4,1.0,1.0
Aizawl,CIVIC: New Year (Gregorian),confirmed,5,5,1.0,1.0
Chennai,CIVIC: New Year (Gregorian),confirmed,5,4,0.308,0.3077
Gangtok,CIVIC: New Year (Gregorian),confirmed,5,4,0.538,0.5385
Imphal,CIVIC: New Year (Gregorian),confirmed,5,4,0.385,0.3846
Itanagar,CIVIC: New Year (Gregorian),confirmed,5,3,0.231,0.2308
Kochi,CIVIC: New Year (Gregorian),absent in some years,5,1,0.077,0.0023
Kohima,CIVIC: New Year (Gregorian),confirmed,5,3,0.231,0.2308
Kolkata,CIVIC: New Year (Gregorian),confirmed,5,3,0.231,0.2308
Shillong,CIVIC: New Year (Gregorian),confirmed,5,4,0.308,0.3077
Thiruvananthapuram,CIVIC: New Year (Gregorian),absent in some years,5,1,0.077,0.0023
Agartala,CIVIC: Republic Day,confirmed (statutory / own-state day),4,4,1.0,1.0
Ahmedabad,CIVIC: Republic Day,confirmed (statutory / own-state day),4,4,1.0,1.0
Aizawl,CIVIC: Republic Day,confirmed (statutory / own-state day),4,4,1.0,1.0
Belapur,CIVIC: Republic Day,confirmed (statutory / own-state day),4,4,1.0,1.0
Bengaluru,CIVIC: Republic Day,confirmed (statutory / own-state day),4,4,1.0,1.0
Bhopal,CIVIC: Republic Day,confirmed (statutory / own-state day),4,4,1.0,1.0
Bhubaneswar,CIVIC: Republic Day,confirmed (statutory / own-state day),4,4,1.0,1.0
Chandigarh,CIVIC: Republic Day,confirmed (statutory / own-state day),4,4,1.0,1.0
Chennai,CIVIC: Republic Day,confirmed (statutory / own-state day),4,4,1.0,1.0
Dehradun,CIVIC: Republic Day,confirmed (statutory / own-state day),4,4,1.0,1.0
Gangtok,CIVIC: Republic Day,confirmed (statutory / own-state day),4,4,1.0,1.0
Guwahati,CIVIC: Republic Day,confirmed (statutory / own-state day),4,4,1.0,1.0
Hyderabad,CIVIC: Republic Day,confirmed (statutory / own-state day),4,4,1.0,1.0
Imphal,CIVIC: Republic Day,confirmed (statutory / own-state day),4,4,1.0,1.0
Itanagar,CIVIC: Republic Day,confirmed (statutory / own-state day),4,3,0.75,1.0
Jaipur,CIVIC: Republic Day,confirmed (statutory / own-state day),4,4,1.0,1.0
Jammu,CIVIC: Republic Day,confirmed (statutory / own-state day),4,4,1.0,1.0
Kanpur,CIVIC: Republic Day,confirmed (statutory / own-state day),4,4,1.0,1.0
Kochi,CIVIC: Republic Day,confirmed (statutory / own-state day),4,4,1.0,1.0
Kohima,CIVIC: Republic Day,confirmed (statutory / own-state day),4,3,0.75,1.0
Kolkata,CIVIC: Republic Day,confirmed (statutory / own-state day),4,4,1.0,1.0
Lucknow,CIVIC: Republic Day,confirmed (statutory / own-state day),4,4,1.0,1.0
Mumbai,CIVIC: Republic Day,confirmed (statutory / own-state day),4,4,1.0,1.0
Nagpur,CIVIC: Republic Day,confirmed (statutory / own-state day),4,4,1.0,1.0
New Delhi,CIVIC: Republic Day,confirmed (statutory / own-state day),4,4,1.0,1.0
Panaji,CIVIC: Republic Day,confirmed (statutory / own-state day),4,4,1.0,1.0
Patna,CIVIC: Republic Day,confirmed (statutory / own-state day),4,4,1.0,1.0
Raipur,CIVIC: Republic Day,confirmed (statutory / own-state day),4,4,1.0,1.0
Ranchi,CIVIC: Republic Day,confirmed (statutory / own-state day),4,4,1.0,1.0
Shillong,CIVIC: Republic Day,confirmed (statutory / own-state day),4,4,1.0,1.0
Shimla,CIVIC: Republic Day,confirmed (statutory / own-state day),4,4,1.0,1.0
Srinagar,CIVIC: Republic Day,confirmed (statutory / own-state day),4,4,1.0,1.0
Thiruvananthapuram,CIVIC: Republic Day,confirmed (statutory / own-state day),4,4,1.0,1.0
Vijayawada,CIVIC: Republic Day,confirmed (statutory / own-state day),4,3,0.75,1.0
Aizawl,CIVIC: State formation day,confirmed,4,4,0.364,0.3636
Gangtok,CIVIC: State formation day,confirmed,4,3,0.273,0.2727
Itanagar,CIVIC: State formation day,confirmed,4,4,0.636,0.6364
Kohima,CIVIC: State formation day,absent in some years,4,3,0.273,0.0307
Ranchi,CIVIC: State formation day,absent in some years,4,1,0.091,0.0034
Chennai,CIVIC: Weather closure,confirmed,2,1,0.333,0.3333
Imphal,CIVIC: Weather closure,confirmed,2,1,0.667,0.6667
Panaji,CIVIC: Weather closure,absent in some years,2,1,0.167,0.0125
Shillong,CIVIC: Weather closure,absent in some years,2,1,0.167,0.0125
Agartala,CIVIC: accession day,absent in some years,4,1,0.25,0.0094
Ahmedabad,CIVIC: accession day,absent in some years,4,1,0.25,0.0094
Belapur,CIVIC: accession day,absent in some years,4,1,0.25,0.0094
Bengaluru,CIVIC: accession day,absent in some years,4,1,0.25,0.0094
Chandigarh,CIVIC: accession day,absent in some years,4,1,0.25,0.0094
Dehradun,CIVIC: accession day,absent in some years,4,1,0.25,0.0094
Gangtok,CIVIC: accession day,absent in some years,4,2,0.5,0.0375
Jammu,CIVIC: accession day,confirmed,4,4,1.0,1.0
Kanpur,CIVIC: accession day,absent in some years,4,1,0.25,0.0094
Lucknow,CIVIC: accession day,absent in some years,4,1,0.25,0.0094
Mumbai,CIVIC: accession day,absent in some years,4,1,0.25,0.0094
Nagpur,CIVIC: accession day,absent in some years,4,1,0.25,0.0094
Shimla,CIVIC: accession day,absent in some years,4,2,0.5,0.0375
Srinagar,CIVIC: accession day,confirmed,4,4,1.0,1.0
Bengaluru,CIVIC: as a mark of respect to late dr manmohan,never absent,1,1,1.0,0.6
Kohima,CIVIC: as a mark of respect to late dr manmohan,never absent,1,1,1.0,0.6
Ahmedabad,CIVIC: ayyankali jayanthi,never absent,1,1,1.0,0.6
Bhopal,CIVIC: ayyankali jayanthi,never absent,1,1,1.0,0.6
Dehradun,CIVIC: ayyankali jayanthi,never absent,1,1,1.0,0.6
Gangtok,CIVIC: ayyankali jayanthi,never absent,1,1,1.0,0.6
Jaipur,CIVIC: ayyankali jayanthi,never absent,1,1,1.0,0.6
Jammu,CIVIC: ayyankali jayanthi,never absent,1,1,1.0,0.6
Kanpur,CIVIC: ayyankali jayanthi,never absent,1,1,1.0,0.6
Kochi,CIVIC: ayyankali jayanthi,never absent,1,1,1.0,0.6
Lucknow,CIVIC: ayyankali jayanthi,never absent,1,1,1.0,0.6
Raipur,CIVIC: ayyankali jayanthi,never absent,1,1,1.0,0.6
Shimla,CIVIC: ayyankali jayanthi,never absent,1,1,1.0,0.6
Srinagar,CIVIC: ayyankali jayanthi,never absent,1,1,1.0,0.6
Thiruvananthapuram,CIVIC: ayyankali jayanthi,never absent,1,1,1.0,0.6
Hyderabad,CIVIC: babu jagjivan ram s birthday,confirmed,4,4,1.0,1.0
Jammu,CIVIC: babu jagjivan ram s birthday,absent in some years,4,1,0.25,0.0094
Srinagar,CIVIC: babu jagjivan ram s birthday,absent in some years,4,1,0.25,0.0094
Gangtok,CIVIC: bhanu jayanti,confirmed,2,2,1.0,1.0
Belapur,CIVIC: bihar divas,other-state civic day,3,1,0.333,0.0
Bengaluru,CIVIC: bihar divas,other-state civic day,3,1,0.333,0.0
Chennai,CIVIC: bihar divas,other-state civic day,3,1,0.333,0.0
Hyderabad,CIVIC: bihar divas,other-state civic day,3,1,0.333,0.0
Imphal,CIVIC: bihar divas,other-state civic day,3,1,0.333,0.0
Jammu,CIVIC: bihar divas,other-state civic day,3,1,0.333,0.0
Mumbai,CIVIC: bihar divas,other-state civic day,3,1,0.333,0.0
Nagpur,CIVIC: bihar divas,other-state civic day,3,1,0.333,0.0
Panaji,CIVIC: bihar divas,other-state civic day,3,1,0.333,0.0
Patna,CIVIC: bihar divas,confirmed (statutory / own-state day),3,3,1.0,1.0
Srinagar,CIVIC: bihar divas,other-state civic day,3,1,0.333,0.0
Patna,CIVIC: bihar diwas,confirmed (statutory / own-state day),1,1,1.0,1.0
Ranchi,CIVIC: birsa munda birth anniversary,never absent,1,1,1.0,0.6
Aizawl,CIVIC: birth anniversary of dr syama prasad moo,never absent,1,1,1.0,0.6
Kolkata,CIVIC: birth anniversary of dr syama prasad moo,never absent,1,1,1.0,0.6
Agartala,CIVIC: birth anniversary of pandit raghunath mu,never absent,1,1,1.0,0.6
Aizawl,CIVIC: birth anniversary of pandit raghunath mu,never absent,1,1,1.0,0.6
Belapur,CIVIC: birth anniversary of pandit raghunath mu,never absent,1,1,1.0,0.6
Bengaluru,CIVIC: birth anniversary of pandit raghunath mu,never absent,1,1,1.0,0.6
Bhopal,CIVIC: birth anniversary of pandit raghunath mu,never absent,1,1,1.0,0.6
Chandigarh,CIVIC: birth anniversary of pandit raghunath mu,never absent,1,1,1.0,0.6
Chennai,CIVIC: birth anniversary of pandit raghunath mu,never absent,1,1,1.0,0.6
Dehradun,CIVIC: birth anniversary of pandit raghunath mu,never absent,1,1,1.0,0.6
Guwahati,CIVIC: birth anniversary of pandit raghunath mu,never absent,1,1,1.0,0.6
Hyderabad,CIVIC: birth anniversary of pandit raghunath mu,never absent,1,1,1.0,0.6
Imphal,CIVIC: birth anniversary of pandit raghunath mu,never absent,1,1,1.0,0.6
Itanagar,CIVIC: birth anniversary of pandit raghunath mu,never absent,1,1,1.0,0.6
Jammu,CIVIC: birth anniversary of pandit raghunath mu,never absent,1,1,1.0,0.6
Kanpur,CIVIC: birth anniversary of pandit raghunath mu,never absent,1,1,1.0,0.6
Kochi,CIVIC: birth anniversary of pandit raghunath mu,never absent,1,1,1.0,0.6
Kolkata,CIVIC: birth anniversary of pandit raghunath mu,never absent,1,1,1.0,0.6
Lucknow,CIVIC: birth anniversary of pandit raghunath mu,never absent,1,1,1.0,0.6
Mumbai,CIVIC: birth anniversary of pandit raghunath mu,never absent,1,1,1.0,0.6
Nagpur,CIVIC: birth anniversary of pandit raghunath mu,never absent,1,1,1.0,0.6
New Delhi,CIVIC: birth anniversary of pandit raghunath mu,never absent,1,1,1.0,0.6
Panaji,CIVIC: birth anniversary of pandit raghunath mu,never absent,1,1,1.0,0.6
Patna,CIVIC: birth anniversary of pandit raghunath mu,never absent,1,1,1.0,0.6
Raipur,CIVIC: birth anniversary of pandit raghunath mu,never absent,1,1,1.0,0.6
Ranchi,CIVIC: birth anniversary of pandit raghunath mu,never absent,1,1,1.0,0.6
Shimla,CIVIC: birth anniversary of pandit raghunath mu,never absent,1,1,1.0,0.6
Srinagar,CIVIC: birth anniversary of pandit raghunath mu,never absent,1,1,1.0,0.6
Thiruvananthapuram,CIVIC: birth anniversary of pandit raghunath mu,never absent,1,1,1.0,0.6
Vijayawada,CIVIC: birth anniversary of pandit raghunath mu,never absent,1,1,1.0,0.6
Kolkata,CIVIC: birth day of swami vivekananda,confirmed,2,2,1.0,1.0
Agartala,CIVIC: birthday of bir bikram kishore manikya b,never absent,1,1,1.0,0.6
Ahmedabad,CIVIC: birthday of bir bikram kishore manikya b,never absent,1,1,1.0,0.6
Bhopal,CIVIC: birthday of bir bikram kishore manikya b,never absent,1,1,1.0,0.6
Bhubaneswar,CIVIC: birthday of bir bikram kishore manikya b,never absent,1,1,1.0,0.6
Dehradun,CIVIC: birthday of bir bikram kishore manikya b,never absent,1,1,1.0,0.6
Jaipur,CIVIC: birthday of bir bikram kishore manikya b,never absent,1,1,1.0,0.6
Kanpur,CIVIC: birthday of bir bikram kishore manikya b,never absent,1,1,1.0,0.6
Lucknow,CIVIC: birthday of bir bikram kishore manikya b,never absent,1,1,1.0,0.6
Shimla,CIVIC: birthday of bir bikram kishore manikya b,never absent,1,1,1.0,0.6
Agartala,CIVIC: birthday of kazi nazrul islam,confirmed,2,2,1.0,1.0
Agartala,CIVIC: birthday of maharaja bir bikram kishore ,confirmed,2,2,1.0,1.0
Jammu,CIVIC: birthday of maharaja hari singh ji,confirmed,4,4,1.0,1.0
Srinagar,CIVIC: birthday of maharaja hari singh ji,confirmed,4,4,1.0,1.0
Kolkata,CIVIC: birthday of rabindranath tagore,confirmed,5,5,1.0,1.0
Kolkata,CIVIC: birthday of swami vivekananda,confirmed,2,2,1.0,1.0
Belapur,CIVIC: chhatrapati shivaji maharaj jayanti,confirmed,4,4,1.0,1.0
Chennai,CIVIC: chhatrapati shivaji maharaj jayanti,absent in some years,4,1,0.25,0.0094
Mumbai,CIVIC: chhatrapati shivaji maharaj jayanti,confirmed,4,4,1.0,1.0
Nagpur,CIVIC: chhatrapati shivaji maharaj jayanti,confirmed,4,4,1.0,1.0
Imphal,CIVIC: consecration ceremony of lord shri ram i,never absent,1,1,1.0,0.6
Kanpur,CIVIC: consecration ceremony of lord shri ram i,never absent,1,1,1.0,0.6
Lucknow,CIVIC: consecration ceremony of lord shri ram i,never absent,1,1,1.0,0.6
Panaji,CIVIC: consecration ceremony of lord shri ram i,never absent,1,1,1.0,0.6
Shimla,CIVIC: consecration ceremony of lord shri ram i,never absent,1,1,1.0,0.6
Shillong,CIVIC: death anniversary of pa togan nengminja ,confirmed,2,2,1.0,1.0
Shillong,CIVIC: death anniversary of u kiang nangbah,confirmed,2,2,1.0,1.0
Shillong,CIVIC: death anniversary of u soso tham,confirmed,4,4,1.0,1.0
Shillong,CIVIC: death anniversary of u tirot singh,confirmed,2,2,1.0,1.0
Thiruvananthapuram,CIVIC: demise of oommen chandy former chief min,confirmed,1,1,1.0,1.0
Kochi,CIVIC: demise of shri v s achuthanandan former ,confirmed,1,1,1.0,1.0
Thiruvananthapuram,CIVIC: demise of shri v s achuthanandan former ,confirmed,1,1,1.0,1.0
New Delhi,CIVIC: g summit,confirmed,1,1,1.0,1.0
Panaji,CIVIC: goa liberation day,confirmed (statutory / own-state day),5,5,1.0,1.0
Agartala,CIVIC: himachal day,other-state civic day,5,4,0.8,0.0
Ahmedabad,CIVIC: himachal day,other-state civic day,5,1,0.2,0.0
Aizawl,CIVIC: himachal day,other-state civic day,5,1,0.2,0.0
Belapur,CIVIC: himachal day,other-state civic day,5,1,0.2,0.0
Bengaluru,CIVIC: himachal day,other-state civic day,5,1,0.2,0.0
Bhopal,CIVIC: himachal day,other-state civic day,5,1,0.2,0.0
Bhubaneswar,CIVIC: himachal day,other-state civic day,5,1,0.2,0.0
Chandigarh,CIVIC: himachal day,other-state civic day,5,1,0.2,0.0
Chennai,CIVIC: himachal day,other-state civic day,5,1,0.2,0.0
Dehradun,CIVIC: himachal day,other-state civic day,5,1,0.2,0.0
Gangtok,CIVIC: himachal day,other-state civic day,5,1,0.2,0.0
Guwahati,CIVIC: himachal day,other-state civic day,5,5,1.0,0.0
Hyderabad,CIVIC: himachal day,other-state civic day,5,1,0.2,0.0
Imphal,CIVIC: himachal day,other-state civic day,5,1,0.2,0.0
Itanagar,CIVIC: himachal day,other-state civic day,5,3,0.6,0.0
Kanpur,CIVIC: himachal day,other-state civic day,5,1,0.2,0.0
Kochi,CIVIC: himachal day,other-state civic day,5,3,0.6,0.0
Kolkata,CIVIC: himachal day,other-state civic day,5,4,0.8,0.0
Lucknow,CIVIC: himachal day,other-state civic day,5,1,0.2,0.0
Mumbai,CIVIC: himachal day,other-state civic day,5,1,0.2,0.0
Nagpur,CIVIC: himachal day,other-state civic day,5,1,0.2,0.0
New Delhi,CIVIC: himachal day,other-state civic day,5,1,0.2,0.0
Panaji,CIVIC: himachal day,other-state civic day,5,1,0.2,0.0
Patna,CIVIC: himachal day,other-state civic day,5,1,0.2,0.0
Raipur,CIVIC: himachal day,other-state civic day,5,1,0.2,0.0
Ranchi,CIVIC: himachal day,other-state civic day,5,1,0.2,0.0
Shillong,CIVIC: himachal day,other-state civic day,5,2,0.4,0.0
Shimla,CIVIC: himachal day,confirmed (statutory / own-state day),5,5,1.0,1.0
Thiruvananthapuram,CIVIC: himachal day,other-state civic day,5,3,0.6,0.0
Kohima,CIVIC: holiday for bank employees in nagaland n,confirmed,1,1,1.0,1.0
Belapur,CIVIC: homage to bharat ratna late ku lata mang,confirmed,1,1,1.0,1.0
Mumbai,CIVIC: homage to bharat ratna late ku lata mang,confirmed,1,1,1.0,1.0
Nagpur,CIVIC: homage to bharat ratna late ku lata mang,confirmed,1,1,1.0,1.0
Agartala,CIVIC: kannada rajyothsava,other-state civic day,3,1,0.333,0.0
Belapur,CIVIC: kannada rajyothsava,other-state civic day,3,1,0.333,0.0
Bengaluru,CIVIC: kannada rajyothsava,confirmed (statutory / own-state day),3,3,1.0,1.0
Bhopal,CIVIC: kannada rajyothsava,other-state civic day,3,1,0.333,0.0
Dehradun,CIVIC: kannada rajyothsava,other-state civic day,3,2,0.667,0.0
Gangtok,CIVIC: kannada rajyothsava,other-state civic day,3,1,0.333,0.0
Guwahati,CIVIC: kannada rajyothsava,other-state civic day,3,1,0.333,0.0
Imphal,CIVIC: kannada rajyothsava,other-state civic day,3,2,0.667,0.0
Jammu,CIVIC: kannada rajyothsava,other-state civic day,3,1,0.333,0.0
Kanpur,CIVIC: kannada rajyothsava,other-state civic day,3,1,0.333,0.0
Lucknow,CIVIC: kannada rajyothsava,other-state civic day,3,1,0.333,0.0
Mumbai,CIVIC: kannada rajyothsava,other-state civic day,3,1,0.333,0.0
Nagpur,CIVIC: kannada rajyothsava,other-state civic day,3,1,0.333,0.0
Raipur,CIVIC: kannada rajyothsava,other-state civic day,3,1,0.333,0.0
Shillong,CIVIC: kannada rajyothsava,other-state civic day,3,1,0.333,0.0
Shimla,CIVIC: kannada rajyothsava,other-state civic day,3,1,0.333,0.0
Srinagar,CIVIC: kannada rajyothsava,other-state civic day,3,1,0.333,0.0
Bengaluru,CIVIC: kannada rajyotsava,confirmed (statutory / own-state day),1,1,1.0,1.0
Imphal,CIVIC: kannada rajyotsava,other-state civic day,1,1,1.0,0.0
Shimla,CIVIC: maharana pratap jayanti,confirmed,3,3,1.0,1.0
Aizawl,CIVIC: mannam jayanthi,never absent,1,1,1.0,0.6
Kochi,CIVIC: mannam jayanthi,never absent,1,1,1.0,0.6
Thiruvananthapuram,CIVIC: mannam jayanthi,never absent,1,1,1.0,0.6
Aizawl,CIVIC: mhip day,confirmed,3,3,1.0,1.0
Kolkata,CIVIC: mhip day,absent in some years,3,1,0.333,0.0167
Agartala,CIVIC: nazrul jayanti,never absent,1,1,1.0,0.6
Bhubaneswar,CIVIC: nazrul jayanti,never absent,1,1,1.0,0.6
Shillong,CIVIC: pa togan nengminja sangma,confirmed,3,3,1.0,1.0
Imphal,CIVIC: patriot s day,confirmed,4,4,1.0,1.0
Aizawl,CIVIC: remna ni,confirmed,4,4,1.0,1.0
Bhubaneswar,CIVIC: remna ni,absent in some years,4,1,0.25,0.0094
Jammu,CIVIC: remna ni,absent in some years,4,1,0.25,0.0094
Srinagar,CIVIC: remna ni,absent in some years,4,1,0.25,0.0094
Shillong,CIVIC: rev thomas jones,confirmed,1,1,1.0,1.0
Ahmedabad,CIVIC: sardar vallabhbhai patel s birthday,confirmed,5,5,1.0,1.0
Aizawl,CIVIC: sardar vallabhbhai patel s birthday,absent in some years,5,1,0.2,0.006
Bengaluru,CIVIC: sardar vallabhbhai patel s birthday,absent in some years,5,1,0.2,0.006
Bhopal,CIVIC: sardar vallabhbhai patel s birthday,absent in some years,5,1,0.2,0.006
Bhubaneswar,CIVIC: sardar vallabhbhai patel s birthday,absent in some years,5,1,0.2,0.006
Chandigarh,CIVIC: sardar vallabhbhai patel s birthday,absent in some years,5,1,0.2,0.006
Chennai,CIVIC: sardar vallabhbhai patel s birthday,absent in some years,5,1,0.2,0.006
Dehradun,CIVIC: sardar vallabhbhai patel s birthday,absent in some years,5,1,0.2,0.006
Guwahati,CIVIC: sardar vallabhbhai patel s birthday,absent in some years,5,1,0.2,0.006
Hyderabad,CIVIC: sardar vallabhbhai patel s birthday,absent in some years,5,1,0.2,0.006
Itanagar,CIVIC: sardar vallabhbhai patel s birthday,absent in some years,5,1,0.2,0.006
Jaipur,CIVIC: sardar vallabhbhai patel s birthday,absent in some years,5,1,0.2,0.006
Kanpur,CIVIC: sardar vallabhbhai patel s birthday,absent in some years,5,1,0.2,0.006
Kochi,CIVIC: sardar vallabhbhai patel s birthday,absent in some years,5,1,0.2,0.006
Kohima,CIVIC: sardar vallabhbhai patel s birthday,absent in some years,5,1,0.2,0.006
Kolkata,CIVIC: sardar vallabhbhai patel s birthday,absent in some years,5,1,0.2,0.006
Lucknow,CIVIC: sardar vallabhbhai patel s birthday,absent in some years,5,1,0.2,0.006
New Delhi,CIVIC: sardar vallabhbhai patel s birthday,absent in some years,5,1,0.2,0.006
Panaji,CIVIC: sardar vallabhbhai patel s birthday,absent in some years,5,1,0.2,0.006
Patna,CIVIC: sardar vallabhbhai patel s birthday,absent in some years,5,2,0.4,0.024
Raipur,CIVIC: sardar vallabhbhai patel s birthday,absent in some years,5,1,0.2,0.006
Ranchi,CIVIC: sardar vallabhbhai patel s birthday,absent in some years,5,2,0.4,0.024
Shimla,CIVIC: sardar vallabhbhai patel s birthday,absent in some years,5,1,0.2,0.006
Thiruvananthapuram,CIVIC: sardar vallabhbhai patel s birthday,absent in some years,5,1,0.2,0.006
Vijayawada,CIVIC: sardar vallabhbhai patel s birthday,absent in some years,5,1,0.2,0.006
Chandigarh,CIVIC: shaheedi diwas of shaheed e azam bhagat ,confirmed,1,1,1.0,1.0
New Delhi,CIVIC: the office of reserve bank of india new ,confirmed,1,1,1.0,1.0
Shillong,CIVIC: u kiang nangbah,confirmed,3,3,1.0,1.0
Agartala,CIVIC: u tirot sing day,absent in some years,2,1,0.5,0.0375
Aizawl,CIVIC: u tirot sing day,absent in some years,2,1,0.5,0.0375
Belapur,CIVIC: u tirot sing day,absent in some years,2,1,0.5,0.0375
Bengaluru,CIVIC: u tirot sing day,absent in some years,2,1,0.5,0.0375
Bhopal,CIVIC: u tirot sing day,absent in some years,2,1,0.5,0.0375
Chennai,CIVIC: u tirot sing day,absent in some years,2,1,0.5,0.0375
Hyderabad,CIVIC: u tirot sing day,absent in some years,2,1,0.5,0.0375
Jaipur,CIVIC: u tirot sing day,absent in some years,2,1,0.5,0.0375
Jammu,CIVIC: u tirot sing day,absent in some years,2,1,0.5,0.0375
Kanpur,CIVIC: u tirot sing day,absent in some years,2,1,0.5,0.0375
Kolkata,CIVIC: u tirot sing day,absent in some years,2,1,0.5,0.0375
Lucknow,CIVIC: u tirot sing day,absent in some years,2,1,0.5,0.0375
Mumbai,CIVIC: u tirot sing day,absent in some years,2,1,0.5,0.0375
Nagpur,CIVIC: u tirot sing day,absent in some years,2,1,0.5,0.0375
New Delhi,CIVIC: u tirot sing day,absent in some years,2,1,0.5,0.0375
Patna,CIVIC: u tirot sing day,absent in some years,2,1,0.5,0.0375
Raipur,CIVIC: u tirot sing day,absent in some years,2,1,0.5,0.0375
Ranchi,CIVIC: u tirot sing day,absent in some years,2,1,0.5,0.0375
Shillong,CIVIC: u tirot sing day,confirmed,2,2,1.0,1.0
Shimla,CIVIC: u tirot sing day,absent in some years,2,1,0.5,0.0375
Srinagar,CIVIC: u tirot sing day,absent in some years,2,1,0.5,0.0375
Vijayawada,CIVIC: u tirot sing day,absent in some years,2,1,0.5,0.0375
Agartala,CIVIC: vir surendrasai jayanti,never absent,2,2,1.0,0.6
Bhubaneswar,CIVIC: vir surendrasai jayanti,never absent,2,2,1.0,0.6
Dehradun,CIVIC: vir surendrasai jayanti,absent in some years,2,1,0.5,0.0375
Kolkata,CIVIC: vir surendrasai jayanti,never absent,2,2,1.0,0.6
Aizawl,CIVIC: y m a day,never absent,2,2,1.0,0.6
Bhubaneswar,CIVIC: y m a day,never absent,2,2,1.0,0.6
Jammu,CIVIC: y m a day,absent in some years,2,1,0.5,0.0375
Srinagar,CIVIC: y m a day,absent in some years,2,1,0.5,0.0375
Aizawl,CIVIC: yma day,never absent,2,2,1.0,0.6
Bhubaneswar,CIVIC: yma day,never absent,2,2,1.0,0.6
Belapur,Chaitra Navratri (1st day),never absent,4,4,1.0,0.6
Bengaluru,Chaitra Navratri (1st day),never absent,4,4,1.0,0.6
Chennai,Chaitra Navratri (1st day),never absent,4,4,1.0,0.6
Hyderabad,Chaitra Navratri (1st day),never absent,4,4,1.0,0.6
Imphal,Chaitra Navratri (1st day),never absent,4,4,1.0,0.6
Jammu,Chaitra Navratri (1st day),never absent,4,4,1.0,0.6
Mumbai,Chaitra Navratri (1st day),never absent,4,4,1.0,0.6
Nagpur,Chaitra Navratri (1st day),never absent,4,4,1.0,0.6
Panaji,Chaitra Navratri (1st day),never absent,4,4,1.0,0.6
Patna,Chaitra Navratri (1st day),absent in some years,4,1,0.25,0.0094
Srinagar,Chaitra Navratri (1st day),never absent,4,4,1.0,0.6
Vijayawada,Chaitra Navratri (1st day),absent in some years,4,2,0.5,0.0375
Aizawl,Chapchar Kut,confirmed,5,5,1.0,1.0
Jammu,Chapchar Kut,absent in some years,5,1,0.2,0.006
Srinagar,Chapchar Kut,absent in some years,5,1,0.2,0.006
Agartala,Cheiraoba (Meitei New Year),never absent,5,5,0.556,0.3333
Ahmedabad,Cheiraoba (Meitei New Year),absent in some years,5,4,0.444,0.0533
Aizawl,Cheiraoba (Meitei New Year),absent in some years,5,4,0.444,0.0533
Belapur,Cheiraoba (Meitei New Year),never absent,5,5,0.889,0.5333
Bengaluru,Cheiraoba (Meitei New Year),never absent,5,5,0.889,0.5333
Bhopal,Cheiraoba (Meitei New Year),absent in some years,5,4,0.444,0.0533
Bhubaneswar,Cheiraoba (Meitei New Year),absent in some years,5,4,0.444,0.0533
Chandigarh,Cheiraoba (Meitei New Year),absent in some years,5,4,0.444,0.0533
Chennai,Cheiraoba (Meitei New Year),never absent,5,5,0.889,0.5333
Dehradun,Cheiraoba (Meitei New Year),absent in some years,5,4,0.444,0.0533
Gangtok,Cheiraoba (Meitei New Year),absent in some years,5,4,0.444,0.0533
Guwahati,Cheiraoba (Meitei New Year),never absent,5,5,0.556,0.3333
Hyderabad,Cheiraoba (Meitei New Year),never absent,5,5,0.889,0.5333
Imphal,Cheiraoba (Meitei New Year),confirmed (home community),5,5,1.0,1.0
Itanagar,Cheiraoba (Meitei New Year),absent in some years,5,2,0.222,0.0133
Jaipur,Cheiraoba (Meitei New Year),absent in some years,5,4,0.444,0.0533
Jammu,Cheiraoba (Meitei New Year),never absent,5,5,1.0,0.6
Kanpur,Cheiraoba (Meitei New Year),absent in some years,5,4,0.444,0.0533
Kochi,Cheiraoba (Meitei New Year),absent in some years,5,4,0.444,0.0533
Kolkata,Cheiraoba (Meitei New Year),absent in some years,5,4,0.444,0.0533
Lucknow,Cheiraoba (Meitei New Year),absent in some years,5,4,0.444,0.0533
Mumbai,Cheiraoba (Meitei New Year),never absent,5,5,0.889,0.5333
Nagpur,Cheiraoba (Meitei New Year),never absent,5,5,0.889,0.5333
New Delhi,Cheiraoba (Meitei New Year),absent in some years,5,4,0.444,0.0533
Panaji,Cheiraoba (Meitei New Year),never absent,5,5,0.889,0.5333
Patna,Cheiraoba (Meitei New Year),absent in some years,5,4,0.556,0.0667
Raipur,Cheiraoba (Meitei New Year),absent in some years,5,3,0.333,0.03
Ranchi,Cheiraoba (Meitei New Year),absent in some years,5,4,0.444,0.0533
Shimla,Cheiraoba (Meitei New Year),absent in some years,5,3,0.333,0.03
Srinagar,Cheiraoba (Meitei New Year),never absent,5,5,1.0,0.6
Thiruvananthapuram,Cheiraoba (Meitei New Year),absent in some years,5,4,0.444,0.0533
Vijayawada,Cheiraoba (Meitei New Year),absent in some years,5,4,0.556,0.0667
Ahmedabad,Chhath Puja,absent in some years,5,1,0.143,0.0043
Kolkata,Chhath Puja,confirmed,5,2,0.286,0.2857
Patna,Chhath Puja,confirmed,5,5,1.0,1.0
Ranchi,Chhath Puja,confirmed,5,5,1.0,1.0
Shillong,Chhath Puja,absent in some years,5,1,0.143,0.0043
Agartala,Christmas,confirmed,5,4,0.308,0.3077
Ahmedabad,Christmas,confirmed,5,4,0.308,0.3077
Aizawl,Christmas,confirmed,5,5,0.615,0.6154
Belapur,Christmas,confirmed,5,4,0.308,0.3077
Bengaluru,Christmas,confirmed,5,4,0.385,0.3846
Bhopal,Christmas,confirmed,5,4,0.308,0.3077
Bhubaneswar,Christmas,confirmed,5,4,0.308,0.3077
Chandigarh,Christmas,confirmed,5,4,0.308,0.3077
Chennai,Christmas,confirmed,5,4,0.308,0.3077
Dehradun,Christmas,confirmed,5,4,0.308,0.3077
Gangtok,Christmas,confirmed,5,5,0.385,0.3846
Guwahati,Christmas,confirmed,5,4,0.308,0.3077
Hyderabad,Christmas,confirmed,5,4,0.308,0.3077
Imphal,Christmas,confirmed,5,4,0.308,0.3077
Itanagar,Christmas,confirmed,5,4,0.308,0.3077
Jaipur,Christmas,confirmed,5,4,0.308,0.3077
Jammu,Christmas,confirmed,5,4,0.308,0.3077
Kanpur,Christmas,confirmed,5,4,0.308,0.3077
Kochi,Christmas,confirmed,5,4,0.308,0.3077
Kohima,Christmas,confirmed,5,4,0.846,0.8462
Kolkata,Christmas,confirmed,5,4,0.308,0.3077
Lucknow,Christmas,confirmed,5,4,0.308,0.3077
Mumbai,Christmas,confirmed,5,4,0.308,0.3077
Nagpur,Christmas,confirmed,5,4,0.308,0.3077
New Delhi,Christmas,confirmed,5,4,0.308,0.3077
Panaji,Christmas,confirmed,5,4,0.308,0.3077
Patna,Christmas,confirmed,5,4,0.308,0.3077
Raipur,Christmas,confirmed,5,4,0.308,0.3077
Ranchi,Christmas,confirmed,5,4,0.308,0.3077
Shillong,Christmas,confirmed,5,5,0.769,0.7692
Shimla,Christmas,confirmed,5,4,0.308,0.3077
Srinagar,Christmas,confirmed,5,4,0.308,0.3077
Thiruvananthapuram,Christmas,confirmed,5,4,0.308,0.3077
Vijayawada,Christmas,confirmed,5,4,0.308,0.3077
Aizawl,Christmas Eve,confirmed,3,3,1.0,1.0
Kohima,Christmas Eve,confirmed,3,3,1.0,1.0
Shillong,Christmas Eve,confirmed,3,3,1.0,1.0
Agartala,Diwali (Deepavali),confirmed,5,5,0.294,0.2941
Ahmedabad,Diwali (Deepavali),confirmed,5,5,0.529,0.5294
Aizawl,Diwali (Deepavali),confirmed,5,3,0.176,0.1765
Belapur,Diwali (Deepavali),confirmed,5,5,0.471,0.4706
Bengaluru,Diwali (Deepavali),confirmed,5,5,0.529,0.5294
Bhopal,Diwali (Deepavali),confirmed,5,4,0.353,0.3529
Bhubaneswar,Diwali (Deepavali),confirmed,5,3,0.176,0.1765
Chandigarh,Diwali (Deepavali),confirmed,5,4,0.235,0.2353
Chennai,Diwali (Deepavali),confirmed,5,3,0.176,0.1765
Dehradun,Diwali (Deepavali),confirmed,5,5,0.529,0.5294
Gangtok,Diwali (Deepavali),confirmed,5,5,0.882,0.8824
Guwahati,Diwali (Deepavali),confirmed,5,4,0.353,0.3529
Hyderabad,Diwali (Deepavali),confirmed,5,3,0.176,0.1765
Imphal,Diwali (Deepavali),confirmed,5,5,0.529,0.5294
Itanagar,Diwali (Deepavali),confirmed,5,2,0.118,0.1176
Jaipur,Diwali (Deepavali),confirmed,5,5,0.471,0.4706
Jammu,Diwali (Deepavali),confirmed,5,3,0.235,0.2353
Kanpur,Diwali (Deepavali),confirmed,5,5,0.765,0.7647
Kochi,Diwali (Deepavali),confirmed,5,3,0.176,0.1765
Kohima,Diwali (Deepavali),confirmed,5,2,0.118,0.1176
Kolkata,Diwali (Deepavali),confirmed,5,5,0.353,0.3529
Lucknow,Diwali (Deepavali),confirmed,5,5,0.765,0.7647
Mumbai,Diwali (Deepavali),confirmed,5,5,0.471,0.4706
Nagpur,Diwali (Deepavali),confirmed,5,5,0.471,0.4706
New Delhi,Diwali (Deepavali),confirmed,5,3,0.176,0.1765
Panaji,Diwali (Deepavali),confirmed,5,3,0.176,0.1765
Patna,Diwali (Deepavali),confirmed,5,2,0.118,0.1176
Raipur,Diwali (Deepavali),confirmed,5,4,0.353,0.3529
Ranchi,Diwali (Deepavali),confirmed,5,3,0.176,0.1765
Shillong,Diwali (Deepavali),confirmed,5,3,0.176,0.1765
Shimla,Diwali (Deepavali),confirmed,5,5,0.412,0.4118
Srinagar,Diwali (Deepavali),confirmed,5,3,0.235,0.2353
Thiruvananthapuram,Diwali (Deepavali),confirmed,5,3,0.176,0.1765
Vijayawada,Diwali (Deepavali),confirmed,5,2,0.118,0.1176
Gangtok,Drukpa Tshe-zi,confirmed,5,5,1.0,1.0
Agartala,Eid-ul-Adha (Bakrid),confirmed,5,4,0.4,0.4
Ahmedabad,Eid-ul-Adha (Bakrid),confirmed,5,3,0.3,0.3
Aizawl,Eid-ul-Adha (Bakrid),confirmed,5,3,0.4,0.4
Belapur,Eid-ul-Adha (Bakrid),confirmed,5,4,0.4,0.4
Bengaluru,Eid-ul-Adha (Bakrid),confirmed,5,4,0.4,0.4
Bhopal,Eid-ul-Adha (Bakrid),confirmed,5,4,0.4,0.4
Bhubaneswar,Eid-ul-Adha (Bakrid),confirmed,5,3,0.3,0.3
Chandigarh,Eid-ul-Adha (Bakrid),confirmed,5,4,0.4,0.4
Chennai,Eid-ul-Adha (Bakrid),confirmed,5,4,0.4,0.4
Dehradun,Eid-ul-Adha (Bakrid),confirmed,5,4,0.4,0.4
Guwahati,Eid-ul-Adha (Bakrid),confirmed,5,4,0.4,0.4
Hyderabad,Eid-ul-Adha (Bakrid),confirmed,5,4,0.4,0.4
Imphal,Eid-ul-Adha (Bakrid),confirmed,5,4,0.4,0.4
Jaipur,Eid-ul-Adha (Bakrid),confirmed,5,4,0.4,0.4
Jammu,Eid-ul-Adha (Bakrid),confirmed,5,5,0.8,0.8
Kanpur,Eid-ul-Adha (Bakrid),confirmed,5,4,0.4,0.4
Kochi,Eid-ul-Adha (Bakrid),confirmed,5,5,0.6,0.6
Kohima,Eid-ul-Adha (Bakrid),confirmed,5,4,0.4,0.4
Kolkata,Eid-ul-Adha (Bakrid),confirmed,5,4,0.4,0.4
Lucknow,Eid-ul-Adha (Bakrid),confirmed,5,4,0.4,0.4
Mumbai,Eid-ul-Adha (Bakrid),confirmed,5,4,0.4,0.4
Nagpur,Eid-ul-Adha (Bakrid),confirmed,5,4,0.4,0.4
New Delhi,Eid-ul-Adha (Bakrid),confirmed,5,4,0.4,0.4
Panaji,Eid-ul-Adha (Bakrid),confirmed,5,4,0.4,0.4
Patna,Eid-ul-Adha (Bakrid),confirmed,5,4,0.4,0.4
Raipur,Eid-ul-Adha (Bakrid),confirmed,5,4,0.4,0.4
Ranchi,Eid-ul-Adha (Bakrid),confirmed,5,4,0.4,0.4
Shillong,Eid-ul-Adha (Bakrid),confirmed,5,4,0.4,0.4
Shimla,Eid-ul-Adha (Bakrid),confirmed,5,4,0.4,0.4
Srinagar,Eid-ul-Adha (Bakrid),confirmed,5,5,0.8,0.8
Thiruvananthapuram,Eid-ul-Adha (Bakrid),confirmed,5,5,0.7,0.7
Vijayawada,Eid-ul-Adha (Bakrid),confirmed,5,4,0.4,0.4
Agartala,Eid-ul-Fitr,confirmed,5,5,0.556,0.5556
Ahmedabad,Eid-ul-Fitr,confirmed,5,4,0.444,0.4444
Aizawl,Eid-ul-Fitr,confirmed,5,3,0.333,0.3333
Belapur,Eid-ul-Fitr,confirmed,5,5,0.556,0.5556
Bengaluru,Eid-ul-Fitr,confirmed,5,4,0.556,0.5556
Bhopal,Eid-ul-Fitr,confirmed,5,5,0.556,0.5556
Bhubaneswar,Eid-ul-Fitr,confirmed,5,4,0.444,0.4444
Chandigarh,Eid-ul-Fitr,confirmed,5,4,0.444,0.4444
Chennai,Eid-ul-Fitr,confirmed,5,5,0.556,0.5556
Dehradun,Eid-ul-Fitr,confirmed,5,5,0.556,0.5556
Gangtok,Eid-ul-Fitr,confirmed,5,3,0.333,0.3333
Guwahati,Eid-ul-Fitr,confirmed,5,5,0.556,0.5556
Hyderabad,Eid-ul-Fitr,confirmed,5,5,0.556,0.5556
Imphal,Eid-ul-Fitr,confirmed,5,5,0.556,0.5556
Itanagar,Eid-ul-Fitr,confirmed,5,4,0.444,0.4444
Jaipur,Eid-ul-Fitr,confirmed,5,5,0.556,0.5556
Jammu,Eid-ul-Fitr,confirmed,5,5,0.667,0.6667
Kanpur,Eid-ul-Fitr,confirmed,5,5,0.556,0.5556
Kochi,Eid-ul-Fitr,confirmed,5,5,0.667,0.6667
Kohima,Eid-ul-Fitr,confirmed,5,4,0.444,0.4444
Kolkata,Eid-ul-Fitr,confirmed,5,5,0.556,0.5556
Lucknow,Eid-ul-Fitr,confirmed,5,5,0.556,0.5556
Mumbai,Eid-ul-Fitr,confirmed,5,5,0.556,0.5556
Nagpur,Eid-ul-Fitr,confirmed,5,5,0.556,0.5556
New Delhi,Eid-ul-Fitr,confirmed,5,5,0.556,0.5556
Panaji,Eid-ul-Fitr,confirmed,5,5,0.556,0.5556
Patna,Eid-ul-Fitr,confirmed,5,5,0.556,0.5556
Raipur,Eid-ul-Fitr,confirmed,5,5,0.556,0.5556
Ranchi,Eid-ul-Fitr,confirmed,5,5,0.556,0.5556
Shillong,Eid-ul-Fitr,confirmed,5,5,0.556,0.5556
Shimla,Eid-ul-Fitr,absent in some years,5,1,0.111,0.0033
Srinagar,Eid-ul-Fitr,confirmed,5,5,0.667,0.6667
Thiruvananthapuram,Eid-ul-Fitr,confirmed,5,5,0.667,0.6667
Vijayawada,Eid-ul-Fitr,confirmed,5,4,0.444,0.4444
Chennai,Feast of St. Francis Xavier,absent in some years,5,1,0.2,0.006
Panaji,Feast of St. Francis Xavier,confirmed,5,5,1.0,1.0
Agartala,Gaan-Ngai,absent in some years,4,1,0.25,0.0094
Aizawl,Gaan-Ngai,absent in some years,4,1,0.25,0.0094
Bengaluru,Gaan-Ngai,absent in some years,4,1,0.25,0.0094
Chennai,Gaan-Ngai,absent in some years,4,2,0.5,0.0375
Gangtok,Gaan-Ngai,absent in some years,4,2,0.5,0.0375
Guwahati,Gaan-Ngai,absent in some years,4,1,0.25,0.0094
Hyderabad,Gaan-Ngai,absent in some years,4,1,0.25,0.0094
Imphal,Gaan-Ngai,confirmed,4,4,1.0,1.0
Itanagar,Gaan-Ngai,absent in some years,4,1,0.25,0.0094
Kohima,Gaan-Ngai,absent in some years,4,1,0.25,0.0094
Kolkata,Gaan-Ngai,absent in some years,4,2,0.5,0.0375
Shillong,Gaan-Ngai,absent in some years,4,1,0.25,0.0094
Ahmedabad,Ganesh Chaturthi,never absent,5,5,0.5,0.3
Belapur,Ganesh Chaturthi,never absent,5,5,0.5,0.3
Bengaluru,Ganesh Chaturthi,confirmed,5,5,0.5,0.5
Bhubaneswar,Ganesh Chaturthi,never absent,5,5,0.8,0.48
Chennai,Ganesh Chaturthi,confirmed,5,5,0.5,0.5
Hyderabad,Ganesh Chaturthi,confirmed,5,5,0.5,0.5
Mumbai,Ganesh Chaturthi,never absent,5,5,0.5,0.3
Nagpur,Ganesh Chaturthi,never absent,5,5,0.5,0.3
Panaji,Ganesh Chaturthi,confirmed,5,5,0.9,0.9
Vijayawada,Ganesh Chaturthi,absent in some years,5,3,0.3,0.027
Agartala,Garia Puja,confirmed,5,5,1.0,1.0
Aizawl,Garia Puja,absent in some years,5,1,0.2,0.006
Jammu,Garia Puja,absent in some years,5,1,0.2,0.006
Kochi,Garia Puja,absent in some years,5,1,0.2,0.006
Srinagar,Garia Puja,absent in some years,5,1,0.2,0.006
Thiruvananthapuram,Garia Puja,absent in some years,5,1,0.2,0.006
Agartala,Good Friday,absent in some years,5,1,0.2,0.006
Ahmedabad,Good Friday,confirmed,5,4,0.8,0.8
Aizawl,Good Friday,confirmed,5,5,1.0,1.0
Belapur,Good Friday,confirmed,5,5,1.0,1.0
Bengaluru,Good Friday,confirmed,5,5,1.0,1.0
Bhopal,Good Friday,confirmed,5,5,1.0,1.0
Bhubaneswar,Good Friday,confirmed,5,5,1.0,1.0
Chandigarh,Good Friday,confirmed,5,3,0.6,0.6
Chennai,Good Friday,confirmed,5,5,1.0,1.0
Dehradun,Good Friday,confirmed,5,5,1.0,1.0
Gangtok,Good Friday,confirmed,5,5,1.0,1.0
Guwahati,Good Friday,absent in some years,5,1,0.2,0.006
Hyderabad,Good Friday,confirmed,5,5,1.0,1.0
Imphal,Good Friday,confirmed,5,5,1.0,1.0
Itanagar,Good Friday,confirmed,5,4,0.8,0.8
Kanpur,Good Friday,confirmed,5,5,1.0,1.0
Kochi,Good Friday,confirmed,5,5,1.0,1.0
Kohima,Good Friday,confirmed,5,4,0.8,0.8
Kolkata,Good Friday,confirmed,5,5,1.0,1.0
Lucknow,Good Friday,confirmed,5,5,1.0,1.0
Mumbai,Good Friday,confirmed,5,5,1.0,1.0
Nagpur,Good Friday,confirmed,5,5,1.0,1.0
New Delhi,Good Friday,confirmed,5,5,1.0,1.0
Panaji,Good Friday,confirmed,5,5,1.0,1.0
Patna,Good Friday,confirmed,5,5,1.0,1.0
Raipur,Good Friday,confirmed,5,5,1.0,1.0
Ranchi,Good Friday,confirmed,5,5,1.0,1.0
Shillong,Good Friday,confirmed,5,5,1.0,1.0
Shimla,Good Friday,confirmed,5,2,0.4,0.4
Thiruvananthapuram,Good Friday,confirmed,5,5,1.0,1.0
Vijayawada,Good Friday,confirmed,5,4,0.8,0.8
Belapur,Gudi Padwa / Ugadi,confirmed (home community),4,4,1.0,1.0
Bengaluru,Gudi Padwa / Ugadi,confirmed (home community),4,4,1.0,1.0
Chennai,Gudi Padwa / Ugadi,never absent,4,4,1.0,0.6
Hyderabad,Gudi Padwa / Ugadi,confirmed (home community),4,4,1.0,1.0
Imphal,Gudi Padwa / Ugadi,never absent,4,4,1.0,0.6
Jammu,Gudi Padwa / Ugadi,never absent,4,4,1.0,0.6
Mumbai,Gudi Padwa / Ugadi,confirmed (home community),4,4,1.0,1.0
Nagpur,Gudi Padwa / Ugadi,confirmed (home community),4,4,1.0,1.0
Panaji,Gudi Padwa / Ugadi,never absent,4,4,1.0,0.6
Patna,Gudi Padwa / Ugadi,absent in some years,4,1,0.25,0.0094
Srinagar,Gudi Padwa / Ugadi,never absent,4,4,1.0,0.6
Vijayawada,Gudi Padwa / Ugadi,confirmed (home community),4,2,0.5,0.5
Chandigarh,Guru Gobind Singh Jayanti,confirmed,3,3,1.0,1.0
Chennai,Guru Gobind Singh Jayanti,absent in some years,3,1,0.333,0.0167
Aizawl,Guru Hargobind Jayanti,absent in some years,4,1,0.25,0.0094
Bhubaneswar,Guru Hargobind Jayanti,absent in some years,4,1,0.25,0.0094
Jammu,Guru Hargobind Jayanti,confirmed,4,4,1.0,1.0
Srinagar,Guru Hargobind Jayanti,confirmed,4,4,1.0,1.0
Agartala,Guru Nanak Jayanti (Gurpurab),absent in some years,5,1,0.2,0.006
Aizawl,Guru Nanak Jayanti (Gurpurab),"confirmed (central gazetted holiday, never absent)",5,5,1.0,1.0
Belapur,Guru Nanak Jayanti (Gurpurab),"confirmed (central gazetted holiday, never absent)",5,5,1.0,1.0
Bhopal,Guru Nanak Jayanti (Gurpurab),"confirmed (central gazetted holiday, never absent)",5,5,1.0,1.0
Bhubaneswar,Guru Nanak Jayanti (Gurpurab),"confirmed (central gazetted holiday, never absent)",5,5,1.0,1.0
Chandigarh,Guru Nanak Jayanti (Gurpurab),"confirmed (central gazetted holiday, never absent)",5,5,1.0,1.0
Dehradun,Guru Nanak Jayanti (Gurpurab),"confirmed (central gazetted holiday, never absent)",5,5,1.0,1.0
Hyderabad,Guru Nanak Jayanti (Gurpurab),"confirmed (central gazetted holiday, never absent)",5,5,1.0,1.0
Itanagar,Guru Nanak Jayanti (Gurpurab),absent in some years,5,4,0.8,0.096
Jaipur,Guru Nanak Jayanti (Gurpurab),"confirmed (central gazetted holiday, never absent)",5,5,1.0,1.0
Jammu,Guru Nanak Jayanti (Gurpurab),"confirmed (central gazetted holiday, never absent)",5,5,1.0,1.0
Kanpur,Guru Nanak Jayanti (Gurpurab),"confirmed (central gazetted holiday, never absent)",5,5,1.0,1.0
Kohima,Guru Nanak Jayanti (Gurpurab),absent in some years,5,4,0.8,0.096
Kolkata,Guru Nanak Jayanti (Gurpurab),"confirmed (central gazetted holiday, never absent)",5,5,1.0,1.0
Lucknow,Guru Nanak Jayanti (Gurpurab),"confirmed (central gazetted holiday, never absent)",5,5,1.0,1.0
Mumbai,Guru Nanak Jayanti (Gurpurab),"confirmed (central gazetted holiday, never absent)",5,5,1.0,1.0
Nagpur,Guru Nanak Jayanti (Gurpurab),"confirmed (central gazetted holiday, never absent)",5,5,1.0,1.0
New Delhi,Guru Nanak Jayanti (Gurpurab),"confirmed (central gazetted holiday, never absent)",5,5,1.0,1.0
Raipur,Guru Nanak Jayanti (Gurpurab),"confirmed (central gazetted holiday, never absent)",5,5,1.0,1.0
Ranchi,Guru Nanak Jayanti (Gurpurab),"confirmed (central gazetted holiday, never absent)",5,5,1.0,1.0
Shimla,Guru Nanak Jayanti (Gurpurab),"confirmed (central gazetted holiday, never absent)",5,5,1.0,1.0
Srinagar,Guru Nanak Jayanti (Gurpurab),"confirmed (central gazetted holiday, never absent)",5,5,1.0,1.0
Bhubaneswar,Harela,absent in some years,4,1,0.25,0.0094
Dehradun,Harela,confirmed,4,4,1.0,1.0
Imphal,Harela,absent in some years,4,1,0.25,0.0094
Belapur,Hartalika Teej,never absent,1,1,1.0,0.6
Bengaluru,Hartalika Teej,never absent,1,1,1.0,0.6
Bhubaneswar,Hartalika Teej,never absent,1,1,1.0,0.6
Chennai,Hartalika Teej,never absent,1,1,1.0,0.6
Hyderabad,Hartalika Teej,never absent,1,1,1.0,0.6
Mumbai,Hartalika Teej,never absent,1,1,1.0,0.6
Nagpur,Hartalika Teej,never absent,1,1,1.0,0.6
Panaji,Hartalika Teej,never absent,1,1,1.0,0.6
Vijayawada,Hartalika Teej,never absent,1,1,1.0,0.6
Agartala,Holi,confirmed,5,4,0.267,0.2667
Ahmedabad,Holi,confirmed,5,5,0.333,0.3333
Aizawl,Holi,confirmed,5,5,0.333,0.3333
Belapur,Holi,confirmed,5,5,0.333,0.3333
Bhopal,Holi,confirmed,5,5,0.4,0.4
Bhubaneswar,Holi,never absent,5,5,0.333,0.2
Chandigarh,Holi,confirmed,5,5,0.333,0.3333
Dehradun,Holi,confirmed,5,5,0.6,0.6
Gangtok,Holi,confirmed,5,5,0.333,0.3333
Guwahati,Holi,confirmed,5,5,0.4,0.4
Hyderabad,Holi,confirmed,5,5,0.333,0.3333
Imphal,Holi,never absent,5,5,0.333,0.2
Itanagar,Holi,confirmed,5,4,0.267,0.2667
Jaipur,Holi,confirmed,5,5,0.333,0.3333
Jammu,Holi,confirmed,5,5,0.333,0.3333
Kanpur,Holi,confirmed,5,5,0.667,0.6667
Kohima,Holi,absent in some years,5,1,0.067,0.002
Kolkata,Holi,confirmed,5,5,0.333,0.3333
Lucknow,Holi,confirmed,5,5,0.733,0.7333
Mumbai,Holi,confirmed,5,5,0.333,0.3333
Nagpur,Holi,confirmed,5,5,0.333,0.3333
New Delhi,Holi,confirmed,5,5,0.333,0.3333
Panaji,Holi,confirmed,5,5,0.333,0.3333
Patna,Holi,confirmed,5,5,0.667,0.6667
Raipur,Holi,confirmed,5,5,0.333,0.3333
Ranchi,Holi,confirmed,5,5,0.733,0.7333
Shillong,Holi,confirmed,5,5,0.333,0.3333
Shimla,Holi,confirmed,5,5,0.333,0.3333
Srinagar,Holi,confirmed,5,3,0.2,0.2
Thiruvananthapuram,Holi,absent in some years,5,3,0.2,0.018
Vijayawada,Holi,confirmed,5,3,0.2,0.2
Bengaluru,Igas-Bagwal,absent in some years,4,1,0.25,0.0094
Dehradun,Igas-Bagwal,confirmed,4,4,1.0,1.0
Shillong,Igas-Bagwal,absent in some years,4,2,0.5,0.0375
Ahmedabad,Imoinu Iratpa,absent in some years,4,1,0.2,0.0075
Aizawl,Imoinu Iratpa,absent in some years,4,1,0.4,0.015
Chennai,Imoinu Iratpa,absent in some years,4,1,0.2,0.0075
Imphal,Imoinu Iratpa,confirmed,4,4,1.0,1.0
Kanpur,Imoinu Iratpa,absent in some years,4,1,0.2,0.0075
Lucknow,Imoinu Iratpa,absent in some years,4,1,0.2,0.0075
Panaji,Imoinu Iratpa,absent in some years,4,1,0.2,0.0075
Shimla,Imoinu Iratpa,absent in some years,4,1,0.2,0.0075
Itanagar,Indigenous Faith Day (Arunachal),never absent,3,3,1.0,0.6
Kohima,Indigenous Faith Day (Arunachal),never absent,3,3,1.0,0.6
Belapur,Indra Jatra,absent in some years,5,1,0.2,0.006
Chennai,Indra Jatra,absent in some years,5,1,0.2,0.006
Gangtok,Indra Jatra,confirmed,5,5,1.0,1.0
Jammu,Indra Jatra,absent in some years,5,1,0.2,0.006
Mumbai,Indra Jatra,absent in some years,5,1,0.2,0.006
Nagpur,Indra Jatra,absent in some years,5,1,0.2,0.006
Srinagar,Indra Jatra,absent in some years,5,1,0.2,0.006
Agartala,Janmashtami,absent in some years,5,1,0.111,0.0033
Ahmedabad,Janmashtami,confirmed,5,5,0.667,0.6667
Aizawl,Janmashtami,confirmed,5,2,0.333,0.3333
Belapur,Janmashtami,absent in some years,5,1,0.111,0.0033
Bengaluru,Janmashtami,absent in some years,5,1,0.111,0.0033
Bhopal,Janmashtami,confirmed,5,4,0.556,0.5556
Bhubaneswar,Janmashtami,confirmed,5,5,0.556,0.5556
Chandigarh,Janmashtami,confirmed,5,5,0.667,0.6667
Chennai,Janmashtami,confirmed,5,5,0.667,0.6667
Dehradun,Janmashtami,confirmed,5,5,0.667,0.6667
Gangtok,Janmashtami,confirmed,5,5,0.667,0.6667
Guwahati,Janmashtami,absent in some years,5,1,0.111,0.0033
Hyderabad,Janmashtami,confirmed,5,5,0.667,0.6667
Imphal,Janmashtami,absent in some years,5,1,0.111,0.0033
Itanagar,Janmashtami,absent in some years,5,1,0.111,0.0033
Jaipur,Janmashtami,confirmed,5,5,0.667,0.6667
Jammu,Janmashtami,confirmed,5,5,0.667,0.6667
Kanpur,Janmashtami,confirmed,5,5,0.667,0.6667
Kochi,Janmashtami,confirmed,5,2,0.222,0.2222
Kohima,Janmashtami,absent in some years,5,1,0.111,0.0033
Kolkata,Janmashtami,confirmed,5,3,0.444,0.4444
Lucknow,Janmashtami,confirmed,5,5,0.667,0.6667
Mumbai,Janmashtami,absent in some years,5,1,0.111,0.0033
Nagpur,Janmashtami,absent in some years,5,1,0.111,0.0033
New Delhi,Janmashtami,absent in some years,5,1,0.111,0.0033
Panaji,Janmashtami,absent in some years,5,1,0.111,0.0033
Patna,Janmashtami,confirmed,5,5,0.667,0.6667
Raipur,Janmashtami,confirmed,5,5,0.667,0.6667
Ranchi,Janmashtami,confirmed,5,5,0.667,0.6667
Shillong,Janmashtami,confirmed,5,5,0.667,0.6667
Shimla,Janmashtami,confirmed,5,5,0.556,0.5556
Srinagar,Janmashtami,confirmed,5,5,0.667,0.6667
Thiruvananthapuram,Janmashtami,confirmed,5,2,0.222,0.2222
Vijayawada,Janmashtami,confirmed,5,4,0.556,0.5556
Agartala,Jumat-ul-Vida,absent in some years,5,1,0.2,0.006
Aizawl,Jumat-ul-Vida,absent in some years,5,1,0.2,0.006
Hyderabad,Jumat-ul-Vida,absent in some years,5,1,0.2,0.006
Jammu,Jumat-ul-Vida,confirmed,5,5,1.0,1.0
Kochi,Jumat-ul-Vida,absent in some years,5,1,0.2,0.006
Srinagar,Jumat-ul-Vida,confirmed,5,5,1.0,1.0
Thiruvananthapuram,Jumat-ul-Vida,absent in some years,5,1,0.2,0.006
Bengaluru,Kanakadasa Jayanti,confirmed,5,5,1.0,1.0
Hyderabad,Kanakadasa Jayanti,absent in some years,5,1,0.2,0.006
Shillong,Kanakadasa Jayanti,absent in some years,5,1,0.2,0.006
Guwahati,Karma Puja,absent in some years,5,1,0.2,0.006
Kochi,Karma Puja,absent in some years,5,1,0.2,0.006
Ranchi,Karma Puja,confirmed,5,5,1.0,1.0
Thiruvananthapuram,Karma Puja,absent in some years,5,1,0.2,0.006
Agartala,Kartika Purnima / Rahas Purnima,absent in some years,5,1,0.2,0.006
Aizawl,Kartika Purnima / Rahas Purnima,never absent,5,5,1.0,0.6
Belapur,Kartika Purnima / Rahas Purnima,never absent,5,5,1.0,0.6
Bhopal,Kartika Purnima / Rahas Purnima,never absent,5,5,1.0,0.6
Bhubaneswar,Kartika Purnima / Rahas Purnima,never absent,5,5,1.0,0.6
Chandigarh,Kartika Purnima / Rahas Purnima,never absent,5,5,1.0,0.6
Dehradun,Kartika Purnima / Rahas Purnima,never absent,5,5,1.0,0.6
Hyderabad,Kartika Purnima / Rahas Purnima,never absent,5,5,1.0,0.6
Itanagar,Kartika Purnima / Rahas Purnima,absent in some years,5,4,0.8,0.096
Jaipur,Kartika Purnima / Rahas Purnima,never absent,5,5,1.0,0.6
Jammu,Kartika Purnima / Rahas Purnima,never absent,5,5,1.0,0.6
Kanpur,Kartika Purnima / Rahas Purnima,never absent,5,5,1.0,0.6
Kohima,Kartika Purnima / Rahas Purnima,absent in some years,5,4,0.8,0.096
Kolkata,Kartika Purnima / Rahas Purnima,never absent,5,5,1.0,0.6
Lucknow,Kartika Purnima / Rahas Purnima,never absent,5,5,1.0,0.6
Mumbai,Kartika Purnima / Rahas Purnima,never absent,5,5,1.0,0.6
Nagpur,Kartika Purnima / Rahas Purnima,never absent,5,5,1.0,0.6
New Delhi,Kartika Purnima / Rahas Purnima,never absent,5,5,1.0,0.6
Raipur,Kartika Purnima / Rahas Purnima,never absent,5,5,1.0,0.6
Ranchi,Kartika Purnima / Rahas Purnima,never absent,5,5,1.0,0.6
Shimla,Kartika Purnima / Rahas Purnima,never absent,5,5,1.0,0.6
Srinagar,Kartika Purnima / Rahas Purnima,never absent,5,5,1.0,0.6
Bengaluru,Karva Chauth,absent in some years,4,1,0.25,0.0094
Imphal,Karva Chauth,absent in some years,4,1,0.25,0.0094
Shimla,Karva Chauth,confirmed,4,4,1.0,1.0
Bengaluru,Kati Bihu,absent in some years,4,1,0.25,0.0094
Guwahati,Kati Bihu,confirmed,4,4,1.0,1.0
Shimla,Kati Bihu,absent in some years,4,1,0.25,0.0094
Agartala,Ker Puja,confirmed,5,5,1.0,1.0
Agartala,Kharchi Puja,confirmed,5,5,1.0,1.0
Agartala,Kojagari Lakshmi Puja,confirmed,4,3,0.75,0.75
Chandigarh,Kojagari Lakshmi Puja,absent in some years,4,1,0.25,0.0094
Jammu,Kojagari Lakshmi Puja,absent in some years,4,1,0.25,0.0094
Kolkata,Kojagari Lakshmi Puja,confirmed,4,3,0.75,0.75
Shimla,Kojagari Lakshmi Puja,absent in some years,4,1,0.25,0.0094
Srinagar,Kojagari Lakshmi Puja,absent in some years,4,1,0.25,0.0094
Bengaluru,Kumar Purnima,never absent,1,1,1.0,0.6
Bhubaneswar,Kumar Purnima,never absent,1,1,1.0,0.6
Chandigarh,Kumar Purnima,never absent,1,1,1.0,0.6
Shimla,Kumar Purnima,never absent,1,1,1.0,0.6
Agartala,Kut (Chin-Kuki-Mizo),absent in some years,3,1,0.333,0.0167
Belapur,Kut (Chin-Kuki-Mizo),absent in some years,3,1,0.333,0.0167
Bengaluru,Kut (Chin-Kuki-Mizo),never absent,3,3,1.0,0.6
Bhopal,Kut (Chin-Kuki-Mizo),absent in some years,3,1,0.333,0.0167
Dehradun,Kut (Chin-Kuki-Mizo),absent in some years,3,1,0.333,0.0167
Gangtok,Kut (Chin-Kuki-Mizo),absent in some years,3,1,0.333,0.0167
Guwahati,Kut (Chin-Kuki-Mizo),absent in some years,3,1,0.333,0.0167
Imphal,Kut (Chin-Kuki-Mizo),confirmed (home community),3,3,1.0,1.0
Jammu,Kut (Chin-Kuki-Mizo),absent in some years,3,1,0.333,0.0167
Kanpur,Kut (Chin-Kuki-Mizo),absent in some years,3,1,0.333,0.0167
Lucknow,Kut (Chin-Kuki-Mizo),absent in some years,3,1,0.333,0.0167
Mumbai,Kut (Chin-Kuki-Mizo),absent in some years,3,1,0.333,0.0167
Nagpur,Kut (Chin-Kuki-Mizo),absent in some years,3,1,0.333,0.0167
Raipur,Kut (Chin-Kuki-Mizo),absent in some years,3,1,0.333,0.0167
Shillong,Kut (Chin-Kuki-Mizo),absent in some years,3,1,0.333,0.0167
Shimla,Kut (Chin-Kuki-Mizo),absent in some years,3,1,0.333,0.0167
Srinagar,Kut (Chin-Kuki-Mizo),absent in some years,3,1,0.333,0.0167
Gangtok,Losar,confirmed,5,5,1.0,1.0
Aizawl,Losoong / Namsoong,absent in some years,5,3,0.385,0.0346
Chennai,Losoong / Namsoong,absent in some years,5,1,0.077,0.0023
Gangtok,Losoong / Namsoong,confirmed,5,5,1.0,1.0
Imphal,Losoong / Namsoong,absent in some years,5,1,0.077,0.0023
Itanagar,Losoong / Namsoong,absent in some years,5,1,0.077,0.0023
Kohima,Losoong / Namsoong,absent in some years,5,1,0.077,0.0023
Kolkata,Losoong / Namsoong,absent in some years,5,1,0.077,0.0023
Shillong,Losoong / Namsoong,absent in some years,5,2,0.154,0.0092
Imphal,Lui-Ngai-Ni,confirmed,4,4,1.0,1.0
Kanpur,Lui-Ngai-Ni,absent in some years,4,1,0.25,0.0094
Lucknow,Lui-Ngai-Ni,absent in some years,4,1,0.25,0.0094
Ahmedabad,Magh Bihu,absent in some years,4,2,0.5,0.0375
Bengaluru,Magh Bihu,absent in some years,4,3,0.75,0.0844
Bhubaneswar,Magh Bihu,absent in some years,4,3,0.75,0.0844
Chennai,Magh Bihu,absent in some years,4,3,0.75,0.0844
Gangtok,Magh Bihu,absent in some years,4,3,0.75,0.0844
Guwahati,Magh Bihu,confirmed (home community),4,4,1.0,1.0
Hyderabad,Magh Bihu,absent in some years,4,3,0.75,0.0844
Imphal,Magh Bihu,absent in some years,4,1,0.25,0.0094
Itanagar,Magh Bihu,absent in some years,4,2,0.5,0.0375
Kanpur,Magh Bihu,absent in some years,4,1,0.25,0.0094
Lucknow,Magh Bihu,absent in some years,4,1,0.25,0.0094
Vijayawada,Magh Bihu,absent in some years,4,2,0.5,0.0375
Ahmedabad,Maha Shivaratri,confirmed,4,4,1.0,1.0
Aizawl,Maha Shivaratri,confirmed,4,1,0.25,0.25
Belapur,Maha Shivaratri,confirmed,4,4,1.0,1.0
Bengaluru,Maha Shivaratri,confirmed,4,4,1.0,1.0
Bhopal,Maha Shivaratri,confirmed,4,4,1.0,1.0
Bhubaneswar,Maha Shivaratri,confirmed,4,4,1.0,1.0
Chandigarh,Maha Shivaratri,confirmed,4,4,1.0,1.0
Dehradun,Maha Shivaratri,confirmed,4,4,1.0,1.0
Hyderabad,Maha Shivaratri,confirmed,4,4,1.0,1.0
Jaipur,Maha Shivaratri,confirmed,4,2,0.5,0.5
Jammu,Maha Shivaratri,confirmed,4,4,1.0,1.0
Kanpur,Maha Shivaratri,confirmed,4,4,1.0,1.0
Kochi,Maha Shivaratri,confirmed,4,4,1.0,1.0
Lucknow,Maha Shivaratri,confirmed,4,4,1.0,1.0
Mumbai,Maha Shivaratri,confirmed,4,4,1.0,1.0
Nagpur,Maha Shivaratri,confirmed,4,4,1.0,1.0
Raipur,Maha Shivaratri,confirmed,4,4,1.0,1.0
Ranchi,Maha Shivaratri,confirmed,4,4,1.0,1.0
Shimla,Maha Shivaratri,confirmed,4,4,1.0,1.0
Srinagar,Maha Shivaratri,confirmed,4,4,1.0,1.0
Thiruvananthapuram,Maha Shivaratri,confirmed,4,4,1.0,1.0
Vijayawada,Maha Shivaratri,confirmed,4,3,0.75,0.75
Agartala,Maha Vishuva Sankranti (Odia New Year),never absent,3,3,1.0,0.6
Ahmedabad,Maha Vishuva Sankranti (Odia New Year),never absent,3,3,1.0,0.6
Aizawl,Maha Vishuva Sankranti (Odia New Year),never absent,3,3,1.0,0.6
Belapur,Maha Vishuva Sankranti (Odia New Year),never absent,3,3,1.0,0.6
Bengaluru,Maha Vishuva Sankranti (Odia New Year),never absent,3,3,1.0,0.6
Bhopal,Maha Vishuva Sankranti (Odia New Year),never absent,3,3,1.0,0.6
Bhubaneswar,Maha Vishuva Sankranti (Odia New Year),confirmed (home community),3,3,1.0,1.0
Chandigarh,Maha Vishuva Sankranti (Odia New Year),never absent,3,3,1.0,0.6
Chennai,Maha Vishuva Sankranti (Odia New Year),never absent,3,3,1.0,0.6
Dehradun,Maha Vishuva Sankranti (Odia New Year),never absent,3,3,1.0,0.6
Gangtok,Maha Vishuva Sankranti (Odia New Year),never absent,3,3,1.0,0.6
Guwahati,Maha Vishuva Sankranti (Odia New Year),never absent,3,3,1.0,0.6
Hyderabad,Maha Vishuva Sankranti (Odia New Year),never absent,3,3,1.0,0.6
Imphal,Maha Vishuva Sankranti (Odia New Year),never absent,3,3,1.0,0.6
Itanagar,Maha Vishuva Sankranti (Odia New Year),absent in some years,3,2,0.667,0.0667
Jaipur,Maha Vishuva Sankranti (Odia New Year),never absent,3,3,1.0,0.6
Jammu,Maha Vishuva Sankranti (Odia New Year),never absent,3,3,1.0,0.6
Kanpur,Maha Vishuva Sankranti (Odia New Year),never absent,3,3,1.0,0.6
Kochi,Maha Vishuva Sankranti (Odia New Year),never absent,3,3,1.0,0.6
Kolkata,Maha Vishuva Sankranti (Odia New Year),never absent,3,3,1.0,0.6
Lucknow,Maha Vishuva Sankranti (Odia New Year),never absent,3,3,1.0,0.6
Mumbai,Maha Vishuva Sankranti (Odia New Year),never absent,3,3,1.0,0.6
Nagpur,Maha Vishuva Sankranti (Odia New Year),never absent,3,3,1.0,0.6
New Delhi,Maha Vishuva Sankranti (Odia New Year),never absent,3,3,1.0,0.6
Panaji,Maha Vishuva Sankranti (Odia New Year),never absent,3,3,1.0,0.6
Patna,Maha Vishuva Sankranti (Odia New Year),never absent,3,3,1.0,0.6
Raipur,Maha Vishuva Sankranti (Odia New Year),absent in some years,3,2,0.667,0.0667
Ranchi,Maha Vishuva Sankranti (Odia New Year),never absent,3,3,1.0,0.6
Shimla,Maha Vishuva Sankranti (Odia New Year),absent in some years,3,2,0.667,0.0667
Srinagar,Maha Vishuva Sankranti (Odia New Year),never absent,3,3,1.0,0.6
Thiruvananthapuram,Maha Vishuva Sankranti (Odia New Year),never absent,3,3,1.0,0.6
Vijayawada,Maha Vishuva Sankranti (Odia New Year),never absent,3,3,1.0,0.6
Agartala,Mahalaya,absent in some years,3,1,0.333,0.0167
Ahmedabad,Mahalaya,absent in some years,3,1,0.333,0.0167
Aizawl,Mahalaya,absent in some years,3,1,0.333,0.0167
Belapur,Mahalaya,absent in some years,3,1,0.333,0.0167
Bengaluru,Mahalaya,confirmed,3,2,0.667,0.6667
Bhopal,Mahalaya,absent in some years,3,1,0.333,0.0167
Bhubaneswar,Mahalaya,absent in some years,3,1,0.333,0.0167
Chandigarh,Mahalaya,absent in some years,3,1,0.333,0.0167
Chennai,Mahalaya,absent in some years,3,1,0.333,0.0167
Dehradun,Mahalaya,absent in some years,3,1,0.333,0.0167
Gangtok,Mahalaya,absent in some years,3,1,0.333,0.0167
Guwahati,Mahalaya,absent in some years,3,1,0.333,0.0167
Hyderabad,Mahalaya,absent in some years,3,1,0.333,0.0167
Imphal,Mahalaya,absent in some years,3,1,0.333,0.0167
Itanagar,Mahalaya,absent in some years,3,1,0.333,0.0167
Jaipur,Mahalaya,absent in some years,3,1,0.333,0.0167
Jammu,Mahalaya,absent in some years,3,1,0.333,0.0167
Kanpur,Mahalaya,absent in some years,3,1,0.333,0.0167
Kochi,Mahalaya,absent in some years,3,1,0.333,0.0167
Kohima,Mahalaya,absent in some years,3,1,0.333,0.0167
Kolkata,Mahalaya,confirmed,3,3,1.0,1.0
Lucknow,Mahalaya,absent in some years,3,1,0.333,0.0167
Mumbai,Mahalaya,absent in some years,3,1,0.333,0.0167
Nagpur,Mahalaya,absent in some years,3,1,0.333,0.0167
New Delhi,Mahalaya,absent in some years,3,1,0.333,0.0167
Panaji,Mahalaya,absent in some years,3,1,0.333,0.0167
Patna,Mahalaya,absent in some years,3,1,0.333,0.0167
Raipur,Mahalaya,absent in some years,3,1,0.333,0.0167
Ranchi,Mahalaya,absent in some years,3,1,0.333,0.0167
Shillong,Mahalaya,absent in some years,3,1,0.333,0.0167
Shimla,Mahalaya,absent in some years,3,1,0.333,0.0167
Srinagar,Mahalaya,absent in some years,3,1,0.333,0.0167
Thiruvananthapuram,Mahalaya,absent in some years,3,1,0.333,0.0167
Vijayawada,Mahalaya,absent in some years,3,1,0.333,0.0167
Chandigarh,Maharaja Agrasen Jayanti,never absent,2,2,1.0,0.6
Imphal,Maharaja Agrasen Jayanti,absent in some years,2,1,0.5,0.0375
Jaipur,Maharaja Agrasen Jayanti,never absent,2,2,1.0,0.6
Agartala,Mahavir Jayanti,absent in some years,4,1,0.167,0.0062
Ahmedabad,Mahavir Jayanti,confirmed,4,4,0.667,0.6667
Aizawl,Mahavir Jayanti,confirmed,4,3,0.5,0.5
Belapur,Mahavir Jayanti,confirmed,4,4,0.667,0.6667
Bengaluru,Mahavir Jayanti,confirmed,4,4,0.667,0.6667
Bhopal,Mahavir Jayanti,confirmed,4,4,0.667,0.6667
Bhubaneswar,Mahavir Jayanti,absent in some years,4,1,0.167,0.0062
Chandigarh,Mahavir Jayanti,confirmed,4,2,0.333,0.3333
Chennai,Mahavir Jayanti,confirmed,4,4,0.667,0.6667
Dehradun,Mahavir Jayanti,absent in some years,4,1,0.167,0.0062
Gangtok,Mahavir Jayanti,absent in some years,4,1,0.167,0.0062
Guwahati,Mahavir Jayanti,absent in some years,4,1,0.167,0.0062
Hyderabad,Mahavir Jayanti,absent in some years,4,1,0.167,0.0062
Imphal,Mahavir Jayanti,absent in some years,4,1,0.167,0.0062
Jaipur,Mahavir Jayanti,confirmed,4,4,0.667,0.6667
Jammu,Mahavir Jayanti,absent in some years,4,1,0.167,0.0062
Kanpur,Mahavir Jayanti,confirmed,4,4,0.667,0.6667
Kochi,Mahavir Jayanti,absent in some years,4,1,0.167,0.0062
Kolkata,Mahavir Jayanti,confirmed,4,4,0.667,0.6667
Lucknow,Mahavir Jayanti,confirmed,4,4,0.667,0.6667
Mumbai,Mahavir Jayanti,confirmed,4,4,0.667,0.6667
Nagpur,Mahavir Jayanti,confirmed,4,4,0.667,0.6667
New Delhi,Mahavir Jayanti,confirmed,4,4,0.667,0.6667
Panaji,Mahavir Jayanti,absent in some years,4,1,0.167,0.0062
Patna,Mahavir Jayanti,confirmed,4,2,0.333,0.3333
Raipur,Mahavir Jayanti,confirmed,4,4,0.667,0.6667
Ranchi,Mahavir Jayanti,confirmed,4,4,0.667,0.6667
Shimla,Mahavir Jayanti,absent in some years,4,1,0.167,0.0062
Srinagar,Mahavir Jayanti,absent in some years,4,1,0.167,0.0062
Thiruvananthapuram,Mahavir Jayanti,absent in some years,4,1,0.167,0.0062
Ahmedabad,Makar Sankranti,absent in some years,5,3,0.429,0.0386
Belapur,Makar Sankranti,absent in some years,5,1,0.143,0.0043
Bengaluru,Makar Sankranti,absent in some years,5,4,0.571,0.0686
Bhubaneswar,Makar Sankranti,absent in some years,5,3,0.429,0.0386
Chennai,Makar Sankranti,absent in some years,5,4,0.714,0.0857
Gangtok,Makar Sankranti,absent in some years,5,4,0.571,0.0686
Guwahati,Makar Sankranti,absent in some years,5,4,0.571,0.0686
Hyderabad,Makar Sankranti,absent in some years,5,4,0.571,0.0686
Imphal,Makar Sankranti,absent in some years,5,1,0.286,0.0086
Itanagar,Makar Sankranti,confirmed,5,3,0.429,0.4286
Kanpur,Makar Sankranti,absent in some years,5,2,0.286,0.0171
Lucknow,Makar Sankranti,absent in some years,5,2,0.286,0.0171
Mumbai,Makar Sankranti,absent in some years,5,1,0.143,0.0043
Nagpur,Makar Sankranti,absent in some years,5,1,0.143,0.0043
Vijayawada,Makar Sankranti,absent in some years,5,3,0.429,0.0386
Chandigarh,Martyrdom Day of Guru Arjan Dev,confirmed,2,2,1.0,1.0
Kochi,Maundy Thursday,confirmed,1,1,1.0,1.0
Thiruvananthapuram,Maundy Thursday,confirmed,1,1,1.0,1.0
Chandigarh,Mera Chaoren Houba,never absent,1,1,1.0,0.6
Imphal,Mera Chaoren Houba,confirmed (home community),1,1,1.0,1.0
Jaipur,Mera Chaoren Houba,never absent,1,1,1.0,0.6
Ahmedabad,Milad-un-Nabi,confirmed,5,4,0.267,0.2667
Aizawl,Milad-un-Nabi,confirmed,5,3,0.2,0.2
Belapur,Milad-un-Nabi,absent in some years,5,4,0.267,0.032
Bengaluru,Milad-un-Nabi,confirmed,5,4,0.267,0.2667
Bhopal,Milad-un-Nabi,confirmed,5,3,0.267,0.2667
Chennai,Milad-un-Nabi,confirmed,5,4,0.267,0.2667
Dehradun,Milad-un-Nabi,confirmed,5,4,0.333,0.3333
Gangtok,Milad-un-Nabi,absent in some years,5,4,0.333,0.04
Hyderabad,Milad-un-Nabi,confirmed,5,4,0.267,0.2667
Imphal,Milad-un-Nabi,confirmed,5,4,0.267,0.2667
Jaipur,Milad-un-Nabi,absent in some years,5,1,0.067,0.002
Jammu,Milad-un-Nabi,confirmed,5,5,0.667,0.6667
Kanpur,Milad-un-Nabi,confirmed,5,4,0.333,0.3333
Kochi,Milad-un-Nabi,confirmed,5,5,0.467,0.4667
Lucknow,Milad-un-Nabi,confirmed,5,4,0.333,0.3333
Mumbai,Milad-un-Nabi,confirmed,5,4,0.267,0.2667
Nagpur,Milad-un-Nabi,confirmed,5,4,0.267,0.2667
New Delhi,Milad-un-Nabi,confirmed,5,4,0.267,0.2667
Patna,Milad-un-Nabi,absent in some years,5,1,0.067,0.002
Raipur,Milad-un-Nabi,confirmed,5,4,0.333,0.3333
Ranchi,Milad-un-Nabi,confirmed,5,4,0.267,0.2667
Shillong,Milad-un-Nabi,absent in some years,5,1,0.067,0.002
Shimla,Milad-un-Nabi,absent in some years,5,1,0.067,0.002
Srinagar,Milad-un-Nabi,confirmed,5,5,0.667,0.6667
Thiruvananthapuram,Milad-un-Nabi,confirmed,5,5,0.467,0.4667
Vijayawada,Milad-un-Nabi,confirmed,5,3,0.2,0.2
Aizawl,Missionary Day (Mizoram),confirmed,4,4,1.0,1.0
Imphal,Missionary Day (Mizoram),absent in some years,4,1,0.25,0.0094
Agartala,Muharram / Ashura,confirmed,4,4,1.0,1.0
Ahmedabad,Muharram / Ashura,confirmed,4,1,0.25,0.25
Aizawl,Muharram / Ashura,confirmed,4,4,1.0,1.0
Belapur,Muharram / Ashura,confirmed,4,4,1.0,1.0
Bengaluru,Muharram / Ashura,confirmed,4,4,1.0,1.0
Bhopal,Muharram / Ashura,confirmed,4,4,1.0,1.0
Chennai,Muharram / Ashura,confirmed,4,4,1.0,1.0
Hyderabad,Muharram / Ashura,confirmed,4,4,1.0,1.0
Jaipur,Muharram / Ashura,confirmed,4,3,0.75,0.75
Jammu,Muharram / Ashura,confirmed,4,4,1.0,1.0
Kanpur,Muharram / Ashura,confirmed,4,4,1.0,1.0
Kolkata,Muharram / Ashura,confirmed,4,4,1.0,1.0
Lucknow,Muharram / Ashura,confirmed,4,4,1.0,1.0
Mumbai,Muharram / Ashura,confirmed,4,4,1.0,1.0
Nagpur,Muharram / Ashura,confirmed,4,4,1.0,1.0
New Delhi,Muharram / Ashura,confirmed,4,4,1.0,1.0
Patna,Muharram / Ashura,confirmed,4,4,1.0,1.0
Raipur,Muharram / Ashura,confirmed,4,4,1.0,1.0
Ranchi,Muharram / Ashura,confirmed,4,4,1.0,1.0
Shillong,Muharram / Ashura,absent in some years,4,1,0.25,0.0094
Shimla,Muharram / Ashura,confirmed,4,2,0.5,0.5
Srinagar,Muharram / Ashura,confirmed,4,4,1.0,1.0
Vijayawada,Muharram / Ashura,confirmed,4,3,0.75,0.75
Agartala,Navratri / Durga Puja / Dussehra,confirmed,5,5,0.548,0.5484
Ahmedabad,Navratri / Durga Puja / Dussehra,confirmed,5,4,0.129,0.129
Aizawl,Navratri / Durga Puja / Dussehra,confirmed,5,4,0.161,0.1613
Belapur,Navratri / Durga Puja / Dussehra,confirmed,5,5,0.161,0.1613
Bengaluru,Navratri / Durga Puja / Dussehra,confirmed,5,5,0.29,0.2903
Bhopal,Navratri / Durga Puja / Dussehra,confirmed,5,5,0.161,0.1613
Bhubaneswar,Navratri / Durga Puja / Dussehra,confirmed,5,5,0.387,0.3871
Chandigarh,Navratri / Durga Puja / Dussehra,confirmed,5,5,0.226,0.2258
Chennai,Navratri / Durga Puja / Dussehra,confirmed,5,5,0.323,0.3226
Dehradun,Navratri / Durga Puja / Dussehra,confirmed,5,5,0.194,0.1935
Gangtok,Navratri / Durga Puja / Dussehra,confirmed,5,5,0.613,0.6129
Guwahati,Navratri / Durga Puja / Dussehra,confirmed,5,5,0.516,0.5161
Hyderabad,Navratri / Durga Puja / Dussehra,confirmed,5,5,0.161,0.1613
Imphal,Navratri / Durga Puja / Dussehra,confirmed,5,5,0.226,0.2258
Itanagar,Navratri / Durga Puja / Dussehra,confirmed,5,4,0.258,0.2581
Jaipur,Navratri / Durga Puja / Dussehra,confirmed,5,5,0.29,0.2903
Jammu,Navratri / Durga Puja / Dussehra,confirmed,5,5,0.194,0.1935
Kanpur,Navratri / Durga Puja / Dussehra,confirmed,5,5,0.29,0.2903
Kochi,Navratri / Durga Puja / Dussehra,confirmed,5,5,0.323,0.3226
Kohima,Navratri / Durga Puja / Dussehra,confirmed,5,4,0.258,0.2581
Kolkata,Navratri / Durga Puja / Dussehra,confirmed,5,5,0.516,0.5161
Lucknow,Navratri / Durga Puja / Dussehra,confirmed,5,5,0.29,0.2903
Mumbai,Navratri / Durga Puja / Dussehra,confirmed,5,5,0.161,0.1613
Nagpur,Navratri / Durga Puja / Dussehra,confirmed,5,5,0.161,0.1613
New Delhi,Navratri / Durga Puja / Dussehra,confirmed,5,5,0.161,0.1613
Panaji,Navratri / Durga Puja / Dussehra,confirmed,5,5,0.161,0.1613
Patna,Navratri / Durga Puja / Dussehra,confirmed,5,5,0.387,0.3871
Raipur,Navratri / Durga Puja / Dussehra,confirmed,5,5,0.161,0.1613
Ranchi,Navratri / Durga Puja / Dussehra,confirmed,5,5,0.387,0.3871
Shillong,Navratri / Durga Puja / Dussehra,confirmed,5,5,0.323,0.3226
Shimla,Navratri / Durga Puja / Dussehra,confirmed,5,5,0.161,0.1613
Srinagar,Navratri / Durga Puja / Dussehra,confirmed,5,5,0.194,0.1935
Thiruvananthapuram,Navratri / Durga Puja / Dussehra,confirmed,5,5,0.355,0.3548
Vijayawada,Navratri / Durga Puja / Dussehra,confirmed,5,4,0.129,0.129
Ahmedabad,Ningol Chakkouba,absent in some years,4,1,0.25,0.0094
Gangtok,Ningol Chakkouba,never absent,4,4,1.0,0.6
Imphal,Ningol Chakkouba,confirmed (home community),4,4,1.0,1.0
Kanpur,Ningol Chakkouba,never absent,4,4,1.0,0.6
Kolkata,Ningol Chakkouba,absent in some years,4,3,0.75,0.0844
Lucknow,Ningol Chakkouba,never absent,4,4,1.0,0.6
Shimla,Ningol Chakkouba,absent in some years,4,3,0.75,0.0844
Dehradun,Nongkrem Dance,absent in some years,3,1,0.333,0.0167
Patna,Nongkrem Dance,absent in some years,3,1,0.333,0.0167
Shillong,Nongkrem Dance,confirmed,3,3,1.0,1.0
Ahmedabad,Nuakhai,absent in some years,4,1,0.25,0.0094
Bhubaneswar,Nuakhai,confirmed,4,4,1.0,1.0
Panaji,Nuakhai,absent in some years,4,3,0.75,0.0844
Itanagar,Nyokum,confirmed,1,1,1.0,1.0
Ahmedabad,Onam,absent in some years,5,1,0.111,0.0033
Aizawl,Onam,absent in some years,5,1,0.111,0.0033
Belapur,Onam,absent in some years,5,2,0.222,0.0133
Bengaluru,Onam,absent in some years,5,2,0.222,0.0133
Bhopal,Onam,absent in some years,5,2,0.222,0.0133
Chennai,Onam,absent in some years,5,2,0.222,0.0133
Dehradun,Onam,absent in some years,5,2,0.222,0.0133
Hyderabad,Onam,absent in some years,5,2,0.222,0.0133
Imphal,Onam,absent in some years,5,2,0.222,0.0133
Jammu,Onam,absent in some years,5,2,0.222,0.0133
Kanpur,Onam,absent in some years,5,2,0.222,0.0133
Kochi,Onam,confirmed,5,5,1.0,1.0
Lucknow,Onam,absent in some years,5,2,0.222,0.0133
Mumbai,Onam,absent in some years,5,1,0.111,0.0033
Nagpur,Onam,absent in some years,5,2,0.222,0.0133
New Delhi,Onam,absent in some years,5,2,0.222,0.0133
Patna,Onam,absent in some years,5,1,0.111,0.0033
Raipur,Onam,absent in some years,5,2,0.222,0.0133
Ranchi,Onam,absent in some years,5,3,0.333,0.03
Srinagar,Onam,absent in some years,5,2,0.222,0.0133
Thiruvananthapuram,Onam,confirmed,5,5,1.0,1.0
Vijayawada,Onam,absent in some years,5,2,0.222,0.0133
Ahmedabad,Pang Lhabsol,absent in some years,3,1,0.333,0.0167
Belapur,Pang Lhabsol,absent in some years,3,1,0.333,0.0167
Bhopal,Pang Lhabsol,absent in some years,3,1,0.333,0.0167
Dehradun,Pang Lhabsol,absent in some years,3,2,0.667,0.0667
Gangtok,Pang Lhabsol,never absent,3,3,1.0,0.6
Jaipur,Pang Lhabsol,absent in some years,3,1,0.333,0.0167
Jammu,Pang Lhabsol,absent in some years,3,1,0.333,0.0167
Kanpur,Pang Lhabsol,absent in some years,3,2,0.667,0.0667
Kochi,Pang Lhabsol,absent in some years,3,2,0.667,0.0667
Lucknow,Pang Lhabsol,absent in some years,3,2,0.667,0.0667
Mumbai,Pang Lhabsol,absent in some years,3,1,0.333,0.0167
Raipur,Pang Lhabsol,absent in some years,3,1,0.333,0.0167
Shillong,Pang Lhabsol,absent in some years,3,1,0.333,0.0167
Shimla,Pang Lhabsol,absent in some years,3,1,0.333,0.0167
Srinagar,Pang Lhabsol,absent in some years,3,1,0.333,0.0167
Thiruvananthapuram,Pang Lhabsol,absent in some years,3,2,0.667,0.0667
Agartala,Parshuram Jayanti,absent in some years,2,1,0.5,0.0375
Ahmedabad,Parshuram Jayanti,absent in some years,2,1,0.5,0.0375
Aizawl,Parshuram Jayanti,absent in some years,2,1,0.5,0.0375
Belapur,Parshuram Jayanti,absent in some years,2,1,0.5,0.0375
Bengaluru,Parshuram Jayanti,absent in some years,2,1,0.5,0.0375
Bhopal,Parshuram Jayanti,absent in some years,2,1,0.5,0.0375
Bhubaneswar,Parshuram Jayanti,absent in some years,2,1,0.5,0.0375
Chandigarh,Parshuram Jayanti,absent in some years,2,1,0.5,0.0375
Chennai,Parshuram Jayanti,absent in some years,2,1,0.5,0.0375
Dehradun,Parshuram Jayanti,absent in some years,2,1,0.5,0.0375
Gangtok,Parshuram Jayanti,absent in some years,2,1,0.5,0.0375
Guwahati,Parshuram Jayanti,absent in some years,2,1,0.5,0.0375
Hyderabad,Parshuram Jayanti,absent in some years,2,1,0.5,0.0375
Imphal,Parshuram Jayanti,absent in some years,2,1,0.5,0.0375
Jaipur,Parshuram Jayanti,absent in some years,2,1,0.5,0.0375
Jammu,Parshuram Jayanti,absent in some years,2,1,0.5,0.0375
Kanpur,Parshuram Jayanti,absent in some years,2,1,0.5,0.0375
Kochi,Parshuram Jayanti,absent in some years,2,1,0.5,0.0375
Kolkata,Parshuram Jayanti,absent in some years,2,1,0.5,0.0375
Lucknow,Parshuram Jayanti,absent in some years,2,1,0.5,0.0375
Mumbai,Parshuram Jayanti,absent in some years,2,1,0.5,0.0375
Nagpur,Parshuram Jayanti,absent in some years,2,1,0.5,0.0375
New Delhi,Parshuram Jayanti,absent in some years,2,1,0.5,0.0375
Panaji,Parshuram Jayanti,absent in some years,2,1,0.5,0.0375
Patna,Parshuram Jayanti,absent in some years,2,1,0.5,0.0375
Raipur,Parshuram Jayanti,absent in some years,2,1,0.5,0.0375
Ranchi,Parshuram Jayanti,absent in some years,2,1,0.5,0.0375
Shillong,Parshuram Jayanti,absent in some years,2,1,0.5,0.0375
Shimla,Parshuram Jayanti,confirmed,2,2,1.0,1.0
Srinagar,Parshuram Jayanti,absent in some years,2,1,0.5,0.0375
Thiruvananthapuram,Parshuram Jayanti,absent in some years,2,1,0.5,0.0375
Agartala,"Parsi New Year (Navroz, Shahenshahi)",absent in some years,5,3,0.6,0.054
Ahmedabad,"Parsi New Year (Navroz, Shahenshahi)",absent in some years,5,3,0.6,0.054
Aizawl,"Parsi New Year (Navroz, Shahenshahi)",absent in some years,5,3,0.6,0.054
Belapur,"Parsi New Year (Navroz, Shahenshahi)",confirmed,5,5,1.0,1.0
Bengaluru,"Parsi New Year (Navroz, Shahenshahi)",absent in some years,5,3,0.6,0.054
Bhopal,"Parsi New Year (Navroz, Shahenshahi)",absent in some years,5,3,0.6,0.054
Bhubaneswar,"Parsi New Year (Navroz, Shahenshahi)",absent in some years,5,3,0.6,0.054
Chandigarh,"Parsi New Year (Navroz, Shahenshahi)",absent in some years,5,3,0.6,0.054
Chennai,"Parsi New Year (Navroz, Shahenshahi)",absent in some years,5,3,0.6,0.054
Dehradun,"Parsi New Year (Navroz, Shahenshahi)",absent in some years,5,3,0.6,0.054
Gangtok,"Parsi New Year (Navroz, Shahenshahi)",absent in some years,5,3,0.6,0.054
Guwahati,"Parsi New Year (Navroz, Shahenshahi)",absent in some years,5,3,0.6,0.054
Hyderabad,"Parsi New Year (Navroz, Shahenshahi)",absent in some years,5,3,0.6,0.054
Imphal,"Parsi New Year (Navroz, Shahenshahi)",absent in some years,5,3,0.6,0.054
Itanagar,"Parsi New Year (Navroz, Shahenshahi)",absent in some years,5,3,0.6,0.054
Jaipur,"Parsi New Year (Navroz, Shahenshahi)",absent in some years,5,3,0.6,0.054
Jammu,"Parsi New Year (Navroz, Shahenshahi)",absent in some years,5,3,0.6,0.054
Kanpur,"Parsi New Year (Navroz, Shahenshahi)",absent in some years,5,3,0.6,0.054
Kochi,"Parsi New Year (Navroz, Shahenshahi)",absent in some years,5,3,0.6,0.054
Kohima,"Parsi New Year (Navroz, Shahenshahi)",absent in some years,5,3,0.6,0.054
Kolkata,"Parsi New Year (Navroz, Shahenshahi)",absent in some years,5,3,0.6,0.054
Lucknow,"Parsi New Year (Navroz, Shahenshahi)",absent in some years,5,3,0.6,0.054
Mumbai,"Parsi New Year (Navroz, Shahenshahi)",confirmed,5,5,1.0,1.0
Nagpur,"Parsi New Year (Navroz, Shahenshahi)",confirmed,5,5,1.0,1.0
New Delhi,"Parsi New Year (Navroz, Shahenshahi)",absent in some years,5,3,0.6,0.054
Panaji,"Parsi New Year (Navroz, Shahenshahi)",absent in some years,5,3,0.6,0.054
Patna,"Parsi New Year (Navroz, Shahenshahi)",absent in some years,5,3,0.6,0.054
Raipur,"Parsi New Year (Navroz, Shahenshahi)",absent in some years,5,3,0.6,0.054
Ranchi,"Parsi New Year (Navroz, Shahenshahi)",absent in some years,5,3,0.6,0.054
Shillong,"Parsi New Year (Navroz, Shahenshahi)",absent in some years,5,3,0.6,0.054
Shimla,"Parsi New Year (Navroz, Shahenshahi)",absent in some years,5,3,0.6,0.054
Srinagar,"Parsi New Year (Navroz, Shahenshahi)",absent in some years,5,3,0.6,0.054
Thiruvananthapuram,"Parsi New Year (Navroz, Shahenshahi)",absent in some years,5,3,0.6,0.054
Vijayawada,"Parsi New Year (Navroz, Shahenshahi)",absent in some years,5,3,0.6,0.054
Ahmedabad,Pongal,absent in some years,5,2,0.154,0.0092
Belapur,Pongal,absent in some years,5,1,0.077,0.0023
Bengaluru,Pongal,absent in some years,5,4,0.308,0.0369
Bhubaneswar,Pongal,absent in some years,5,2,0.154,0.0092
Chandigarh,Pongal,absent in some years,5,1,0.077,0.0023
Chennai,Pongal,confirmed,5,5,1.0,1.0
Gangtok,Pongal,absent in some years,5,4,0.308,0.0369
Guwahati,Pongal,absent in some years,5,3,0.231,0.0208
Hyderabad,Pongal,absent in some years,5,4,0.308,0.0369
Imphal,Pongal,absent in some years,5,1,0.154,0.0046
Itanagar,Pongal,absent in some years,5,1,0.077,0.0023
Kanpur,Pongal,absent in some years,5,2,0.154,0.0092
Lucknow,Pongal,absent in some years,5,2,0.154,0.0092
Mumbai,Pongal,absent in some years,5,1,0.077,0.0023
Nagpur,Pongal,absent in some years,5,1,0.077,0.0023
Vijayawada,Pongal,confirmed,5,3,0.308,0.3077
Aizawl,Raja Sankranti,never absent,4,4,1.0,0.6
Bhubaneswar,Raja Sankranti,confirmed (home community),4,4,1.0,1.0
Jammu,Raja Sankranti,absent in some years,4,1,0.25,0.0094
Srinagar,Raja Sankranti,absent in some years,4,1,0.25,0.0094
Agartala,Raksha Bandhan,absent in some years,5,1,0.143,0.0043
Ahmedabad,Raksha Bandhan,confirmed,5,5,0.714,0.7143
Bhopal,Raksha Bandhan,confirmed,5,5,0.714,0.7143
Bhubaneswar,Raksha Bandhan,confirmed,5,2,0.286,0.2857
Dehradun,Raksha Bandhan,confirmed,5,5,0.714,0.7143
Gangtok,Raksha Bandhan,absent in some years,5,2,0.286,0.0171
Jaipur,Raksha Bandhan,confirmed,5,5,0.714,0.7143
Jammu,Raksha Bandhan,absent in some years,5,1,0.143,0.0043
Kanpur,Raksha Bandhan,confirmed,5,5,0.714,0.7143
Kochi,Raksha Bandhan,absent in some years,5,2,0.286,0.0171
Lucknow,Raksha Bandhan,confirmed,5,5,0.714,0.7143
Raipur,Raksha Bandhan,absent in some years,5,1,0.143,0.0043
Shimla,Raksha Bandhan,confirmed,5,5,0.714,0.7143
Srinagar,Raksha Bandhan,absent in some years,5,1,0.143,0.0043
Thiruvananthapuram,Raksha Bandhan,absent in some years,5,2,0.286,0.0171
Ahmedabad,Ram Navami,confirmed,3,3,0.75,0.75
Aizawl,Ram Navami,confirmed,3,1,0.25,0.25
Belapur,Ram Navami,confirmed,3,3,0.75,0.75
Bhopal,Ram Navami,confirmed,3,3,0.75,0.75
Bhubaneswar,Ram Navami,confirmed,3,3,0.75,0.75
Chandigarh,Ram Navami,confirmed,3,3,0.75,0.75
Dehradun,Ram Navami,confirmed,3,3,0.75,0.75
Gangtok,Ram Navami,confirmed,3,3,0.75,0.75
Hyderabad,Ram Navami,confirmed,3,3,0.75,0.75
Jaipur,Ram Navami,confirmed,3,3,0.75,0.75
Kanpur,Ram Navami,confirmed,3,3,0.75,0.75
Kolkata,Ram Navami,confirmed,3,1,0.25,0.25
Lucknow,Ram Navami,confirmed,3,3,0.75,0.75
Mumbai,Ram Navami,confirmed,3,3,0.75,0.75
Nagpur,Ram Navami,confirmed,3,3,0.75,0.75
Patna,Ram Navami,confirmed,3,3,0.75,0.75
Raipur,Ram Navami,confirmed,3,1,0.25,0.25
Ranchi,Ram Navami,confirmed,3,3,0.75,0.75
Shimla,Ram Navami,confirmed,3,3,0.75,0.75
Vijayawada,Ram Navami,confirmed,3,2,0.5,0.5
Bhubaneswar,Rath Yatra,confirmed,5,5,1.0,1.0
Dehradun,Rath Yatra,absent in some years,5,1,0.2,0.006
Imphal,Rath Yatra,confirmed,5,5,1.0,1.0
Gangtok,Saga Dawa,never absent,1,1,1.0,0.6
Shimla,Saga Dawa,never absent,1,1,1.0,0.6
Ahmedabad,Samvatsari (Paryushan),never absent,5,5,1.0,0.6
Belapur,Samvatsari (Paryushan),absent in some years,5,4,0.8,0.096
Bengaluru,Samvatsari (Paryushan),absent in some years,5,3,0.6,0.054
Bhubaneswar,Samvatsari (Paryushan),never absent,5,5,1.0,0.6
Chennai,Samvatsari (Paryushan),absent in some years,5,3,0.6,0.054
Hyderabad,Samvatsari (Paryushan),absent in some years,5,3,0.6,0.054
Mumbai,Samvatsari (Paryushan),absent in some years,5,4,0.8,0.096
Nagpur,Samvatsari (Paryushan),absent in some years,5,4,0.8,0.096
Panaji,Samvatsari (Paryushan),never absent,5,5,1.0,0.6
Vijayawada,Samvatsari (Paryushan),absent in some years,5,2,0.4,0.024
Chandigarh,Sant Kabir Jayanti,confirmed,3,1,0.333,0.3333
Gangtok,Sant Kabir Jayanti,absent in some years,3,1,0.333,0.0167
Shimla,Sant Kabir Jayanti,confirmed,3,2,0.667,0.6667
Aizawl,Sant Ravidas Jayanti,absent in some years,2,1,0.5,0.0375
Chandigarh,Sant Ravidas Jayanti,confirmed,2,1,0.5,0.5
Kanpur,Sant Ravidas Jayanti,absent in some years,2,1,0.5,0.0375
Lucknow,Sant Ravidas Jayanti,absent in some years,2,1,0.5,0.0375
Shimla,Sant Ravidas Jayanti,absent in some years,2,1,0.5,0.0375
Agartala,Saraswati Puja / Vasant Panchami,confirmed,5,5,1.0,1.0
Ahmedabad,Saraswati Puja / Vasant Panchami,absent in some years,5,1,0.2,0.006
Aizawl,Saraswati Puja / Vasant Panchami,absent in some years,5,1,0.2,0.006
Belapur,Saraswati Puja / Vasant Panchami,absent in some years,5,1,0.2,0.006
Bengaluru,Saraswati Puja / Vasant Panchami,absent in some years,5,1,0.2,0.006
Bhopal,Saraswati Puja / Vasant Panchami,absent in some years,5,1,0.2,0.006
Bhubaneswar,Saraswati Puja / Vasant Panchami,confirmed,5,4,0.8,0.8
Chandigarh,Saraswati Puja / Vasant Panchami,absent in some years,5,1,0.2,0.006
Chennai,Saraswati Puja / Vasant Panchami,absent in some years,5,1,0.2,0.006
Dehradun,Saraswati Puja / Vasant Panchami,absent in some years,5,1,0.2,0.006
Gangtok,Saraswati Puja / Vasant Panchami,absent in some years,5,1,0.2,0.006
Guwahati,Saraswati Puja / Vasant Panchami,absent in some years,5,1,0.2,0.006
Hyderabad,Saraswati Puja / Vasant Panchami,absent in some years,5,1,0.2,0.006
Imphal,Saraswati Puja / Vasant Panchami,absent in some years,5,1,0.2,0.006
Itanagar,Saraswati Puja / Vasant Panchami,absent in some years,5,1,0.2,0.006
Jaipur,Saraswati Puja / Vasant Panchami,absent in some years,5,1,0.2,0.006
Jammu,Saraswati Puja / Vasant Panchami,absent in some years,5,1,0.2,0.006
Kanpur,Saraswati Puja / Vasant Panchami,absent in some years,5,1,0.2,0.006
Kochi,Saraswati Puja / Vasant Panchami,absent in some years,5,1,0.2,0.006
Kohima,Saraswati Puja / Vasant Panchami,absent in some years,5,1,0.2,0.006
Kolkata,Saraswati Puja / Vasant Panchami,confirmed,5,4,0.8,0.8
Lucknow,Saraswati Puja / Vasant Panchami,absent in some years,5,1,0.2,0.006
Mumbai,Saraswati Puja / Vasant Panchami,absent in some years,5,1,0.2,0.006
Nagpur,Saraswati Puja / Vasant Panchami,absent in some years,5,1,0.2,0.006
New Delhi,Saraswati Puja / Vasant Panchami,absent in some years,5,1,0.2,0.006
Panaji,Saraswati Puja / Vasant Panchami,absent in some years,5,1,0.2,0.006
Patna,Saraswati Puja / Vasant Panchami,absent in some years,5,1,0.2,0.006
Raipur,Saraswati Puja / Vasant Panchami,absent in some years,5,1,0.2,0.006
Ranchi,Saraswati Puja / Vasant Panchami,absent in some years,5,1,0.2,0.006
Shillong,Saraswati Puja / Vasant Panchami,absent in some years,5,1,0.2,0.006
Shimla,Saraswati Puja / Vasant Panchami,absent in some years,5,1,0.2,0.006
Srinagar,Saraswati Puja / Vasant Panchami,absent in some years,5,1,0.2,0.006
Thiruvananthapuram,Saraswati Puja / Vasant Panchami,absent in some years,5,1,0.2,0.006
Vijayawada,Saraswati Puja / Vasant Panchami,absent in some years,5,1,0.2,0.006
Agartala,Sarhul,absent in some years,4,1,0.25,0.0094
Ahmedabad,Sarhul,absent in some years,4,1,0.25,0.0094
Aizawl,Sarhul,absent in some years,4,1,0.25,0.0094
Belapur,Sarhul,absent in some years,4,1,0.25,0.0094
Bengaluru,Sarhul,absent in some years,4,1,0.25,0.0094
Bhopal,Sarhul,absent in some years,4,1,0.25,0.0094
Bhubaneswar,Sarhul,absent in some years,4,1,0.25,0.0094
Chandigarh,Sarhul,absent in some years,4,1,0.25,0.0094
Chennai,Sarhul,absent in some years,4,1,0.25,0.0094
Dehradun,Sarhul,absent in some years,4,1,0.25,0.0094
Gangtok,Sarhul,absent in some years,4,1,0.25,0.0094
Guwahati,Sarhul,absent in some years,4,1,0.25,0.0094
Hyderabad,Sarhul,absent in some years,4,1,0.25,0.0094
Imphal,Sarhul,absent in some years,4,1,0.25,0.0094
Itanagar,Sarhul,absent in some years,4,1,0.25,0.0094
Jaipur,Sarhul,absent in some years,4,1,0.25,0.0094
Jammu,Sarhul,absent in some years,4,1,0.25,0.0094
Kanpur,Sarhul,absent in some years,4,1,0.25,0.0094
Kohima,Sarhul,absent in some years,4,1,0.25,0.0094
Kolkata,Sarhul,absent in some years,4,1,0.25,0.0094
Lucknow,Sarhul,absent in some years,4,1,0.25,0.0094
Mumbai,Sarhul,absent in some years,4,1,0.25,0.0094
Nagpur,Sarhul,absent in some years,4,1,0.25,0.0094
New Delhi,Sarhul,absent in some years,4,1,0.25,0.0094
Panaji,Sarhul,absent in some years,4,1,0.25,0.0094
Patna,Sarhul,absent in some years,4,1,0.25,0.0094
Raipur,Sarhul,absent in some years,4,1,0.25,0.0094
Ranchi,Sarhul,confirmed,4,4,1.0,1.0
Shillong,Sarhul,absent in some years,4,1,0.25,0.0094
Srinagar,Sarhul,absent in some years,4,1,0.25,0.0094
Vijayawada,Sarhul,absent in some years,4,1,0.25,0.0094
Dehradun,Seng Kut Snem,absent in some years,4,1,0.25,0.0094
Shillong,Seng Kut Snem,confirmed,4,4,1.0,1.0
Jammu,Shab-e-Qadr,confirmed,4,4,1.0,1.0
Srinagar,Shab-e-Qadr,confirmed,4,4,1.0,1.0
Guwahati,Shad Suk Mynsiem,absent in some years,4,1,0.25,0.0094
Shillong,Shad Suk Mynsiem,confirmed,4,4,1.0,1.0
Shimla,Shad Suk Mynsiem,absent in some years,4,1,0.25,0.0094
Gangtok,Sonam Lhosar,confirmed,1,1,1.0,1.0
Ahmedabad,Sree Narayana Guru Jayanti / Samadhi,absent in some years,4,1,0.125,0.0047
Bhopal,Sree Narayana Guru Jayanti / Samadhi,absent in some years,4,1,0.125,0.0047
Dehradun,Sree Narayana Guru Jayanti / Samadhi,absent in some years,4,2,0.25,0.0187
Gangtok,Sree Narayana Guru Jayanti / Samadhi,absent in some years,4,2,0.25,0.0187
Guwahati,Sree Narayana Guru Jayanti / Samadhi,absent in some years,4,1,0.125,0.0047
Jaipur,Sree Narayana Guru Jayanti / Samadhi,absent in some years,4,1,0.125,0.0047
Jammu,Sree Narayana Guru Jayanti / Samadhi,absent in some years,4,1,0.125,0.0047
Kanpur,Sree Narayana Guru Jayanti / Samadhi,absent in some years,4,2,0.25,0.0187
Kochi,Sree Narayana Guru Jayanti / Samadhi,confirmed,4,4,1.0,1.0
Lucknow,Sree Narayana Guru Jayanti / Samadhi,absent in some years,4,2,0.25,0.0187
Raipur,Sree Narayana Guru Jayanti / Samadhi,absent in some years,4,1,0.125,0.0047
Shimla,Sree Narayana Guru Jayanti / Samadhi,absent in some years,4,1,0.125,0.0047
Srinagar,Sree Narayana Guru Jayanti / Samadhi,absent in some years,4,1,0.125,0.0047
Thiruvananthapuram,Sree Narayana Guru Jayanti / Samadhi,confirmed,4,4,1.0,1.0
Agartala,Srimanta Sankardeva Tithi / Janmotsav,absent in some years,5,2,0.3,0.018
Ahmedabad,Srimanta Sankardeva Tithi / Janmotsav,absent in some years,5,2,0.2,0.012
Aizawl,Srimanta Sankardeva Tithi / Janmotsav,absent in some years,5,2,0.2,0.012
Belapur,Srimanta Sankardeva Tithi / Janmotsav,absent in some years,5,2,0.2,0.012
Bengaluru,Srimanta Sankardeva Tithi / Janmotsav,absent in some years,5,2,0.3,0.018
Bhopal,Srimanta Sankardeva Tithi / Janmotsav,absent in some years,5,2,0.2,0.012
Bhubaneswar,Srimanta Sankardeva Tithi / Janmotsav,absent in some years,5,2,0.3,0.018
Chandigarh,Srimanta Sankardeva Tithi / Janmotsav,absent in some years,5,2,0.2,0.012
Chennai,Srimanta Sankardeva Tithi / Janmotsav,absent in some years,5,2,0.3,0.018
Dehradun,Srimanta Sankardeva Tithi / Janmotsav,absent in some years,5,2,0.2,0.012
Gangtok,Srimanta Sankardeva Tithi / Janmotsav,absent in some years,5,2,0.3,0.018
Guwahati,Srimanta Sankardeva Tithi / Janmotsav,confirmed,5,5,1.0,1.0
Hyderabad,Srimanta Sankardeva Tithi / Janmotsav,absent in some years,5,2,0.2,0.012
Imphal,Srimanta Sankardeva Tithi / Janmotsav,absent in some years,5,1,0.1,0.003
Itanagar,Srimanta Sankardeva Tithi / Janmotsav,absent in some years,5,1,0.1,0.003
Jaipur,Srimanta Sankardeva Tithi / Janmotsav,absent in some years,5,2,0.2,0.012
Jammu,Srimanta Sankardeva Tithi / Janmotsav,absent in some years,5,2,0.2,0.012
Kanpur,Srimanta Sankardeva Tithi / Janmotsav,absent in some years,5,2,0.3,0.018
Kochi,Srimanta Sankardeva Tithi / Janmotsav,absent in some years,5,3,0.4,0.036
Kohima,Srimanta Sankardeva Tithi / Janmotsav,absent in some years,5,1,0.1,0.003
Kolkata,Srimanta Sankardeva Tithi / Janmotsav,absent in some years,5,2,0.3,0.018
Lucknow,Srimanta Sankardeva Tithi / Janmotsav,absent in some years,5,2,0.3,0.018
Mumbai,Srimanta Sankardeva Tithi / Janmotsav,absent in some years,5,2,0.2,0.012
Nagpur,Srimanta Sankardeva Tithi / Janmotsav,absent in some years,5,2,0.2,0.012
New Delhi,Srimanta Sankardeva Tithi / Janmotsav,absent in some years,5,2,0.2,0.012
Panaji,Srimanta Sankardeva Tithi / Janmotsav,absent in some years,5,2,0.2,0.012
Patna,Srimanta Sankardeva Tithi / Janmotsav,absent in some years,5,2,0.3,0.018
Raipur,Srimanta Sankardeva Tithi / Janmotsav,absent in some years,5,2,0.2,0.012
Ranchi,Srimanta Sankardeva Tithi / Janmotsav,absent in some years,5,3,0.4,0.036
Shillong,Srimanta Sankardeva Tithi / Janmotsav,absent in some years,5,2,0.3,0.018
Shimla,Srimanta Sankardeva Tithi / Janmotsav,absent in some years,5,2,0.2,0.012
Srinagar,Srimanta Sankardeva Tithi / Janmotsav,absent in some years,5,2,0.2,0.012
Thiruvananthapuram,Srimanta Sankardeva Tithi / Janmotsav,absent in some years,5,3,0.4,0.036
Vijayawada,Srimanta Sankardeva Tithi / Janmotsav,absent in some years,5,1,0.1,0.003
Agartala,Tamil New Year (Puthandu),never absent,4,4,1.0,0.6
Ahmedabad,Tamil New Year (Puthandu),never absent,4,4,1.0,0.6
Aizawl,Tamil New Year (Puthandu),never absent,4,4,1.0,0.6
Belapur,Tamil New Year (Puthandu),never absent,4,4,1.0,0.6
Bengaluru,Tamil New Year (Puthandu),never absent,4,4,1.0,0.6
Bhopal,Tamil New Year (Puthandu),never absent,4,4,1.0,0.6
Bhubaneswar,Tamil New Year (Puthandu),never absent,4,4,1.0,0.6
Chandigarh,Tamil New Year (Puthandu),never absent,4,4,1.0,0.6
Chennai,Tamil New Year (Puthandu),confirmed (home community),4,4,1.0,1.0
Dehradun,Tamil New Year (Puthandu),never absent,4,4,1.0,0.6
Gangtok,Tamil New Year (Puthandu),never absent,4,4,1.0,0.6
Guwahati,Tamil New Year (Puthandu),never absent,4,4,1.0,0.6
Hyderabad,Tamil New Year (Puthandu),never absent,4,4,1.0,0.6
Imphal,Tamil New Year (Puthandu),never absent,4,4,1.0,0.6
Itanagar,Tamil New Year (Puthandu),absent in some years,4,2,0.5,0.0375
Jaipur,Tamil New Year (Puthandu),never absent,4,4,1.0,0.6
Jammu,Tamil New Year (Puthandu),never absent,4,4,1.0,0.6
Kanpur,Tamil New Year (Puthandu),never absent,4,4,1.0,0.6
Kochi,Tamil New Year (Puthandu),never absent,4,4,1.0,0.6
Kolkata,Tamil New Year (Puthandu),never absent,4,4,1.0,0.6
Lucknow,Tamil New Year (Puthandu),never absent,4,4,1.0,0.6
Mumbai,Tamil New Year (Puthandu),never absent,4,4,1.0,0.6
Nagpur,Tamil New Year (Puthandu),never absent,4,4,1.0,0.6
New Delhi,Tamil New Year (Puthandu),never absent,4,4,1.0,0.6
Panaji,Tamil New Year (Puthandu),never absent,4,4,1.0,0.6
Patna,Tamil New Year (Puthandu),never absent,4,4,1.0,0.6
Raipur,Tamil New Year (Puthandu),absent in some years,4,3,0.75,0.0844
Ranchi,Tamil New Year (Puthandu),never absent,4,4,1.0,0.6
Shimla,Tamil New Year (Puthandu),absent in some years,4,3,0.75,0.0844
Srinagar,Tamil New Year (Puthandu),never absent,4,4,1.0,0.6
Thiruvananthapuram,Tamil New Year (Puthandu),never absent,4,4,1.0,0.6
Vijayawada,Tamil New Year (Puthandu),absent in some years,4,3,0.75,0.0844
Gangtok,Tendong Lho Rum Faat,confirmed,4,4,1.0,1.0
Chennai,Thaipusam,confirmed,3,3,1.0,1.0
Kanpur,Thaipusam,absent in some years,3,1,0.333,0.0167
Lucknow,Thaipusam,absent in some years,3,1,0.333,0.0167
Raipur,Thaipusam,absent in some years,3,1,0.333,0.0167
Belapur,Unitarian Anniversary Day,absent in some years,3,1,0.333,0.0167
Gangtok,Unitarian Anniversary Day,absent in some years,3,1,0.333,0.0167
Mumbai,Unitarian Anniversary Day,absent in some years,3,1,0.333,0.0167
Shillong,Unitarian Anniversary Day,confirmed,3,3,1.0,1.0
Agartala,Valmiki Jayanti,absent in some years,3,1,0.333,0.0167
Bengaluru,Valmiki Jayanti,absent in some years,3,2,0.667,0.0667
Bhubaneswar,Valmiki Jayanti,absent in some years,3,1,0.333,0.0167
Chandigarh,Valmiki Jayanti,absent in some years,3,2,0.667,0.0667
Guwahati,Valmiki Jayanti,absent in some years,3,1,0.333,0.0167
Jammu,Valmiki Jayanti,absent in some years,3,1,0.333,0.0167
Shimla,Valmiki Jayanti,never absent,3,3,1.0,0.6
Srinagar,Valmiki Jayanti,absent in some years,3,1,0.333,0.0167
Ahmedabad,Vikram Samvat New Year,confirmed (home community),5,5,1.0,1.0
Belapur,Vikram Samvat New Year,never absent,5,5,1.0,0.6
Bengaluru,Vikram Samvat New Year,never absent,5,5,1.0,0.6
Dehradun,Vikram Samvat New Year,absent in some years,5,4,0.8,0.096
Gangtok,Vikram Samvat New Year,never absent,5,5,1.0,0.6
Jaipur,Vikram Samvat New Year,absent in some years,5,2,0.4,0.024
Jammu,Vikram Samvat New Year,absent in some years,5,1,0.2,0.006
Kanpur,Vikram Samvat New Year,absent in some years,5,3,0.6,0.054
Lucknow,Vikram Samvat New Year,absent in some years,5,3,0.6,0.054
Mumbai,Vikram Samvat New Year,never absent,5,5,1.0,0.6
Nagpur,Vikram Samvat New Year,never absent,5,5,1.0,0.6
Shimla,Vikram Samvat New Year,absent in some years,5,1,0.2,0.006
Srinagar,Vikram Samvat New Year,absent in some years,5,1,0.2,0.006
Agartala,Vishu,never absent,4,4,1.0,0.6
Ahmedabad,Vishu,absent in some years,4,2,0.5,0.0375
Aizawl,Vishu,absent in some years,4,2,0.5,0.0375
Belapur,Vishu,absent in some years,4,2,0.5,0.0375
Bengaluru,Vishu,absent in some years,4,2,0.5,0.0375
Bhopal,Vishu,absent in some years,4,2,0.5,0.0375
Bhubaneswar,Vishu,absent in some years,4,2,0.5,0.0375
Chandigarh,Vishu,absent in some years,4,2,0.5,0.0375
Chennai,Vishu,absent in some years,4,2,0.5,0.0375
Dehradun,Vishu,absent in some years,4,2,0.5,0.0375
Gangtok,Vishu,absent in some years,4,2,0.5,0.0375
Guwahati,Vishu,never absent,4,4,1.0,0.6
Hyderabad,Vishu,absent in some years,4,2,0.5,0.0375
Imphal,Vishu,absent in some years,4,2,0.5,0.0375
Itanagar,Vishu,absent in some years,4,3,0.75,0.0844
Jaipur,Vishu,absent in some years,4,1,0.25,0.0094
Jammu,Vishu,absent in some years,4,1,0.25,0.0094
Kanpur,Vishu,absent in some years,4,2,0.5,0.0375
Kochi,Vishu,confirmed (home community),4,4,1.0,1.0
Kolkata,Vishu,never absent,4,4,1.0,0.6
Lucknow,Vishu,absent in some years,4,2,0.5,0.0375
Mumbai,Vishu,absent in some years,4,2,0.5,0.0375
Nagpur,Vishu,absent in some years,4,2,0.5,0.0375
New Delhi,Vishu,absent in some years,4,2,0.5,0.0375
Panaji,Vishu,absent in some years,4,2,0.5,0.0375
Patna,Vishu,absent in some years,4,2,0.5,0.0375
Raipur,Vishu,absent in some years,4,2,0.5,0.0375
Ranchi,Vishu,absent in some years,4,2,0.5,0.0375
Shillong,Vishu,absent in some years,4,1,0.25,0.0094
Shimla,Vishu,absent in some years,4,3,0.75,0.0844
Srinagar,Vishu,absent in some years,4,1,0.25,0.0094
Thiruvananthapuram,Vishu,confirmed (home community),4,4,1.0,1.0
Vijayawada,Vishu,absent in some years,4,1,0.25,0.0094
Agartala,Vishwakarma Day,never absent,1,1,1.0,0.6
Bhopal,Vishwakarma Day,never absent,1,1,1.0,0.6
Chandigarh,Vishwakarma Day,never absent,1,1,1.0,0.6
Gangtok,Vishwakarma Day,never absent,1,1,1.0,0.6
Imphal,Vishwakarma Day,never absent,1,1,1.0,0.6
Jaipur,Vishwakarma Day,never absent,1,1,1.0,0.6
Kanpur,Vishwakarma Day,never absent,1,1,1.0,0.6
Lucknow,Vishwakarma Day,never absent,1,1,1.0,0.6
Bengaluru,Wangala,absent in some years,5,1,0.2,0.006
Patna,Wangala,absent in some years,5,1,0.2,0.006
Ranchi,Wangala,absent in some years,5,1,0.2,0.006
Shillong,Wangala,confirmed,5,5,1.0,1.0
Agartala,Yaosang,absent in some years,5,3,0.6,0.054
Ahmedabad,Yaosang,absent in some years,5,2,0.4,0.024
Aizawl,Yaosang,absent in some years,5,2,0.4,0.024
Bhopal,Yaosang,absent in some years,5,2,0.4,0.024
Bhubaneswar,Yaosang,never absent,5,5,1.0,0.6
Chandigarh,Yaosang,absent in some years,5,2,0.4,0.024
Dehradun,Yaosang,absent in some years,5,2,0.4,0.024
Gangtok,Yaosang,absent in some years,5,2,0.4,0.024
Guwahati,Yaosang,absent in some years,5,1,0.2,0.006
Imphal,Yaosang,confirmed (home community),5,5,1.0,1.0
Itanagar,Yaosang,absent in some years,5,2,0.4,0.024
Jammu,Yaosang,absent in some years,5,1,0.2,0.006
Kanpur,Yaosang,absent in some years,5,2,0.4,0.024
Kohima,Yaosang,absent in some years,5,1,0.2,0.006
Lucknow,Yaosang,absent in some years,5,3,0.6,0.054
New Delhi,Yaosang,absent in some years,5,2,0.4,0.024
Patna,Yaosang,never absent,5,5,1.0,0.6
Raipur,Yaosang,absent in some years,5,2,0.4,0.024
Ranchi,Yaosang,absent in some years,5,4,0.8,0.096
Shillong,Yaosang,absent in some years,5,2,0.4,0.024
Shimla,Yaosang,absent in some years,5,2,0.4,0.024
