year,date,month,day,day_of_year,season_imd,rbi_regional_office,state,region,festival,tradition,festival_type,attribution,n_items_on_date,attribution_weight,rbi_holiday_description,source_url,source_publisher,retrieved_on
2024,2024-01-11,1,11,11,Winter,Aizawl,Mizoram,North-East,Missionary Day (Mizoram),Christian,Commemoration,unique,1,1.0,Missionary Day,https://www.rbi.org.in/Scripts/HolidayMatrixDisplay.aspx?drRegionalOffice=0&drMonth=1&drYear=2024 (POST form),Reserve Bank of India,2026-09-28
2024,2024-01-15,1,15,15,Winter,Bengaluru,Karnataka,South,Magh Bihu,Cultural (multi-faith),Harvest,shared_date,3,0.3333333333333333,Uttarayana Punyakala/Makara Sankranti Festival/Maghe Sankranti/Pongal/Magh Bihu,https://www.rbi.org.in/Scripts/HolidayMatrixDisplay.aspx?drRegionalOffice=0&drMonth=1&drYear=2024 (POST form),Reserve Bank of India,2026-09-28
2024,2024-01-15,1,15,15,Winter,Bengaluru,Karnataka,South,Makar Sankranti,Hindu,Harvest,shared_date,3,0.3333333333333333,Uttarayana Punyakala/Makara Sankranti Festival/Maghe Sankranti/Pongal/Magh Bihu,https://www.rbi.org.in/Scripts/HolidayMatrixDisplay.aspx?drRegionalOffice=0&drMonth=1&drYear=2024 (POST form),Reserve Bank of India,2026-09-28
2024,2024-01-15,1,15,15,Winter,Bengaluru,Karnataka,South,Pongal,Hindu,Harvest,shared_date,3,0.3333333333333333,Uttarayana Punyakala/Makara Sankranti Festival/Maghe Sankranti/Pongal/Magh Bihu,https://www.rbi.org.in/Scripts/HolidayMatrixDisplay.aspx?drRegionalOffice=0&drMonth=1&drYear=2024 (POST form),Reserve Bank of India,2026-09-28
2024,2024-01-15,1,15,15,Winter,Bhubaneswar,Odisha,East,Magh Bihu,Cultural (multi-faith),Harvest,shared_date,3,0.3333333333333333,Uttarayana Punyakala/Makara Sankranti Festival/Maghe Sankranti/Pongal/Magh Bihu,https://www.rbi.org.in/Scripts/HolidayMatrixDisplay.aspx?drRegionalOffice=0&drMonth=1&drYear=2024 (POST form),Reserve Bank of India,2026-09-28
2024,2024-01-15,1,15,15,Winter,Bhubaneswar,Odisha,East,Makar Sankranti,Hindu,Harvest,shared_date,3,0.3333333333333333,Uttarayana Punyakala/Makara Sankranti Festival/Maghe Sankranti/Pongal/Magh Bihu,https://www.rbi.org.in/Scripts/HolidayMatrixDisplay.aspx?drRegionalOffice=0&drMonth=1&drYear=2024 (POST form),Reserve Bank of India,2026-09-28
2024,2024-01-15,1,15,15,Winter,Bhubaneswar,Odisha,East,Pongal,Hindu,Harvest,shared_date,3,0.3333333333333333,Uttarayana Punyakala/Makara Sankranti Festival/Maghe Sankranti/Pongal/Magh Bihu,https://www.rbi.org.in/Scripts/HolidayMatrixDisplay.aspx?drRegionalOffice=0&drMonth=1&drYear=2024 (POST form),Reserve Bank of India,2026-09-28
2024,2024-01-15,1,15,15,Winter,Chennai,Tamil Nadu,South,Magh Bihu,Cultural (multi-faith),Harvest,shared_date,3,0.3333333333333333,Uttarayana Punyakala/Makara Sankranti Festival/Maghe Sankranti/Pongal/Magh Bihu,https://www.rbi.org.in/Scripts/HolidayMatrixDisplay.aspx?drRegionalOffice=0&drMonth=1&drYear=2024 (POST form),Reserve Bank of India,2026-09-28
2024,2024-01-15,1,15,15,Winter,Chennai,Tamil Nadu,South,Makar Sankranti,Hindu,Harvest,shared_date,3,0.3333333333333333,Uttarayana Punyakala/Makara Sankranti Festival/Maghe Sankranti/Pongal/Magh Bihu,https://www.rbi.org.in/Scripts/HolidayMatrixDisplay.aspx?drRegionalOffice=0&drMonth=1&drYear=2024 (POST form),Reserve Bank of India,2026-09-28
2024,2024-01-15,1,15,15,Winter,Chennai,Tamil Nadu,South,Pongal,Hindu,Harvest,shared_date,3,0.3333333333333333,Uttarayana Punyakala/Makara Sankranti Festival/Maghe Sankranti/Pongal/Magh Bihu,https://www.rbi.org.in/Scripts/HolidayMatrixDisplay.aspx?drRegionalOffice=0&drMonth=1&drYear=2024 (POST form),Reserve Bank of India,2026-09-28
2024,2024-01-15,1,15,15,Winter,Gangtok,Sikkim,North-East,Magh Bihu,Cultural (multi-faith),Harvest,shared_date,3,0.3333333333333333,Uttarayana Punyakala/Makara Sankranti Festival/Maghe Sankranti/Pongal/Magh Bihu,https://www.rbi.org.in/Scripts/HolidayMatrixDisplay.aspx?drRegionalOffice=0&drMonth=1&drYear=2024 (POST form),Reserve Bank of India,2026-09-28
2024,2024-01-15,1,15,15,Winter,Gangtok,Sikkim,North-East,Makar Sankranti,Hindu,Harvest,shared_date,3,0.3333333333333333,Uttarayana Punyakala/Makara Sankranti Festival/Maghe Sankranti/Pongal/Magh Bihu,https://www.rbi.org.in/Scripts/HolidayMatrixDisplay.aspx?drRegionalOffice=0&drMonth=1&drYear=2024 (POST form),Reserve Bank of India,2026-09-28
2024,2024-01-15,1,15,15,Winter,Gangtok,Sikkim,North-East,Pongal,Hindu,Harvest,shared_date,3,0.3333333333333333,Uttarayana Punyakala/Makara Sankranti Festival/Maghe Sankranti/Pongal/Magh Bihu,https://www.rbi.org.in/Scripts/HolidayMatrixDisplay.aspx?drRegionalOffice=0&drMonth=1&drYear=2024 (POST form),Reserve Bank of India,2026-09-28
2024,2024-01-15,1,15,15,Winter,Guwahati,Assam,North-East,Magh Bihu,Cultural (multi-faith),Harvest,shared_date,3,0.3333333333333333,Uttarayana Punyakala/Makara Sankranti Festival/Maghe Sankranti/Pongal/Magh Bihu,https://www.rbi.org.in/Scripts/HolidayMatrixDisplay.aspx?drRegionalOffice=0&drMonth=1&drYear=2024 (POST form),Reserve Bank of India,2026-09-28
2024,2024-01-15,1,15,15,Winter,Guwahati,Assam,North-East,Makar Sankranti,Hindu,Harvest,shared_date,3,0.3333333333333333,Uttarayana Punyakala/Makara Sankranti Festival/Maghe Sankranti/Pongal/Magh Bihu,https://www.rbi.org.in/Scripts/HolidayMatrixDisplay.aspx?drRegionalOffice=0&drMonth=1&drYear=2024 (POST form),Reserve Bank of India,2026-09-28
2024,2024-01-15,1,15,15,Winter,Guwahati,Assam,North-East,Pongal,Hindu,Harvest,shared_date,3,0.3333333333333333,Uttarayana Punyakala/Makara Sankranti Festival/Maghe Sankranti/Pongal/Magh Bihu,https://www.rbi.org.in/Scripts/HolidayMatrixDisplay.aspx?drRegionalOffice=0&drMonth=1&drYear=2024 (POST form),Reserve Bank of India,2026-09-28
2024,2024-01-15,1,15,15,Winter,Hyderabad,Telangana,South,Magh Bihu,Cultural (multi-faith),Harvest,shared_date,3,0.3333333333333333,Uttarayana Punyakala/Makara Sankranti Festival/Maghe Sankranti/Pongal/Magh Bihu,https://www.rbi.org.in/Scripts/HolidayMatrixDisplay.aspx?drRegionalOffice=0&drMonth=1&drYear=2024 (POST form),Reserve Bank of India,2026-09-28
2024,2024-01-15,1,15,15,Winter,Hyderabad,Telangana,South,Makar Sankranti,Hindu,Harvest,shared_date,3,0.3333333333333333,Uttarayana Punyakala/Makara Sankranti Festival/Maghe Sankranti/Pongal/Magh Bihu,https://www.rbi.org.in/Scripts/HolidayMatrixDisplay.aspx?drRegionalOffice=0&drMonth=1&drYear=2024 (POST form),Reserve Bank of India,2026-09-28
2024,2024-01-15,1,15,15,Winter,Hyderabad,Telangana,South,Pongal,Hindu,Harvest,shared_date,3,0.3333333333333333,Uttarayana Punyakala/Makara Sankranti Festival/Maghe Sankranti/Pongal/Magh Bihu,https://www.rbi.org.in/Scripts/HolidayMatrixDisplay.aspx?drRegionalOffice=0&drMonth=1&drYear=2024 (POST form),Reserve Bank of India,2026-09-28
2024,2024-01-15,1,15,15,Winter,Vijayawada,Andhra Pradesh,South,Magh Bihu,Cultural (multi-faith),Harvest,shared_date,3,0.3333333333333333,Uttarayana Punyakala/Makara Sankranti Festival/Maghe Sankranti/Pongal/Magh Bihu,https://www.rbi.org.in/Scripts/HolidayMatrixDisplay.aspx?drRegionalOffice=0&drMonth=1&drYear=2024 (POST form),Reserve Bank of India,2026-09-28
2024,2024-01-15,1,15,15,Winter,Vijayawada,Andhra Pradesh,South,Makar Sankranti,Hindu,Harvest,shared_date,3,0.3333333333333333,Uttarayana Punyakala/Makara Sankranti Festival/Maghe Sankranti/Pongal/Magh Bihu,https://www.rbi.org.in/Scripts/HolidayMatrixDisplay.aspx?drRegionalOffice=0&drMonth=1&drYear=2024 (POST form),Reserve Bank of India,2026-09-28
2024,2024-01-15,1,15,15,Winter,Vijayawada,Andhra Pradesh,South,Pongal,Hindu,Harvest,shared_date,3,0.3333333333333333,Uttarayana Punyakala/Makara Sankranti Festival/Maghe Sankranti/Pongal/Magh Bihu,https://www.rbi.org.in/Scripts/HolidayMatrixDisplay.aspx?drRegionalOffice=0&drMonth=1&drYear=2024 (POST form),Reserve Bank of India,2026-09-28
2024,2024-01-16,1,16,16,Winter,Chennai,Tamil Nadu,South,Pongal,Hindu,Harvest,unique,1,1.0,Thiruvalluvar Day,https://www.rbi.org.in/Scripts/HolidayMatrixDisplay.aspx?drRegionalOffice=0&drMonth=1&drYear=2024 (POST form),Reserve Bank of India,2026-09-28
2024,2024-01-17,1,17,17,Winter,Chandigarh,Punjab-Haryana-Chandigarh,North,Guru Gobind Singh Jayanti,Sikh,Religious,shared_date,2,0.5,Uzhavar Thirunal/Sri Guru Gobind Singh Ji Birthday,https://www.rbi.org.in/Scripts/HolidayMatrixDisplay.aspx?drRegionalOffice=0&drMonth=1&drYear=2024 (POST form),Reserve Bank of India,2026-09-28
2024,2024-01-17,1,17,17,Winter,Chandigarh,Punjab-Haryana-Chandigarh,North,Pongal,Hindu,Harvest,shared_date,2,0.5,Uzhavar Thirunal/Sri Guru Gobind Singh Ji Birthday,https://www.rbi.org.in/Scripts/HolidayMatrixDisplay.aspx?drRegionalOffice=0&drMonth=1&drYear=2024 (POST form),Reserve Bank of India,2026-09-28
2024,2024-01-17,1,17,17,Winter,Chennai,Tamil Nadu,South,Guru Gobind Singh Jayanti,Sikh,Religious,shared_date,2,0.5,Uzhavar Thirunal/Sri Guru Gobind Singh Ji Birthday,https://www.rbi.org.in/Scripts/HolidayMatrixDisplay.aspx?drRegionalOffice=0&drMonth=1&drYear=2024 (POST form),Reserve Bank of India,2026-09-28
2024,2024-01-17,1,17,17,Winter,Chennai,Tamil Nadu,South,Pongal,Hindu,Harvest,shared_date,2,0.5,Uzhavar Thirunal/Sri Guru Gobind Singh Ji Birthday,https://www.rbi.org.in/Scripts/HolidayMatrixDisplay.aspx?drRegionalOffice=0&drMonth=1&drYear=2024 (POST form),Reserve Bank of India,2026-09-28
2024,2024-01-22,1,22,22,Winter,Imphal,Manipur,North-East,Imoinu Iratpa,Tribal/Indigenous,Religious,shared_date,2,0.5,Consecration ceremony of Lord Shri Ram in the temple built in Shri Ram Janmabhoomi complex/Imoinu Iratpa,https://www.rbi.org.in/Scripts/HolidayMatrixDisplay.aspx?drRegionalOffice=0&drMonth=1&drYear=2024 (POST form),Reserve Bank of India,2026-09-28
2024,2024-01-22,1,22,22,Winter,Kanpur,Uttar Pradesh,North,Imoinu Iratpa,Tribal/Indigenous,Religious,shared_date,2,0.5,Consecration ceremony of Lord Shri Ram in the temple built in Shri Ram Janmabhoomi complex/Imoinu Iratpa,https://www.rbi.org.in/Scripts/HolidayMatrixDisplay.aspx?drRegionalOffice=0&drMonth=1&drYear=2024 (POST form),Reserve Bank of India,2026-09-28
2024,2024-01-22,1,22,22,Winter,Lucknow,Uttar Pradesh,North,Imoinu Iratpa,Tribal/Indigenous,Religious,shared_date,2,0.5,Consecration ceremony of Lord Shri Ram in the temple built in Shri Ram Janmabhoomi complex/Imoinu Iratpa,https://www.rbi.org.in/Scripts/HolidayMatrixDisplay.aspx?drRegionalOffice=0&drMonth=1&drYear=2024 (POST form),Reserve Bank of India,2026-09-28
2024,2024-01-22,1,22,22,Winter,Panaji,Goa,West,Imoinu Iratpa,Tribal/Indigenous,Religious,shared_date,2,0.5,Consecration ceremony of Lord Shri Ram in the temple built in Shri Ram Janmabhoomi complex/Imoinu Iratpa,https://www.rbi.org.in/Scripts/HolidayMatrixDisplay.aspx?drRegionalOffice=0&drMonth=1&drYear=2024 (POST form),Reserve Bank of India,2026-09-28
2024,2024-01-22,1,22,22,Winter,Shimla,Himachal Pradesh,North,Imoinu Iratpa,Tribal/Indigenous,Religious,shared_date,2,0.5,Consecration ceremony of Lord Shri Ram in the temple built in Shri Ram Janmabhoomi complex/Imoinu Iratpa,https://www.rbi.org.in/Scripts/HolidayMatrixDisplay.aspx?drRegionalOffice=0&drMonth=1&drYear=2024 (POST form),Reserve Bank of India,2026-09-28
2024,2024-01-23,1,23,23,Winter,Agartala,Tripura,North-East,Gaan-Ngai,Tribal/Indigenous,Religious,shared_date,2,0.5,Gaan-Ngai/Birthday of Netaji Subhas Chandra Bose,https://www.rbi.org.in/Scripts/HolidayMatrixDisplay.aspx?drRegionalOffice=0&drMonth=1&drYear=2024 (POST form),Reserve Bank of India,2026-09-28
2024,2024-01-23,1,23,23,Winter,Imphal,Manipur,North-East,Gaan-Ngai,Tribal/Indigenous,Religious,shared_date,2,0.5,Gaan-Ngai/Birthday of Netaji Subhas Chandra Bose,https://www.rbi.org.in/Scripts/HolidayMatrixDisplay.aspx?drRegionalOffice=0&drMonth=1&drYear=2024 (POST form),Reserve Bank of India,2026-09-28
2024,2024-01-23,1,23,23,Winter,Kolkata,West Bengal,East,Gaan-Ngai,Tribal/Indigenous,Religious,shared_date,2,0.5,Gaan-Ngai/Birthday of Netaji Subhas Chandra Bose,https://www.rbi.org.in/Scripts/HolidayMatrixDisplay.aspx?drRegionalOffice=0&drMonth=1&drYear=2024 (POST form),Reserve Bank of India,2026-09-28
2024,2024-01-25,1,25,25,Winter,Chennai,Tamil Nadu,South,Birthday of Hazrat Ali,Muslim,Commemoration,shared_date,2,0.5,Thai Poosam/Birthday of Md. Hazarat Ali,https://www.rbi.org.in/Scripts/HolidayMatrixDisplay.aspx?drRegionalOffice=0&drMonth=1&drYear=2024 (POST form),Reserve Bank of India,2026-09-28
2024,2024-01-25,1,25,25,Winter,Chennai,Tamil Nadu,South,Thaipusam,Hindu,Religious,shared_date,2,0.5,Thai Poosam/Birthday of Md. Hazarat Ali,https://www.rbi.org.in/Scripts/HolidayMatrixDisplay.aspx?drRegionalOffice=0&drMonth=1&drYear=2024 (POST form),Reserve Bank of India,2026-09-28
2024,2024-01-25,1,25,25,Winter,Kanpur,Uttar Pradesh,North,Birthday of Hazrat Ali,Muslim,Commemoration,shared_date,2,0.5,Thai Poosam/Birthday of Md. Hazarat Ali,https://www.rbi.org.in/Scripts/HolidayMatrixDisplay.aspx?drRegionalOffice=0&drMonth=1&drYear=2024 (POST form),Reserve Bank of India,2026-09-28
2024,2024-01-25,1,25,25,Winter,Kanpur,Uttar Pradesh,North,Thaipusam,Hindu,Religious,shared_date,2,0.5,Thai Poosam/Birthday of Md. Hazarat Ali,https://www.rbi.org.in/Scripts/HolidayMatrixDisplay.aspx?drRegionalOffice=0&drMonth=1&drYear=2024 (POST form),Reserve Bank of India,2026-09-28
2024,2024-01-25,1,25,25,Winter,Lucknow,Uttar Pradesh,North,Birthday of Hazrat Ali,Muslim,Commemoration,shared_date,2,0.5,Thai Poosam/Birthday of Md. Hazarat Ali,https://www.rbi.org.in/Scripts/HolidayMatrixDisplay.aspx?drRegionalOffice=0&drMonth=1&drYear=2024 (POST form),Reserve Bank of India,2026-09-28
2024,2024-01-25,1,25,25,Winter,Lucknow,Uttar Pradesh,North,Thaipusam,Hindu,Religious,shared_date,2,0.5,Thai Poosam/Birthday of Md. Hazarat Ali,https://www.rbi.org.in/Scripts/HolidayMatrixDisplay.aspx?drRegionalOffice=0&drMonth=1&drYear=2024 (POST form),Reserve Bank of India,2026-09-28
2024,2024-02-10,2,10,41,Winter,Gangtok,Sikkim,North-East,Losar,Buddhist,New Year,unique,1,1.0,Losar,https://www.rbi.org.in/Scripts/HolidayMatrixDisplay.aspx?drRegionalOffice=0&drMonth=2&drYear=2024 (POST form),Reserve Bank of India,2026-09-28
2024,2024-02-14,2,14,45,Winter,Agartala,Tripura,North-East,Saraswati Puja / Vasant Panchami,Hindu,Religious,unique,1,1.0,Basanta Panchami/Saraswati Puja (Shree Panchami),https://www.rbi.org.in/Scripts/HolidayMatrixDisplay.aspx?drRegionalOffice=0&drMonth=2&drYear=2024 (POST form),Reserve Bank of India,2026-09-28
2024,2024-02-14,2,14,45,Winter,Bhubaneswar,Odisha,East,Saraswati Puja / Vasant Panchami,Hindu,Religious,unique,1,1.0,Basanta Panchami/Saraswati Puja (Shree Panchami),https://www.rbi.org.in/Scripts/HolidayMatrixDisplay.aspx?drRegionalOffice=0&drMonth=2&drYear=2024 (POST form),Reserve Bank of India,2026-09-28
2024,2024-02-14,2,14,45,Winter,Kolkata,West Bengal,East,Saraswati Puja / Vasant Panchami,Hindu,Religious,unique,1,1.0,Basanta Panchami/Saraswati Puja (Shree Panchami),https://www.rbi.org.in/Scripts/HolidayMatrixDisplay.aspx?drRegionalOffice=0&drMonth=2&drYear=2024 (POST form),Reserve Bank of India,2026-09-28
2024,2024-02-15,2,15,46,Winter,Imphal,Manipur,North-East,Lui-Ngai-Ni,Tribal/Indigenous,Seasonal,unique,1,1.0,Lui-Ngai-Ni,https://www.rbi.org.in/Scripts/HolidayMatrixDisplay.aspx?drRegionalOffice=0&drMonth=2&drYear=2024 (POST form),Reserve Bank of India,2026-09-28
2024,2024-02-26,2,26,57,Winter,Itanagar,Arunachal Pradesh,North-East,Nyokum,Tribal/Indigenous,Religious,unique,1,1.0,Nyokum,https://www.rbi.org.in/Scripts/HolidayMatrixDisplay.aspx?drRegionalOffice=0&drMonth=2&drYear=2024 (POST form),Reserve Bank of India,2026-09-28
2024,2024-03-01,3,1,61,Pre-monsoon,Aizawl,Mizoram,North-East,Chapchar Kut,Tribal/Indigenous,Seasonal,unique,1,1.0,Chapchar Kut,https://www.rbi.org.in/Scripts/HolidayMatrixDisplay.aspx?drRegionalOffice=0&drMonth=3&drYear=2024 (POST form),Reserve Bank of India,2026-09-28
2024,2024-03-08,3,8,68,Pre-monsoon,Ahmedabad,Gujarat,West,Maha Shivaratri,Hindu,Religious,unique,1,1.0,Mahashivratri (Maha vad-13)/Sivarathri,https://www.rbi.org.in/Scripts/HolidayMatrixDisplay.aspx?drRegionalOffice=0&drMonth=3&drYear=2024 (POST form),Reserve Bank of India,2026-09-28
2024,2024-03-08,3,8,68,Pre-monsoon,Belapur,Maharashtra,West,Maha Shivaratri,Hindu,Religious,unique,1,1.0,Mahashivratri (Maha vad-13)/Sivarathri,https://www.rbi.org.in/Scripts/HolidayMatrixDisplay.aspx?drRegionalOffice=0&drMonth=3&drYear=2024 (POST form),Reserve Bank of India,2026-09-28
2024,2024-03-08,3,8,68,Pre-monsoon,Bengaluru,Karnataka,South,Maha Shivaratri,Hindu,Religious,unique,1,1.0,Mahashivratri (Maha vad-13)/Sivarathri,https://www.rbi.org.in/Scripts/HolidayMatrixDisplay.aspx?drRegionalOffice=0&drMonth=3&drYear=2024 (POST form),Reserve Bank of India,2026-09-28
2024,2024-03-08,3,8,68,Pre-monsoon,Bhopal,Madhya Pradesh,Central,Maha Shivaratri,Hindu,Religious,unique,1,1.0,Mahashivratri (Maha vad-13)/Sivarathri,https://www.rbi.org.in/Scripts/HolidayMatrixDisplay.aspx?drRegionalOffice=0&drMonth=3&drYear=2024 (POST form),Reserve Bank of India,2026-09-28
2024,2024-03-08,3,8,68,Pre-monsoon,Bhubaneswar,Odisha,East,Maha Shivaratri,Hindu,Religious,unique,1,1.0,Mahashivratri (Maha vad-13)/Sivarathri,https://www.rbi.org.in/Scripts/HolidayMatrixDisplay.aspx?drRegionalOffice=0&drMonth=3&drYear=2024 (POST form),Reserve Bank of India,2026-09-28
2024,2024-03-08,3,8,68,Pre-monsoon,Chandigarh,Punjab-Haryana-Chandigarh,North,Maha Shivaratri,Hindu,Religious,unique,1,1.0,Mahashivratri (Maha vad-13)/Sivarathri,https://www.rbi.org.in/Scripts/HolidayMatrixDisplay.aspx?drRegionalOffice=0&drMonth=3&drYear=2024 (POST form),Reserve Bank of India,2026-09-28
2024,2024-03-08,3,8,68,Pre-monsoon,Dehradun,Uttarakhand,North,Maha Shivaratri,Hindu,Religious,unique,1,1.0,Mahashivratri (Maha vad-13)/Sivarathri,https://www.rbi.org.in/Scripts/HolidayMatrixDisplay.aspx?drRegionalOffice=0&drMonth=3&drYear=2024 (POST form),Reserve Bank of India,2026-09-28
2024,2024-03-08,3,8,68,Pre-monsoon,Hyderabad,Telangana,South,Maha Shivaratri,Hindu,Religious,unique,1,1.0,Mahashivratri (Maha vad-13)/Sivarathri,https://www.rbi.org.in/Scripts/HolidayMatrixDisplay.aspx?drRegionalOffice=0&drMonth=3&drYear=2024 (POST form),Reserve Bank of India,2026-09-28
2024,2024-03-08,3,8,68,Pre-monsoon,Jammu,Jammu & Kashmir,North,Maha Shivaratri,Hindu,Religious,unique,1,1.0,Mahashivratri (Maha vad-13)/Sivarathri,https://www.rbi.org.in/Scripts/HolidayMatrixDisplay.aspx?drRegionalOffice=0&drMonth=3&drYear=2024 (POST form),Reserve Bank of India,2026-09-28
2024,2024-03-08,3,8,68,Pre-monsoon,Kanpur,Uttar Pradesh,North,Maha Shivaratri,Hindu,Religious,unique,1,1.0,Mahashivratri (Maha vad-13)/Sivarathri,https://www.rbi.org.in/Scripts/HolidayMatrixDisplay.aspx?drRegionalOffice=0&drMonth=3&drYear=2024 (POST form),Reserve Bank of India,2026-09-28
2024,2024-03-08,3,8,68,Pre-monsoon,Kochi,Kerala,South,Maha Shivaratri,Hindu,Religious,unique,1,1.0,Mahashivratri (Maha vad-13)/Sivarathri,https://www.rbi.org.in/Scripts/HolidayMatrixDisplay.aspx?drRegionalOffice=0&drMonth=3&drYear=2024 (POST form),Reserve Bank of India,2026-09-28
2024,2024-03-08,3,8,68,Pre-monsoon,Lucknow,Uttar Pradesh,North,Maha Shivaratri,Hindu,Religious,unique,1,1.0,Mahashivratri (Maha vad-13)/Sivarathri,https://www.rbi.org.in/Scripts/HolidayMatrixDisplay.aspx?drRegionalOffice=0&drMonth=3&drYear=2024 (POST form),Reserve Bank of India,2026-09-28
2024,2024-03-08,3,8,68,Pre-monsoon,Mumbai,Maharashtra,West,Maha Shivaratri,Hindu,Religious,unique,1,1.0,Mahashivratri (Maha vad-13)/Sivarathri,https://www.rbi.org.in/Scripts/HolidayMatrixDisplay.aspx?drRegionalOffice=0&drMonth=3&drYear=2024 (POST form),Reserve Bank of India,2026-09-28
2024,2024-03-08,3,8,68,Pre-monsoon,Nagpur,Maharashtra,West,Maha Shivaratri,Hindu,Religious,unique,1,1.0,Mahashivratri (Maha vad-13)/Sivarathri,https://www.rbi.org.in/Scripts/HolidayMatrixDisplay.aspx?drRegionalOffice=0&drMonth=3&drYear=2024 (POST form),Reserve Bank of India,2026-09-28
2024,2024-03-08,3,8,68,Pre-monsoon,Raipur,Chhattisgarh,Central,Maha Shivaratri,Hindu,Religious,unique,1,1.0,Mahashivratri (Maha vad-13)/Sivarathri,https://www.rbi.org.in/Scripts/HolidayMatrixDisplay.aspx?drRegionalOffice=0&drMonth=3&drYear=2024 (POST form),Reserve Bank of India,2026-09-28
2024,2024-03-08,3,8,68,Pre-monsoon,Ranchi,Jharkhand,East,Maha Shivaratri,Hindu,Religious,unique,1,1.0,Mahashivratri (Maha vad-13)/Sivarathri,https://www.rbi.org.in/Scripts/HolidayMatrixDisplay.aspx?drRegionalOffice=0&drMonth=3&drYear=2024 (POST form),Reserve Bank of India,2026-09-28
2024,2024-03-08,3,8,68,Pre-monsoon,Shimla,Himachal Pradesh,North,Maha Shivaratri,Hindu,Religious,unique,1,1.0,Mahashivratri (Maha vad-13)/Sivarathri,https://www.rbi.org.in/Scripts/HolidayMatrixDisplay.aspx?drRegionalOffice=0&drMonth=3&drYear=2024 (POST form),Reserve Bank of India,2026-09-28
2024,2024-03-08,3,8,68,Pre-monsoon,Srinagar,Jammu & Kashmir,North,Maha Shivaratri,Hindu,Religious,unique,1,1.0,Mahashivratri (Maha vad-13)/Sivarathri,https://www.rbi.org.in/Scripts/HolidayMatrixDisplay.aspx?drRegionalOffice=0&drMonth=3&drYear=2024 (POST form),Reserve Bank of India,2026-09-28
2024,2024-03-08,3,8,68,Pre-monsoon,Thiruvananthapuram,Kerala,South,Maha Shivaratri,Hindu,Religious,unique,1,1.0,Mahashivratri (Maha vad-13)/Sivarathri,https://www.rbi.org.in/Scripts/HolidayMatrixDisplay.aspx?drRegionalOffice=0&drMonth=3&drYear=2024 (POST form),Reserve Bank of India,2026-09-28
2024,2024-03-08,3,8,68,Pre-monsoon,Vijayawada,Andhra Pradesh,South,Maha Shivaratri,Hindu,Religious,unique,1,1.0,Mahashivratri (Maha vad-13)/Sivarathri,https://www.rbi.org.in/Scripts/HolidayMatrixDisplay.aspx?drRegionalOffice=0&drMonth=3&drYear=2024 (POST form),Reserve Bank of India,2026-09-28
2024,2024-03-25,3,25,85,Pre-monsoon,Agartala,Tripura,North-East,Holi,Hindu,Religious/Seasonal,unique,1,1.0,Holi (Second Day) - Dhuleti/Dol Jatra/Dhulandi,https://www.rbi.org.in/Scripts/HolidayMatrixDisplay.aspx?drRegionalOffice=0&drMonth=3&drYear=2024 (POST form),Reserve Bank of India,2026-09-28
2024,2024-03-25,3,25,85,Pre-monsoon,Ahmedabad,Gujarat,West,Holi,Hindu,Religious/Seasonal,unique,1,1.0,Holi (Second Day) - Dhuleti/Dol Jatra/Dhulandi,https://www.rbi.org.in/Scripts/HolidayMatrixDisplay.aspx?drRegionalOffice=0&drMonth=3&drYear=2024 (POST form),Reserve Bank of India,2026-09-28
2024,2024-03-25,3,25,85,Pre-monsoon,Aizawl,Mizoram,North-East,Holi,Hindu,Religious/Seasonal,unique,1,1.0,Holi (Second Day) - Dhuleti/Dol Jatra/Dhulandi,https://www.rbi.org.in/Scripts/HolidayMatrixDisplay.aspx?drRegionalOffice=0&drMonth=3&drYear=2024 (POST form),Reserve Bank of India,2026-09-28
2024,2024-03-25,3,25,85,Pre-monsoon,Belapur,Maharashtra,West,Holi,Hindu,Religious/Seasonal,unique,1,1.0,Holi (Second Day) - Dhuleti/Dol Jatra/Dhulandi,https://www.rbi.org.in/Scripts/HolidayMatrixDisplay.aspx?drRegionalOffice=0&drMonth=3&drYear=2024 (POST form),Reserve Bank of India,2026-09-28
2024,2024-03-25,3,25,85,Pre-monsoon,Bhopal,Madhya Pradesh,Central,Holi,Hindu,Religious/Seasonal,unique,1,1.0,Holi (Second Day) - Dhuleti/Dol Jatra/Dhulandi,https://www.rbi.org.in/Scripts/HolidayMatrixDisplay.aspx?drRegionalOffice=0&drMonth=3&drYear=2024 (POST form),Reserve Bank of India,2026-09-28
2024,2024-03-25,3,25,85,Pre-monsoon,Chandigarh,Punjab-Haryana-Chandigarh,North,Holi,Hindu,Religious/Seasonal,unique,1,1.0,Holi (Second Day) - Dhuleti/Dol Jatra/Dhulandi,https://www.rbi.org.in/Scripts/HolidayMatrixDisplay.aspx?drRegionalOffice=0&drMonth=3&drYear=2024 (POST form),Reserve Bank of India,2026-09-28
2024,2024-03-25,3,25,85,Pre-monsoon,Dehradun,Uttarakhand,North,Holi,Hindu,Religious/Seasonal,unique,1,1.0,Holi (Second Day) - Dhuleti/Dol Jatra/Dhulandi,https://www.rbi.org.in/Scripts/HolidayMatrixDisplay.aspx?drRegionalOffice=0&drMonth=3&drYear=2024 (POST form),Reserve Bank of India,2026-09-28
2024,2024-03-25,3,25,85,Pre-monsoon,Gangtok,Sikkim,North-East,Holi,Hindu,Religious/Seasonal,unique,1,1.0,Holi (Second Day) - Dhuleti/Dol Jatra/Dhulandi,https://www.rbi.org.in/Scripts/HolidayMatrixDisplay.aspx?drRegionalOffice=0&drMonth=3&drYear=2024 (POST form),Reserve Bank of India,2026-09-28
2024,2024-03-25,3,25,85,Pre-monsoon,Guwahati,Assam,North-East,Holi,Hindu,Religious/Seasonal,unique,1,1.0,Holi (Second Day) - Dhuleti/Dol Jatra/Dhulandi,https://www.rbi.org.in/Scripts/HolidayMatrixDisplay.aspx?drRegionalOffice=0&drMonth=3&drYear=2024 (POST form),Reserve Bank of India,2026-09-28
2024,2024-03-25,3,25,85,Pre-monsoon,Hyderabad,Telangana,South,Holi,Hindu,Religious/Seasonal,unique,1,1.0,Holi (Second Day) - Dhuleti/Dol Jatra/Dhulandi,https://www.rbi.org.in/Scripts/HolidayMatrixDisplay.aspx?drRegionalOffice=0&drMonth=3&drYear=2024 (POST form),Reserve Bank of India,2026-09-28
2024,2024-03-25,3,25,85,Pre-monsoon,Itanagar,Arunachal Pradesh,North-East,Holi,Hindu,Religious/Seasonal,unique,1,1.0,Holi (Second Day) - Dhuleti/Dol Jatra/Dhulandi,https://www.rbi.org.in/Scripts/HolidayMatrixDisplay.aspx?drRegionalOffice=0&drMonth=3&drYear=2024 (POST form),Reserve Bank of India,2026-09-28
2024,2024-03-25,3,25,85,Pre-monsoon,Jaipur,Rajasthan,North,Holi,Hindu,Religious/Seasonal,unique,1,1.0,Holi (Second Day) - Dhuleti/Dol Jatra/Dhulandi,https://www.rbi.org.in/Scripts/HolidayMatrixDisplay.aspx?drRegionalOffice=0&drMonth=3&drYear=2024 (POST form),Reserve Bank of India,2026-09-28
2024,2024-03-25,3,25,85,Pre-monsoon,Jammu,Jammu & Kashmir,North,Holi,Hindu,Religious/Seasonal,unique,1,1.0,Holi (Second Day) - Dhuleti/Dol Jatra/Dhulandi,https://www.rbi.org.in/Scripts/HolidayMatrixDisplay.aspx?drRegionalOffice=0&drMonth=3&drYear=2024 (POST form),Reserve Bank of India,2026-09-28
2024,2024-03-25,3,25,85,Pre-monsoon,Kanpur,Uttar Pradesh,North,Holi,Hindu,Religious/Seasonal,unique,1,1.0,Holi (Second Day) - Dhuleti/Dol Jatra/Dhulandi,https://www.rbi.org.in/Scripts/HolidayMatrixDisplay.aspx?drRegionalOffice=0&drMonth=3&drYear=2024 (POST form),Reserve Bank of India,2026-09-28
2024,2024-03-25,3,25,85,Pre-monsoon,Kolkata,West Bengal,East,Holi,Hindu,Religious/Seasonal,unique,1,1.0,Holi (Second Day) - Dhuleti/Dol Jatra/Dhulandi,https://www.rbi.org.in/Scripts/HolidayMatrixDisplay.aspx?drRegionalOffice=0&drMonth=3&drYear=2024 (POST form),Reserve Bank of India,2026-09-28
2024,2024-03-25,3,25,85,Pre-monsoon,Lucknow,Uttar Pradesh,North,Holi,Hindu,Religious/Seasonal,unique,1,1.0,Holi (Second Day) - Dhuleti/Dol Jatra/Dhulandi,https://www.rbi.org.in/Scripts/HolidayMatrixDisplay.aspx?drRegionalOffice=0&drMonth=3&drYear=2024 (POST form),Reserve Bank of India,2026-09-28
2024,2024-03-25,3,25,85,Pre-monsoon,Mumbai,Maharashtra,West,Holi,Hindu,Religious/Seasonal,unique,1,1.0,Holi (Second Day) - Dhuleti/Dol Jatra/Dhulandi,https://www.rbi.org.in/Scripts/HolidayMatrixDisplay.aspx?drRegionalOffice=0&drMonth=3&drYear=2024 (POST form),Reserve Bank of India,2026-09-28
2024,2024-03-25,3,25,85,Pre-monsoon,Nagpur,Maharashtra,West,Holi,Hindu,Religious/Seasonal,unique,1,1.0,Holi (Second Day) - Dhuleti/Dol Jatra/Dhulandi,https://www.rbi.org.in/Scripts/HolidayMatrixDisplay.aspx?drRegionalOffice=0&drMonth=3&drYear=2024 (POST form),Reserve Bank of India,2026-09-28
2024,2024-03-25,3,25,85,Pre-monsoon,New Delhi,Delhi,North,Holi,Hindu,Religious/Seasonal,unique,1,1.0,Holi (Second Day) - Dhuleti/Dol Jatra/Dhulandi,https://www.rbi.org.in/Scripts/HolidayMatrixDisplay.aspx?drRegionalOffice=0&drMonth=3&drYear=2024 (POST form),Reserve Bank of India,2026-09-28
2024,2024-03-25,3,25,85,Pre-monsoon,Panaji,Goa,West,Holi,Hindu,Religious/Seasonal,unique,1,1.0,Holi (Second Day) - Dhuleti/Dol Jatra/Dhulandi,https://www.rbi.org.in/Scripts/HolidayMatrixDisplay.aspx?drRegionalOffice=0&drMonth=3&drYear=2024 (POST form),Reserve Bank of India,2026-09-28
2024,2024-03-25,3,25,85,Pre-monsoon,Raipur,Chhattisgarh,Central,Holi,Hindu,Religious/Seasonal,unique,1,1.0,Holi (Second Day) - Dhuleti/Dol Jatra/Dhulandi,https://www.rbi.org.in/Scripts/HolidayMatrixDisplay.aspx?drRegionalOffice=0&drMonth=3&drYear=2024 (POST form),Reserve Bank of India,2026-09-28
2024,2024-03-25,3,25,85,Pre-monsoon,Ranchi,Jharkhand,East,Holi,Hindu,Religious/Seasonal,unique,1,1.0,Holi (Second Day) - Dhuleti/Dol Jatra/Dhulandi,https://www.rbi.org.in/Scripts/HolidayMatrixDisplay.aspx?drRegionalOffice=0&drMonth=3&drYear=2024 (POST form),Reserve Bank of India,2026-09-28
2024,2024-03-25,3,25,85,Pre-monsoon,Shillong,Meghalaya,North-East,Holi,Hindu,Religious/Seasonal,unique,1,1.0,Holi (Second Day) - Dhuleti/Dol Jatra/Dhulandi,https://www.rbi.org.in/Scripts/HolidayMatrixDisplay.aspx?drRegionalOffice=0&drMonth=3&drYear=2024 (POST form),Reserve Bank of India,2026-09-28
2024,2024-03-25,3,25,85,Pre-monsoon,Shimla,Himachal Pradesh,North,Holi,Hindu,Religious/Seasonal,unique,1,1.0,Holi (Second Day) - Dhuleti/Dol Jatra/Dhulandi,https://www.rbi.org.in/Scripts/HolidayMatrixDisplay.aspx?drRegionalOffice=0&drMonth=3&drYear=2024 (POST form),Reserve Bank of India,2026-09-28
2024,2024-03-25,3,25,85,Pre-monsoon,Vijayawada,Andhra Pradesh,South,Holi,Hindu,Religious/Seasonal,unique,1,1.0,Holi (Second Day) - Dhuleti/Dol Jatra/Dhulandi,https://www.rbi.org.in/Scripts/HolidayMatrixDisplay.aspx?drRegionalOffice=0&drMonth=3&drYear=2024 (POST form),Reserve Bank of India,2026-09-28
2024,2024-03-26,3,26,86,Pre-monsoon,Bhubaneswar,Odisha,East,Holi,Hindu,Religious/Seasonal,shared_date,2,0.5,Yaosang 2nd Day/Holi,https://www.rbi.org.in/Scripts/HolidayMatrixDisplay.aspx?drRegionalOffice=0&drMonth=3&drYear=2024 (POST form),Reserve Bank of India,2026-09-28
2024,2024-03-26,3,26,86,Pre-monsoon,Bhubaneswar,Odisha,East,Yaosang,Tribal/Indigenous,Religious/Seasonal,shared_date,2,0.5,Yaosang 2nd Day/Holi,https://www.rbi.org.in/Scripts/HolidayMatrixDisplay.aspx?drRegionalOffice=0&drMonth=3&drYear=2024 (POST form),Reserve Bank of India,2026-09-28
2024,2024-03-26,3,26,86,Pre-monsoon,Imphal,Manipur,North-East,Holi,Hindu,Religious/Seasonal,shared_date,2,0.5,Yaosang 2nd Day/Holi,https://www.rbi.org.in/Scripts/HolidayMatrixDisplay.aspx?drRegionalOffice=0&drMonth=3&drYear=2024 (POST form),Reserve Bank of India,2026-09-28
2024,2024-03-26,3,26,86,Pre-monsoon,Imphal,Manipur,North-East,Yaosang,Tribal/Indigenous,Religious/Seasonal,shared_date,2,0.5,Yaosang 2nd Day/Holi,https://www.rbi.org.in/Scripts/HolidayMatrixDisplay.aspx?drRegionalOffice=0&drMonth=3&drYear=2024 (POST form),Reserve Bank of India,2026-09-28
2024,2024-03-26,3,26,86,Pre-monsoon,Patna,Bihar,East,Holi,Hindu,Religious/Seasonal,shared_date,2,0.5,Yaosang 2nd Day/Holi,https://www.rbi.org.in/Scripts/HolidayMatrixDisplay.aspx?drRegionalOffice=0&drMonth=3&drYear=2024 (POST form),Reserve Bank of India,2026-09-28
2024,2024-03-26,3,26,86,Pre-monsoon,Patna,Bihar,East,Yaosang,Tribal/Indigenous,Religious/Seasonal,shared_date,2,0.5,Yaosang 2nd Day/Holi,https://www.rbi.org.in/Scripts/HolidayMatrixDisplay.aspx?drRegionalOffice=0&drMonth=3&drYear=2024 (POST form),Reserve Bank of India,2026-09-28
2024,2024-03-27,3,27,87,Pre-monsoon,Patna,Bihar,East,Holi,Hindu,Religious/Seasonal,unique,1,1.0,Holi,https://www.rbi.org.in/Scripts/HolidayMatrixDisplay.aspx?drRegionalOffice=0&drMonth=3&drYear=2024 (POST form),Reserve Bank of India,2026-09-28
2024,2024-03-29,3,29,89,Pre-monsoon,Ahmedabad,Gujarat,West,Good Friday,Christian,Religious,unique,1,1.0,Good Friday,https://www.rbi.org.in/Scripts/HolidayMatrixDisplay.aspx?drRegionalOffice=0&drMonth=3&drYear=2024 (POST form),Reserve Bank of India,2026-09-28
2024,2024-03-29,3,29,89,Pre-monsoon,Aizawl,Mizoram,North-East,Good Friday,Christian,Religious,unique,1,1.0,Good Friday,https://www.rbi.org.in/Scripts/HolidayMatrixDisplay.aspx?drRegionalOffice=0&drMonth=3&drYear=2024 (POST form),Reserve Bank of India,2026-09-28
2024,2024-03-29,3,29,89,Pre-monsoon,Belapur,Maharashtra,West,Good Friday,Christian,Religious,unique,1,1.0,Good Friday,https://www.rbi.org.in/Scripts/HolidayMatrixDisplay.aspx?drRegionalOffice=0&drMonth=3&drYear=2024 (POST form),Reserve Bank of India,2026-09-28
2024,2024-03-29,3,29,89,Pre-monsoon,Bengaluru,Karnataka,South,Good Friday,Christian,Religious,unique,1,1.0,Good Friday,https://www.rbi.org.in/Scripts/HolidayMatrixDisplay.aspx?drRegionalOffice=0&drMonth=3&drYear=2024 (POST form),Reserve Bank of India,2026-09-28
2024,2024-03-29,3,29,89,Pre-monsoon,Bhopal,Madhya Pradesh,Central,Good Friday,Christian,Religious,unique,1,1.0,Good Friday,https://www.rbi.org.in/Scripts/HolidayMatrixDisplay.aspx?drRegionalOffice=0&drMonth=3&drYear=2024 (POST form),Reserve Bank of India,2026-09-28
2024,2024-03-29,3,29,89,Pre-monsoon,Bhubaneswar,Odisha,East,Good Friday,Christian,Religious,unique,1,1.0,Good Friday,https://www.rbi.org.in/Scripts/HolidayMatrixDisplay.aspx?drRegionalOffice=0&drMonth=3&drYear=2024 (POST form),Reserve Bank of India,2026-09-28
2024,2024-03-29,3,29,89,Pre-monsoon,Chandigarh,Punjab-Haryana-Chandigarh,North,Good Friday,Christian,Religious,unique,1,1.0,Good Friday,https://www.rbi.org.in/Scripts/HolidayMatrixDisplay.aspx?drRegionalOffice=0&drMonth=3&drYear=2024 (POST form),Reserve Bank of India,2026-09-28
2024,2024-03-29,3,29,89,Pre-monsoon,Chennai,Tamil Nadu,South,Good Friday,Christian,Religious,unique,1,1.0,Good Friday,https://www.rbi.org.in/Scripts/HolidayMatrixDisplay.aspx?drRegionalOffice=0&drMonth=3&drYear=2024 (POST form),Reserve Bank of India,2026-09-28
2024,2024-03-29,3,29,89,Pre-monsoon,Dehradun,Uttarakhand,North,Good Friday,Christian,Religious,unique,1,1.0,Good Friday,https://www.rbi.org.in/Scripts/HolidayMatrixDisplay.aspx?drRegionalOffice=0&drMonth=3&drYear=2024 (POST form),Reserve Bank of India,2026-09-28
2024,2024-03-29,3,29,89,Pre-monsoon,Gangtok,Sikkim,North-East,Good Friday,Christian,Religious,unique,1,1.0,Good Friday,https://www.rbi.org.in/Scripts/HolidayMatrixDisplay.aspx?drRegionalOffice=0&drMonth=3&drYear=2024 (POST form),Reserve Bank of India,2026-09-28
2024,2024-03-29,3,29,89,Pre-monsoon,Hyderabad,Telangana,South,Good Friday,Christian,Religious,unique,1,1.0,Good Friday,https://www.rbi.org.in/Scripts/HolidayMatrixDisplay.aspx?drRegionalOffice=0&drMonth=3&drYear=2024 (POST form),Reserve Bank of India,2026-09-28
2024,2024-03-29,3,29,89,Pre-monsoon,Imphal,Manipur,North-East,Good Friday,Christian,Religious,unique,1,1.0,Good Friday,https://www.rbi.org.in/Scripts/HolidayMatrixDisplay.aspx?drRegionalOffice=0&drMonth=3&drYear=2024 (POST form),Reserve Bank of India,2026-09-28
2024,2024-03-29,3,29,89,Pre-monsoon,Itanagar,Arunachal Pradesh,North-East,Good Friday,Christian,Religious,unique,1,1.0,Good Friday,https://www.rbi.org.in/Scripts/HolidayMatrixDisplay.aspx?drRegionalOffice=0&drMonth=3&drYear=2024 (POST form),Reserve Bank of India,2026-09-28
2024,2024-03-29,3,29,89,Pre-monsoon,Kanpur,Uttar Pradesh,North,Good Friday,Christian,Religious,unique,1,1.0,Good Friday,https://www.rbi.org.in/Scripts/HolidayMatrixDisplay.aspx?drRegionalOffice=0&drMonth=3&drYear=2024 (POST form),Reserve Bank of India,2026-09-28
2024,2024-03-29,3,29,89,Pre-monsoon,Kochi,Kerala,South,Good Friday,Christian,Religious,unique,1,1.0,Good Friday,https://www.rbi.org.in/Scripts/HolidayMatrixDisplay.aspx?drRegionalOffice=0&drMonth=3&drYear=2024 (POST form),Reserve Bank of India,2026-09-28
2024,2024-03-29,3,29,89,Pre-monsoon,Kohima,Nagaland,North-East,Good Friday,Christian,Religious,unique,1,1.0,Good Friday,https://www.rbi.org.in/Scripts/HolidayMatrixDisplay.aspx?drRegionalOffice=0&drMonth=3&drYear=2024 (POST form),Reserve Bank of India,2026-09-28
2024,2024-03-29,3,29,89,Pre-monsoon,Kolkata,West Bengal,East,Good Friday,Christian,Religious,unique,1,1.0,Good Friday,https://www.rbi.org.in/Scripts/HolidayMatrixDisplay.aspx?drRegionalOffice=0&drMonth=3&drYear=2024 (POST form),Reserve Bank of India,2026-09-28
2024,2024-03-29,3,29,89,Pre-monsoon,Lucknow,Uttar Pradesh,North,Good Friday,Christian,Religious,unique,1,1.0,Good Friday,https://www.rbi.org.in/Scripts/HolidayMatrixDisplay.aspx?drRegionalOffice=0&drMonth=3&drYear=2024 (POST form),Reserve Bank of India,2026-09-28
2024,2024-03-29,3,29,89,Pre-monsoon,Mumbai,Maharashtra,West,Good Friday,Christian,Religious,unique,1,1.0,Good Friday,https://www.rbi.org.in/Scripts/HolidayMatrixDisplay.aspx?drRegionalOffice=0&drMonth=3&drYear=2024 (POST form),Reserve Bank of India,2026-09-28
2024,2024-03-29,3,29,89,Pre-monsoon,Nagpur,Maharashtra,West,Good Friday,Christian,Religious,unique,1,1.0,Good Friday,https://www.rbi.org.in/Scripts/HolidayMatrixDisplay.aspx?drRegionalOffice=0&drMonth=3&drYear=2024 (POST form),Reserve Bank of India,2026-09-28
2024,2024-03-29,3,29,89,Pre-monsoon,New Delhi,Delhi,North,Good Friday,Christian,Religious,unique,1,1.0,Good Friday,https://www.rbi.org.in/Scripts/HolidayMatrixDisplay.aspx?drRegionalOffice=0&drMonth=3&drYear=2024 (POST form),Reserve Bank of India,2026-09-28
2024,2024-03-29,3,29,89,Pre-monsoon,Panaji,Goa,West,Good Friday,Christian,Religious,unique,1,1.0,Good Friday,https://www.rbi.org.in/Scripts/HolidayMatrixDisplay.aspx?drRegionalOffice=0&drMonth=3&drYear=2024 (POST form),Reserve Bank of India,2026-09-28
2024,2024-03-29,3,29,89,Pre-monsoon,Patna,Bihar,East,Good Friday,Christian,Religious,unique,1,1.0,Good Friday,https://www.rbi.org.in/Scripts/HolidayMatrixDisplay.aspx?drRegionalOffice=0&drMonth=3&drYear=2024 (POST form),Reserve Bank of India,2026-09-28
2024,2024-03-29,3,29,89,Pre-monsoon,Raipur,Chhattisgarh,Central,Good Friday,Christian,Religious,unique,1,1.0,Good Friday,https://www.rbi.org.in/Scripts/HolidayMatrixDisplay.aspx?drRegionalOffice=0&drMonth=3&drYear=2024 (POST form),Reserve Bank of India,2026-09-28
2024,2024-03-29,3,29,89,Pre-monsoon,Ranchi,Jharkhand,East,Good Friday,Christian,Religious,unique,1,1.0,Good Friday,https://www.rbi.org.in/Scripts/HolidayMatrixDisplay.aspx?drRegionalOffice=0&drMonth=3&drYear=2024 (POST form),Reserve Bank of India,2026-09-28
2024,2024-03-29,3,29,89,Pre-monsoon,Shillong,Meghalaya,North-East,Good Friday,Christian,Religious,unique,1,1.0,Good Friday,https://www.rbi.org.in/Scripts/HolidayMatrixDisplay.aspx?drRegionalOffice=0&drMonth=3&drYear=2024 (POST form),Reserve Bank of India,2026-09-28
2024,2024-03-29,3,29,89,Pre-monsoon,Thiruvananthapuram,Kerala,South,Good Friday,Christian,Religious,unique,1,1.0,Good Friday,https://www.rbi.org.in/Scripts/HolidayMatrixDisplay.aspx?drRegionalOffice=0&drMonth=3&drYear=2024 (POST form),Reserve Bank of India,2026-09-28
2024,2024-03-29,3,29,89,Pre-monsoon,Vijayawada,Andhra Pradesh,South,Good Friday,Christian,Religious,unique,1,1.0,Good Friday,https://www.rbi.org.in/Scripts/HolidayMatrixDisplay.aspx?drRegionalOffice=0&drMonth=3&drYear=2024 (POST form),Reserve Bank of India,2026-09-28
2024,2024-04-05,4,5,96,Pre-monsoon,Hyderabad,Telangana,South,Jumat-ul-Vida,Muslim,Religious,shared_date,2,0.5,Babu Jagjivan Ram’s Birthday/Jumat-ul-Vida,https://www.rbi.org.in/Scripts/HolidayMatrixDisplay.aspx?drRegionalOffice=0&drMonth=4&drYear=2024 (POST form),Reserve Bank of India,2026-09-28
2024,2024-04-05,4,5,96,Pre-monsoon,Jammu,Jammu & Kashmir,North,Jumat-ul-Vida,Muslim,Religious,shared_date,2,0.5,Babu Jagjivan Ram’s Birthday/Jumat-ul-Vida,https://www.rbi.org.in/Scripts/HolidayMatrixDisplay.aspx?drRegionalOffice=0&drMonth=4&drYear=2024 (POST form),Reserve Bank of India,2026-09-28
2024,2024-04-05,4,5,96,Pre-monsoon,Srinagar,Jammu & Kashmir,North,Jumat-ul-Vida,Muslim,Religious,shared_date,2,0.5,Babu Jagjivan Ram’s Birthday/Jumat-ul-Vida,https://www.rbi.org.in/Scripts/HolidayMatrixDisplay.aspx?drRegionalOffice=0&drMonth=4&drYear=2024 (POST form),Reserve Bank of India,2026-09-28
2024,2024-04-09,4,9,100,Pre-monsoon,Belapur,Maharashtra,West,Chaitra Navratri (1st day),Hindu,Religious,shared_date,3,0.3333333333333333,Gudhi Padwa/Ugadi Festival/Telugu New Year's Day/Sajibu Nongmapanba (Cheiraoba)/1st Navratra,https://www.rbi.org.in/Scripts/HolidayMatrixDisplay.aspx?drRegionalOffice=0&drMonth=4&drYear=2024 (POST form),Reserve Bank of India,2026-09-28
2024,2024-04-09,4,9,100,Pre-monsoon,Belapur,Maharashtra,West,Cheiraoba (Meitei New Year),Tribal/Indigenous,New Year,shared_date,3,0.3333333333333333,Gudhi Padwa/Ugadi Festival/Telugu New Year's Day/Sajibu Nongmapanba (Cheiraoba)/1st Navratra,https://www.rbi.org.in/Scripts/HolidayMatrixDisplay.aspx?drRegionalOffice=0&drMonth=4&drYear=2024 (POST form),Reserve Bank of India,2026-09-28
2024,2024-04-09,4,9,100,Pre-monsoon,Belapur,Maharashtra,West,Gudi Padwa / Ugadi,Hindu,New Year,shared_date,3,0.3333333333333333,Gudhi Padwa/Ugadi Festival/Telugu New Year's Day/Sajibu Nongmapanba (Cheiraoba)/1st Navratra,https://www.rbi.org.in/Scripts/HolidayMatrixDisplay.aspx?drRegionalOffice=0&drMonth=4&drYear=2024 (POST form),Reserve Bank of India,2026-09-28
2024,2024-04-09,4,9,100,Pre-monsoon,Bengaluru,Karnataka,South,Chaitra Navratri (1st day),Hindu,Religious,shared_date,3,0.3333333333333333,Gudhi Padwa/Ugadi Festival/Telugu New Year's Day/Sajibu Nongmapanba (Cheiraoba)/1st Navratra,https://www.rbi.org.in/Scripts/HolidayMatrixDisplay.aspx?drRegionalOffice=0&drMonth=4&drYear=2024 (POST form),Reserve Bank of India,2026-09-28
2024,2024-04-09,4,9,100,Pre-monsoon,Bengaluru,Karnataka,South,Cheiraoba (Meitei New Year),Tribal/Indigenous,New Year,shared_date,3,0.3333333333333333,Gudhi Padwa/Ugadi Festival/Telugu New Year's Day/Sajibu Nongmapanba (Cheiraoba)/1st Navratra,https://www.rbi.org.in/Scripts/HolidayMatrixDisplay.aspx?drRegionalOffice=0&drMonth=4&drYear=2024 (POST form),Reserve Bank of India,2026-09-28
2024,2024-04-09,4,9,100,Pre-monsoon,Bengaluru,Karnataka,South,Gudi Padwa / Ugadi,Hindu,New Year,shared_date,3,0.3333333333333333,Gudhi Padwa/Ugadi Festival/Telugu New Year's Day/Sajibu Nongmapanba (Cheiraoba)/1st Navratra,https://www.rbi.org.in/Scripts/HolidayMatrixDisplay.aspx?drRegionalOffice=0&drMonth=4&drYear=2024 (POST form),Reserve Bank of India,2026-09-28
2024,2024-04-09,4,9,100,Pre-monsoon,Chennai,Tamil Nadu,South,Chaitra Navratri (1st day),Hindu,Religious,shared_date,3,0.3333333333333333,Gudhi Padwa/Ugadi Festival/Telugu New Year's Day/Sajibu Nongmapanba (Cheiraoba)/1st Navratra,https://www.rbi.org.in/Scripts/HolidayMatrixDisplay.aspx?drRegionalOffice=0&drMonth=4&drYear=2024 (POST form),Reserve Bank of India,2026-09-28
2024,2024-04-09,4,9,100,Pre-monsoon,Chennai,Tamil Nadu,South,Cheiraoba (Meitei New Year),Tribal/Indigenous,New Year,shared_date,3,0.3333333333333333,Gudhi Padwa/Ugadi Festival/Telugu New Year's Day/Sajibu Nongmapanba (Cheiraoba)/1st Navratra,https://www.rbi.org.in/Scripts/HolidayMatrixDisplay.aspx?drRegionalOffice=0&drMonth=4&drYear=2024 (POST form),Reserve Bank of India,2026-09-28
2024,2024-04-09,4,9,100,Pre-monsoon,Chennai,Tamil Nadu,South,Gudi Padwa / Ugadi,Hindu,New Year,shared_date,3,0.3333333333333333,Gudhi Padwa/Ugadi Festival/Telugu New Year's Day/Sajibu Nongmapanba (Cheiraoba)/1st Navratra,https://www.rbi.org.in/Scripts/HolidayMatrixDisplay.aspx?drRegionalOffice=0&drMonth=4&drYear=2024 (POST form),Reserve Bank of India,2026-09-28
2024,2024-04-09,4,9,100,Pre-monsoon,Hyderabad,Telangana,South,Chaitra Navratri (1st day),Hindu,Religious,shared_date,3,0.3333333333333333,Gudhi Padwa/Ugadi Festival/Telugu New Year's Day/Sajibu Nongmapanba (Cheiraoba)/1st Navratra,https://www.rbi.org.in/Scripts/HolidayMatrixDisplay.aspx?drRegionalOffice=0&drMonth=4&drYear=2024 (POST form),Reserve Bank of India,2026-09-28
2024,2024-04-09,4,9,100,Pre-monsoon,Hyderabad,Telangana,South,Cheiraoba (Meitei New Year),Tribal/Indigenous,New Year,shared_date,3,0.3333333333333333,Gudhi Padwa/Ugadi Festival/Telugu New Year's Day/Sajibu Nongmapanba (Cheiraoba)/1st Navratra,https://www.rbi.org.in/Scripts/HolidayMatrixDisplay.aspx?drRegionalOffice=0&drMonth=4&drYear=2024 (POST form),Reserve Bank of India,2026-09-28
2024,2024-04-09,4,9,100,Pre-monsoon,Hyderabad,Telangana,South,Gudi Padwa / Ugadi,Hindu,New Year,shared_date,3,0.3333333333333333,Gudhi Padwa/Ugadi Festival/Telugu New Year's Day/Sajibu Nongmapanba (Cheiraoba)/1st Navratra,https://www.rbi.org.in/Scripts/HolidayMatrixDisplay.aspx?drRegionalOffice=0&drMonth=4&drYear=2024 (POST form),Reserve Bank of India,2026-09-28
2024,2024-04-09,4,9,100,Pre-monsoon,Imphal,Manipur,North-East,Chaitra Navratri (1st day),Hindu,Religious,shared_date,3,0.3333333333333333,Gudhi Padwa/Ugadi Festival/Telugu New Year's Day/Sajibu Nongmapanba (Cheiraoba)/1st Navratra,https://www.rbi.org.in/Scripts/HolidayMatrixDisplay.aspx?drRegionalOffice=0&drMonth=4&drYear=2024 (POST form),Reserve Bank of India,2026-09-28
2024,2024-04-09,4,9,100,Pre-monsoon,Imphal,Manipur,North-East,Cheiraoba (Meitei New Year),Tribal/Indigenous,New Year,shared_date,3,0.3333333333333333,Gudhi Padwa/Ugadi Festival/Telugu New Year's Day/Sajibu Nongmapanba (Cheiraoba)/1st Navratra,https://www.rbi.org.in/Scripts/HolidayMatrixDisplay.aspx?drRegionalOffice=0&drMonth=4&drYear=2024 (POST form),Reserve Bank of India,2026-09-28
2024,2024-04-09,4,9,100,Pre-monsoon,Imphal,Manipur,North-East,Gudi Padwa / Ugadi,Hindu,New Year,shared_date,3,0.3333333333333333,Gudhi Padwa/Ugadi Festival/Telugu New Year's Day/Sajibu Nongmapanba (Cheiraoba)/1st Navratra,https://www.rbi.org.in/Scripts/HolidayMatrixDisplay.aspx?drRegionalOffice=0&drMonth=4&drYear=2024 (POST form),Reserve Bank of India,2026-09-28
2024,2024-04-09,4,9,100,Pre-monsoon,Jammu,Jammu & Kashmir,North,Chaitra Navratri (1st day),Hindu,Religious,shared_date,3,0.3333333333333333,Gudhi Padwa/Ugadi Festival/Telugu New Year's Day/Sajibu Nongmapanba (Cheiraoba)/1st Navratra,https://www.rbi.org.in/Scripts/HolidayMatrixDisplay.aspx?drRegionalOffice=0&drMonth=4&drYear=2024 (POST form),Reserve Bank of India,2026-09-28
2024,2024-04-09,4,9,100,Pre-monsoon,Jammu,Jammu & Kashmir,North,Cheiraoba (Meitei New Year),Tribal/Indigenous,New Year,shared_date,3,0.3333333333333333,Gudhi Padwa/Ugadi Festival/Telugu New Year's Day/Sajibu Nongmapanba (Cheiraoba)/1st Navratra,https://www.rbi.org.in/Scripts/HolidayMatrixDisplay.aspx?drRegionalOffice=0&drMonth=4&drYear=2024 (POST form),Reserve Bank of India,2026-09-28
2024,2024-04-09,4,9,100,Pre-monsoon,Jammu,Jammu & Kashmir,North,Gudi Padwa / Ugadi,Hindu,New Year,shared_date,3,0.3333333333333333,Gudhi Padwa/Ugadi Festival/Telugu New Year's Day/Sajibu Nongmapanba (Cheiraoba)/1st Navratra,https://www.rbi.org.in/Scripts/HolidayMatrixDisplay.aspx?drRegionalOffice=0&drMonth=4&drYear=2024 (POST form),Reserve Bank of India,2026-09-28
2024,2024-04-09,4,9,100,Pre-monsoon,Mumbai,Maharashtra,West,Chaitra Navratri (1st day),Hindu,Religious,shared_date,3,0.3333333333333333,Gudhi Padwa/Ugadi Festival/Telugu New Year's Day/Sajibu Nongmapanba (Cheiraoba)/1st Navratra,https://www.rbi.org.in/Scripts/HolidayMatrixDisplay.aspx?drRegionalOffice=0&drMonth=4&drYear=2024 (POST form),Reserve Bank of India,2026-09-28
2024,2024-04-09,4,9,100,Pre-monsoon,Mumbai,Maharashtra,West,Cheiraoba (Meitei New Year),Tribal/Indigenous,New Year,shared_date,3,0.3333333333333333,Gudhi Padwa/Ugadi Festival/Telugu New Year's Day/Sajibu Nongmapanba (Cheiraoba)/1st Navratra,https://www.rbi.org.in/Scripts/HolidayMatrixDisplay.aspx?drRegionalOffice=0&drMonth=4&drYear=2024 (POST form),Reserve Bank of India,2026-09-28
2024,2024-04-09,4,9,100,Pre-monsoon,Mumbai,Maharashtra,West,Gudi Padwa / Ugadi,Hindu,New Year,shared_date,3,0.3333333333333333,Gudhi Padwa/Ugadi Festival/Telugu New Year's Day/Sajibu Nongmapanba (Cheiraoba)/1st Navratra,https://www.rbi.org.in/Scripts/HolidayMatrixDisplay.aspx?drRegionalOffice=0&drMonth=4&drYear=2024 (POST form),Reserve Bank of India,2026-09-28
2024,2024-04-09,4,9,100,Pre-monsoon,Nagpur,Maharashtra,West,Chaitra Navratri (1st day),Hindu,Religious,shared_date,3,0.3333333333333333,Gudhi Padwa/Ugadi Festival/Telugu New Year's Day/Sajibu Nongmapanba (Cheiraoba)/1st Navratra,https://www.rbi.org.in/Scripts/HolidayMatrixDisplay.aspx?drRegionalOffice=0&drMonth=4&drYear=2024 (POST form),Reserve Bank of India,2026-09-28
2024,2024-04-09,4,9,100,Pre-monsoon,Nagpur,Maharashtra,West,Cheiraoba (Meitei New Year),Tribal/Indigenous,New Year,shared_date,3,0.3333333333333333,Gudhi Padwa/Ugadi Festival/Telugu New Year's Day/Sajibu Nongmapanba (Cheiraoba)/1st Navratra,https://www.rbi.org.in/Scripts/HolidayMatrixDisplay.aspx?drRegionalOffice=0&drMonth=4&drYear=2024 (POST form),Reserve Bank of India,2026-09-28
2024,2024-04-09,4,9,100,Pre-monsoon,Nagpur,Maharashtra,West,Gudi Padwa / Ugadi,Hindu,New Year,shared_date,3,0.3333333333333333,Gudhi Padwa/Ugadi Festival/Telugu New Year's Day/Sajibu Nongmapanba (Cheiraoba)/1st Navratra,https://www.rbi.org.in/Scripts/HolidayMatrixDisplay.aspx?drRegionalOffice=0&drMonth=4&drYear=2024 (POST form),Reserve Bank of India,2026-09-28
2024,2024-04-09,4,9,100,Pre-monsoon,Panaji,Goa,West,Chaitra Navratri (1st day),Hindu,Religious,shared_date,3,0.3333333333333333,Gudhi Padwa/Ugadi Festival/Telugu New Year's Day/Sajibu Nongmapanba (Cheiraoba)/1st Navratra,https://www.rbi.org.in/Scripts/HolidayMatrixDisplay.aspx?drRegionalOffice=0&drMonth=4&drYear=2024 (POST form),Reserve Bank of India,2026-09-28
2024,2024-04-09,4,9,100,Pre-monsoon,Panaji,Goa,West,Cheiraoba (Meitei New Year),Tribal/Indigenous,New Year,shared_date,3,0.3333333333333333,Gudhi Padwa/Ugadi Festival/Telugu New Year's Day/Sajibu Nongmapanba (Cheiraoba)/1st Navratra,https://www.rbi.org.in/Scripts/HolidayMatrixDisplay.aspx?drRegionalOffice=0&drMonth=4&drYear=2024 (POST form),Reserve Bank of India,2026-09-28
2024,2024-04-09,4,9,100,Pre-monsoon,Panaji,Goa,West,Gudi Padwa / Ugadi,Hindu,New Year,shared_date,3,0.3333333333333333,Gudhi Padwa/Ugadi Festival/Telugu New Year's Day/Sajibu Nongmapanba (Cheiraoba)/1st Navratra,https://www.rbi.org.in/Scripts/HolidayMatrixDisplay.aspx?drRegionalOffice=0&drMonth=4&drYear=2024 (POST form),Reserve Bank of India,2026-09-28
2024,2024-04-09,4,9,100,Pre-monsoon,Srinagar,Jammu & Kashmir,North,Chaitra Navratri (1st day),Hindu,Religious,shared_date,3,0.3333333333333333,Gudhi Padwa/Ugadi Festival/Telugu New Year's Day/Sajibu Nongmapanba (Cheiraoba)/1st Navratra,https://www.rbi.org.in/Scripts/HolidayMatrixDisplay.aspx?drRegionalOffice=0&drMonth=4&drYear=2024 (POST form),Reserve Bank of India,2026-09-28
2024,2024-04-09,4,9,100,Pre-monsoon,Srinagar,Jammu & Kashmir,North,Cheiraoba (Meitei New Year),Tribal/Indigenous,New Year,shared_date,3,0.3333333333333333,Gudhi Padwa/Ugadi Festival/Telugu New Year's Day/Sajibu Nongmapanba (Cheiraoba)/1st Navratra,https://www.rbi.org.in/Scripts/HolidayMatrixDisplay.aspx?drRegionalOffice=0&drMonth=4&drYear=2024 (POST form),Reserve Bank of India,2026-09-28
2024,2024-04-09,4,9,100,Pre-monsoon,Srinagar,Jammu & Kashmir,North,Gudi Padwa / Ugadi,Hindu,New Year,shared_date,3,0.3333333333333333,Gudhi Padwa/Ugadi Festival/Telugu New Year's Day/Sajibu Nongmapanba (Cheiraoba)/1st Navratra,https://www.rbi.org.in/Scripts/HolidayMatrixDisplay.aspx?drRegionalOffice=0&drMonth=4&drYear=2024 (POST form),Reserve Bank of India,2026-09-28
2024,2024-04-09,4,9,100,Pre-monsoon,Vijayawada,Andhra Pradesh,South,Chaitra Navratri (1st day),Hindu,Religious,shared_date,3,0.3333333333333333,Gudhi Padwa/Ugadi Festival/Telugu New Year's Day/Sajibu Nongmapanba (Cheiraoba)/1st Navratra,https://www.rbi.org.in/Scripts/HolidayMatrixDisplay.aspx?drRegionalOffice=0&drMonth=4&drYear=2024 (POST form),Reserve Bank of India,2026-09-28
2024,2024-04-09,4,9,100,Pre-monsoon,Vijayawada,Andhra Pradesh,South,Cheiraoba (Meitei New Year),Tribal/Indigenous,New Year,shared_date,3,0.3333333333333333,Gudhi Padwa/Ugadi Festival/Telugu New Year's Day/Sajibu Nongmapanba (Cheiraoba)/1st Navratra,https://www.rbi.org.in/Scripts/HolidayMatrixDisplay.aspx?drRegionalOffice=0&drMonth=4&drYear=2024 (POST form),Reserve Bank of India,2026-09-28
2024,2024-04-09,4,9,100,Pre-monsoon,Vijayawada,Andhra Pradesh,South,Gudi Padwa / Ugadi,Hindu,New Year,shared_date,3,0.3333333333333333,Gudhi Padwa/Ugadi Festival/Telugu New Year's Day/Sajibu Nongmapanba (Cheiraoba)/1st Navratra,https://www.rbi.org.in/Scripts/HolidayMatrixDisplay.aspx?drRegionalOffice=0&drMonth=4&drYear=2024 (POST form),Reserve Bank of India,2026-09-28
2024,2024-04-10,4,10,101,Pre-monsoon,Kochi,Kerala,South,Eid-ul-Fitr,Muslim,Religious,unique,1,1.0,Ramzan-Id (Id-Ul-Fitr),https://www.rbi.org.in/Scripts/HolidayMatrixDisplay.aspx?drRegionalOffice=0&drMonth=4&drYear=2024 (POST form),Reserve Bank of India,2026-09-28
2024,2024-04-10,4,10,101,Pre-monsoon,Thiruvananthapuram,Kerala,South,Eid-ul-Fitr,Muslim,Religious,unique,1,1.0,Ramzan-Id (Id-Ul-Fitr),https://www.rbi.org.in/Scripts/HolidayMatrixDisplay.aspx?drRegionalOffice=0&drMonth=4&drYear=2024 (POST form),Reserve Bank of India,2026-09-28
2024,2024-04-11,4,11,102,Pre-monsoon,Agartala,Tripura,North-East,Eid-ul-Fitr,Muslim,Religious,unique,1,1.0,Ramzan-Id (Id-Ul-Fitr) (1st Shawaal),https://www.rbi.org.in/Scripts/HolidayMatrixDisplay.aspx?drRegionalOffice=0&drMonth=4&drYear=2024 (POST form),Reserve Bank of India,2026-09-28
2024,2024-04-11,4,11,102,Pre-monsoon,Ahmedabad,Gujarat,West,Eid-ul-Fitr,Muslim,Religious,unique,1,1.0,Ramzan-Id (Id-Ul-Fitr) (1st Shawaal),https://www.rbi.org.in/Scripts/HolidayMatrixDisplay.aspx?drRegionalOffice=0&drMonth=4&drYear=2024 (POST form),Reserve Bank of India,2026-09-28
2024,2024-04-11,4,11,102,Pre-monsoon,Aizawl,Mizoram,North-East,Eid-ul-Fitr,Muslim,Religious,unique,1,1.0,Ramzan-Id (Id-Ul-Fitr) (1st Shawaal),https://www.rbi.org.in/Scripts/HolidayMatrixDisplay.aspx?drRegionalOffice=0&drMonth=4&drYear=2024 (POST form),Reserve Bank of India,2026-09-28
2024,2024-04-11,4,11,102,Pre-monsoon,Belapur,Maharashtra,West,Eid-ul-Fitr,Muslim,Religious,unique,1,1.0,Ramzan-Id (Id-Ul-Fitr) (1st Shawaal),https://www.rbi.org.in/Scripts/HolidayMatrixDisplay.aspx?drRegionalOffice=0&drMonth=4&drYear=2024 (POST form),Reserve Bank of India,2026-09-28
2024,2024-04-11,4,11,102,Pre-monsoon,Bengaluru,Karnataka,South,Eid-ul-Fitr,Muslim,Religious,unique,1,1.0,Ramzan-Id (Id-Ul-Fitr) (1st Shawaal),https://www.rbi.org.in/Scripts/HolidayMatrixDisplay.aspx?drRegionalOffice=0&drMonth=4&drYear=2024 (POST form),Reserve Bank of India,2026-09-28
2024,2024-04-11,4,11,102,Pre-monsoon,Bhopal,Madhya Pradesh,Central,Eid-ul-Fitr,Muslim,Religious,unique,1,1.0,Ramzan-Id (Id-Ul-Fitr) (1st Shawaal),https://www.rbi.org.in/Scripts/HolidayMatrixDisplay.aspx?drRegionalOffice=0&drMonth=4&drYear=2024 (POST form),Reserve Bank of India,2026-09-28
2024,2024-04-11,4,11,102,Pre-monsoon,Bhubaneswar,Odisha,East,Eid-ul-Fitr,Muslim,Religious,unique,1,1.0,Ramzan-Id (Id-Ul-Fitr) (1st Shawaal),https://www.rbi.org.in/Scripts/HolidayMatrixDisplay.aspx?drRegionalOffice=0&drMonth=4&drYear=2024 (POST form),Reserve Bank of India,2026-09-28
2024,2024-04-11,4,11,102,Pre-monsoon,Chandigarh,Punjab-Haryana-Chandigarh,North,Eid-ul-Fitr,Muslim,Religious,unique,1,1.0,Ramzan-Id (Id-Ul-Fitr) (1st Shawaal),https://www.rbi.org.in/Scripts/HolidayMatrixDisplay.aspx?drRegionalOffice=0&drMonth=4&drYear=2024 (POST form),Reserve Bank of India,2026-09-28
2024,2024-04-11,4,11,102,Pre-monsoon,Chennai,Tamil Nadu,South,Eid-ul-Fitr,Muslim,Religious,unique,1,1.0,Ramzan-Id (Id-Ul-Fitr) (1st Shawaal),https://www.rbi.org.in/Scripts/HolidayMatrixDisplay.aspx?drRegionalOffice=0&drMonth=4&drYear=2024 (POST form),Reserve Bank of India,2026-09-28
2024,2024-04-11,4,11,102,Pre-monsoon,Dehradun,Uttarakhand,North,Eid-ul-Fitr,Muslim,Religious,unique,1,1.0,Ramzan-Id (Id-Ul-Fitr) (1st Shawaal),https://www.rbi.org.in/Scripts/HolidayMatrixDisplay.aspx?drRegionalOffice=0&drMonth=4&drYear=2024 (POST form),Reserve Bank of India,2026-09-28
2024,2024-04-11,4,11,102,Pre-monsoon,Guwahati,Assam,North-East,Eid-ul-Fitr,Muslim,Religious,unique,1,1.0,Ramzan-Id (Id-Ul-Fitr) (1st Shawaal),https://www.rbi.org.in/Scripts/HolidayMatrixDisplay.aspx?drRegionalOffice=0&drMonth=4&drYear=2024 (POST form),Reserve Bank of India,2026-09-28
2024,2024-04-11,4,11,102,Pre-monsoon,Hyderabad,Telangana,South,Eid-ul-Fitr,Muslim,Religious,unique,1,1.0,Ramzan-Id (Id-Ul-Fitr) (1st Shawaal),https://www.rbi.org.in/Scripts/HolidayMatrixDisplay.aspx?drRegionalOffice=0&drMonth=4&drYear=2024 (POST form),Reserve Bank of India,2026-09-28
2024,2024-04-11,4,11,102,Pre-monsoon,Imphal,Manipur,North-East,Eid-ul-Fitr,Muslim,Religious,unique,1,1.0,Ramzan-Id (Id-Ul-Fitr) (1st Shawaal),https://www.rbi.org.in/Scripts/HolidayMatrixDisplay.aspx?drRegionalOffice=0&drMonth=4&drYear=2024 (POST form),Reserve Bank of India,2026-09-28
2024,2024-04-11,4,11,102,Pre-monsoon,Itanagar,Arunachal Pradesh,North-East,Eid-ul-Fitr,Muslim,Religious,unique,1,1.0,Ramzan-Id (Id-Ul-Fitr) (1st Shawaal),https://www.rbi.org.in/Scripts/HolidayMatrixDisplay.aspx?drRegionalOffice=0&drMonth=4&drYear=2024 (POST form),Reserve Bank of India,2026-09-28
2024,2024-04-11,4,11,102,Pre-monsoon,Jaipur,Rajasthan,North,Eid-ul-Fitr,Muslim,Religious,unique,1,1.0,Ramzan-Id (Id-Ul-Fitr) (1st Shawaal),https://www.rbi.org.in/Scripts/HolidayMatrixDisplay.aspx?drRegionalOffice=0&drMonth=4&drYear=2024 (POST form),Reserve Bank of India,2026-09-28
2024,2024-04-11,4,11,102,Pre-monsoon,Jammu,Jammu & Kashmir,North,Eid-ul-Fitr,Muslim,Religious,unique,1,1.0,Ramzan-Id (Id-Ul-Fitr) (1st Shawaal),https://www.rbi.org.in/Scripts/HolidayMatrixDisplay.aspx?drRegionalOffice=0&drMonth=4&drYear=2024 (POST form),Reserve Bank of India,2026-09-28
2024,2024-04-11,4,11,102,Pre-monsoon,Kanpur,Uttar Pradesh,North,Eid-ul-Fitr,Muslim,Religious,unique,1,1.0,Ramzan-Id (Id-Ul-Fitr) (1st Shawaal),https://www.rbi.org.in/Scripts/HolidayMatrixDisplay.aspx?drRegionalOffice=0&drMonth=4&drYear=2024 (POST form),Reserve Bank of India,2026-09-28
2024,2024-04-11,4,11,102,Pre-monsoon,Kohima,Nagaland,North-East,Eid-ul-Fitr,Muslim,Religious,unique,1,1.0,Ramzan-Id (Id-Ul-Fitr) (1st Shawaal),https://www.rbi.org.in/Scripts/HolidayMatrixDisplay.aspx?drRegionalOffice=0&drMonth=4&drYear=2024 (POST form),Reserve Bank of India,2026-09-28
2024,2024-04-11,4,11,102,Pre-monsoon,Kolkata,West Bengal,East,Eid-ul-Fitr,Muslim,Religious,unique,1,1.0,Ramzan-Id (Id-Ul-Fitr) (1st Shawaal),https://www.rbi.org.in/Scripts/HolidayMatrixDisplay.aspx?drRegionalOffice=0&drMonth=4&drYear=2024 (POST form),Reserve Bank of India,2026-09-28
2024,2024-04-11,4,11,102,Pre-monsoon,Lucknow,Uttar Pradesh,North,Eid-ul-Fitr,Muslim,Religious,unique,1,1.0,Ramzan-Id (Id-Ul-Fitr) (1st Shawaal),https://www.rbi.org.in/Scripts/HolidayMatrixDisplay.aspx?drRegionalOffice=0&drMonth=4&drYear=2024 (POST form),Reserve Bank of India,2026-09-28
2024,2024-04-11,4,11,102,Pre-monsoon,Mumbai,Maharashtra,West,Eid-ul-Fitr,Muslim,Religious,unique,1,1.0,Ramzan-Id (Id-Ul-Fitr) (1st Shawaal),https://www.rbi.org.in/Scripts/HolidayMatrixDisplay.aspx?drRegionalOffice=0&drMonth=4&drYear=2024 (POST form),Reserve Bank of India,2026-09-28
2024,2024-04-11,4,11,102,Pre-monsoon,Nagpur,Maharashtra,West,Eid-ul-Fitr,Muslim,Religious,unique,1,1.0,Ramzan-Id (Id-Ul-Fitr) (1st Shawaal),https://www.rbi.org.in/Scripts/HolidayMatrixDisplay.aspx?drRegionalOffice=0&drMonth=4&drYear=2024 (POST form),Reserve Bank of India,2026-09-28
2024,2024-04-11,4,11,102,Pre-monsoon,New Delhi,Delhi,North,Eid-ul-Fitr,Muslim,Religious,unique,1,1.0,Ramzan-Id (Id-Ul-Fitr) (1st Shawaal),https://www.rbi.org.in/Scripts/HolidayMatrixDisplay.aspx?drRegionalOffice=0&drMonth=4&drYear=2024 (POST form),Reserve Bank of India,2026-09-28
2024,2024-04-11,4,11,102,Pre-monsoon,Panaji,Goa,West,Eid-ul-Fitr,Muslim,Religious,unique,1,1.0,Ramzan-Id (Id-Ul-Fitr) (1st Shawaal),https://www.rbi.org.in/Scripts/HolidayMatrixDisplay.aspx?drRegionalOffice=0&drMonth=4&drYear=2024 (POST form),Reserve Bank of India,2026-09-28
2024,2024-04-11,4,11,102,Pre-monsoon,Patna,Bihar,East,Eid-ul-Fitr,Muslim,Religious,unique,1,1.0,Ramzan-Id (Id-Ul-Fitr) (1st Shawaal),https://www.rbi.org.in/Scripts/HolidayMatrixDisplay.aspx?drRegionalOffice=0&drMonth=4&drYear=2024 (POST form),Reserve Bank of India,2026-09-28
2024,2024-04-11,4,11,102,Pre-monsoon,Raipur,Chhattisgarh,Central,Eid-ul-Fitr,Muslim,Religious,unique,1,1.0,Ramzan-Id (Id-Ul-Fitr) (1st Shawaal),https://www.rbi.org.in/Scripts/HolidayMatrixDisplay.aspx?drRegionalOffice=0&drMonth=4&drYear=2024 (POST form),Reserve Bank of India,2026-09-28
2024,2024-04-11,4,11,102,Pre-monsoon,Ranchi,Jharkhand,East,Eid-ul-Fitr,Muslim,Religious,unique,1,1.0,Ramzan-Id (Id-Ul-Fitr) (1st Shawaal),https://www.rbi.org.in/Scripts/HolidayMatrixDisplay.aspx?drRegionalOffice=0&drMonth=4&drYear=2024 (POST form),Reserve Bank of India,2026-09-28
2024,2024-04-11,4,11,102,Pre-monsoon,Shillong,Meghalaya,North-East,Eid-ul-Fitr,Muslim,Religious,unique,1,1.0,Ramzan-Id (Id-Ul-Fitr) (1st Shawaal),https://www.rbi.org.in/Scripts/HolidayMatrixDisplay.aspx?drRegionalOffice=0&drMonth=4&drYear=2024 (POST form),Reserve Bank of India,2026-09-28
2024,2024-04-11,4,11,102,Pre-monsoon,Srinagar,Jammu & Kashmir,North,Eid-ul-Fitr,Muslim,Religious,unique,1,1.0,Ramzan-Id (Id-Ul-Fitr) (1st Shawaal),https://www.rbi.org.in/Scripts/HolidayMatrixDisplay.aspx?drRegionalOffice=0&drMonth=4&drYear=2024 (POST form),Reserve Bank of India,2026-09-28
2024,2024-04-11,4,11,102,Pre-monsoon,Vijayawada,Andhra Pradesh,South,Eid-ul-Fitr,Muslim,Religious,unique,1,1.0,Ramzan-Id (Id-Ul-Fitr) (1st Shawaal),https://www.rbi.org.in/Scripts/HolidayMatrixDisplay.aspx?drRegionalOffice=0&drMonth=4&drYear=2024 (POST form),Reserve Bank of India,2026-09-28
2024,2024-04-13,4,13,104,Pre-monsoon,Agartala,Tripura,North-East,Baisakhi (Vaisakhi),Sikh,Harvest,shared_date,4,0.25,Bohag Bihu/Cheiraoba/Baisakhi/Biju Festival,https://www.rbi.org.in/Scripts/HolidayMatrixDisplay.aspx?drRegionalOffice=0&drMonth=4&drYear=2024 (POST form),Reserve Bank of India,2026-09-28
2024,2024-04-13,4,13,104,Pre-monsoon,Agartala,Tripura,North-East,Biju / Buisu,Tribal/Indigenous,New Year,shared_date,4,0.25,Bohag Bihu/Cheiraoba/Baisakhi/Biju Festival,https://www.rbi.org.in/Scripts/HolidayMatrixDisplay.aspx?drRegionalOffice=0&drMonth=4&drYear=2024 (POST form),Reserve Bank of India,2026-09-28
2024,2024-04-13,4,13,104,Pre-monsoon,Agartala,Tripura,North-East,Bohag Bihu,Cultural (multi-faith),New Year,shared_date,4,0.25,Bohag Bihu/Cheiraoba/Baisakhi/Biju Festival,https://www.rbi.org.in/Scripts/HolidayMatrixDisplay.aspx?drRegionalOffice=0&drMonth=4&drYear=2024 (POST form),Reserve Bank of India,2026-09-28
2024,2024-04-13,4,13,104,Pre-monsoon,Agartala,Tripura,North-East,Cheiraoba (Meitei New Year),Tribal/Indigenous,New Year,shared_date,4,0.25,Bohag Bihu/Cheiraoba/Baisakhi/Biju Festival,https://www.rbi.org.in/Scripts/HolidayMatrixDisplay.aspx?drRegionalOffice=0&drMonth=4&drYear=2024 (POST form),Reserve Bank of India,2026-09-28
2024,2024-04-13,4,13,104,Pre-monsoon,Guwahati,Assam,North-East,Baisakhi (Vaisakhi),Sikh,Harvest,shared_date,4,0.25,Bohag Bihu/Cheiraoba/Baisakhi/Biju Festival,https://www.rbi.org.in/Scripts/HolidayMatrixDisplay.aspx?drRegionalOffice=0&drMonth=4&drYear=2024 (POST form),Reserve Bank of India,2026-09-28
2024,2024-04-13,4,13,104,Pre-monsoon,Guwahati,Assam,North-East,Biju / Buisu,Tribal/Indigenous,New Year,shared_date,4,0.25,Bohag Bihu/Cheiraoba/Baisakhi/Biju Festival,https://www.rbi.org.in/Scripts/HolidayMatrixDisplay.aspx?drRegionalOffice=0&drMonth=4&drYear=2024 (POST form),Reserve Bank of India,2026-09-28
2024,2024-04-13,4,13,104,Pre-monsoon,Guwahati,Assam,North-East,Bohag Bihu,Cultural (multi-faith),New Year,shared_date,4,0.25,Bohag Bihu/Cheiraoba/Baisakhi/Biju Festival,https://www.rbi.org.in/Scripts/HolidayMatrixDisplay.aspx?drRegionalOffice=0&drMonth=4&drYear=2024 (POST form),Reserve Bank of India,2026-09-28
2024,2024-04-13,4,13,104,Pre-monsoon,Guwahati,Assam,North-East,Cheiraoba (Meitei New Year),Tribal/Indigenous,New Year,shared_date,4,0.25,Bohag Bihu/Cheiraoba/Baisakhi/Biju Festival,https://www.rbi.org.in/Scripts/HolidayMatrixDisplay.aspx?drRegionalOffice=0&drMonth=4&drYear=2024 (POST form),Reserve Bank of India,2026-09-28
2024,2024-04-13,4,13,104,Pre-monsoon,Imphal,Manipur,North-East,Baisakhi (Vaisakhi),Sikh,Harvest,shared_date,4,0.25,Bohag Bihu/Cheiraoba/Baisakhi/Biju Festival,https://www.rbi.org.in/Scripts/HolidayMatrixDisplay.aspx?drRegionalOffice=0&drMonth=4&drYear=2024 (POST form),Reserve Bank of India,2026-09-28
2024,2024-04-13,4,13,104,Pre-monsoon,Imphal,Manipur,North-East,Biju / Buisu,Tribal/Indigenous,New Year,shared_date,4,0.25,Bohag Bihu/Cheiraoba/Baisakhi/Biju Festival,https://www.rbi.org.in/Scripts/HolidayMatrixDisplay.aspx?drRegionalOffice=0&drMonth=4&drYear=2024 (POST form),Reserve Bank of India,2026-09-28
2024,2024-04-13,4,13,104,Pre-monsoon,Imphal,Manipur,North-East,Bohag Bihu,Cultural (multi-faith),New Year,shared_date,4,0.25,Bohag Bihu/Cheiraoba/Baisakhi/Biju Festival,https://www.rbi.org.in/Scripts/HolidayMatrixDisplay.aspx?drRegionalOffice=0&drMonth=4&drYear=2024 (POST form),Reserve Bank of India,2026-09-28
2024,2024-04-13,4,13,104,Pre-monsoon,Imphal,Manipur,North-East,Cheiraoba (Meitei New Year),Tribal/Indigenous,New Year,shared_date,4,0.25,Bohag Bihu/Cheiraoba/Baisakhi/Biju Festival,https://www.rbi.org.in/Scripts/HolidayMatrixDisplay.aspx?drRegionalOffice=0&drMonth=4&drYear=2024 (POST form),Reserve Bank of India,2026-09-28
2024,2024-04-13,4,13,104,Pre-monsoon,Jammu,Jammu & Kashmir,North,Baisakhi (Vaisakhi),Sikh,Harvest,shared_date,4,0.25,Bohag Bihu/Cheiraoba/Baisakhi/Biju Festival,https://www.rbi.org.in/Scripts/HolidayMatrixDisplay.aspx?drRegionalOffice=0&drMonth=4&drYear=2024 (POST form),Reserve Bank of India,2026-09-28
2024,2024-04-13,4,13,104,Pre-monsoon,Jammu,Jammu & Kashmir,North,Biju / Buisu,Tribal/Indigenous,New Year,shared_date,4,0.25,Bohag Bihu/Cheiraoba/Baisakhi/Biju Festival,https://www.rbi.org.in/Scripts/HolidayMatrixDisplay.aspx?drRegionalOffice=0&drMonth=4&drYear=2024 (POST form),Reserve Bank of India,2026-09-28
2024,2024-04-13,4,13,104,Pre-monsoon,Jammu,Jammu & Kashmir,North,Bohag Bihu,Cultural (multi-faith),New Year,shared_date,4,0.25,Bohag Bihu/Cheiraoba/Baisakhi/Biju Festival,https://www.rbi.org.in/Scripts/HolidayMatrixDisplay.aspx?drRegionalOffice=0&drMonth=4&drYear=2024 (POST form),Reserve Bank of India,2026-09-28
2024,2024-04-13,4,13,104,Pre-monsoon,Jammu,Jammu & Kashmir,North,Cheiraoba (Meitei New Year),Tribal/Indigenous,New Year,shared_date,4,0.25,Bohag Bihu/Cheiraoba/Baisakhi/Biju Festival,https://www.rbi.org.in/Scripts/HolidayMatrixDisplay.aspx?drRegionalOffice=0&drMonth=4&drYear=2024 (POST form),Reserve Bank of India,2026-09-28
2024,2024-04-13,4,13,104,Pre-monsoon,Srinagar,Jammu & Kashmir,North,Baisakhi (Vaisakhi),Sikh,Harvest,shared_date,4,0.25,Bohag Bihu/Cheiraoba/Baisakhi/Biju Festival,https://www.rbi.org.in/Scripts/HolidayMatrixDisplay.aspx?drRegionalOffice=0&drMonth=4&drYear=2024 (POST form),Reserve Bank of India,2026-09-28
2024,2024-04-13,4,13,104,Pre-monsoon,Srinagar,Jammu & Kashmir,North,Biju / Buisu,Tribal/Indigenous,New Year,shared_date,4,0.25,Bohag Bihu/Cheiraoba/Baisakhi/Biju Festival,https://www.rbi.org.in/Scripts/HolidayMatrixDisplay.aspx?drRegionalOffice=0&drMonth=4&drYear=2024 (POST form),Reserve Bank of India,2026-09-28
2024,2024-04-13,4,13,104,Pre-monsoon,Srinagar,Jammu & Kashmir,North,Bohag Bihu,Cultural (multi-faith),New Year,shared_date,4,0.25,Bohag Bihu/Cheiraoba/Baisakhi/Biju Festival,https://www.rbi.org.in/Scripts/HolidayMatrixDisplay.aspx?drRegionalOffice=0&drMonth=4&drYear=2024 (POST form),Reserve Bank of India,2026-09-28
2024,2024-04-13,4,13,104,Pre-monsoon,Srinagar,Jammu & Kashmir,North,Cheiraoba (Meitei New Year),Tribal/Indigenous,New Year,shared_date,4,0.25,Bohag Bihu/Cheiraoba/Baisakhi/Biju Festival,https://www.rbi.org.in/Scripts/HolidayMatrixDisplay.aspx?drRegionalOffice=0&drMonth=4&drYear=2024 (POST form),Reserve Bank of India,2026-09-28
2024,2024-04-15,4,15,106,Pre-monsoon,Guwahati,Assam,North-East,Bohag Bihu,Cultural (multi-faith),New Year,shared_date,3,0.3333333333333333,Bohag Bihu/Himachal Day/Shad Suk Mynsiem,https://www.rbi.org.in/Scripts/HolidayMatrixDisplay.aspx?drRegionalOffice=0&drMonth=4&drYear=2024 (POST form),Reserve Bank of India,2026-09-28
2024,2024-04-15,4,15,106,Pre-monsoon,Guwahati,Assam,North-East,Shad Suk Mynsiem,Tribal/Indigenous,Seasonal,shared_date,3,0.3333333333333333,Bohag Bihu/Himachal Day/Shad Suk Mynsiem,https://www.rbi.org.in/Scripts/HolidayMatrixDisplay.aspx?drRegionalOffice=0&drMonth=4&drYear=2024 (POST form),Reserve Bank of India,2026-09-28
2024,2024-04-15,4,15,106,Pre-monsoon,Shillong,Meghalaya,North-East,Bohag Bihu,Cultural (multi-faith),New Year,shared_date,3,0.3333333333333333,Bohag Bihu/Himachal Day/Shad Suk Mynsiem,https://www.rbi.org.in/Scripts/HolidayMatrixDisplay.aspx?drRegionalOffice=0&drMonth=4&drYear=2024 (POST form),Reserve Bank of India,2026-09-28
2024,2024-04-15,4,15,106,Pre-monsoon,Shillong,Meghalaya,North-East,Shad Suk Mynsiem,Tribal/Indigenous,Seasonal,shared_date,3,0.3333333333333333,Bohag Bihu/Himachal Day/Shad Suk Mynsiem,https://www.rbi.org.in/Scripts/HolidayMatrixDisplay.aspx?drRegionalOffice=0&drMonth=4&drYear=2024 (POST form),Reserve Bank of India,2026-09-28
2024,2024-04-15,4,15,106,Pre-monsoon,Shimla,Himachal Pradesh,North,Bohag Bihu,Cultural (multi-faith),New Year,shared_date,3,0.3333333333333333,Bohag Bihu/Himachal Day/Shad Suk Mynsiem,https://www.rbi.org.in/Scripts/HolidayMatrixDisplay.aspx?drRegionalOffice=0&drMonth=4&drYear=2024 (POST form),Reserve Bank of India,2026-09-28
2024,2024-04-15,4,15,106,Pre-monsoon,Shimla,Himachal Pradesh,North,Shad Suk Mynsiem,Tribal/Indigenous,Seasonal,shared_date,3,0.3333333333333333,Bohag Bihu/Himachal Day/Shad Suk Mynsiem,https://www.rbi.org.in/Scripts/HolidayMatrixDisplay.aspx?drRegionalOffice=0&drMonth=4&drYear=2024 (POST form),Reserve Bank of India,2026-09-28
2024,2024-04-17,4,17,108,Pre-monsoon,Ahmedabad,Gujarat,West,Ram Navami,Hindu,Religious,unique,1,1.0,Shree Ram Navami (Chaite Dasain),https://www.rbi.org.in/Scripts/HolidayMatrixDisplay.aspx?drRegionalOffice=0&drMonth=4&drYear=2024 (POST form),Reserve Bank of India,2026-09-28
2024,2024-04-17,4,17,108,Pre-monsoon,Belapur,Maharashtra,West,Ram Navami,Hindu,Religious,unique,1,1.0,Shree Ram Navami (Chaite Dasain),https://www.rbi.org.in/Scripts/HolidayMatrixDisplay.aspx?drRegionalOffice=0&drMonth=4&drYear=2024 (POST form),Reserve Bank of India,2026-09-28
2024,2024-04-17,4,17,108,Pre-monsoon,Bhopal,Madhya Pradesh,Central,Ram Navami,Hindu,Religious,unique,1,1.0,Shree Ram Navami (Chaite Dasain),https://www.rbi.org.in/Scripts/HolidayMatrixDisplay.aspx?drRegionalOffice=0&drMonth=4&drYear=2024 (POST form),Reserve Bank of India,2026-09-28
2024,2024-04-17,4,17,108,Pre-monsoon,Bhubaneswar,Odisha,East,Ram Navami,Hindu,Religious,unique,1,1.0,Shree Ram Navami (Chaite Dasain),https://www.rbi.org.in/Scripts/HolidayMatrixDisplay.aspx?drRegionalOffice=0&drMonth=4&drYear=2024 (POST form),Reserve Bank of India,2026-09-28
2024,2024-04-17,4,17,108,Pre-monsoon,Chandigarh,Punjab-Haryana-Chandigarh,North,Ram Navami,Hindu,Religious,unique,1,1.0,Shree Ram Navami (Chaite Dasain),https://www.rbi.org.in/Scripts/HolidayMatrixDisplay.aspx?drRegionalOffice=0&drMonth=4&drYear=2024 (POST form),Reserve Bank of India,2026-09-28
2024,2024-04-17,4,17,108,Pre-monsoon,Dehradun,Uttarakhand,North,Ram Navami,Hindu,Religious,unique,1,1.0,Shree Ram Navami (Chaite Dasain),https://www.rbi.org.in/Scripts/HolidayMatrixDisplay.aspx?drRegionalOffice=0&drMonth=4&drYear=2024 (POST form),Reserve Bank of India,2026-09-28
2024,2024-04-17,4,17,108,Pre-monsoon,Gangtok,Sikkim,North-East,Ram Navami,Hindu,Religious,unique,1,1.0,Shree Ram Navami (Chaite Dasain),https://www.rbi.org.in/Scripts/HolidayMatrixDisplay.aspx?drRegionalOffice=0&drMonth=4&drYear=2024 (POST form),Reserve Bank of India,2026-09-28
2024,2024-04-17,4,17,108,Pre-monsoon,Hyderabad,Telangana,South,Ram Navami,Hindu,Religious,unique,1,1.0,Shree Ram Navami (Chaite Dasain),https://www.rbi.org.in/Scripts/HolidayMatrixDisplay.aspx?drRegionalOffice=0&drMonth=4&drYear=2024 (POST form),Reserve Bank of India,2026-09-28
2024,2024-04-17,4,17,108,Pre-monsoon,Jaipur,Rajasthan,North,Ram Navami,Hindu,Religious,unique,1,1.0,Shree Ram Navami (Chaite Dasain),https://www.rbi.org.in/Scripts/HolidayMatrixDisplay.aspx?drRegionalOffice=0&drMonth=4&drYear=2024 (POST form),Reserve Bank of India,2026-09-28
2024,2024-04-17,4,17,108,Pre-monsoon,Kanpur,Uttar Pradesh,North,Ram Navami,Hindu,Religious,unique,1,1.0,Shree Ram Navami (Chaite Dasain),https://www.rbi.org.in/Scripts/HolidayMatrixDisplay.aspx?drRegionalOffice=0&drMonth=4&drYear=2024 (POST form),Reserve Bank of India,2026-09-28
2024,2024-04-17,4,17,108,Pre-monsoon,Lucknow,Uttar Pradesh,North,Ram Navami,Hindu,Religious,unique,1,1.0,Shree Ram Navami (Chaite Dasain),https://www.rbi.org.in/Scripts/HolidayMatrixDisplay.aspx?drRegionalOffice=0&drMonth=4&drYear=2024 (POST form),Reserve Bank of India,2026-09-28
2024,2024-04-17,4,17,108,Pre-monsoon,Mumbai,Maharashtra,West,Ram Navami,Hindu,Religious,unique,1,1.0,Shree Ram Navami (Chaite Dasain),https://www.rbi.org.in/Scripts/HolidayMatrixDisplay.aspx?drRegionalOffice=0&drMonth=4&drYear=2024 (POST form),Reserve Bank of India,2026-09-28
2024,2024-04-17,4,17,108,Pre-monsoon,Nagpur,Maharashtra,West,Ram Navami,Hindu,Religious,unique,1,1.0,Shree Ram Navami (Chaite Dasain),https://www.rbi.org.in/Scripts/HolidayMatrixDisplay.aspx?drRegionalOffice=0&drMonth=4&drYear=2024 (POST form),Reserve Bank of India,2026-09-28
2024,2024-04-17,4,17,108,Pre-monsoon,Patna,Bihar,East,Ram Navami,Hindu,Religious,unique,1,1.0,Shree Ram Navami (Chaite Dasain),https://www.rbi.org.in/Scripts/HolidayMatrixDisplay.aspx?drRegionalOffice=0&drMonth=4&drYear=2024 (POST form),Reserve Bank of India,2026-09-28
2024,2024-04-17,4,17,108,Pre-monsoon,Raipur,Chhattisgarh,Central,Ram Navami,Hindu,Religious,unique,1,1.0,Shree Ram Navami (Chaite Dasain),https://www.rbi.org.in/Scripts/HolidayMatrixDisplay.aspx?drRegionalOffice=0&drMonth=4&drYear=2024 (POST form),Reserve Bank of India,2026-09-28
2024,2024-04-17,4,17,108,Pre-monsoon,Ranchi,Jharkhand,East,Ram Navami,Hindu,Religious,unique,1,1.0,Shree Ram Navami (Chaite Dasain),https://www.rbi.org.in/Scripts/HolidayMatrixDisplay.aspx?drRegionalOffice=0&drMonth=4&drYear=2024 (POST form),Reserve Bank of India,2026-09-28
2024,2024-04-17,4,17,108,Pre-monsoon,Shimla,Himachal Pradesh,North,Ram Navami,Hindu,Religious,unique,1,1.0,Shree Ram Navami (Chaite Dasain),https://www.rbi.org.in/Scripts/HolidayMatrixDisplay.aspx?drRegionalOffice=0&drMonth=4&drYear=2024 (POST form),Reserve Bank of India,2026-09-28
2024,2024-04-17,4,17,108,Pre-monsoon,Vijayawada,Andhra Pradesh,South,Ram Navami,Hindu,Religious,unique,1,1.0,Shree Ram Navami (Chaite Dasain),https://www.rbi.org.in/Scripts/HolidayMatrixDisplay.aspx?drRegionalOffice=0&drMonth=4&drYear=2024 (POST form),Reserve Bank of India,2026-09-28
2024,2024-04-20,4,20,111,Pre-monsoon,Agartala,Tripura,North-East,Garia Puja,Tribal/Indigenous,Religious,unique,1,1.0,Garia Puja,https://www.rbi.org.in/Scripts/HolidayMatrixDisplay.aspx?drRegionalOffice=0&drMonth=4&drYear=2024 (POST form),Reserve Bank of India,2026-09-28
2024,2024-05-10,5,10,131,Pre-monsoon,Bengaluru,Karnataka,South,Akshaya Tritiya,Hindu,Religious,shared_date,2,0.5,Basava Jayanti/Akshaya Tritiya,https://www.rbi.org.in/Scripts/HolidayMatrixDisplay.aspx?drRegionalOffice=0&drMonth=5&drYear=2024 (POST form),Reserve Bank of India,2026-09-28
2024,2024-05-10,5,10,131,Pre-monsoon,Bengaluru,Karnataka,South,Basava Jayanti,Hindu,Commemoration,shared_date,2,0.5,Basava Jayanti/Akshaya Tritiya,https://www.rbi.org.in/Scripts/HolidayMatrixDisplay.aspx?drRegionalOffice=0&drMonth=5&drYear=2024 (POST form),Reserve Bank of India,2026-09-28
2024,2024-05-23,5,23,144,Pre-monsoon,Agartala,Tripura,North-East,Buddha Purnima,Buddhist,Religious,unique,1,1.0,Buddha Pournima,https://www.rbi.org.in/Scripts/HolidayMatrixDisplay.aspx?drRegionalOffice=0&drMonth=5&drYear=2024 (POST form),Reserve Bank of India,2026-09-28
2024,2024-05-23,5,23,144,Pre-monsoon,Aizawl,Mizoram,North-East,Buddha Purnima,Buddhist,Religious,unique,1,1.0,Buddha Pournima,https://www.rbi.org.in/Scripts/HolidayMatrixDisplay.aspx?drRegionalOffice=0&drMonth=5&drYear=2024 (POST form),Reserve Bank of India,2026-09-28
2024,2024-05-23,5,23,144,Pre-monsoon,Belapur,Maharashtra,West,Buddha Purnima,Buddhist,Religious,unique,1,1.0,Buddha Pournima,https://www.rbi.org.in/Scripts/HolidayMatrixDisplay.aspx?drRegionalOffice=0&drMonth=5&drYear=2024 (POST form),Reserve Bank of India,2026-09-28
2024,2024-05-23,5,23,144,Pre-monsoon,Bhopal,Madhya Pradesh,Central,Buddha Purnima,Buddhist,Religious,unique,1,1.0,Buddha Pournima,https://www.rbi.org.in/Scripts/HolidayMatrixDisplay.aspx?drRegionalOffice=0&drMonth=5&drYear=2024 (POST form),Reserve Bank of India,2026-09-28
2024,2024-05-23,5,23,144,Pre-monsoon,Chandigarh,Punjab-Haryana-Chandigarh,North,Buddha Purnima,Buddhist,Religious,unique,1,1.0,Buddha Pournima,https://www.rbi.org.in/Scripts/HolidayMatrixDisplay.aspx?drRegionalOffice=0&drMonth=5&drYear=2024 (POST form),Reserve Bank of India,2026-09-28
2024,2024-05-23,5,23,144,Pre-monsoon,Dehradun,Uttarakhand,North,Buddha Purnima,Buddhist,Religious,unique,1,1.0,Buddha Pournima,https://www.rbi.org.in/Scripts/HolidayMatrixDisplay.aspx?drRegionalOffice=0&drMonth=5&drYear=2024 (POST form),Reserve Bank of India,2026-09-28
2024,2024-05-23,5,23,144,Pre-monsoon,Itanagar,Arunachal Pradesh,North-East,Buddha Purnima,Buddhist,Religious,unique,1,1.0,Buddha Pournima,https://www.rbi.org.in/Scripts/HolidayMatrixDisplay.aspx?drRegionalOffice=0&drMonth=5&drYear=2024 (POST form),Reserve Bank of India,2026-09-28
2024,2024-05-23,5,23,144,Pre-monsoon,Jammu,Jammu & Kashmir,North,Buddha Purnima,Buddhist,Religious,unique,1,1.0,Buddha Pournima,https://www.rbi.org.in/Scripts/HolidayMatrixDisplay.aspx?drRegionalOffice=0&drMonth=5&drYear=2024 (POST form),Reserve Bank of India,2026-09-28
2024,2024-05-23,5,23,144,Pre-monsoon,Kanpur,Uttar Pradesh,North,Buddha Purnima,Buddhist,Religious,unique,1,1.0,Buddha Pournima,https://www.rbi.org.in/Scripts/HolidayMatrixDisplay.aspx?drRegionalOffice=0&drMonth=5&drYear=2024 (POST form),Reserve Bank of India,2026-09-28
2024,2024-05-23,5,23,144,Pre-monsoon,Kolkata,West Bengal,East,Buddha Purnima,Buddhist,Religious,unique,1,1.0,Buddha Pournima,https://www.rbi.org.in/Scripts/HolidayMatrixDisplay.aspx?drRegionalOffice=0&drMonth=5&drYear=2024 (POST form),Reserve Bank of India,2026-09-28
2024,2024-05-23,5,23,144,Pre-monsoon,Lucknow,Uttar Pradesh,North,Buddha Purnima,Buddhist,Religious,unique,1,1.0,Buddha Pournima,https://www.rbi.org.in/Scripts/HolidayMatrixDisplay.aspx?drRegionalOffice=0&drMonth=5&drYear=2024 (POST form),Reserve Bank of India,2026-09-28
2024,2024-05-23,5,23,144,Pre-monsoon,Mumbai,Maharashtra,West,Buddha Purnima,Buddhist,Religious,unique,1,1.0,Buddha Pournima,https://www.rbi.org.in/Scripts/HolidayMatrixDisplay.aspx?drRegionalOffice=0&drMonth=5&drYear=2024 (POST form),Reserve Bank of India,2026-09-28
2024,2024-05-23,5,23,144,Pre-monsoon,Nagpur,Maharashtra,West,Buddha Purnima,Buddhist,Religious,unique,1,1.0,Buddha Pournima,https://www.rbi.org.in/Scripts/HolidayMatrixDisplay.aspx?drRegionalOffice=0&drMonth=5&drYear=2024 (POST form),Reserve Bank of India,2026-09-28
2024,2024-05-23,5,23,144,Pre-monsoon,New Delhi,Delhi,North,Buddha Purnima,Buddhist,Religious,unique,1,1.0,Buddha Pournima,https://www.rbi.org.in/Scripts/HolidayMatrixDisplay.aspx?drRegionalOffice=0&drMonth=5&drYear=2024 (POST form),Reserve Bank of India,2026-09-28
2024,2024-05-23,5,23,144,Pre-monsoon,Raipur,Chhattisgarh,Central,Buddha Purnima,Buddhist,Religious,unique,1,1.0,Buddha Pournima,https://www.rbi.org.in/Scripts/HolidayMatrixDisplay.aspx?drRegionalOffice=0&drMonth=5&drYear=2024 (POST form),Reserve Bank of India,2026-09-28
2024,2024-05-23,5,23,144,Pre-monsoon,Ranchi,Jharkhand,East,Buddha Purnima,Buddhist,Religious,unique,1,1.0,Buddha Pournima,https://www.rbi.org.in/Scripts/HolidayMatrixDisplay.aspx?drRegionalOffice=0&drMonth=5&drYear=2024 (POST form),Reserve Bank of India,2026-09-28
2024,2024-05-23,5,23,144,Pre-monsoon,Shimla,Himachal Pradesh,North,Buddha Purnima,Buddhist,Religious,unique,1,1.0,Buddha Pournima,https://www.rbi.org.in/Scripts/HolidayMatrixDisplay.aspx?drRegionalOffice=0&drMonth=5&drYear=2024 (POST form),Reserve Bank of India,2026-09-28
2024,2024-05-23,5,23,144,Pre-monsoon,Srinagar,Jammu & Kashmir,North,Buddha Purnima,Buddhist,Religious,unique,1,1.0,Buddha Pournima,https://www.rbi.org.in/Scripts/HolidayMatrixDisplay.aspx?drRegionalOffice=0&drMonth=5&drYear=2024 (POST form),Reserve Bank of India,2026-09-28
2024,2024-06-10,6,10,162,Monsoon,Chandigarh,Punjab-Haryana-Chandigarh,North,Martyrdom Day of Guru Arjan Dev,Sikh,Commemoration,unique,1,1.0,Martyrdom Day of Sri Guru Arjun Dev ji,https://www.rbi.org.in/Scripts/HolidayMatrixDisplay.aspx?drRegionalOffice=0&drMonth=6&drYear=2024 (POST form),Reserve Bank of India,2026-09-28
2024,2024-06-15,6,15,167,Monsoon,Aizawl,Mizoram,North-East,Raja Sankranti,Hindu,Seasonal,shared_date,2,0.5,YMA Day/Raja Sankranti,https://www.rbi.org.in/Scripts/HolidayMatrixDisplay.aspx?drRegionalOffice=0&drMonth=6&drYear=2024 (POST form),Reserve Bank of India,2026-09-28
2024,2024-06-15,6,15,167,Monsoon,Bhubaneswar,Odisha,East,Raja Sankranti,Hindu,Seasonal,shared_date,2,0.5,YMA Day/Raja Sankranti,https://www.rbi.org.in/Scripts/HolidayMatrixDisplay.aspx?drRegionalOffice=0&drMonth=6&drYear=2024 (POST form),Reserve Bank of India,2026-09-28
2024,2024-06-17,6,17,169,Monsoon,Agartala,Tripura,North-East,Eid-ul-Adha (Bakrid),Muslim,Religious,unique,1,1.0,Bakri ID (Id-Uz-Zuha),https://www.rbi.org.in/Scripts/HolidayMatrixDisplay.aspx?drRegionalOffice=0&drMonth=6&drYear=2024 (POST form),Reserve Bank of India,2026-09-28
2024,2024-06-17,6,17,169,Monsoon,Ahmedabad,Gujarat,West,Eid-ul-Adha (Bakrid),Muslim,Religious,unique,1,1.0,Bakri ID (Id-Uz-Zuha),https://www.rbi.org.in/Scripts/HolidayMatrixDisplay.aspx?drRegionalOffice=0&drMonth=6&drYear=2024 (POST form),Reserve Bank of India,2026-09-28
2024,2024-06-17,6,17,169,Monsoon,Belapur,Maharashtra,West,Eid-ul-Adha (Bakrid),Muslim,Religious,unique,1,1.0,Bakri ID (Id-Uz-Zuha),https://www.rbi.org.in/Scripts/HolidayMatrixDisplay.aspx?drRegionalOffice=0&drMonth=6&drYear=2024 (POST form),Reserve Bank of India,2026-09-28
2024,2024-06-17,6,17,169,Monsoon,Bengaluru,Karnataka,South,Eid-ul-Adha (Bakrid),Muslim,Religious,unique,1,1.0,Bakri ID (Id-Uz-Zuha),https://www.rbi.org.in/Scripts/HolidayMatrixDisplay.aspx?drRegionalOffice=0&drMonth=6&drYear=2024 (POST form),Reserve Bank of India,2026-09-28
2024,2024-06-17,6,17,169,Monsoon,Bhopal,Madhya Pradesh,Central,Eid-ul-Adha (Bakrid),Muslim,Religious,unique,1,1.0,Bakri ID (Id-Uz-Zuha),https://www.rbi.org.in/Scripts/HolidayMatrixDisplay.aspx?drRegionalOffice=0&drMonth=6&drYear=2024 (POST form),Reserve Bank of India,2026-09-28
2024,2024-06-17,6,17,169,Monsoon,Bhubaneswar,Odisha,East,Eid-ul-Adha (Bakrid),Muslim,Religious,unique,1,1.0,Bakri ID (Id-Uz-Zuha),https://www.rbi.org.in/Scripts/HolidayMatrixDisplay.aspx?drRegionalOffice=0&drMonth=6&drYear=2024 (POST form),Reserve Bank of India,2026-09-28
2024,2024-06-17,6,17,169,Monsoon,Chandigarh,Punjab-Haryana-Chandigarh,North,Eid-ul-Adha (Bakrid),Muslim,Religious,unique,1,1.0,Bakri ID (Id-Uz-Zuha),https://www.rbi.org.in/Scripts/HolidayMatrixDisplay.aspx?drRegionalOffice=0&drMonth=6&drYear=2024 (POST form),Reserve Bank of India,2026-09-28
2024,2024-06-17,6,17,169,Monsoon,Chennai,Tamil Nadu,South,Eid-ul-Adha (Bakrid),Muslim,Religious,unique,1,1.0,Bakri ID (Id-Uz-Zuha),https://www.rbi.org.in/Scripts/HolidayMatrixDisplay.aspx?drRegionalOffice=0&drMonth=6&drYear=2024 (POST form),Reserve Bank of India,2026-09-28
2024,2024-06-17,6,17,169,Monsoon,Dehradun,Uttarakhand,North,Eid-ul-Adha (Bakrid),Muslim,Religious,unique,1,1.0,Bakri ID (Id-Uz-Zuha),https://www.rbi.org.in/Scripts/HolidayMatrixDisplay.aspx?drRegionalOffice=0&drMonth=6&drYear=2024 (POST form),Reserve Bank of India,2026-09-28
2024,2024-06-17,6,17,169,Monsoon,Guwahati,Assam,North-East,Eid-ul-Adha (Bakrid),Muslim,Religious,unique,1,1.0,Bakri ID (Id-Uz-Zuha),https://www.rbi.org.in/Scripts/HolidayMatrixDisplay.aspx?drRegionalOffice=0&drMonth=6&drYear=2024 (POST form),Reserve Bank of India,2026-09-28
2024,2024-06-17,6,17,169,Monsoon,Hyderabad,Telangana,South,Eid-ul-Adha (Bakrid),Muslim,Religious,unique,1,1.0,Bakri ID (Id-Uz-Zuha),https://www.rbi.org.in/Scripts/HolidayMatrixDisplay.aspx?drRegionalOffice=0&drMonth=6&drYear=2024 (POST form),Reserve Bank of India,2026-09-28
2024,2024-06-17,6,17,169,Monsoon,Imphal,Manipur,North-East,Eid-ul-Adha (Bakrid),Muslim,Religious,unique,1,1.0,Bakri ID (Id-Uz-Zuha),https://www.rbi.org.in/Scripts/HolidayMatrixDisplay.aspx?drRegionalOffice=0&drMonth=6&drYear=2024 (POST form),Reserve Bank of India,2026-09-28
2024,2024-06-17,6,17,169,Monsoon,Jaipur,Rajasthan,North,Eid-ul-Adha (Bakrid),Muslim,Religious,unique,1,1.0,Bakri ID (Id-Uz-Zuha),https://www.rbi.org.in/Scripts/HolidayMatrixDisplay.aspx?drRegionalOffice=0&drMonth=6&drYear=2024 (POST form),Reserve Bank of India,2026-09-28
2024,2024-06-17,6,17,169,Monsoon,Jammu,Jammu & Kashmir,North,Eid-ul-Adha (Bakrid),Muslim,Religious,unique,1,1.0,Bakri ID (Id-Uz-Zuha),https://www.rbi.org.in/Scripts/HolidayMatrixDisplay.aspx?drRegionalOffice=0&drMonth=6&drYear=2024 (POST form),Reserve Bank of India,2026-09-28
2024,2024-06-17,6,17,169,Monsoon,Kanpur,Uttar Pradesh,North,Eid-ul-Adha (Bakrid),Muslim,Religious,unique,1,1.0,Bakri ID (Id-Uz-Zuha),https://www.rbi.org.in/Scripts/HolidayMatrixDisplay.aspx?drRegionalOffice=0&drMonth=6&drYear=2024 (POST form),Reserve Bank of India,2026-09-28
2024,2024-06-17,6,17,169,Monsoon,Kochi,Kerala,South,Eid-ul-Adha (Bakrid),Muslim,Religious,unique,1,1.0,Bakri ID (Id-Uz-Zuha),https://www.rbi.org.in/Scripts/HolidayMatrixDisplay.aspx?drRegionalOffice=0&drMonth=6&drYear=2024 (POST form),Reserve Bank of India,2026-09-28
2024,2024-06-17,6,17,169,Monsoon,Kohima,Nagaland,North-East,Eid-ul-Adha (Bakrid),Muslim,Religious,unique,1,1.0,Bakri ID (Id-Uz-Zuha),https://www.rbi.org.in/Scripts/HolidayMatrixDisplay.aspx?drRegionalOffice=0&drMonth=6&drYear=2024 (POST form),Reserve Bank of India,2026-09-28
2024,2024-06-17,6,17,169,Monsoon,Kolkata,West Bengal,East,Eid-ul-Adha (Bakrid),Muslim,Religious,unique,1,1.0,Bakri ID (Id-Uz-Zuha),https://www.rbi.org.in/Scripts/HolidayMatrixDisplay.aspx?drRegionalOffice=0&drMonth=6&drYear=2024 (POST form),Reserve Bank of India,2026-09-28
2024,2024-06-17,6,17,169,Monsoon,Lucknow,Uttar Pradesh,North,Eid-ul-Adha (Bakrid),Muslim,Religious,unique,1,1.0,Bakri ID (Id-Uz-Zuha),https://www.rbi.org.in/Scripts/HolidayMatrixDisplay.aspx?drRegionalOffice=0&drMonth=6&drYear=2024 (POST form),Reserve Bank of India,2026-09-28
2024,2024-06-17,6,17,169,Monsoon,Mumbai,Maharashtra,West,Eid-ul-Adha (Bakrid),Muslim,Religious,unique,1,1.0,Bakri ID (Id-Uz-Zuha),https://www.rbi.org.in/Scripts/HolidayMatrixDisplay.aspx?drRegionalOffice=0&drMonth=6&drYear=2024 (POST form),Reserve Bank of India,2026-09-28
2024,2024-06-17,6,17,169,Monsoon,Nagpur,Maharashtra,West,Eid-ul-Adha (Bakrid),Muslim,Religious,unique,1,1.0,Bakri ID (Id-Uz-Zuha),https://www.rbi.org.in/Scripts/HolidayMatrixDisplay.aspx?drRegionalOffice=0&drMonth=6&drYear=2024 (POST form),Reserve Bank of India,2026-09-28
2024,2024-06-17,6,17,169,Monsoon,New Delhi,Delhi,North,Eid-ul-Adha (Bakrid),Muslim,Religious,unique,1,1.0,Bakri ID (Id-Uz-Zuha),https://www.rbi.org.in/Scripts/HolidayMatrixDisplay.aspx?drRegionalOffice=0&drMonth=6&drYear=2024 (POST form),Reserve Bank of India,2026-09-28
2024,2024-06-17,6,17,169,Monsoon,Panaji,Goa,West,Eid-ul-Adha (Bakrid),Muslim,Religious,unique,1,1.0,Bakri ID (Id-Uz-Zuha),https://www.rbi.org.in/Scripts/HolidayMatrixDisplay.aspx?drRegionalOffice=0&drMonth=6&drYear=2024 (POST form),Reserve Bank of India,2026-09-28
2024,2024-06-17,6,17,169,Monsoon,Patna,Bihar,East,Eid-ul-Adha (Bakrid),Muslim,Religious,unique,1,1.0,Bakri ID (Id-Uz-Zuha),https://www.rbi.org.in/Scripts/HolidayMatrixDisplay.aspx?drRegionalOffice=0&drMonth=6&drYear=2024 (POST form),Reserve Bank of India,2026-09-28
2024,2024-06-17,6,17,169,Monsoon,Raipur,Chhattisgarh,Central,Eid-ul-Adha (Bakrid),Muslim,Religious,unique,1,1.0,Bakri ID (Id-Uz-Zuha),https://www.rbi.org.in/Scripts/HolidayMatrixDisplay.aspx?drRegionalOffice=0&drMonth=6&drYear=2024 (POST form),Reserve Bank of India,2026-09-28
2024,2024-06-17,6,17,169,Monsoon,Ranchi,Jharkhand,East,Eid-ul-Adha (Bakrid),Muslim,Religious,unique,1,1.0,Bakri ID (Id-Uz-Zuha),https://www.rbi.org.in/Scripts/HolidayMatrixDisplay.aspx?drRegionalOffice=0&drMonth=6&drYear=2024 (POST form),Reserve Bank of India,2026-09-28
2024,2024-06-17,6,17,169,Monsoon,Shillong,Meghalaya,North-East,Eid-ul-Adha (Bakrid),Muslim,Religious,unique,1,1.0,Bakri ID (Id-Uz-Zuha),https://www.rbi.org.in/Scripts/HolidayMatrixDisplay.aspx?drRegionalOffice=0&drMonth=6&drYear=2024 (POST form),Reserve Bank of India,2026-09-28
2024,2024-06-17,6,17,169,Monsoon,Shimla,Himachal Pradesh,North,Eid-ul-Adha (Bakrid),Muslim,Religious,unique,1,1.0,Bakri ID (Id-Uz-Zuha),https://www.rbi.org.in/Scripts/HolidayMatrixDisplay.aspx?drRegionalOffice=0&drMonth=6&drYear=2024 (POST form),Reserve Bank of India,2026-09-28
2024,2024-06-17,6,17,169,Monsoon,Srinagar,Jammu & Kashmir,North,Eid-ul-Adha (Bakrid),Muslim,Religious,unique,1,1.0,Bakri ID (Id-Uz-Zuha),https://www.rbi.org.in/Scripts/HolidayMatrixDisplay.aspx?drRegionalOffice=0&drMonth=6&drYear=2024 (POST form),Reserve Bank of India,2026-09-28
2024,2024-06-17,6,17,169,Monsoon,Thiruvananthapuram,Kerala,South,Eid-ul-Adha (Bakrid),Muslim,Religious,unique,1,1.0,Bakri ID (Id-Uz-Zuha),https://www.rbi.org.in/Scripts/HolidayMatrixDisplay.aspx?drRegionalOffice=0&drMonth=6&drYear=2024 (POST form),Reserve Bank of India,2026-09-28
2024,2024-06-17,6,17,169,Monsoon,Vijayawada,Andhra Pradesh,South,Eid-ul-Adha (Bakrid),Muslim,Religious,unique,1,1.0,Bakri ID (Id-Uz-Zuha),https://www.rbi.org.in/Scripts/HolidayMatrixDisplay.aspx?drRegionalOffice=0&drMonth=6&drYear=2024 (POST form),Reserve Bank of India,2026-09-28
2024,2024-06-18,6,18,170,Monsoon,Jammu,Jammu & Kashmir,North,Eid-ul-Adha (Bakrid),Muslim,Religious,unique,1,1.0,Bakri ID (Id-Uz-Zuha),https://www.rbi.org.in/Scripts/HolidayMatrixDisplay.aspx?drRegionalOffice=0&drMonth=6&drYear=2024 (POST form),Reserve Bank of India,2026-09-28
2024,2024-06-18,6,18,170,Monsoon,Srinagar,Jammu & Kashmir,North,Eid-ul-Adha (Bakrid),Muslim,Religious,unique,1,1.0,Bakri ID (Id-Uz-Zuha),https://www.rbi.org.in/Scripts/HolidayMatrixDisplay.aspx?drRegionalOffice=0&drMonth=6&drYear=2024 (POST form),Reserve Bank of India,2026-09-28
2024,2024-06-22,6,22,174,Monsoon,Jammu,Jammu & Kashmir,North,Guru Hargobind Jayanti,Sikh,Commemoration,unique,1,1.0,Guru Hargobind Ji’s Birthday,https://www.rbi.org.in/Scripts/HolidayMatrixDisplay.aspx?drRegionalOffice=0&drMonth=6&drYear=2024 (POST form),Reserve Bank of India,2026-09-28
2024,2024-06-22,6,22,174,Monsoon,Srinagar,Jammu & Kashmir,North,Guru Hargobind Jayanti,Sikh,Commemoration,unique,1,1.0,Guru Hargobind Ji’s Birthday,https://www.rbi.org.in/Scripts/HolidayMatrixDisplay.aspx?drRegionalOffice=0&drMonth=6&drYear=2024 (POST form),Reserve Bank of India,2026-09-28
2024,2024-07-03,7,3,185,Monsoon,Imphal,Manipur,North-East,Behdienkhlam,Tribal/Indigenous,Religious,shared_date,2,0.5,Beh Dienkhlam/Incessant rains,https://www.rbi.org.in/Scripts/HolidayMatrixDisplay.aspx?drRegionalOffice=0&drMonth=7&drYear=2024 (POST form),Reserve Bank of India,2026-09-28
2024,2024-07-03,7,3,185,Monsoon,Shillong,Meghalaya,North-East,Behdienkhlam,Tribal/Indigenous,Religious,shared_date,2,0.5,Beh Dienkhlam/Incessant rains,https://www.rbi.org.in/Scripts/HolidayMatrixDisplay.aspx?drRegionalOffice=0&drMonth=7&drYear=2024 (POST form),Reserve Bank of India,2026-09-28
2024,2024-07-08,7,8,190,Monsoon,Bhubaneswar,Odisha,East,Rath Yatra,Hindu,Religious,unique,1,1.0,Kang (Rathajatra)/Ratha Yatra,https://www.rbi.org.in/Scripts/HolidayMatrixDisplay.aspx?drRegionalOffice=0&drMonth=7&drYear=2024 (POST form),Reserve Bank of India,2026-09-28
2024,2024-07-08,7,8,190,Monsoon,Imphal,Manipur,North-East,Rath Yatra,Hindu,Religious,unique,1,1.0,Kang (Rathajatra)/Ratha Yatra,https://www.rbi.org.in/Scripts/HolidayMatrixDisplay.aspx?drRegionalOffice=0&drMonth=7&drYear=2024 (POST form),Reserve Bank of India,2026-09-28
2024,2024-07-09,7,9,191,Monsoon,Gangtok,Sikkim,North-East,Drukpa Tshe-zi,Buddhist,Religious,unique,1,1.0,Drukpa Tshe-zi,https://www.rbi.org.in/Scripts/HolidayMatrixDisplay.aspx?drRegionalOffice=0&drMonth=7&drYear=2024 (POST form),Reserve Bank of India,2026-09-28
2024,2024-07-16,7,16,198,Monsoon,Dehradun,Uttarakhand,North,Harela,Hindu,Seasonal,unique,1,1.0,Harela,https://www.rbi.org.in/Scripts/HolidayMatrixDisplay.aspx?drRegionalOffice=0&drMonth=7&drYear=2024 (POST form),Reserve Bank of India,2026-09-28
2024,2024-07-17,7,17,199,Monsoon,Agartala,Tripura,North-East,Muharram / Ashura,Muslim,Religious,shared_date,2,0.5,Muharram/Ashoora/U Tirot Sing Day,https://www.rbi.org.in/Scripts/HolidayMatrixDisplay.aspx?drRegionalOffice=0&drMonth=7&drYear=2024 (POST form),Reserve Bank of India,2026-09-28
2024,2024-07-17,7,17,199,Monsoon,Aizawl,Mizoram,North-East,Muharram / Ashura,Muslim,Religious,shared_date,2,0.5,Muharram/Ashoora/U Tirot Sing Day,https://www.rbi.org.in/Scripts/HolidayMatrixDisplay.aspx?drRegionalOffice=0&drMonth=7&drYear=2024 (POST form),Reserve Bank of India,2026-09-28
2024,2024-07-17,7,17,199,Monsoon,Belapur,Maharashtra,West,Muharram / Ashura,Muslim,Religious,shared_date,2,0.5,Muharram/Ashoora/U Tirot Sing Day,https://www.rbi.org.in/Scripts/HolidayMatrixDisplay.aspx?drRegionalOffice=0&drMonth=7&drYear=2024 (POST form),Reserve Bank of India,2026-09-28
2024,2024-07-17,7,17,199,Monsoon,Bengaluru,Karnataka,South,Muharram / Ashura,Muslim,Religious,shared_date,2,0.5,Muharram/Ashoora/U Tirot Sing Day,https://www.rbi.org.in/Scripts/HolidayMatrixDisplay.aspx?drRegionalOffice=0&drMonth=7&drYear=2024 (POST form),Reserve Bank of India,2026-09-28
2024,2024-07-17,7,17,199,Monsoon,Bhopal,Madhya Pradesh,Central,Muharram / Ashura,Muslim,Religious,shared_date,2,0.5,Muharram/Ashoora/U Tirot Sing Day,https://www.rbi.org.in/Scripts/HolidayMatrixDisplay.aspx?drRegionalOffice=0&drMonth=7&drYear=2024 (POST form),Reserve Bank of India,2026-09-28
2024,2024-07-17,7,17,199,Monsoon,Chennai,Tamil Nadu,South,Muharram / Ashura,Muslim,Religious,shared_date,2,0.5,Muharram/Ashoora/U Tirot Sing Day,https://www.rbi.org.in/Scripts/HolidayMatrixDisplay.aspx?drRegionalOffice=0&drMonth=7&drYear=2024 (POST form),Reserve Bank of India,2026-09-28
2024,2024-07-17,7,17,199,Monsoon,Hyderabad,Telangana,South,Muharram / Ashura,Muslim,Religious,shared_date,2,0.5,Muharram/Ashoora/U Tirot Sing Day,https://www.rbi.org.in/Scripts/HolidayMatrixDisplay.aspx?drRegionalOffice=0&drMonth=7&drYear=2024 (POST form),Reserve Bank of India,2026-09-28
2024,2024-07-17,7,17,199,Monsoon,Jaipur,Rajasthan,North,Muharram / Ashura,Muslim,Religious,shared_date,2,0.5,Muharram/Ashoora/U Tirot Sing Day,https://www.rbi.org.in/Scripts/HolidayMatrixDisplay.aspx?drRegionalOffice=0&drMonth=7&drYear=2024 (POST form),Reserve Bank of India,2026-09-28
2024,2024-07-17,7,17,199,Monsoon,Jammu,Jammu & Kashmir,North,Muharram / Ashura,Muslim,Religious,shared_date,2,0.5,Muharram/Ashoora/U Tirot Sing Day,https://www.rbi.org.in/Scripts/HolidayMatrixDisplay.aspx?drRegionalOffice=0&drMonth=7&drYear=2024 (POST form),Reserve Bank of India,2026-09-28
2024,2024-07-17,7,17,199,Monsoon,Kanpur,Uttar Pradesh,North,Muharram / Ashura,Muslim,Religious,shared_date,2,0.5,Muharram/Ashoora/U Tirot Sing Day,https://www.rbi.org.in/Scripts/HolidayMatrixDisplay.aspx?drRegionalOffice=0&drMonth=7&drYear=2024 (POST form),Reserve Bank of India,2026-09-28
2024,2024-07-17,7,17,199,Monsoon,Kolkata,West Bengal,East,Muharram / Ashura,Muslim,Religious,shared_date,2,0.5,Muharram/Ashoora/U Tirot Sing Day,https://www.rbi.org.in/Scripts/HolidayMatrixDisplay.aspx?drRegionalOffice=0&drMonth=7&drYear=2024 (POST form),Reserve Bank of India,2026-09-28
2024,2024-07-17,7,17,199,Monsoon,Lucknow,Uttar Pradesh,North,Muharram / Ashura,Muslim,Religious,shared_date,2,0.5,Muharram/Ashoora/U Tirot Sing Day,https://www.rbi.org.in/Scripts/HolidayMatrixDisplay.aspx?drRegionalOffice=0&drMonth=7&drYear=2024 (POST form),Reserve Bank of India,2026-09-28
2024,2024-07-17,7,17,199,Monsoon,Mumbai,Maharashtra,West,Muharram / Ashura,Muslim,Religious,shared_date,2,0.5,Muharram/Ashoora/U Tirot Sing Day,https://www.rbi.org.in/Scripts/HolidayMatrixDisplay.aspx?drRegionalOffice=0&drMonth=7&drYear=2024 (POST form),Reserve Bank of India,2026-09-28
2024,2024-07-17,7,17,199,Monsoon,Nagpur,Maharashtra,West,Muharram / Ashura,Muslim,Religious,shared_date,2,0.5,Muharram/Ashoora/U Tirot Sing Day,https://www.rbi.org.in/Scripts/HolidayMatrixDisplay.aspx?drRegionalOffice=0&drMonth=7&drYear=2024 (POST form),Reserve Bank of India,2026-09-28
2024,2024-07-17,7,17,199,Monsoon,New Delhi,Delhi,North,Muharram / Ashura,Muslim,Religious,shared_date,2,0.5,Muharram/Ashoora/U Tirot Sing Day,https://www.rbi.org.in/Scripts/HolidayMatrixDisplay.aspx?drRegionalOffice=0&drMonth=7&drYear=2024 (POST form),Reserve Bank of India,2026-09-28
2024,2024-07-17,7,17,199,Monsoon,Patna,Bihar,East,Muharram / Ashura,Muslim,Religious,shared_date,2,0.5,Muharram/Ashoora/U Tirot Sing Day,https://www.rbi.org.in/Scripts/HolidayMatrixDisplay.aspx?drRegionalOffice=0&drMonth=7&drYear=2024 (POST form),Reserve Bank of India,2026-09-28
2024,2024-07-17,7,17,199,Monsoon,Raipur,Chhattisgarh,Central,Muharram / Ashura,Muslim,Religious,shared_date,2,0.5,Muharram/Ashoora/U Tirot Sing Day,https://www.rbi.org.in/Scripts/HolidayMatrixDisplay.aspx?drRegionalOffice=0&drMonth=7&drYear=2024 (POST form),Reserve Bank of India,2026-09-28
2024,2024-07-17,7,17,199,Monsoon,Ranchi,Jharkhand,East,Muharram / Ashura,Muslim,Religious,shared_date,2,0.5,Muharram/Ashoora/U Tirot Sing Day,https://www.rbi.org.in/Scripts/HolidayMatrixDisplay.aspx?drRegionalOffice=0&drMonth=7&drYear=2024 (POST form),Reserve Bank of India,2026-09-28
2024,2024-07-17,7,17,199,Monsoon,Shillong,Meghalaya,North-East,Muharram / Ashura,Muslim,Religious,shared_date,2,0.5,Muharram/Ashoora/U Tirot Sing Day,https://www.rbi.org.in/Scripts/HolidayMatrixDisplay.aspx?drRegionalOffice=0&drMonth=7&drYear=2024 (POST form),Reserve Bank of India,2026-09-28
2024,2024-07-17,7,17,199,Monsoon,Shimla,Himachal Pradesh,North,Muharram / Ashura,Muslim,Religious,shared_date,2,0.5,Muharram/Ashoora/U Tirot Sing Day,https://www.rbi.org.in/Scripts/HolidayMatrixDisplay.aspx?drRegionalOffice=0&drMonth=7&drYear=2024 (POST form),Reserve Bank of India,2026-09-28
2024,2024-07-17,7,17,199,Monsoon,Srinagar,Jammu & Kashmir,North,Muharram / Ashura,Muslim,Religious,shared_date,2,0.5,Muharram/Ashoora/U Tirot Sing Day,https://www.rbi.org.in/Scripts/HolidayMatrixDisplay.aspx?drRegionalOffice=0&drMonth=7&drYear=2024 (POST form),Reserve Bank of India,2026-09-28
2024,2024-07-17,7,17,199,Monsoon,Vijayawada,Andhra Pradesh,South,Muharram / Ashura,Muslim,Religious,shared_date,2,0.5,Muharram/Ashoora/U Tirot Sing Day,https://www.rbi.org.in/Scripts/HolidayMatrixDisplay.aspx?drRegionalOffice=0&drMonth=7&drYear=2024 (POST form),Reserve Bank of India,2026-09-28
2024,2024-07-20,7,20,202,Monsoon,Agartala,Tripura,North-East,Kharchi Puja,Tribal/Indigenous,Religious,unique,1,1.0,Kharchi Puja,https://www.rbi.org.in/Scripts/HolidayMatrixDisplay.aspx?drRegionalOffice=0&drMonth=7&drYear=2024 (POST form),Reserve Bank of India,2026-09-28
2024,2024-08-03,8,3,216,Monsoon,Agartala,Tripura,North-East,Ker Puja,Tribal/Indigenous,Religious,unique,1,1.0,Ker Puja,https://www.rbi.org.in/Scripts/HolidayMatrixDisplay.aspx?drRegionalOffice=0&drMonth=8&drYear=2024 (POST form),Reserve Bank of India,2026-09-28
2024,2024-08-08,8,8,221,Monsoon,Gangtok,Sikkim,North-East,Tendong Lho Rum Faat,Tribal/Indigenous,Religious,unique,1,1.0,Tendong Lho Rum Faat,https://www.rbi.org.in/Scripts/HolidayMatrixDisplay.aspx?drRegionalOffice=0&drMonth=8&drYear=2024 (POST form),Reserve Bank of India,2026-09-28
2024,2024-08-15,8,15,228,Monsoon,Agartala,Tripura,North-East,"Parsi New Year (Navroz, Shahenshahi)",Parsi,New Year,shared_date,2,0.5,Independence Day/Parsi New Year (Shahenshahi),https://www.rbi.org.in/Scripts/HolidayMatrixDisplay.aspx?drRegionalOffice=0&drMonth=8&drYear=2024 (POST form),Reserve Bank of India,2026-09-28
2024,2024-08-15,8,15,228,Monsoon,Ahmedabad,Gujarat,West,"Parsi New Year (Navroz, Shahenshahi)",Parsi,New Year,shared_date,2,0.5,Independence Day/Parsi New Year (Shahenshahi),https://www.rbi.org.in/Scripts/HolidayMatrixDisplay.aspx?drRegionalOffice=0&drMonth=8&drYear=2024 (POST form),Reserve Bank of India,2026-09-28
2024,2024-08-15,8,15,228,Monsoon,Aizawl,Mizoram,North-East,"Parsi New Year (Navroz, Shahenshahi)",Parsi,New Year,shared_date,2,0.5,Independence Day/Parsi New Year (Shahenshahi),https://www.rbi.org.in/Scripts/HolidayMatrixDisplay.aspx?drRegionalOffice=0&drMonth=8&drYear=2024 (POST form),Reserve Bank of India,2026-09-28
2024,2024-08-15,8,15,228,Monsoon,Belapur,Maharashtra,West,"Parsi New Year (Navroz, Shahenshahi)",Parsi,New Year,shared_date,2,0.5,Independence Day/Parsi New Year (Shahenshahi),https://www.rbi.org.in/Scripts/HolidayMatrixDisplay.aspx?drRegionalOffice=0&drMonth=8&drYear=2024 (POST form),Reserve Bank of India,2026-09-28
2024,2024-08-15,8,15,228,Monsoon,Bengaluru,Karnataka,South,"Parsi New Year (Navroz, Shahenshahi)",Parsi,New Year,shared_date,2,0.5,Independence Day/Parsi New Year (Shahenshahi),https://www.rbi.org.in/Scripts/HolidayMatrixDisplay.aspx?drRegionalOffice=0&drMonth=8&drYear=2024 (POST form),Reserve Bank of India,2026-09-28
2024,2024-08-15,8,15,228,Monsoon,Bhopal,Madhya Pradesh,Central,"Parsi New Year (Navroz, Shahenshahi)",Parsi,New Year,shared_date,2,0.5,Independence Day/Parsi New Year (Shahenshahi),https://www.rbi.org.in/Scripts/HolidayMatrixDisplay.aspx?drRegionalOffice=0&drMonth=8&drYear=2024 (POST form),Reserve Bank of India,2026-09-28
2024,2024-08-15,8,15,228,Monsoon,Bhubaneswar,Odisha,East,"Parsi New Year (Navroz, Shahenshahi)",Parsi,New Year,shared_date,2,0.5,Independence Day/Parsi New Year (Shahenshahi),https://www.rbi.org.in/Scripts/HolidayMatrixDisplay.aspx?drRegionalOffice=0&drMonth=8&drYear=2024 (POST form),Reserve Bank of India,2026-09-28
2024,2024-08-15,8,15,228,Monsoon,Chandigarh,Punjab-Haryana-Chandigarh,North,"Parsi New Year (Navroz, Shahenshahi)",Parsi,New Year,shared_date,2,0.5,Independence Day/Parsi New Year (Shahenshahi),https://www.rbi.org.in/Scripts/HolidayMatrixDisplay.aspx?drRegionalOffice=0&drMonth=8&drYear=2024 (POST form),Reserve Bank of India,2026-09-28
2024,2024-08-15,8,15,228,Monsoon,Chennai,Tamil Nadu,South,"Parsi New Year (Navroz, Shahenshahi)",Parsi,New Year,shared_date,2,0.5,Independence Day/Parsi New Year (Shahenshahi),https://www.rbi.org.in/Scripts/HolidayMatrixDisplay.aspx?drRegionalOffice=0&drMonth=8&drYear=2024 (POST form),Reserve Bank of India,2026-09-28
2024,2024-08-15,8,15,228,Monsoon,Dehradun,Uttarakhand,North,"Parsi New Year (Navroz, Shahenshahi)",Parsi,New Year,shared_date,2,0.5,Independence Day/Parsi New Year (Shahenshahi),https://www.rbi.org.in/Scripts/HolidayMatrixDisplay.aspx?drRegionalOffice=0&drMonth=8&drYear=2024 (POST form),Reserve Bank of India,2026-09-28
2024,2024-08-15,8,15,228,Monsoon,Gangtok,Sikkim,North-East,"Parsi New Year (Navroz, Shahenshahi)",Parsi,New Year,shared_date,2,0.5,Independence Day/Parsi New Year (Shahenshahi),https://www.rbi.org.in/Scripts/HolidayMatrixDisplay.aspx?drRegionalOffice=0&drMonth=8&drYear=2024 (POST form),Reserve Bank of India,2026-09-28
2024,2024-08-15,8,15,228,Monsoon,Guwahati,Assam,North-East,"Parsi New Year (Navroz, Shahenshahi)",Parsi,New Year,shared_date,2,0.5,Independence Day/Parsi New Year (Shahenshahi),https://www.rbi.org.in/Scripts/HolidayMatrixDisplay.aspx?drRegionalOffice=0&drMonth=8&drYear=2024 (POST form),Reserve Bank of India,2026-09-28
2024,2024-08-15,8,15,228,Monsoon,Hyderabad,Telangana,South,"Parsi New Year (Navroz, Shahenshahi)",Parsi,New Year,shared_date,2,0.5,Independence Day/Parsi New Year (Shahenshahi),https://www.rbi.org.in/Scripts/HolidayMatrixDisplay.aspx?drRegionalOffice=0&drMonth=8&drYear=2024 (POST form),Reserve Bank of India,2026-09-28
2024,2024-08-15,8,15,228,Monsoon,Imphal,Manipur,North-East,"Parsi New Year (Navroz, Shahenshahi)",Parsi,New Year,shared_date,2,0.5,Independence Day/Parsi New Year (Shahenshahi),https://www.rbi.org.in/Scripts/HolidayMatrixDisplay.aspx?drRegionalOffice=0&drMonth=8&drYear=2024 (POST form),Reserve Bank of India,2026-09-28
2024,2024-08-15,8,15,228,Monsoon,Itanagar,Arunachal Pradesh,North-East,"Parsi New Year (Navroz, Shahenshahi)",Parsi,New Year,shared_date,2,0.5,Independence Day/Parsi New Year (Shahenshahi),https://www.rbi.org.in/Scripts/HolidayMatrixDisplay.aspx?drRegionalOffice=0&drMonth=8&drYear=2024 (POST form),Reserve Bank of India,2026-09-28
2024,2024-08-15,8,15,228,Monsoon,Jaipur,Rajasthan,North,"Parsi New Year (Navroz, Shahenshahi)",Parsi,New Year,shared_date,2,0.5,Independence Day/Parsi New Year (Shahenshahi),https://www.rbi.org.in/Scripts/HolidayMatrixDisplay.aspx?drRegionalOffice=0&drMonth=8&drYear=2024 (POST form),Reserve Bank of India,2026-09-28
2024,2024-08-15,8,15,228,Monsoon,Jammu,Jammu & Kashmir,North,"Parsi New Year (Navroz, Shahenshahi)",Parsi,New Year,shared_date,2,0.5,Independence Day/Parsi New Year (Shahenshahi),https://www.rbi.org.in/Scripts/HolidayMatrixDisplay.aspx?drRegionalOffice=0&drMonth=8&drYear=2024 (POST form),Reserve Bank of India,2026-09-28
2024,2024-08-15,8,15,228,Monsoon,Kanpur,Uttar Pradesh,North,"Parsi New Year (Navroz, Shahenshahi)",Parsi,New Year,shared_date,2,0.5,Independence Day/Parsi New Year (Shahenshahi),https://www.rbi.org.in/Scripts/HolidayMatrixDisplay.aspx?drRegionalOffice=0&drMonth=8&drYear=2024 (POST form),Reserve Bank of India,2026-09-28
2024,2024-08-15,8,15,228,Monsoon,Kochi,Kerala,South,"Parsi New Year (Navroz, Shahenshahi)",Parsi,New Year,shared_date,2,0.5,Independence Day/Parsi New Year (Shahenshahi),https://www.rbi.org.in/Scripts/HolidayMatrixDisplay.aspx?drRegionalOffice=0&drMonth=8&drYear=2024 (POST form),Reserve Bank of India,2026-09-28
2024,2024-08-15,8,15,228,Monsoon,Kohima,Nagaland,North-East,"Parsi New Year (Navroz, Shahenshahi)",Parsi,New Year,shared_date,2,0.5,Independence Day/Parsi New Year (Shahenshahi),https://www.rbi.org.in/Scripts/HolidayMatrixDisplay.aspx?drRegionalOffice=0&drMonth=8&drYear=2024 (POST form),Reserve Bank of India,2026-09-28
2024,2024-08-15,8,15,228,Monsoon,Kolkata,West Bengal,East,"Parsi New Year (Navroz, Shahenshahi)",Parsi,New Year,shared_date,2,0.5,Independence Day/Parsi New Year (Shahenshahi),https://www.rbi.org.in/Scripts/HolidayMatrixDisplay.aspx?drRegionalOffice=0&drMonth=8&drYear=2024 (POST form),Reserve Bank of India,2026-09-28
2024,2024-08-15,8,15,228,Monsoon,Lucknow,Uttar Pradesh,North,"Parsi New Year (Navroz, Shahenshahi)",Parsi,New Year,shared_date,2,0.5,Independence Day/Parsi New Year (Shahenshahi),https://www.rbi.org.in/Scripts/HolidayMatrixDisplay.aspx?drRegionalOffice=0&drMonth=8&drYear=2024 (POST form),Reserve Bank of India,2026-09-28
2024,2024-08-15,8,15,228,Monsoon,Mumbai,Maharashtra,West,"Parsi New Year (Navroz, Shahenshahi)",Parsi,New Year,shared_date,2,0.5,Independence Day/Parsi New Year (Shahenshahi),https://www.rbi.org.in/Scripts/HolidayMatrixDisplay.aspx?drRegionalOffice=0&drMonth=8&drYear=2024 (POST form),Reserve Bank of India,2026-09-28
2024,2024-08-15,8,15,228,Monsoon,Nagpur,Maharashtra,West,"Parsi New Year (Navroz, Shahenshahi)",Parsi,New Year,shared_date,2,0.5,Independence Day/Parsi New Year (Shahenshahi),https://www.rbi.org.in/Scripts/HolidayMatrixDisplay.aspx?drRegionalOffice=0&drMonth=8&drYear=2024 (POST form),Reserve Bank of India,2026-09-28
2024,2024-08-15,8,15,228,Monsoon,New Delhi,Delhi,North,"Parsi New Year (Navroz, Shahenshahi)",Parsi,New Year,shared_date,2,0.5,Independence Day/Parsi New Year (Shahenshahi),https://www.rbi.org.in/Scripts/HolidayMatrixDisplay.aspx?drRegionalOffice=0&drMonth=8&drYear=2024 (POST form),Reserve Bank of India,2026-09-28
2024,2024-08-15,8,15,228,Monsoon,Panaji,Goa,West,"Parsi New Year (Navroz, Shahenshahi)",Parsi,New Year,shared_date,2,0.5,Independence Day/Parsi New Year (Shahenshahi),https://www.rbi.org.in/Scripts/HolidayMatrixDisplay.aspx?drRegionalOffice=0&drMonth=8&drYear=2024 (POST form),Reserve Bank of India,2026-09-28
2024,2024-08-15,8,15,228,Monsoon,Patna,Bihar,East,"Parsi New Year (Navroz, Shahenshahi)",Parsi,New Year,shared_date,2,0.5,Independence Day/Parsi New Year (Shahenshahi),https://www.rbi.org.in/Scripts/HolidayMatrixDisplay.aspx?drRegionalOffice=0&drMonth=8&drYear=2024 (POST form),Reserve Bank of India,2026-09-28
2024,2024-08-15,8,15,228,Monsoon,Raipur,Chhattisgarh,Central,"Parsi New Year (Navroz, Shahenshahi)",Parsi,New Year,shared_date,2,0.5,Independence Day/Parsi New Year (Shahenshahi),https://www.rbi.org.in/Scripts/HolidayMatrixDisplay.aspx?drRegionalOffice=0&drMonth=8&drYear=2024 (POST form),Reserve Bank of India,2026-09-28
2024,2024-08-15,8,15,228,Monsoon,Ranchi,Jharkhand,East,"Parsi New Year (Navroz, Shahenshahi)",Parsi,New Year,shared_date,2,0.5,Independence Day/Parsi New Year (Shahenshahi),https://www.rbi.org.in/Scripts/HolidayMatrixDisplay.aspx?drRegionalOffice=0&drMonth=8&drYear=2024 (POST form),Reserve Bank of India,2026-09-28
2024,2024-08-15,8,15,228,Monsoon,Shillong,Meghalaya,North-East,"Parsi New Year (Navroz, Shahenshahi)",Parsi,New Year,shared_date,2,0.5,Independence Day/Parsi New Year (Shahenshahi),https://www.rbi.org.in/Scripts/HolidayMatrixDisplay.aspx?drRegionalOffice=0&drMonth=8&drYear=2024 (POST form),Reserve Bank of India,2026-09-28
2024,2024-08-15,8,15,228,Monsoon,Shimla,Himachal Pradesh,North,"Parsi New Year (Navroz, Shahenshahi)",Parsi,New Year,shared_date,2,0.5,Independence Day/Parsi New Year (Shahenshahi),https://www.rbi.org.in/Scripts/HolidayMatrixDisplay.aspx?drRegionalOffice=0&drMonth=8&drYear=2024 (POST form),Reserve Bank of India,2026-09-28
2024,2024-08-15,8,15,228,Monsoon,Srinagar,Jammu & Kashmir,North,"Parsi New Year (Navroz, Shahenshahi)",Parsi,New Year,shared_date,2,0.5,Independence Day/Parsi New Year (Shahenshahi),https://www.rbi.org.in/Scripts/HolidayMatrixDisplay.aspx?drRegionalOffice=0&drMonth=8&drYear=2024 (POST form),Reserve Bank of India,2026-09-28
2024,2024-08-15,8,15,228,Monsoon,Thiruvananthapuram,Kerala,South,"Parsi New Year (Navroz, Shahenshahi)",Parsi,New Year,shared_date,2,0.5,Independence Day/Parsi New Year (Shahenshahi),https://www.rbi.org.in/Scripts/HolidayMatrixDisplay.aspx?drRegionalOffice=0&drMonth=8&drYear=2024 (POST form),Reserve Bank of India,2026-09-28
2024,2024-08-15,8,15,228,Monsoon,Vijayawada,Andhra Pradesh,South,"Parsi New Year (Navroz, Shahenshahi)",Parsi,New Year,shared_date,2,0.5,Independence Day/Parsi New Year (Shahenshahi),https://www.rbi.org.in/Scripts/HolidayMatrixDisplay.aspx?drRegionalOffice=0&drMonth=8&drYear=2024 (POST form),Reserve Bank of India,2026-09-28
2024,2024-08-19,8,19,232,Monsoon,Agartala,Tripura,North-East,Raksha Bandhan,Hindu,Religious,shared_date,2,0.5,Raksha Bandhan/Jhulana Purnima/Birthday of Bir Bikram Kishore Manikya Bahadur,https://www.rbi.org.in/Scripts/HolidayMatrixDisplay.aspx?drRegionalOffice=0&drMonth=8&drYear=2024 (POST form),Reserve Bank of India,2026-09-28
2024,2024-08-19,8,19,232,Monsoon,Ahmedabad,Gujarat,West,Raksha Bandhan,Hindu,Religious,shared_date,2,0.5,Raksha Bandhan/Jhulana Purnima/Birthday of Bir Bikram Kishore Manikya Bahadur,https://www.rbi.org.in/Scripts/HolidayMatrixDisplay.aspx?drRegionalOffice=0&drMonth=8&drYear=2024 (POST form),Reserve Bank of India,2026-09-28
2024,2024-08-19,8,19,232,Monsoon,Bhopal,Madhya Pradesh,Central,Raksha Bandhan,Hindu,Religious,shared_date,2,0.5,Raksha Bandhan/Jhulana Purnima/Birthday of Bir Bikram Kishore Manikya Bahadur,https://www.rbi.org.in/Scripts/HolidayMatrixDisplay.aspx?drRegionalOffice=0&drMonth=8&drYear=2024 (POST form),Reserve Bank of India,2026-09-28
2024,2024-08-19,8,19,232,Monsoon,Bhubaneswar,Odisha,East,Raksha Bandhan,Hindu,Religious,shared_date,2,0.5,Raksha Bandhan/Jhulana Purnima/Birthday of Bir Bikram Kishore Manikya Bahadur,https://www.rbi.org.in/Scripts/HolidayMatrixDisplay.aspx?drRegionalOffice=0&drMonth=8&drYear=2024 (POST form),Reserve Bank of India,2026-09-28
2024,2024-08-19,8,19,232,Monsoon,Dehradun,Uttarakhand,North,Raksha Bandhan,Hindu,Religious,shared_date,2,0.5,Raksha Bandhan/Jhulana Purnima/Birthday of Bir Bikram Kishore Manikya Bahadur,https://www.rbi.org.in/Scripts/HolidayMatrixDisplay.aspx?drRegionalOffice=0&drMonth=8&drYear=2024 (POST form),Reserve Bank of India,2026-09-28
2024,2024-08-19,8,19,232,Monsoon,Jaipur,Rajasthan,North,Raksha Bandhan,Hindu,Religious,shared_date,2,0.5,Raksha Bandhan/Jhulana Purnima/Birthday of Bir Bikram Kishore Manikya Bahadur,https://www.rbi.org.in/Scripts/HolidayMatrixDisplay.aspx?drRegionalOffice=0&drMonth=8&drYear=2024 (POST form),Reserve Bank of India,2026-09-28
2024,2024-08-19,8,19,232,Monsoon,Kanpur,Uttar Pradesh,North,Raksha Bandhan,Hindu,Religious,shared_date,2,0.5,Raksha Bandhan/Jhulana Purnima/Birthday of Bir Bikram Kishore Manikya Bahadur,https://www.rbi.org.in/Scripts/HolidayMatrixDisplay.aspx?drRegionalOffice=0&drMonth=8&drYear=2024 (POST form),Reserve Bank of India,2026-09-28
2024,2024-08-19,8,19,232,Monsoon,Lucknow,Uttar Pradesh,North,Raksha Bandhan,Hindu,Religious,shared_date,2,0.5,Raksha Bandhan/Jhulana Purnima/Birthday of Bir Bikram Kishore Manikya Bahadur,https://www.rbi.org.in/Scripts/HolidayMatrixDisplay.aspx?drRegionalOffice=0&drMonth=8&drYear=2024 (POST form),Reserve Bank of India,2026-09-28
2024,2024-08-19,8,19,232,Monsoon,Shimla,Himachal Pradesh,North,Raksha Bandhan,Hindu,Religious,shared_date,2,0.5,Raksha Bandhan/Jhulana Purnima/Birthday of Bir Bikram Kishore Manikya Bahadur,https://www.rbi.org.in/Scripts/HolidayMatrixDisplay.aspx?drRegionalOffice=0&drMonth=8&drYear=2024 (POST form),Reserve Bank of India,2026-09-28
2024,2024-08-20,8,20,233,Monsoon,Kochi,Kerala,South,Sree Narayana Guru Jayanti / Samadhi,Hindu,Commemoration,unique,1,1.0,Sree Narayana Guru Jayanthi,https://www.rbi.org.in/Scripts/HolidayMatrixDisplay.aspx?drRegionalOffice=0&drMonth=8&drYear=2024 (POST form),Reserve Bank of India,2026-09-28
2024,2024-08-20,8,20,233,Monsoon,Thiruvananthapuram,Kerala,South,Sree Narayana Guru Jayanti / Samadhi,Hindu,Commemoration,unique,1,1.0,Sree Narayana Guru Jayanthi,https://www.rbi.org.in/Scripts/HolidayMatrixDisplay.aspx?drRegionalOffice=0&drMonth=8&drYear=2024 (POST form),Reserve Bank of India,2026-09-28
2024,2024-08-26,8,26,239,Monsoon,Ahmedabad,Gujarat,West,Janmashtami,Hindu,Religious,unique,1,1.0,Janmashtami (Shravan Vad-8)/Krishna Jayanthi,https://www.rbi.org.in/Scripts/HolidayMatrixDisplay.aspx?drRegionalOffice=0&drMonth=8&drYear=2024 (POST form),Reserve Bank of India,2026-09-28
2024,2024-08-26,8,26,239,Monsoon,Bhopal,Madhya Pradesh,Central,Janmashtami,Hindu,Religious,unique,1,1.0,Janmashtami (Shravan Vad-8)/Krishna Jayanthi,https://www.rbi.org.in/Scripts/HolidayMatrixDisplay.aspx?drRegionalOffice=0&drMonth=8&drYear=2024 (POST form),Reserve Bank of India,2026-09-28
2024,2024-08-26,8,26,239,Monsoon,Bhubaneswar,Odisha,East,Janmashtami,Hindu,Religious,unique,1,1.0,Janmashtami (Shravan Vad-8)/Krishna Jayanthi,https://www.rbi.org.in/Scripts/HolidayMatrixDisplay.aspx?drRegionalOffice=0&drMonth=8&drYear=2024 (POST form),Reserve Bank of India,2026-09-28
2024,2024-08-26,8,26,239,Monsoon,Chandigarh,Punjab-Haryana-Chandigarh,North,Janmashtami,Hindu,Religious,unique,1,1.0,Janmashtami (Shravan Vad-8)/Krishna Jayanthi,https://www.rbi.org.in/Scripts/HolidayMatrixDisplay.aspx?drRegionalOffice=0&drMonth=8&drYear=2024 (POST form),Reserve Bank of India,2026-09-28
2024,2024-08-26,8,26,239,Monsoon,Chennai,Tamil Nadu,South,Janmashtami,Hindu,Religious,unique,1,1.0,Janmashtami (Shravan Vad-8)/Krishna Jayanthi,https://www.rbi.org.in/Scripts/HolidayMatrixDisplay.aspx?drRegionalOffice=0&drMonth=8&drYear=2024 (POST form),Reserve Bank of India,2026-09-28
2024,2024-08-26,8,26,239,Monsoon,Dehradun,Uttarakhand,North,Janmashtami,Hindu,Religious,unique,1,1.0,Janmashtami (Shravan Vad-8)/Krishna Jayanthi,https://www.rbi.org.in/Scripts/HolidayMatrixDisplay.aspx?drRegionalOffice=0&drMonth=8&drYear=2024 (POST form),Reserve Bank of India,2026-09-28
2024,2024-08-26,8,26,239,Monsoon,Gangtok,Sikkim,North-East,Janmashtami,Hindu,Religious,unique,1,1.0,Janmashtami (Shravan Vad-8)/Krishna Jayanthi,https://www.rbi.org.in/Scripts/HolidayMatrixDisplay.aspx?drRegionalOffice=0&drMonth=8&drYear=2024 (POST form),Reserve Bank of India,2026-09-28
2024,2024-08-26,8,26,239,Monsoon,Hyderabad,Telangana,South,Janmashtami,Hindu,Religious,unique,1,1.0,Janmashtami (Shravan Vad-8)/Krishna Jayanthi,https://www.rbi.org.in/Scripts/HolidayMatrixDisplay.aspx?drRegionalOffice=0&drMonth=8&drYear=2024 (POST form),Reserve Bank of India,2026-09-28
2024,2024-08-26,8,26,239,Monsoon,Jaipur,Rajasthan,North,Janmashtami,Hindu,Religious,unique,1,1.0,Janmashtami (Shravan Vad-8)/Krishna Jayanthi,https://www.rbi.org.in/Scripts/HolidayMatrixDisplay.aspx?drRegionalOffice=0&drMonth=8&drYear=2024 (POST form),Reserve Bank of India,2026-09-28
2024,2024-08-26,8,26,239,Monsoon,Jammu,Jammu & Kashmir,North,Janmashtami,Hindu,Religious,unique,1,1.0,Janmashtami (Shravan Vad-8)/Krishna Jayanthi,https://www.rbi.org.in/Scripts/HolidayMatrixDisplay.aspx?drRegionalOffice=0&drMonth=8&drYear=2024 (POST form),Reserve Bank of India,2026-09-28
2024,2024-08-26,8,26,239,Monsoon,Kanpur,Uttar Pradesh,North,Janmashtami,Hindu,Religious,unique,1,1.0,Janmashtami (Shravan Vad-8)/Krishna Jayanthi,https://www.rbi.org.in/Scripts/HolidayMatrixDisplay.aspx?drRegionalOffice=0&drMonth=8&drYear=2024 (POST form),Reserve Bank of India,2026-09-28
2024,2024-08-26,8,26,239,Monsoon,Kolkata,West Bengal,East,Janmashtami,Hindu,Religious,unique,1,1.0,Janmashtami (Shravan Vad-8)/Krishna Jayanthi,https://www.rbi.org.in/Scripts/HolidayMatrixDisplay.aspx?drRegionalOffice=0&drMonth=8&drYear=2024 (POST form),Reserve Bank of India,2026-09-28
2024,2024-08-26,8,26,239,Monsoon,Lucknow,Uttar Pradesh,North,Janmashtami,Hindu,Religious,unique,1,1.0,Janmashtami (Shravan Vad-8)/Krishna Jayanthi,https://www.rbi.org.in/Scripts/HolidayMatrixDisplay.aspx?drRegionalOffice=0&drMonth=8&drYear=2024 (POST form),Reserve Bank of India,2026-09-28
2024,2024-08-26,8,26,239,Monsoon,Patna,Bihar,East,Janmashtami,Hindu,Religious,unique,1,1.0,Janmashtami (Shravan Vad-8)/Krishna Jayanthi,https://www.rbi.org.in/Scripts/HolidayMatrixDisplay.aspx?drRegionalOffice=0&drMonth=8&drYear=2024 (POST form),Reserve Bank of India,2026-09-28
2024,2024-08-26,8,26,239,Monsoon,Raipur,Chhattisgarh,Central,Janmashtami,Hindu,Religious,unique,1,1.0,Janmashtami (Shravan Vad-8)/Krishna Jayanthi,https://www.rbi.org.in/Scripts/HolidayMatrixDisplay.aspx?drRegionalOffice=0&drMonth=8&drYear=2024 (POST form),Reserve Bank of India,2026-09-28
2024,2024-08-26,8,26,239,Monsoon,Ranchi,Jharkhand,East,Janmashtami,Hindu,Religious,unique,1,1.0,Janmashtami (Shravan Vad-8)/Krishna Jayanthi,https://www.rbi.org.in/Scripts/HolidayMatrixDisplay.aspx?drRegionalOffice=0&drMonth=8&drYear=2024 (POST form),Reserve Bank of India,2026-09-28
2024,2024-08-26,8,26,239,Monsoon,Shillong,Meghalaya,North-East,Janmashtami,Hindu,Religious,unique,1,1.0,Janmashtami (Shravan Vad-8)/Krishna Jayanthi,https://www.rbi.org.in/Scripts/HolidayMatrixDisplay.aspx?drRegionalOffice=0&drMonth=8&drYear=2024 (POST form),Reserve Bank of India,2026-09-28
2024,2024-08-26,8,26,239,Monsoon,Shimla,Himachal Pradesh,North,Janmashtami,Hindu,Religious,unique,1,1.0,Janmashtami (Shravan Vad-8)/Krishna Jayanthi,https://www.rbi.org.in/Scripts/HolidayMatrixDisplay.aspx?drRegionalOffice=0&drMonth=8&drYear=2024 (POST form),Reserve Bank of India,2026-09-28
2024,2024-08-26,8,26,239,Monsoon,Srinagar,Jammu & Kashmir,North,Janmashtami,Hindu,Religious,unique,1,1.0,Janmashtami (Shravan Vad-8)/Krishna Jayanthi,https://www.rbi.org.in/Scripts/HolidayMatrixDisplay.aspx?drRegionalOffice=0&drMonth=8&drYear=2024 (POST form),Reserve Bank of India,2026-09-28
2024,2024-08-26,8,26,239,Monsoon,Vijayawada,Andhra Pradesh,South,Janmashtami,Hindu,Religious,unique,1,1.0,Janmashtami (Shravan Vad-8)/Krishna Jayanthi,https://www.rbi.org.in/Scripts/HolidayMatrixDisplay.aspx?drRegionalOffice=0&drMonth=8&drYear=2024 (POST form),Reserve Bank of India,2026-09-28
2024,2024-09-04,9,4,248,Monsoon,Guwahati,Assam,North-East,Srimanta Sankardeva Tithi / Janmotsav,Hindu,Commemoration,unique,1,1.0,Tirubhav Tithi of Srimanta Sankardeva,https://www.rbi.org.in/Scripts/HolidayMatrixDisplay.aspx?drRegionalOffice=0&drMonth=9&drYear=2024 (POST form),Reserve Bank of India,2026-09-28
2024,2024-09-07,9,7,251,Monsoon,Ahmedabad,Gujarat,West,Chhath Puja,Hindu,Religious,shared_date,3,0.3333333333333333,Ganesh Chaturthi/Samvatsari (Chaturthi Paksha)/Varasiddhi Vinayaka Vrata/Vinayakar Chathurthi,https://www.rbi.org.in/Scripts/HolidayMatrixDisplay.aspx?drRegionalOffice=0&drMonth=9&drYear=2024 (POST form),Reserve Bank of India,2026-09-28
2024,2024-09-07,9,7,251,Monsoon,Ahmedabad,Gujarat,West,Ganesh Chaturthi,Hindu,Religious,shared_date,3,0.3333333333333333,Ganesh Chaturthi/Samvatsari (Chaturthi Paksha)/Varasiddhi Vinayaka Vrata/Vinayakar Chathurthi,https://www.rbi.org.in/Scripts/HolidayMatrixDisplay.aspx?drRegionalOffice=0&drMonth=9&drYear=2024 (POST form),Reserve Bank of India,2026-09-28
2024,2024-09-07,9,7,251,Monsoon,Ahmedabad,Gujarat,West,Samvatsari (Paryushan),Jain,Religious,shared_date,3,0.3333333333333333,Ganesh Chaturthi/Samvatsari (Chaturthi Paksha)/Varasiddhi Vinayaka Vrata/Vinayakar Chathurthi,https://www.rbi.org.in/Scripts/HolidayMatrixDisplay.aspx?drRegionalOffice=0&drMonth=9&drYear=2024 (POST form),Reserve Bank of India,2026-09-28
2024,2024-09-07,9,7,251,Monsoon,Belapur,Maharashtra,West,Chhath Puja,Hindu,Religious,shared_date,3,0.3333333333333333,Ganesh Chaturthi/Samvatsari (Chaturthi Paksha)/Varasiddhi Vinayaka Vrata/Vinayakar Chathurthi,https://www.rbi.org.in/Scripts/HolidayMatrixDisplay.aspx?drRegionalOffice=0&drMonth=9&drYear=2024 (POST form),Reserve Bank of India,2026-09-28
2024,2024-09-07,9,7,251,Monsoon,Belapur,Maharashtra,West,Ganesh Chaturthi,Hindu,Religious,shared_date,3,0.3333333333333333,Ganesh Chaturthi/Samvatsari (Chaturthi Paksha)/Varasiddhi Vinayaka Vrata/Vinayakar Chathurthi,https://www.rbi.org.in/Scripts/HolidayMatrixDisplay.aspx?drRegionalOffice=0&drMonth=9&drYear=2024 (POST form),Reserve Bank of India,2026-09-28
2024,2024-09-07,9,7,251,Monsoon,Belapur,Maharashtra,West,Samvatsari (Paryushan),Jain,Religious,shared_date,3,0.3333333333333333,Ganesh Chaturthi/Samvatsari (Chaturthi Paksha)/Varasiddhi Vinayaka Vrata/Vinayakar Chathurthi,https://www.rbi.org.in/Scripts/HolidayMatrixDisplay.aspx?drRegionalOffice=0&drMonth=9&drYear=2024 (POST form),Reserve Bank of India,2026-09-28
2024,2024-09-07,9,7,251,Monsoon,Bengaluru,Karnataka,South,Chhath Puja,Hindu,Religious,shared_date,3,0.3333333333333333,Ganesh Chaturthi/Samvatsari (Chaturthi Paksha)/Varasiddhi Vinayaka Vrata/Vinayakar Chathurthi,https://www.rbi.org.in/Scripts/HolidayMatrixDisplay.aspx?drRegionalOffice=0&drMonth=9&drYear=2024 (POST form),Reserve Bank of India,2026-09-28
2024,2024-09-07,9,7,251,Monsoon,Bengaluru,Karnataka,South,Ganesh Chaturthi,Hindu,Religious,shared_date,3,0.3333333333333333,Ganesh Chaturthi/Samvatsari (Chaturthi Paksha)/Varasiddhi Vinayaka Vrata/Vinayakar Chathurthi,https://www.rbi.org.in/Scripts/HolidayMatrixDisplay.aspx?drRegionalOffice=0&drMonth=9&drYear=2024 (POST form),Reserve Bank of India,2026-09-28
2024,2024-09-07,9,7,251,Monsoon,Bengaluru,Karnataka,South,Samvatsari (Paryushan),Jain,Religious,shared_date,3,0.3333333333333333,Ganesh Chaturthi/Samvatsari (Chaturthi Paksha)/Varasiddhi Vinayaka Vrata/Vinayakar Chathurthi,https://www.rbi.org.in/Scripts/HolidayMatrixDisplay.aspx?drRegionalOffice=0&drMonth=9&drYear=2024 (POST form),Reserve Bank of India,2026-09-28
2024,2024-09-07,9,7,251,Monsoon,Bhubaneswar,Odisha,East,Chhath Puja,Hindu,Religious,shared_date,3,0.3333333333333333,Ganesh Chaturthi/Samvatsari (Chaturthi Paksha)/Varasiddhi Vinayaka Vrata/Vinayakar Chathurthi,https://www.rbi.org.in/Scripts/HolidayMatrixDisplay.aspx?drRegionalOffice=0&drMonth=9&drYear=2024 (POST form),Reserve Bank of India,2026-09-28
2024,2024-09-07,9,7,251,Monsoon,Bhubaneswar,Odisha,East,Ganesh Chaturthi,Hindu,Religious,shared_date,3,0.3333333333333333,Ganesh Chaturthi/Samvatsari (Chaturthi Paksha)/Varasiddhi Vinayaka Vrata/Vinayakar Chathurthi,https://www.rbi.org.in/Scripts/HolidayMatrixDisplay.aspx?drRegionalOffice=0&drMonth=9&drYear=2024 (POST form),Reserve Bank of India,2026-09-28
2024,2024-09-07,9,7,251,Monsoon,Bhubaneswar,Odisha,East,Samvatsari (Paryushan),Jain,Religious,shared_date,3,0.3333333333333333,Ganesh Chaturthi/Samvatsari (Chaturthi Paksha)/Varasiddhi Vinayaka Vrata/Vinayakar Chathurthi,https://www.rbi.org.in/Scripts/HolidayMatrixDisplay.aspx?drRegionalOffice=0&drMonth=9&drYear=2024 (POST form),Reserve Bank of India,2026-09-28
2024,2024-09-07,9,7,251,Monsoon,Chennai,Tamil Nadu,South,Chhath Puja,Hindu,Religious,shared_date,3,0.3333333333333333,Ganesh Chaturthi/Samvatsari (Chaturthi Paksha)/Varasiddhi Vinayaka Vrata/Vinayakar Chathurthi,https://www.rbi.org.in/Scripts/HolidayMatrixDisplay.aspx?drRegionalOffice=0&drMonth=9&drYear=2024 (POST form),Reserve Bank of India,2026-09-28
2024,2024-09-07,9,7,251,Monsoon,Chennai,Tamil Nadu,South,Ganesh Chaturthi,Hindu,Religious,shared_date,3,0.3333333333333333,Ganesh Chaturthi/Samvatsari (Chaturthi Paksha)/Varasiddhi Vinayaka Vrata/Vinayakar Chathurthi,https://www.rbi.org.in/Scripts/HolidayMatrixDisplay.aspx?drRegionalOffice=0&drMonth=9&drYear=2024 (POST form),Reserve Bank of India,2026-09-28
2024,2024-09-07,9,7,251,Monsoon,Chennai,Tamil Nadu,South,Samvatsari (Paryushan),Jain,Religious,shared_date,3,0.3333333333333333,Ganesh Chaturthi/Samvatsari (Chaturthi Paksha)/Varasiddhi Vinayaka Vrata/Vinayakar Chathurthi,https://www.rbi.org.in/Scripts/HolidayMatrixDisplay.aspx?drRegionalOffice=0&drMonth=9&drYear=2024 (POST form),Reserve Bank of India,2026-09-28
2024,2024-09-07,9,7,251,Monsoon,Hyderabad,Telangana,South,Chhath Puja,Hindu,Religious,shared_date,3,0.3333333333333333,Ganesh Chaturthi/Samvatsari (Chaturthi Paksha)/Varasiddhi Vinayaka Vrata/Vinayakar Chathurthi,https://www.rbi.org.in/Scripts/HolidayMatrixDisplay.aspx?drRegionalOffice=0&drMonth=9&drYear=2024 (POST form),Reserve Bank of India,2026-09-28
2024,2024-09-07,9,7,251,Monsoon,Hyderabad,Telangana,South,Ganesh Chaturthi,Hindu,Religious,shared_date,3,0.3333333333333333,Ganesh Chaturthi/Samvatsari (Chaturthi Paksha)/Varasiddhi Vinayaka Vrata/Vinayakar Chathurthi,https://www.rbi.org.in/Scripts/HolidayMatrixDisplay.aspx?drRegionalOffice=0&drMonth=9&drYear=2024 (POST form),Reserve Bank of India,2026-09-28
2024,2024-09-07,9,7,251,Monsoon,Hyderabad,Telangana,South,Samvatsari (Paryushan),Jain,Religious,shared_date,3,0.3333333333333333,Ganesh Chaturthi/Samvatsari (Chaturthi Paksha)/Varasiddhi Vinayaka Vrata/Vinayakar Chathurthi,https://www.rbi.org.in/Scripts/HolidayMatrixDisplay.aspx?drRegionalOffice=0&drMonth=9&drYear=2024 (POST form),Reserve Bank of India,2026-09-28
2024,2024-09-07,9,7,251,Monsoon,Mumbai,Maharashtra,West,Chhath Puja,Hindu,Religious,shared_date,3,0.3333333333333333,Ganesh Chaturthi/Samvatsari (Chaturthi Paksha)/Varasiddhi Vinayaka Vrata/Vinayakar Chathurthi,https://www.rbi.org.in/Scripts/HolidayMatrixDisplay.aspx?drRegionalOffice=0&drMonth=9&drYear=2024 (POST form),Reserve Bank of India,2026-09-28
2024,2024-09-07,9,7,251,Monsoon,Mumbai,Maharashtra,West,Ganesh Chaturthi,Hindu,Religious,shared_date,3,0.3333333333333333,Ganesh Chaturthi/Samvatsari (Chaturthi Paksha)/Varasiddhi Vinayaka Vrata/Vinayakar Chathurthi,https://www.rbi.org.in/Scripts/HolidayMatrixDisplay.aspx?drRegionalOffice=0&drMonth=9&drYear=2024 (POST form),Reserve Bank of India,2026-09-28
2024,2024-09-07,9,7,251,Monsoon,Mumbai,Maharashtra,West,Samvatsari (Paryushan),Jain,Religious,shared_date,3,0.3333333333333333,Ganesh Chaturthi/Samvatsari (Chaturthi Paksha)/Varasiddhi Vinayaka Vrata/Vinayakar Chathurthi,https://www.rbi.org.in/Scripts/HolidayMatrixDisplay.aspx?drRegionalOffice=0&drMonth=9&drYear=2024 (POST form),Reserve Bank of India,2026-09-28
2024,2024-09-07,9,7,251,Monsoon,Nagpur,Maharashtra,West,Chhath Puja,Hindu,Religious,shared_date,3,0.3333333333333333,Ganesh Chaturthi/Samvatsari (Chaturthi Paksha)/Varasiddhi Vinayaka Vrata/Vinayakar Chathurthi,https://www.rbi.org.in/Scripts/HolidayMatrixDisplay.aspx?drRegionalOffice=0&drMonth=9&drYear=2024 (POST form),Reserve Bank of India,2026-09-28
2024,2024-09-07,9,7,251,Monsoon,Nagpur,Maharashtra,West,Ganesh Chaturthi,Hindu,Religious,shared_date,3,0.3333333333333333,Ganesh Chaturthi/Samvatsari (Chaturthi Paksha)/Varasiddhi Vinayaka Vrata/Vinayakar Chathurthi,https://www.rbi.org.in/Scripts/HolidayMatrixDisplay.aspx?drRegionalOffice=0&drMonth=9&drYear=2024 (POST form),Reserve Bank of India,2026-09-28
2024,2024-09-07,9,7,251,Monsoon,Nagpur,Maharashtra,West,Samvatsari (Paryushan),Jain,Religious,shared_date,3,0.3333333333333333,Ganesh Chaturthi/Samvatsari (Chaturthi Paksha)/Varasiddhi Vinayaka Vrata/Vinayakar Chathurthi,https://www.rbi.org.in/Scripts/HolidayMatrixDisplay.aspx?drRegionalOffice=0&drMonth=9&drYear=2024 (POST form),Reserve Bank of India,2026-09-28
2024,2024-09-07,9,7,251,Monsoon,Panaji,Goa,West,Chhath Puja,Hindu,Religious,shared_date,3,0.3333333333333333,Ganesh Chaturthi/Samvatsari (Chaturthi Paksha)/Varasiddhi Vinayaka Vrata/Vinayakar Chathurthi,https://www.rbi.org.in/Scripts/HolidayMatrixDisplay.aspx?drRegionalOffice=0&drMonth=9&drYear=2024 (POST form),Reserve Bank of India,2026-09-28
2024,2024-09-07,9,7,251,Monsoon,Panaji,Goa,West,Ganesh Chaturthi,Hindu,Religious,shared_date,3,0.3333333333333333,Ganesh Chaturthi/Samvatsari (Chaturthi Paksha)/Varasiddhi Vinayaka Vrata/Vinayakar Chathurthi,https://www.rbi.org.in/Scripts/HolidayMatrixDisplay.aspx?drRegionalOffice=0&drMonth=9&drYear=2024 (POST form),Reserve Bank of India,2026-09-28
2024,2024-09-07,9,7,251,Monsoon,Panaji,Goa,West,Samvatsari (Paryushan),Jain,Religious,shared_date,3,0.3333333333333333,Ganesh Chaturthi/Samvatsari (Chaturthi Paksha)/Varasiddhi Vinayaka Vrata/Vinayakar Chathurthi,https://www.rbi.org.in/Scripts/HolidayMatrixDisplay.aspx?drRegionalOffice=0&drMonth=9&drYear=2024 (POST form),Reserve Bank of India,2026-09-28
2024,2024-09-07,9,7,251,Monsoon,Vijayawada,Andhra Pradesh,South,Chhath Puja,Hindu,Religious,shared_date,3,0.3333333333333333,Ganesh Chaturthi/Samvatsari (Chaturthi Paksha)/Varasiddhi Vinayaka Vrata/Vinayakar Chathurthi,https://www.rbi.org.in/Scripts/HolidayMatrixDisplay.aspx?drRegionalOffice=0&drMonth=9&drYear=2024 (POST form),Reserve Bank of India,2026-09-28
2024,2024-09-07,9,7,251,Monsoon,Vijayawada,Andhra Pradesh,South,Ganesh Chaturthi,Hindu,Religious,shared_date,3,0.3333333333333333,Ganesh Chaturthi/Samvatsari (Chaturthi Paksha)/Varasiddhi Vinayaka Vrata/Vinayakar Chathurthi,https://www.rbi.org.in/Scripts/HolidayMatrixDisplay.aspx?drRegionalOffice=0&drMonth=9&drYear=2024 (POST form),Reserve Bank of India,2026-09-28
2024,2024-09-07,9,7,251,Monsoon,Vijayawada,Andhra Pradesh,South,Samvatsari (Paryushan),Jain,Religious,shared_date,3,0.3333333333333333,Ganesh Chaturthi/Samvatsari (Chaturthi Paksha)/Varasiddhi Vinayaka Vrata/Vinayakar Chathurthi,https://www.rbi.org.in/Scripts/HolidayMatrixDisplay.aspx?drRegionalOffice=0&drMonth=9&drYear=2024 (POST form),Reserve Bank of India,2026-09-28
2024,2024-09-09,9,9,253,Monsoon,Bhubaneswar,Odisha,East,Nuakhai,Hindu,Harvest,unique,1,1.0,Nuakhai,https://www.rbi.org.in/Scripts/HolidayMatrixDisplay.aspx?drRegionalOffice=0&drMonth=9&drYear=2024 (POST form),Reserve Bank of India,2026-09-28
2024,2024-09-14,9,14,258,Monsoon,Kochi,Kerala,South,Karma Puja,Tribal/Indigenous,Harvest,shared_date,2,0.5,Karma Puja/First Onam,https://www.rbi.org.in/Scripts/HolidayMatrixDisplay.aspx?drRegionalOffice=0&drMonth=9&drYear=2024 (POST form),Reserve Bank of India,2026-09-28
2024,2024-09-14,9,14,258,Monsoon,Kochi,Kerala,South,Onam,Cultural (multi-faith),Harvest,shared_date,2,0.5,Karma Puja/First Onam,https://www.rbi.org.in/Scripts/HolidayMatrixDisplay.aspx?drRegionalOffice=0&drMonth=9&drYear=2024 (POST form),Reserve Bank of India,2026-09-28
2024,2024-09-14,9,14,258,Monsoon,Ranchi,Jharkhand,East,Karma Puja,Tribal/Indigenous,Harvest,shared_date,2,0.5,Karma Puja/First Onam,https://www.rbi.org.in/Scripts/HolidayMatrixDisplay.aspx?drRegionalOffice=0&drMonth=9&drYear=2024 (POST form),Reserve Bank of India,2026-09-28
2024,2024-09-14,9,14,258,Monsoon,Ranchi,Jharkhand,East,Onam,Cultural (multi-faith),Harvest,shared_date,2,0.5,Karma Puja/First Onam,https://www.rbi.org.in/Scripts/HolidayMatrixDisplay.aspx?drRegionalOffice=0&drMonth=9&drYear=2024 (POST form),Reserve Bank of India,2026-09-28
2024,2024-09-14,9,14,258,Monsoon,Thiruvananthapuram,Kerala,South,Karma Puja,Tribal/Indigenous,Harvest,shared_date,2,0.5,Karma Puja/First Onam,https://www.rbi.org.in/Scripts/HolidayMatrixDisplay.aspx?drRegionalOffice=0&drMonth=9&drYear=2024 (POST form),Reserve Bank of India,2026-09-28
2024,2024-09-14,9,14,258,Monsoon,Thiruvananthapuram,Kerala,South,Onam,Cultural (multi-faith),Harvest,shared_date,2,0.5,Karma Puja/First Onam,https://www.rbi.org.in/Scripts/HolidayMatrixDisplay.aspx?drRegionalOffice=0&drMonth=9&drYear=2024 (POST form),Reserve Bank of India,2026-09-28
2024,2024-09-16,9,16,260,Monsoon,Ahmedabad,Gujarat,West,Milad-un-Nabi,Muslim,Religious,unique,1,1.0,Milad-un-Nabi or Id-e Milad (Birthday of Prophet Mohammad) (bara vafat),https://www.rbi.org.in/Scripts/HolidayMatrixDisplay.aspx?drRegionalOffice=0&drMonth=9&drYear=2024 (POST form),Reserve Bank of India,2026-09-28
2024,2024-09-16,9,16,260,Monsoon,Aizawl,Mizoram,North-East,Milad-un-Nabi,Muslim,Religious,unique,1,1.0,Milad-un-Nabi or Id-e Milad (Birthday of Prophet Mohammad) (bara vafat),https://www.rbi.org.in/Scripts/HolidayMatrixDisplay.aspx?drRegionalOffice=0&drMonth=9&drYear=2024 (POST form),Reserve Bank of India,2026-09-28
2024,2024-09-16,9,16,260,Monsoon,Bengaluru,Karnataka,South,Milad-un-Nabi,Muslim,Religious,unique,1,1.0,Milad-un-Nabi or Id-e Milad (Birthday of Prophet Mohammad) (bara vafat),https://www.rbi.org.in/Scripts/HolidayMatrixDisplay.aspx?drRegionalOffice=0&drMonth=9&drYear=2024 (POST form),Reserve Bank of India,2026-09-28
2024,2024-09-16,9,16,260,Monsoon,Dehradun,Uttarakhand,North,Milad-un-Nabi,Muslim,Religious,unique,1,1.0,Milad-un-Nabi or Id-e Milad (Birthday of Prophet Mohammad) (bara vafat),https://www.rbi.org.in/Scripts/HolidayMatrixDisplay.aspx?drRegionalOffice=0&drMonth=9&drYear=2024 (POST form),Reserve Bank of India,2026-09-28
2024,2024-09-16,9,16,260,Monsoon,Hyderabad,Telangana,South,Milad-un-Nabi,Muslim,Religious,unique,1,1.0,Milad-un-Nabi or Id-e Milad (Birthday of Prophet Mohammad) (bara vafat),https://www.rbi.org.in/Scripts/HolidayMatrixDisplay.aspx?drRegionalOffice=0&drMonth=9&drYear=2024 (POST form),Reserve Bank of India,2026-09-28
2024,2024-09-16,9,16,260,Monsoon,Imphal,Manipur,North-East,Milad-un-Nabi,Muslim,Religious,unique,1,1.0,Milad-un-Nabi or Id-e Milad (Birthday of Prophet Mohammad) (bara vafat),https://www.rbi.org.in/Scripts/HolidayMatrixDisplay.aspx?drRegionalOffice=0&drMonth=9&drYear=2024 (POST form),Reserve Bank of India,2026-09-28
2024,2024-09-16,9,16,260,Monsoon,Jammu,Jammu & Kashmir,North,Milad-un-Nabi,Muslim,Religious,unique,1,1.0,Milad-un-Nabi or Id-e Milad (Birthday of Prophet Mohammad) (bara vafat),https://www.rbi.org.in/Scripts/HolidayMatrixDisplay.aspx?drRegionalOffice=0&drMonth=9&drYear=2024 (POST form),Reserve Bank of India,2026-09-28
2024,2024-09-16,9,16,260,Monsoon,Kanpur,Uttar Pradesh,North,Milad-un-Nabi,Muslim,Religious,unique,1,1.0,Milad-un-Nabi or Id-e Milad (Birthday of Prophet Mohammad) (bara vafat),https://www.rbi.org.in/Scripts/HolidayMatrixDisplay.aspx?drRegionalOffice=0&drMonth=9&drYear=2024 (POST form),Reserve Bank of India,2026-09-28
2024,2024-09-16,9,16,260,Monsoon,Kochi,Kerala,South,Milad-un-Nabi,Muslim,Religious,unique,1,1.0,Milad-un-Nabi or Id-e Milad (Birthday of Prophet Mohammad) (bara vafat),https://www.rbi.org.in/Scripts/HolidayMatrixDisplay.aspx?drRegionalOffice=0&drMonth=9&drYear=2024 (POST form),Reserve Bank of India,2026-09-28
2024,2024-09-16,9,16,260,Monsoon,Lucknow,Uttar Pradesh,North,Milad-un-Nabi,Muslim,Religious,unique,1,1.0,Milad-un-Nabi or Id-e Milad (Birthday of Prophet Mohammad) (bara vafat),https://www.rbi.org.in/Scripts/HolidayMatrixDisplay.aspx?drRegionalOffice=0&drMonth=9&drYear=2024 (POST form),Reserve Bank of India,2026-09-28
2024,2024-09-16,9,16,260,Monsoon,Nagpur,Maharashtra,West,Milad-un-Nabi,Muslim,Religious,unique,1,1.0,Milad-un-Nabi or Id-e Milad (Birthday of Prophet Mohammad) (bara vafat),https://www.rbi.org.in/Scripts/HolidayMatrixDisplay.aspx?drRegionalOffice=0&drMonth=9&drYear=2024 (POST form),Reserve Bank of India,2026-09-28
2024,2024-09-16,9,16,260,Monsoon,New Delhi,Delhi,North,Milad-un-Nabi,Muslim,Religious,unique,1,1.0,Milad-un-Nabi or Id-e Milad (Birthday of Prophet Mohammad) (bara vafat),https://www.rbi.org.in/Scripts/HolidayMatrixDisplay.aspx?drRegionalOffice=0&drMonth=9&drYear=2024 (POST form),Reserve Bank of India,2026-09-28
2024,2024-09-16,9,16,260,Monsoon,Raipur,Chhattisgarh,Central,Milad-un-Nabi,Muslim,Religious,unique,1,1.0,Milad-un-Nabi or Id-e Milad (Birthday of Prophet Mohammad) (bara vafat),https://www.rbi.org.in/Scripts/HolidayMatrixDisplay.aspx?drRegionalOffice=0&drMonth=9&drYear=2024 (POST form),Reserve Bank of India,2026-09-28
2024,2024-09-16,9,16,260,Monsoon,Ranchi,Jharkhand,East,Milad-un-Nabi,Muslim,Religious,unique,1,1.0,Milad-un-Nabi or Id-e Milad (Birthday of Prophet Mohammad) (bara vafat),https://www.rbi.org.in/Scripts/HolidayMatrixDisplay.aspx?drRegionalOffice=0&drMonth=9&drYear=2024 (POST form),Reserve Bank of India,2026-09-28
2024,2024-09-16,9,16,260,Monsoon,Srinagar,Jammu & Kashmir,North,Milad-un-Nabi,Muslim,Religious,unique,1,1.0,Milad-un-Nabi or Id-e Milad (Birthday of Prophet Mohammad) (bara vafat),https://www.rbi.org.in/Scripts/HolidayMatrixDisplay.aspx?drRegionalOffice=0&drMonth=9&drYear=2024 (POST form),Reserve Bank of India,2026-09-28
2024,2024-09-16,9,16,260,Monsoon,Thiruvananthapuram,Kerala,South,Milad-un-Nabi,Muslim,Religious,unique,1,1.0,Milad-un-Nabi or Id-e Milad (Birthday of Prophet Mohammad) (bara vafat),https://www.rbi.org.in/Scripts/HolidayMatrixDisplay.aspx?drRegionalOffice=0&drMonth=9&drYear=2024 (POST form),Reserve Bank of India,2026-09-28
2024,2024-09-16,9,16,260,Monsoon,Vijayawada,Andhra Pradesh,South,Milad-un-Nabi,Muslim,Religious,unique,1,1.0,Milad-un-Nabi or Id-e Milad (Birthday of Prophet Mohammad) (bara vafat),https://www.rbi.org.in/Scripts/HolidayMatrixDisplay.aspx?drRegionalOffice=0&drMonth=9&drYear=2024 (POST form),Reserve Bank of India,2026-09-28
2024,2024-09-17,9,17,261,Monsoon,Chennai,Tamil Nadu,South,Indra Jatra,Hindu,Religious,shared_date,2,0.5,Indrajatra/Id-e-Milad (Milad-Un-Nabi),https://www.rbi.org.in/Scripts/HolidayMatrixDisplay.aspx?drRegionalOffice=0&drMonth=9&drYear=2024 (POST form),Reserve Bank of India,2026-09-28
2024,2024-09-17,9,17,261,Monsoon,Chennai,Tamil Nadu,South,Milad-un-Nabi,Muslim,Religious,shared_date,2,0.5,Indrajatra/Id-e-Milad (Milad-Un-Nabi),https://www.rbi.org.in/Scripts/HolidayMatrixDisplay.aspx?drRegionalOffice=0&drMonth=9&drYear=2024 (POST form),Reserve Bank of India,2026-09-28
2024,2024-09-17,9,17,261,Monsoon,Gangtok,Sikkim,North-East,Indra Jatra,Hindu,Religious,shared_date,2,0.5,Indrajatra/Id-e-Milad (Milad-Un-Nabi),https://www.rbi.org.in/Scripts/HolidayMatrixDisplay.aspx?drRegionalOffice=0&drMonth=9&drYear=2024 (POST form),Reserve Bank of India,2026-09-28
2024,2024-09-17,9,17,261,Monsoon,Gangtok,Sikkim,North-East,Milad-un-Nabi,Muslim,Religious,shared_date,2,0.5,Indrajatra/Id-e-Milad (Milad-Un-Nabi),https://www.rbi.org.in/Scripts/HolidayMatrixDisplay.aspx?drRegionalOffice=0&drMonth=9&drYear=2024 (POST form),Reserve Bank of India,2026-09-28
2024,2024-09-18,9,18,262,Monsoon,Belapur,Maharashtra,West,Milad-un-Nabi,Muslim,Religious,shared_date,3,0.3333333333333333,Pang-Lhabsol/Id-E-Milad/Unitarian Anniversary Day,https://www.rbi.org.in/Scripts/HolidayMatrixDisplay.aspx?drRegionalOffice=0&drMonth=9&drYear=2024 (POST form),Reserve Bank of India,2026-09-28
2024,2024-09-18,9,18,262,Monsoon,Belapur,Maharashtra,West,Pang Lhabsol,Buddhist,Religious,shared_date,3,0.3333333333333333,Pang-Lhabsol/Id-E-Milad/Unitarian Anniversary Day,https://www.rbi.org.in/Scripts/HolidayMatrixDisplay.aspx?drRegionalOffice=0&drMonth=9&drYear=2024 (POST form),Reserve Bank of India,2026-09-28
2024,2024-09-18,9,18,262,Monsoon,Belapur,Maharashtra,West,Unitarian Anniversary Day,Christian,Commemoration,shared_date,3,0.3333333333333333,Pang-Lhabsol/Id-E-Milad/Unitarian Anniversary Day,https://www.rbi.org.in/Scripts/HolidayMatrixDisplay.aspx?drRegionalOffice=0&drMonth=9&drYear=2024 (POST form),Reserve Bank of India,2026-09-28
2024,2024-09-18,9,18,262,Monsoon,Gangtok,Sikkim,North-East,Milad-un-Nabi,Muslim,Religious,shared_date,3,0.3333333333333333,Pang-Lhabsol/Id-E-Milad/Unitarian Anniversary Day,https://www.rbi.org.in/Scripts/HolidayMatrixDisplay.aspx?drRegionalOffice=0&drMonth=9&drYear=2024 (POST form),Reserve Bank of India,2026-09-28
2024,2024-09-18,9,18,262,Monsoon,Gangtok,Sikkim,North-East,Pang Lhabsol,Buddhist,Religious,shared_date,3,0.3333333333333333,Pang-Lhabsol/Id-E-Milad/Unitarian Anniversary Day,https://www.rbi.org.in/Scripts/HolidayMatrixDisplay.aspx?drRegionalOffice=0&drMonth=9&drYear=2024 (POST form),Reserve Bank of India,2026-09-28
2024,2024-09-18,9,18,262,Monsoon,Gangtok,Sikkim,North-East,Unitarian Anniversary Day,Christian,Commemoration,shared_date,3,0.3333333333333333,Pang-Lhabsol/Id-E-Milad/Unitarian Anniversary Day,https://www.rbi.org.in/Scripts/HolidayMatrixDisplay.aspx?drRegionalOffice=0&drMonth=9&drYear=2024 (POST form),Reserve Bank of India,2026-09-28
2024,2024-09-18,9,18,262,Monsoon,Mumbai,Maharashtra,West,Milad-un-Nabi,Muslim,Religious,shared_date,3,0.3333333333333333,Pang-Lhabsol/Id-E-Milad/Unitarian Anniversary Day,https://www.rbi.org.in/Scripts/HolidayMatrixDisplay.aspx?drRegionalOffice=0&drMonth=9&drYear=2024 (POST form),Reserve Bank of India,2026-09-28
2024,2024-09-18,9,18,262,Monsoon,Mumbai,Maharashtra,West,Pang Lhabsol,Buddhist,Religious,shared_date,3,0.3333333333333333,Pang-Lhabsol/Id-E-Milad/Unitarian Anniversary Day,https://www.rbi.org.in/Scripts/HolidayMatrixDisplay.aspx?drRegionalOffice=0&drMonth=9&drYear=2024 (POST form),Reserve Bank of India,2026-09-28
2024,2024-09-18,9,18,262,Monsoon,Mumbai,Maharashtra,West,Unitarian Anniversary Day,Christian,Commemoration,shared_date,3,0.3333333333333333,Pang-Lhabsol/Id-E-Milad/Unitarian Anniversary Day,https://www.rbi.org.in/Scripts/HolidayMatrixDisplay.aspx?drRegionalOffice=0&drMonth=9&drYear=2024 (POST form),Reserve Bank of India,2026-09-28
2024,2024-09-18,9,18,262,Monsoon,Shillong,Meghalaya,North-East,Milad-un-Nabi,Muslim,Religious,shared_date,3,0.3333333333333333,Pang-Lhabsol/Id-E-Milad/Unitarian Anniversary Day,https://www.rbi.org.in/Scripts/HolidayMatrixDisplay.aspx?drRegionalOffice=0&drMonth=9&drYear=2024 (POST form),Reserve Bank of India,2026-09-28
2024,2024-09-18,9,18,262,Monsoon,Shillong,Meghalaya,North-East,Pang Lhabsol,Buddhist,Religious,shared_date,3,0.3333333333333333,Pang-Lhabsol/Id-E-Milad/Unitarian Anniversary Day,https://www.rbi.org.in/Scripts/HolidayMatrixDisplay.aspx?drRegionalOffice=0&drMonth=9&drYear=2024 (POST form),Reserve Bank of India,2026-09-28
2024,2024-09-18,9,18,262,Monsoon,Shillong,Meghalaya,North-East,Unitarian Anniversary Day,Christian,Commemoration,shared_date,3,0.3333333333333333,Pang-Lhabsol/Id-E-Milad/Unitarian Anniversary Day,https://www.rbi.org.in/Scripts/HolidayMatrixDisplay.aspx?drRegionalOffice=0&drMonth=9&drYear=2024 (POST form),Reserve Bank of India,2026-09-28
2024,2024-09-20,9,20,264,Monsoon,Jammu,Jammu & Kashmir,North,Milad-un-Nabi,Muslim,Religious,unique,1,1.0,Friday following Eid-i-Milad-ul-Nabi,https://www.rbi.org.in/Scripts/HolidayMatrixDisplay.aspx?drRegionalOffice=0&drMonth=9&drYear=2024 (POST form),Reserve Bank of India,2026-09-28
2024,2024-09-20,9,20,264,Monsoon,Srinagar,Jammu & Kashmir,North,Milad-un-Nabi,Muslim,Religious,unique,1,1.0,Friday following Eid-i-Milad-ul-Nabi,https://www.rbi.org.in/Scripts/HolidayMatrixDisplay.aspx?drRegionalOffice=0&drMonth=9&drYear=2024 (POST form),Reserve Bank of India,2026-09-28
2024,2024-09-21,9,21,265,Monsoon,Kochi,Kerala,South,Sree Narayana Guru Jayanti / Samadhi,Hindu,Commemoration,unique,1,1.0,Sree Narayana Guru Samadhi Day,https://www.rbi.org.in/Scripts/HolidayMatrixDisplay.aspx?drRegionalOffice=0&drMonth=9&drYear=2024 (POST form),Reserve Bank of India,2026-09-28
2024,2024-09-21,9,21,265,Monsoon,Thiruvananthapuram,Kerala,South,Sree Narayana Guru Jayanti / Samadhi,Hindu,Commemoration,unique,1,1.0,Sree Narayana Guru Samadhi Day,https://www.rbi.org.in/Scripts/HolidayMatrixDisplay.aspx?drRegionalOffice=0&drMonth=9&drYear=2024 (POST form),Reserve Bank of India,2026-09-28
2024,2024-10-02,10,2,276,Post-monsoon,Agartala,Tripura,North-East,Mahalaya,Hindu,Religious,shared_date,2,0.5,Mahatma Gandhi Jayanti/Mahalaya Amavasye,https://www.rbi.org.in/Scripts/HolidayMatrixDisplay.aspx?drRegionalOffice=0&drMonth=10&drYear=2024 (POST form),Reserve Bank of India,2026-09-28
2024,2024-10-02,10,2,276,Post-monsoon,Ahmedabad,Gujarat,West,Mahalaya,Hindu,Religious,shared_date,2,0.5,Mahatma Gandhi Jayanti/Mahalaya Amavasye,https://www.rbi.org.in/Scripts/HolidayMatrixDisplay.aspx?drRegionalOffice=0&drMonth=10&drYear=2024 (POST form),Reserve Bank of India,2026-09-28
2024,2024-10-02,10,2,276,Post-monsoon,Aizawl,Mizoram,North-East,Mahalaya,Hindu,Religious,shared_date,2,0.5,Mahatma Gandhi Jayanti/Mahalaya Amavasye,https://www.rbi.org.in/Scripts/HolidayMatrixDisplay.aspx?drRegionalOffice=0&drMonth=10&drYear=2024 (POST form),Reserve Bank of India,2026-09-28
2024,2024-10-02,10,2,276,Post-monsoon,Belapur,Maharashtra,West,Mahalaya,Hindu,Religious,shared_date,2,0.5,Mahatma Gandhi Jayanti/Mahalaya Amavasye,https://www.rbi.org.in/Scripts/HolidayMatrixDisplay.aspx?drRegionalOffice=0&drMonth=10&drYear=2024 (POST form),Reserve Bank of India,2026-09-28
2024,2024-10-02,10,2,276,Post-monsoon,Bengaluru,Karnataka,South,Mahalaya,Hindu,Religious,shared_date,2,0.5,Mahatma Gandhi Jayanti/Mahalaya Amavasye,https://www.rbi.org.in/Scripts/HolidayMatrixDisplay.aspx?drRegionalOffice=0&drMonth=10&drYear=2024 (POST form),Reserve Bank of India,2026-09-28
2024,2024-10-02,10,2,276,Post-monsoon,Bhopal,Madhya Pradesh,Central,Mahalaya,Hindu,Religious,shared_date,2,0.5,Mahatma Gandhi Jayanti/Mahalaya Amavasye,https://www.rbi.org.in/Scripts/HolidayMatrixDisplay.aspx?drRegionalOffice=0&drMonth=10&drYear=2024 (POST form),Reserve Bank of India,2026-09-28
2024,2024-10-02,10,2,276,Post-monsoon,Bhubaneswar,Odisha,East,Mahalaya,Hindu,Religious,shared_date,2,0.5,Mahatma Gandhi Jayanti/Mahalaya Amavasye,https://www.rbi.org.in/Scripts/HolidayMatrixDisplay.aspx?drRegionalOffice=0&drMonth=10&drYear=2024 (POST form),Reserve Bank of India,2026-09-28
2024,2024-10-02,10,2,276,Post-monsoon,Chandigarh,Punjab-Haryana-Chandigarh,North,Mahalaya,Hindu,Religious,shared_date,2,0.5,Mahatma Gandhi Jayanti/Mahalaya Amavasye,https://www.rbi.org.in/Scripts/HolidayMatrixDisplay.aspx?drRegionalOffice=0&drMonth=10&drYear=2024 (POST form),Reserve Bank of India,2026-09-28
2024,2024-10-02,10,2,276,Post-monsoon,Chennai,Tamil Nadu,South,Mahalaya,Hindu,Religious,shared_date,2,0.5,Mahatma Gandhi Jayanti/Mahalaya Amavasye,https://www.rbi.org.in/Scripts/HolidayMatrixDisplay.aspx?drRegionalOffice=0&drMonth=10&drYear=2024 (POST form),Reserve Bank of India,2026-09-28
2024,2024-10-02,10,2,276,Post-monsoon,Dehradun,Uttarakhand,North,Mahalaya,Hindu,Religious,shared_date,2,0.5,Mahatma Gandhi Jayanti/Mahalaya Amavasye,https://www.rbi.org.in/Scripts/HolidayMatrixDisplay.aspx?drRegionalOffice=0&drMonth=10&drYear=2024 (POST form),Reserve Bank of India,2026-09-28
2024,2024-10-02,10,2,276,Post-monsoon,Gangtok,Sikkim,North-East,Mahalaya,Hindu,Religious,shared_date,2,0.5,Mahatma Gandhi Jayanti/Mahalaya Amavasye,https://www.rbi.org.in/Scripts/HolidayMatrixDisplay.aspx?drRegionalOffice=0&drMonth=10&drYear=2024 (POST form),Reserve Bank of India,2026-09-28
2024,2024-10-02,10,2,276,Post-monsoon,Guwahati,Assam,North-East,Mahalaya,Hindu,Religious,shared_date,2,0.5,Mahatma Gandhi Jayanti/Mahalaya Amavasye,https://www.rbi.org.in/Scripts/HolidayMatrixDisplay.aspx?drRegionalOffice=0&drMonth=10&drYear=2024 (POST form),Reserve Bank of India,2026-09-28
2024,2024-10-02,10,2,276,Post-monsoon,Hyderabad,Telangana,South,Mahalaya,Hindu,Religious,shared_date,2,0.5,Mahatma Gandhi Jayanti/Mahalaya Amavasye,https://www.rbi.org.in/Scripts/HolidayMatrixDisplay.aspx?drRegionalOffice=0&drMonth=10&drYear=2024 (POST form),Reserve Bank of India,2026-09-28
2024,2024-10-02,10,2,276,Post-monsoon,Imphal,Manipur,North-East,Mahalaya,Hindu,Religious,shared_date,2,0.5,Mahatma Gandhi Jayanti/Mahalaya Amavasye,https://www.rbi.org.in/Scripts/HolidayMatrixDisplay.aspx?drRegionalOffice=0&drMonth=10&drYear=2024 (POST form),Reserve Bank of India,2026-09-28
2024,2024-10-02,10,2,276,Post-monsoon,Itanagar,Arunachal Pradesh,North-East,Mahalaya,Hindu,Religious,shared_date,2,0.5,Mahatma Gandhi Jayanti/Mahalaya Amavasye,https://www.rbi.org.in/Scripts/HolidayMatrixDisplay.aspx?drRegionalOffice=0&drMonth=10&drYear=2024 (POST form),Reserve Bank of India,2026-09-28
2024,2024-10-02,10,2,276,Post-monsoon,Jaipur,Rajasthan,North,Mahalaya,Hindu,Religious,shared_date,2,0.5,Mahatma Gandhi Jayanti/Mahalaya Amavasye,https://www.rbi.org.in/Scripts/HolidayMatrixDisplay.aspx?drRegionalOffice=0&drMonth=10&drYear=2024 (POST form),Reserve Bank of India,2026-09-28
2024,2024-10-02,10,2,276,Post-monsoon,Jammu,Jammu & Kashmir,North,Mahalaya,Hindu,Religious,shared_date,2,0.5,Mahatma Gandhi Jayanti/Mahalaya Amavasye,https://www.rbi.org.in/Scripts/HolidayMatrixDisplay.aspx?drRegionalOffice=0&drMonth=10&drYear=2024 (POST form),Reserve Bank of India,2026-09-28
2024,2024-10-02,10,2,276,Post-monsoon,Kanpur,Uttar Pradesh,North,Mahalaya,Hindu,Religious,shared_date,2,0.5,Mahatma Gandhi Jayanti/Mahalaya Amavasye,https://www.rbi.org.in/Scripts/HolidayMatrixDisplay.aspx?drRegionalOffice=0&drMonth=10&drYear=2024 (POST form),Reserve Bank of India,2026-09-28
2024,2024-10-02,10,2,276,Post-monsoon,Kochi,Kerala,South,Mahalaya,Hindu,Religious,shared_date,2,0.5,Mahatma Gandhi Jayanti/Mahalaya Amavasye,https://www.rbi.org.in/Scripts/HolidayMatrixDisplay.aspx?drRegionalOffice=0&drMonth=10&drYear=2024 (POST form),Reserve Bank of India,2026-09-28
2024,2024-10-02,10,2,276,Post-monsoon,Kohima,Nagaland,North-East,Mahalaya,Hindu,Religious,shared_date,2,0.5,Mahatma Gandhi Jayanti/Mahalaya Amavasye,https://www.rbi.org.in/Scripts/HolidayMatrixDisplay.aspx?drRegionalOffice=0&drMonth=10&drYear=2024 (POST form),Reserve Bank of India,2026-09-28
2024,2024-10-02,10,2,276,Post-monsoon,Kolkata,West Bengal,East,Mahalaya,Hindu,Religious,shared_date,2,0.5,Mahatma Gandhi Jayanti/Mahalaya Amavasye,https://www.rbi.org.in/Scripts/HolidayMatrixDisplay.aspx?drRegionalOffice=0&drMonth=10&drYear=2024 (POST form),Reserve Bank of India,2026-09-28
2024,2024-10-02,10,2,276,Post-monsoon,Lucknow,Uttar Pradesh,North,Mahalaya,Hindu,Religious,shared_date,2,0.5,Mahatma Gandhi Jayanti/Mahalaya Amavasye,https://www.rbi.org.in/Scripts/HolidayMatrixDisplay.aspx?drRegionalOffice=0&drMonth=10&drYear=2024 (POST form),Reserve Bank of India,2026-09-28
2024,2024-10-02,10,2,276,Post-monsoon,Mumbai,Maharashtra,West,Mahalaya,Hindu,Religious,shared_date,2,0.5,Mahatma Gandhi Jayanti/Mahalaya Amavasye,https://www.rbi.org.in/Scripts/HolidayMatrixDisplay.aspx?drRegionalOffice=0&drMonth=10&drYear=2024 (POST form),Reserve Bank of India,2026-09-28
2024,2024-10-02,10,2,276,Post-monsoon,Nagpur,Maharashtra,West,Mahalaya,Hindu,Religious,shared_date,2,0.5,Mahatma Gandhi Jayanti/Mahalaya Amavasye,https://www.rbi.org.in/Scripts/HolidayMatrixDisplay.aspx?drRegionalOffice=0&drMonth=10&drYear=2024 (POST form),Reserve Bank of India,2026-09-28
2024,2024-10-02,10,2,276,Post-monsoon,New Delhi,Delhi,North,Mahalaya,Hindu,Religious,shared_date,2,0.5,Mahatma Gandhi Jayanti/Mahalaya Amavasye,https://www.rbi.org.in/Scripts/HolidayMatrixDisplay.aspx?drRegionalOffice=0&drMonth=10&drYear=2024 (POST form),Reserve Bank of India,2026-09-28
2024,2024-10-02,10,2,276,Post-monsoon,Panaji,Goa,West,Mahalaya,Hindu,Religious,shared_date,2,0.5,Mahatma Gandhi Jayanti/Mahalaya Amavasye,https://www.rbi.org.in/Scripts/HolidayMatrixDisplay.aspx?drRegionalOffice=0&drMonth=10&drYear=2024 (POST form),Reserve Bank of India,2026-09-28
2024,2024-10-02,10,2,276,Post-monsoon,Patna,Bihar,East,Mahalaya,Hindu,Religious,shared_date,2,0.5,Mahatma Gandhi Jayanti/Mahalaya Amavasye,https://www.rbi.org.in/Scripts/HolidayMatrixDisplay.aspx?drRegionalOffice=0&drMonth=10&drYear=2024 (POST form),Reserve Bank of India,2026-09-28
2024,2024-10-02,10,2,276,Post-monsoon,Raipur,Chhattisgarh,Central,Mahalaya,Hindu,Religious,shared_date,2,0.5,Mahatma Gandhi Jayanti/Mahalaya Amavasye,https://www.rbi.org.in/Scripts/HolidayMatrixDisplay.aspx?drRegionalOffice=0&drMonth=10&drYear=2024 (POST form),Reserve Bank of India,2026-09-28
2024,2024-10-02,10,2,276,Post-monsoon,Ranchi,Jharkhand,East,Mahalaya,Hindu,Religious,shared_date,2,0.5,Mahatma Gandhi Jayanti/Mahalaya Amavasye,https://www.rbi.org.in/Scripts/HolidayMatrixDisplay.aspx?drRegionalOffice=0&drMonth=10&drYear=2024 (POST form),Reserve Bank of India,2026-09-28
2024,2024-10-02,10,2,276,Post-monsoon,Shillong,Meghalaya,North-East,Mahalaya,Hindu,Religious,shared_date,2,0.5,Mahatma Gandhi Jayanti/Mahalaya Amavasye,https://www.rbi.org.in/Scripts/HolidayMatrixDisplay.aspx?drRegionalOffice=0&drMonth=10&drYear=2024 (POST form),Reserve Bank of India,2026-09-28
2024,2024-10-02,10,2,276,Post-monsoon,Shimla,Himachal Pradesh,North,Mahalaya,Hindu,Religious,shared_date,2,0.5,Mahatma Gandhi Jayanti/Mahalaya Amavasye,https://www.rbi.org.in/Scripts/HolidayMatrixDisplay.aspx?drRegionalOffice=0&drMonth=10&drYear=2024 (POST form),Reserve Bank of India,2026-09-28
2024,2024-10-02,10,2,276,Post-monsoon,Srinagar,Jammu & Kashmir,North,Mahalaya,Hindu,Religious,shared_date,2,0.5,Mahatma Gandhi Jayanti/Mahalaya Amavasye,https://www.rbi.org.in/Scripts/HolidayMatrixDisplay.aspx?drRegionalOffice=0&drMonth=10&drYear=2024 (POST form),Reserve Bank of India,2026-09-28
2024,2024-10-02,10,2,276,Post-monsoon,Thiruvananthapuram,Kerala,South,Mahalaya,Hindu,Religious,shared_date,2,0.5,Mahatma Gandhi Jayanti/Mahalaya Amavasye,https://www.rbi.org.in/Scripts/HolidayMatrixDisplay.aspx?drRegionalOffice=0&drMonth=10&drYear=2024 (POST form),Reserve Bank of India,2026-09-28
2024,2024-10-02,10,2,276,Post-monsoon,Vijayawada,Andhra Pradesh,South,Mahalaya,Hindu,Religious,shared_date,2,0.5,Mahatma Gandhi Jayanti/Mahalaya Amavasye,https://www.rbi.org.in/Scripts/HolidayMatrixDisplay.aspx?drRegionalOffice=0&drMonth=10&drYear=2024 (POST form),Reserve Bank of India,2026-09-28
2024,2024-10-03,10,3,277,Post-monsoon,Chandigarh,Punjab-Haryana-Chandigarh,North,Maharaja Agrasen Jayanti,Hindu,Commemoration,shared_date,2,0.5,Navratra Sthapna/Maharaja Agrasen Jayanti,https://www.rbi.org.in/Scripts/HolidayMatrixDisplay.aspx?drRegionalOffice=0&drMonth=10&drYear=2024 (POST form),Reserve Bank of India,2026-09-28
2024,2024-10-03,10,3,277,Post-monsoon,Chandigarh,Punjab-Haryana-Chandigarh,North,Navratri / Durga Puja / Dussehra,Hindu,Religious,shared_date,2,0.5,Navratra Sthapna/Maharaja Agrasen Jayanti,https://www.rbi.org.in/Scripts/HolidayMatrixDisplay.aspx?drRegionalOffice=0&drMonth=10&drYear=2024 (POST form),Reserve Bank of India,2026-09-28
2024,2024-10-03,10,3,277,Post-monsoon,Jaipur,Rajasthan,North,Maharaja Agrasen Jayanti,Hindu,Commemoration,shared_date,2,0.5,Navratra Sthapna/Maharaja Agrasen Jayanti,https://www.rbi.org.in/Scripts/HolidayMatrixDisplay.aspx?drRegionalOffice=0&drMonth=10&drYear=2024 (POST form),Reserve Bank of India,2026-09-28
2024,2024-10-03,10,3,277,Post-monsoon,Jaipur,Rajasthan,North,Navratri / Durga Puja / Dussehra,Hindu,Religious,shared_date,2,0.5,Navratra Sthapna/Maharaja Agrasen Jayanti,https://www.rbi.org.in/Scripts/HolidayMatrixDisplay.aspx?drRegionalOffice=0&drMonth=10&drYear=2024 (POST form),Reserve Bank of India,2026-09-28
2024,2024-10-10,10,10,284,Post-monsoon,Agartala,Tripura,North-East,Navratri / Durga Puja / Dussehra,Hindu,Religious,unique,1,1.0,Durga Puja/Dussehra (Maha Saptami),https://www.rbi.org.in/Scripts/HolidayMatrixDisplay.aspx?drRegionalOffice=0&drMonth=10&drYear=2024 (POST form),Reserve Bank of India,2026-09-28
2024,2024-10-10,10,10,284,Post-monsoon,Guwahati,Assam,North-East,Navratri / Durga Puja / Dussehra,Hindu,Religious,unique,1,1.0,Durga Puja/Dussehra (Maha Saptami),https://www.rbi.org.in/Scripts/HolidayMatrixDisplay.aspx?drRegionalOffice=0&drMonth=10&drYear=2024 (POST form),Reserve Bank of India,2026-09-28
2024,2024-10-10,10,10,284,Post-monsoon,Kohima,Nagaland,North-East,Navratri / Durga Puja / Dussehra,Hindu,Religious,unique,1,1.0,Durga Puja/Dussehra (Maha Saptami),https://www.rbi.org.in/Scripts/HolidayMatrixDisplay.aspx?drRegionalOffice=0&drMonth=10&drYear=2024 (POST form),Reserve Bank of India,2026-09-28
2024,2024-10-10,10,10,284,Post-monsoon,Kolkata,West Bengal,East,Navratri / Durga Puja / Dussehra,Hindu,Religious,unique,1,1.0,Durga Puja/Dussehra (Maha Saptami),https://www.rbi.org.in/Scripts/HolidayMatrixDisplay.aspx?drRegionalOffice=0&drMonth=10&drYear=2024 (POST form),Reserve Bank of India,2026-09-28
2024,2024-10-11,10,11,285,Post-monsoon,Agartala,Tripura,North-East,Navratri / Durga Puja / Dussehra,Hindu,Religious,unique,1,1.0,Dusshera (Mahashtami/Mahanavami)/Ayudha Pooja/Durga Puja (Dasain)/Durga Ashtami,https://www.rbi.org.in/Scripts/HolidayMatrixDisplay.aspx?drRegionalOffice=0&drMonth=10&drYear=2024 (POST form),Reserve Bank of India,2026-09-28
2024,2024-10-11,10,11,285,Post-monsoon,Bengaluru,Karnataka,South,Navratri / Durga Puja / Dussehra,Hindu,Religious,unique,1,1.0,Dusshera (Mahashtami/Mahanavami)/Ayudha Pooja/Durga Puja (Dasain)/Durga Ashtami,https://www.rbi.org.in/Scripts/HolidayMatrixDisplay.aspx?drRegionalOffice=0&drMonth=10&drYear=2024 (POST form),Reserve Bank of India,2026-09-28
2024,2024-10-11,10,11,285,Post-monsoon,Bhubaneswar,Odisha,East,Navratri / Durga Puja / Dussehra,Hindu,Religious,unique,1,1.0,Dusshera (Mahashtami/Mahanavami)/Ayudha Pooja/Durga Puja (Dasain)/Durga Ashtami,https://www.rbi.org.in/Scripts/HolidayMatrixDisplay.aspx?drRegionalOffice=0&drMonth=10&drYear=2024 (POST form),Reserve Bank of India,2026-09-28
2024,2024-10-11,10,11,285,Post-monsoon,Chennai,Tamil Nadu,South,Navratri / Durga Puja / Dussehra,Hindu,Religious,unique,1,1.0,Dusshera (Mahashtami/Mahanavami)/Ayudha Pooja/Durga Puja (Dasain)/Durga Ashtami,https://www.rbi.org.in/Scripts/HolidayMatrixDisplay.aspx?drRegionalOffice=0&drMonth=10&drYear=2024 (POST form),Reserve Bank of India,2026-09-28
2024,2024-10-11,10,11,285,Post-monsoon,Gangtok,Sikkim,North-East,Navratri / Durga Puja / Dussehra,Hindu,Religious,unique,1,1.0,Dusshera (Mahashtami/Mahanavami)/Ayudha Pooja/Durga Puja (Dasain)/Durga Ashtami,https://www.rbi.org.in/Scripts/HolidayMatrixDisplay.aspx?drRegionalOffice=0&drMonth=10&drYear=2024 (POST form),Reserve Bank of India,2026-09-28
2024,2024-10-11,10,11,285,Post-monsoon,Guwahati,Assam,North-East,Navratri / Durga Puja / Dussehra,Hindu,Religious,unique,1,1.0,Dusshera (Mahashtami/Mahanavami)/Ayudha Pooja/Durga Puja (Dasain)/Durga Ashtami,https://www.rbi.org.in/Scripts/HolidayMatrixDisplay.aspx?drRegionalOffice=0&drMonth=10&drYear=2024 (POST form),Reserve Bank of India,2026-09-28
2024,2024-10-11,10,11,285,Post-monsoon,Imphal,Manipur,North-East,Navratri / Durga Puja / Dussehra,Hindu,Religious,unique,1,1.0,Dusshera (Mahashtami/Mahanavami)/Ayudha Pooja/Durga Puja (Dasain)/Durga Ashtami,https://www.rbi.org.in/Scripts/HolidayMatrixDisplay.aspx?drRegionalOffice=0&drMonth=10&drYear=2024 (POST form),Reserve Bank of India,2026-09-28
2024,2024-10-11,10,11,285,Post-monsoon,Itanagar,Arunachal Pradesh,North-East,Navratri / Durga Puja / Dussehra,Hindu,Religious,unique,1,1.0,Dusshera (Mahashtami/Mahanavami)/Ayudha Pooja/Durga Puja (Dasain)/Durga Ashtami,https://www.rbi.org.in/Scripts/HolidayMatrixDisplay.aspx?drRegionalOffice=0&drMonth=10&drYear=2024 (POST form),Reserve Bank of India,2026-09-28
2024,2024-10-11,10,11,285,Post-monsoon,Kanpur,Uttar Pradesh,North,Navratri / Durga Puja / Dussehra,Hindu,Religious,unique,1,1.0,Dusshera (Mahashtami/Mahanavami)/Ayudha Pooja/Durga Puja (Dasain)/Durga Ashtami,https://www.rbi.org.in/Scripts/HolidayMatrixDisplay.aspx?drRegionalOffice=0&drMonth=10&drYear=2024 (POST form),Reserve Bank of India,2026-09-28
2024,2024-10-11,10,11,285,Post-monsoon,Kochi,Kerala,South,Navratri / Durga Puja / Dussehra,Hindu,Religious,unique,1,1.0,Dusshera (Mahashtami/Mahanavami)/Ayudha Pooja/Durga Puja (Dasain)/Durga Ashtami,https://www.rbi.org.in/Scripts/HolidayMatrixDisplay.aspx?drRegionalOffice=0&drMonth=10&drYear=2024 (POST form),Reserve Bank of India,2026-09-28
2024,2024-10-11,10,11,285,Post-monsoon,Kohima,Nagaland,North-East,Navratri / Durga Puja / Dussehra,Hindu,Religious,unique,1,1.0,Dusshera (Mahashtami/Mahanavami)/Ayudha Pooja/Durga Puja (Dasain)/Durga Ashtami,https://www.rbi.org.in/Scripts/HolidayMatrixDisplay.aspx?drRegionalOffice=0&drMonth=10&drYear=2024 (POST form),Reserve Bank of India,2026-09-28
2024,2024-10-11,10,11,285,Post-monsoon,Kolkata,West Bengal,East,Navratri / Durga Puja / Dussehra,Hindu,Religious,unique,1,1.0,Dusshera (Mahashtami/Mahanavami)/Ayudha Pooja/Durga Puja (Dasain)/Durga Ashtami,https://www.rbi.org.in/Scripts/HolidayMatrixDisplay.aspx?drRegionalOffice=0&drMonth=10&drYear=2024 (POST form),Reserve Bank of India,2026-09-28
2024,2024-10-11,10,11,285,Post-monsoon,Lucknow,Uttar Pradesh,North,Navratri / Durga Puja / Dussehra,Hindu,Religious,unique,1,1.0,Dusshera (Mahashtami/Mahanavami)/Ayudha Pooja/Durga Puja (Dasain)/Durga Ashtami,https://www.rbi.org.in/Scripts/HolidayMatrixDisplay.aspx?drRegionalOffice=0&drMonth=10&drYear=2024 (POST form),Reserve Bank of India,2026-09-28
2024,2024-10-11,10,11,285,Post-monsoon,Patna,Bihar,East,Navratri / Durga Puja / Dussehra,Hindu,Religious,unique,1,1.0,Dusshera (Mahashtami/Mahanavami)/Ayudha Pooja/Durga Puja (Dasain)/Durga Ashtami,https://www.rbi.org.in/Scripts/HolidayMatrixDisplay.aspx?drRegionalOffice=0&drMonth=10&drYear=2024 (POST form),Reserve Bank of India,2026-09-28
2024,2024-10-11,10,11,285,Post-monsoon,Ranchi,Jharkhand,East,Navratri / Durga Puja / Dussehra,Hindu,Religious,unique,1,1.0,Dusshera (Mahashtami/Mahanavami)/Ayudha Pooja/Durga Puja (Dasain)/Durga Ashtami,https://www.rbi.org.in/Scripts/HolidayMatrixDisplay.aspx?drRegionalOffice=0&drMonth=10&drYear=2024 (POST form),Reserve Bank of India,2026-09-28
2024,2024-10-11,10,11,285,Post-monsoon,Shillong,Meghalaya,North-East,Navratri / Durga Puja / Dussehra,Hindu,Religious,unique,1,1.0,Dusshera (Mahashtami/Mahanavami)/Ayudha Pooja/Durga Puja (Dasain)/Durga Ashtami,https://www.rbi.org.in/Scripts/HolidayMatrixDisplay.aspx?drRegionalOffice=0&drMonth=10&drYear=2024 (POST form),Reserve Bank of India,2026-09-28
2024,2024-10-11,10,11,285,Post-monsoon,Thiruvananthapuram,Kerala,South,Navratri / Durga Puja / Dussehra,Hindu,Religious,unique,1,1.0,Dusshera (Mahashtami/Mahanavami)/Ayudha Pooja/Durga Puja (Dasain)/Durga Ashtami,https://www.rbi.org.in/Scripts/HolidayMatrixDisplay.aspx?drRegionalOffice=0&drMonth=10&drYear=2024 (POST form),Reserve Bank of India,2026-09-28
2024,2024-10-12,10,12,286,Post-monsoon,Agartala,Tripura,North-East,Navratri / Durga Puja / Dussehra,Hindu,Religious,unique,1,1.0,Dasara/Dussehra (Mahanavami/Vijayadashmi)/Durga Puja (Dasain),https://www.rbi.org.in/Scripts/HolidayMatrixDisplay.aspx?drRegionalOffice=0&drMonth=10&drYear=2024 (POST form),Reserve Bank of India,2026-09-28
2024,2024-10-12,10,12,286,Post-monsoon,Belapur,Maharashtra,West,Navratri / Durga Puja / Dussehra,Hindu,Religious,unique,1,1.0,Dasara/Dussehra (Mahanavami/Vijayadashmi)/Durga Puja (Dasain),https://www.rbi.org.in/Scripts/HolidayMatrixDisplay.aspx?drRegionalOffice=0&drMonth=10&drYear=2024 (POST form),Reserve Bank of India,2026-09-28
2024,2024-10-12,10,12,286,Post-monsoon,Bhopal,Madhya Pradesh,Central,Navratri / Durga Puja / Dussehra,Hindu,Religious,unique,1,1.0,Dasara/Dussehra (Mahanavami/Vijayadashmi)/Durga Puja (Dasain),https://www.rbi.org.in/Scripts/HolidayMatrixDisplay.aspx?drRegionalOffice=0&drMonth=10&drYear=2024 (POST form),Reserve Bank of India,2026-09-28
2024,2024-10-12,10,12,286,Post-monsoon,Bhubaneswar,Odisha,East,Navratri / Durga Puja / Dussehra,Hindu,Religious,unique,1,1.0,Dasara/Dussehra (Mahanavami/Vijayadashmi)/Durga Puja (Dasain),https://www.rbi.org.in/Scripts/HolidayMatrixDisplay.aspx?drRegionalOffice=0&drMonth=10&drYear=2024 (POST form),Reserve Bank of India,2026-09-28
2024,2024-10-12,10,12,286,Post-monsoon,Chandigarh,Punjab-Haryana-Chandigarh,North,Navratri / Durga Puja / Dussehra,Hindu,Religious,unique,1,1.0,Dasara/Dussehra (Mahanavami/Vijayadashmi)/Durga Puja (Dasain),https://www.rbi.org.in/Scripts/HolidayMatrixDisplay.aspx?drRegionalOffice=0&drMonth=10&drYear=2024 (POST form),Reserve Bank of India,2026-09-28
2024,2024-10-12,10,12,286,Post-monsoon,Chennai,Tamil Nadu,South,Navratri / Durga Puja / Dussehra,Hindu,Religious,unique,1,1.0,Dasara/Dussehra (Mahanavami/Vijayadashmi)/Durga Puja (Dasain),https://www.rbi.org.in/Scripts/HolidayMatrixDisplay.aspx?drRegionalOffice=0&drMonth=10&drYear=2024 (POST form),Reserve Bank of India,2026-09-28
2024,2024-10-12,10,12,286,Post-monsoon,Dehradun,Uttarakhand,North,Navratri / Durga Puja / Dussehra,Hindu,Religious,unique,1,1.0,Dasara/Dussehra (Mahanavami/Vijayadashmi)/Durga Puja (Dasain),https://www.rbi.org.in/Scripts/HolidayMatrixDisplay.aspx?drRegionalOffice=0&drMonth=10&drYear=2024 (POST form),Reserve Bank of India,2026-09-28
2024,2024-10-12,10,12,286,Post-monsoon,Gangtok,Sikkim,North-East,Navratri / Durga Puja / Dussehra,Hindu,Religious,unique,1,1.0,Dasara/Dussehra (Mahanavami/Vijayadashmi)/Durga Puja (Dasain),https://www.rbi.org.in/Scripts/HolidayMatrixDisplay.aspx?drRegionalOffice=0&drMonth=10&drYear=2024 (POST form),Reserve Bank of India,2026-09-28
2024,2024-10-12,10,12,286,Post-monsoon,Guwahati,Assam,North-East,Navratri / Durga Puja / Dussehra,Hindu,Religious,unique,1,1.0,Dasara/Dussehra (Mahanavami/Vijayadashmi)/Durga Puja (Dasain),https://www.rbi.org.in/Scripts/HolidayMatrixDisplay.aspx?drRegionalOffice=0&drMonth=10&drYear=2024 (POST form),Reserve Bank of India,2026-09-28
2024,2024-10-12,10,12,286,Post-monsoon,Hyderabad,Telangana,South,Navratri / Durga Puja / Dussehra,Hindu,Religious,unique,1,1.0,Dasara/Dussehra (Mahanavami/Vijayadashmi)/Durga Puja (Dasain),https://www.rbi.org.in/Scripts/HolidayMatrixDisplay.aspx?drRegionalOffice=0&drMonth=10&drYear=2024 (POST form),Reserve Bank of India,2026-09-28
2024,2024-10-12,10,12,286,Post-monsoon,Itanagar,Arunachal Pradesh,North-East,Navratri / Durga Puja / Dussehra,Hindu,Religious,unique,1,1.0,Dasara/Dussehra (Mahanavami/Vijayadashmi)/Durga Puja (Dasain),https://www.rbi.org.in/Scripts/HolidayMatrixDisplay.aspx?drRegionalOffice=0&drMonth=10&drYear=2024 (POST form),Reserve Bank of India,2026-09-28
2024,2024-10-12,10,12,286,Post-monsoon,Jaipur,Rajasthan,North,Navratri / Durga Puja / Dussehra,Hindu,Religious,unique,1,1.0,Dasara/Dussehra (Mahanavami/Vijayadashmi)/Durga Puja (Dasain),https://www.rbi.org.in/Scripts/HolidayMatrixDisplay.aspx?drRegionalOffice=0&drMonth=10&drYear=2024 (POST form),Reserve Bank of India,2026-09-28
2024,2024-10-12,10,12,286,Post-monsoon,Jammu,Jammu & Kashmir,North,Navratri / Durga Puja / Dussehra,Hindu,Religious,unique,1,1.0,Dasara/Dussehra (Mahanavami/Vijayadashmi)/Durga Puja (Dasain),https://www.rbi.org.in/Scripts/HolidayMatrixDisplay.aspx?drRegionalOffice=0&drMonth=10&drYear=2024 (POST form),Reserve Bank of India,2026-09-28
2024,2024-10-12,10,12,286,Post-monsoon,Kanpur,Uttar Pradesh,North,Navratri / Durga Puja / Dussehra,Hindu,Religious,unique,1,1.0,Dasara/Dussehra (Mahanavami/Vijayadashmi)/Durga Puja (Dasain),https://www.rbi.org.in/Scripts/HolidayMatrixDisplay.aspx?drRegionalOffice=0&drMonth=10&drYear=2024 (POST form),Reserve Bank of India,2026-09-28
2024,2024-10-12,10,12,286,Post-monsoon,Kochi,Kerala,South,Navratri / Durga Puja / Dussehra,Hindu,Religious,unique,1,1.0,Dasara/Dussehra (Mahanavami/Vijayadashmi)/Durga Puja (Dasain),https://www.rbi.org.in/Scripts/HolidayMatrixDisplay.aspx?drRegionalOffice=0&drMonth=10&drYear=2024 (POST form),Reserve Bank of India,2026-09-28
2024,2024-10-12,10,12,286,Post-monsoon,Kolkata,West Bengal,East,Navratri / Durga Puja / Dussehra,Hindu,Religious,unique,1,1.0,Dasara/Dussehra (Mahanavami/Vijayadashmi)/Durga Puja (Dasain),https://www.rbi.org.in/Scripts/HolidayMatrixDisplay.aspx?drRegionalOffice=0&drMonth=10&drYear=2024 (POST form),Reserve Bank of India,2026-09-28
2024,2024-10-12,10,12,286,Post-monsoon,Lucknow,Uttar Pradesh,North,Navratri / Durga Puja / Dussehra,Hindu,Religious,unique,1,1.0,Dasara/Dussehra (Mahanavami/Vijayadashmi)/Durga Puja (Dasain),https://www.rbi.org.in/Scripts/HolidayMatrixDisplay.aspx?drRegionalOffice=0&drMonth=10&drYear=2024 (POST form),Reserve Bank of India,2026-09-28
2024,2024-10-12,10,12,286,Post-monsoon,Mumbai,Maharashtra,West,Navratri / Durga Puja / Dussehra,Hindu,Religious,unique,1,1.0,Dasara/Dussehra (Mahanavami/Vijayadashmi)/Durga Puja (Dasain),https://www.rbi.org.in/Scripts/HolidayMatrixDisplay.aspx?drRegionalOffice=0&drMonth=10&drYear=2024 (POST form),Reserve Bank of India,2026-09-28
2024,2024-10-12,10,12,286,Post-monsoon,Nagpur,Maharashtra,West,Navratri / Durga Puja / Dussehra,Hindu,Religious,unique,1,1.0,Dasara/Dussehra (Mahanavami/Vijayadashmi)/Durga Puja (Dasain),https://www.rbi.org.in/Scripts/HolidayMatrixDisplay.aspx?drRegionalOffice=0&drMonth=10&drYear=2024 (POST form),Reserve Bank of India,2026-09-28
2024,2024-10-12,10,12,286,Post-monsoon,New Delhi,Delhi,North,Navratri / Durga Puja / Dussehra,Hindu,Religious,unique,1,1.0,Dasara/Dussehra (Mahanavami/Vijayadashmi)/Durga Puja (Dasain),https://www.rbi.org.in/Scripts/HolidayMatrixDisplay.aspx?drRegionalOffice=0&drMonth=10&drYear=2024 (POST form),Reserve Bank of India,2026-09-28
2024,2024-10-12,10,12,286,Post-monsoon,Panaji,Goa,West,Navratri / Durga Puja / Dussehra,Hindu,Religious,unique,1,1.0,Dasara/Dussehra (Mahanavami/Vijayadashmi)/Durga Puja (Dasain),https://www.rbi.org.in/Scripts/HolidayMatrixDisplay.aspx?drRegionalOffice=0&drMonth=10&drYear=2024 (POST form),Reserve Bank of India,2026-09-28
2024,2024-10-12,10,12,286,Post-monsoon,Patna,Bihar,East,Navratri / Durga Puja / Dussehra,Hindu,Religious,unique,1,1.0,Dasara/Dussehra (Mahanavami/Vijayadashmi)/Durga Puja (Dasain),https://www.rbi.org.in/Scripts/HolidayMatrixDisplay.aspx?drRegionalOffice=0&drMonth=10&drYear=2024 (POST form),Reserve Bank of India,2026-09-28
2024,2024-10-12,10,12,286,Post-monsoon,Raipur,Chhattisgarh,Central,Navratri / Durga Puja / Dussehra,Hindu,Religious,unique,1,1.0,Dasara/Dussehra (Mahanavami/Vijayadashmi)/Durga Puja (Dasain),https://www.rbi.org.in/Scripts/HolidayMatrixDisplay.aspx?drRegionalOffice=0&drMonth=10&drYear=2024 (POST form),Reserve Bank of India,2026-09-28
2024,2024-10-12,10,12,286,Post-monsoon,Ranchi,Jharkhand,East,Navratri / Durga Puja / Dussehra,Hindu,Religious,unique,1,1.0,Dasara/Dussehra (Mahanavami/Vijayadashmi)/Durga Puja (Dasain),https://www.rbi.org.in/Scripts/HolidayMatrixDisplay.aspx?drRegionalOffice=0&drMonth=10&drYear=2024 (POST form),Reserve Bank of India,2026-09-28
2024,2024-10-12,10,12,286,Post-monsoon,Shillong,Meghalaya,North-East,Navratri / Durga Puja / Dussehra,Hindu,Religious,unique,1,1.0,Dasara/Dussehra (Mahanavami/Vijayadashmi)/Durga Puja (Dasain),https://www.rbi.org.in/Scripts/HolidayMatrixDisplay.aspx?drRegionalOffice=0&drMonth=10&drYear=2024 (POST form),Reserve Bank of India,2026-09-28
2024,2024-10-12,10,12,286,Post-monsoon,Shimla,Himachal Pradesh,North,Navratri / Durga Puja / Dussehra,Hindu,Religious,unique,1,1.0,Dasara/Dussehra (Mahanavami/Vijayadashmi)/Durga Puja (Dasain),https://www.rbi.org.in/Scripts/HolidayMatrixDisplay.aspx?drRegionalOffice=0&drMonth=10&drYear=2024 (POST form),Reserve Bank of India,2026-09-28
2024,2024-10-12,10,12,286,Post-monsoon,Srinagar,Jammu & Kashmir,North,Navratri / Durga Puja / Dussehra,Hindu,Religious,unique,1,1.0,Dasara/Dussehra (Mahanavami/Vijayadashmi)/Durga Puja (Dasain),https://www.rbi.org.in/Scripts/HolidayMatrixDisplay.aspx?drRegionalOffice=0&drMonth=10&drYear=2024 (POST form),Reserve Bank of India,2026-09-28
2024,2024-10-12,10,12,286,Post-monsoon,Thiruvananthapuram,Kerala,South,Navratri / Durga Puja / Dussehra,Hindu,Religious,unique,1,1.0,Dasara/Dussehra (Mahanavami/Vijayadashmi)/Durga Puja (Dasain),https://www.rbi.org.in/Scripts/HolidayMatrixDisplay.aspx?drRegionalOffice=0&drMonth=10&drYear=2024 (POST form),Reserve Bank of India,2026-09-28
2024,2024-10-12,10,12,286,Post-monsoon,Vijayawada,Andhra Pradesh,South,Navratri / Durga Puja / Dussehra,Hindu,Religious,unique,1,1.0,Dasara/Dussehra (Mahanavami/Vijayadashmi)/Durga Puja (Dasain),https://www.rbi.org.in/Scripts/HolidayMatrixDisplay.aspx?drRegionalOffice=0&drMonth=10&drYear=2024 (POST form),Reserve Bank of India,2026-09-28
2024,2024-10-14,10,14,288,Post-monsoon,Gangtok,Sikkim,North-East,Navratri / Durga Puja / Dussehra,Hindu,Religious,unique,1,1.0,Durga Puja (Dasain),https://www.rbi.org.in/Scripts/HolidayMatrixDisplay.aspx?drRegionalOffice=0&drMonth=10&drYear=2024 (POST form),Reserve Bank of India,2026-09-28
2024,2024-10-15,10,15,289,Post-monsoon,Gangtok,Sikkim,North-East,Navratri / Durga Puja / Dussehra,Hindu,Religious,unique,1,1.0,Durga Puja (Dasain),https://www.rbi.org.in/Scripts/HolidayMatrixDisplay.aspx?drRegionalOffice=0&drMonth=10&drYear=2024 (POST form),Reserve Bank of India,2026-09-28
2024,2024-10-16,10,16,290,Post-monsoon,Agartala,Tripura,North-East,Kojagari Lakshmi Puja,Hindu,Religious,unique,1,1.0,Lakshmi Puja,https://www.rbi.org.in/Scripts/HolidayMatrixDisplay.aspx?drRegionalOffice=0&drMonth=10&drYear=2024 (POST form),Reserve Bank of India,2026-09-28
2024,2024-10-16,10,16,290,Post-monsoon,Kolkata,West Bengal,East,Kojagari Lakshmi Puja,Hindu,Religious,unique,1,1.0,Lakshmi Puja,https://www.rbi.org.in/Scripts/HolidayMatrixDisplay.aspx?drRegionalOffice=0&drMonth=10&drYear=2024 (POST form),Reserve Bank of India,2026-09-28
2024,2024-10-17,10,17,291,Post-monsoon,Bengaluru,Karnataka,South,Kati Bihu,Hindu,Harvest,shared_date,2,0.5,Maharshi Valmiki Jayanti/Kati Bihu,https://www.rbi.org.in/Scripts/HolidayMatrixDisplay.aspx?drRegionalOffice=0&drMonth=10&drYear=2024 (POST form),Reserve Bank of India,2026-09-28
2024,2024-10-17,10,17,291,Post-monsoon,Bengaluru,Karnataka,South,Valmiki Jayanti,Hindu,Commemoration,shared_date,2,0.5,Maharshi Valmiki Jayanti/Kati Bihu,https://www.rbi.org.in/Scripts/HolidayMatrixDisplay.aspx?drRegionalOffice=0&drMonth=10&drYear=2024 (POST form),Reserve Bank of India,2026-09-28
2024,2024-10-17,10,17,291,Post-monsoon,Guwahati,Assam,North-East,Kati Bihu,Hindu,Harvest,shared_date,2,0.5,Maharshi Valmiki Jayanti/Kati Bihu,https://www.rbi.org.in/Scripts/HolidayMatrixDisplay.aspx?drRegionalOffice=0&drMonth=10&drYear=2024 (POST form),Reserve Bank of India,2026-09-28
2024,2024-10-17,10,17,291,Post-monsoon,Guwahati,Assam,North-East,Valmiki Jayanti,Hindu,Commemoration,shared_date,2,0.5,Maharshi Valmiki Jayanti/Kati Bihu,https://www.rbi.org.in/Scripts/HolidayMatrixDisplay.aspx?drRegionalOffice=0&drMonth=10&drYear=2024 (POST form),Reserve Bank of India,2026-09-28
2024,2024-10-17,10,17,291,Post-monsoon,Shimla,Himachal Pradesh,North,Kati Bihu,Hindu,Harvest,shared_date,2,0.5,Maharshi Valmiki Jayanti/Kati Bihu,https://www.rbi.org.in/Scripts/HolidayMatrixDisplay.aspx?drRegionalOffice=0&drMonth=10&drYear=2024 (POST form),Reserve Bank of India,2026-09-28
2024,2024-10-17,10,17,291,Post-monsoon,Shimla,Himachal Pradesh,North,Valmiki Jayanti,Hindu,Commemoration,shared_date,2,0.5,Maharshi Valmiki Jayanti/Kati Bihu,https://www.rbi.org.in/Scripts/HolidayMatrixDisplay.aspx?drRegionalOffice=0&drMonth=10&drYear=2024 (POST form),Reserve Bank of India,2026-09-28
2024,2024-10-31,10,31,305,Post-monsoon,Ahmedabad,Gujarat,West,Diwali (Deepavali),Hindu,Religious,shared_date,2,0.5,Diwali (Deepavali)/Kali Puja/Sardar Vallabhbhai Patel's Birthday/Naraka Chaturdashi,https://www.rbi.org.in/Scripts/HolidayMatrixDisplay.aspx?drRegionalOffice=0&drMonth=10&drYear=2024 (POST form),Reserve Bank of India,2026-09-28
2024,2024-10-31,10,31,305,Post-monsoon,Aizawl,Mizoram,North-East,Diwali (Deepavali),Hindu,Religious,shared_date,2,0.5,Diwali (Deepavali)/Kali Puja/Sardar Vallabhbhai Patel's Birthday/Naraka Chaturdashi,https://www.rbi.org.in/Scripts/HolidayMatrixDisplay.aspx?drRegionalOffice=0&drMonth=10&drYear=2024 (POST form),Reserve Bank of India,2026-09-28
2024,2024-10-31,10,31,305,Post-monsoon,Bengaluru,Karnataka,South,Diwali (Deepavali),Hindu,Religious,shared_date,2,0.5,Diwali (Deepavali)/Kali Puja/Sardar Vallabhbhai Patel's Birthday/Naraka Chaturdashi,https://www.rbi.org.in/Scripts/HolidayMatrixDisplay.aspx?drRegionalOffice=0&drMonth=10&drYear=2024 (POST form),Reserve Bank of India,2026-09-28
2024,2024-10-31,10,31,305,Post-monsoon,Bhopal,Madhya Pradesh,Central,Diwali (Deepavali),Hindu,Religious,shared_date,2,0.5,Diwali (Deepavali)/Kali Puja/Sardar Vallabhbhai Patel's Birthday/Naraka Chaturdashi,https://www.rbi.org.in/Scripts/HolidayMatrixDisplay.aspx?drRegionalOffice=0&drMonth=10&drYear=2024 (POST form),Reserve Bank of India,2026-09-28
2024,2024-10-31,10,31,305,Post-monsoon,Bhubaneswar,Odisha,East,Diwali (Deepavali),Hindu,Religious,shared_date,2,0.5,Diwali (Deepavali)/Kali Puja/Sardar Vallabhbhai Patel's Birthday/Naraka Chaturdashi,https://www.rbi.org.in/Scripts/HolidayMatrixDisplay.aspx?drRegionalOffice=0&drMonth=10&drYear=2024 (POST form),Reserve Bank of India,2026-09-28
2024,2024-10-31,10,31,305,Post-monsoon,Chandigarh,Punjab-Haryana-Chandigarh,North,Diwali (Deepavali),Hindu,Religious,shared_date,2,0.5,Diwali (Deepavali)/Kali Puja/Sardar Vallabhbhai Patel's Birthday/Naraka Chaturdashi,https://www.rbi.org.in/Scripts/HolidayMatrixDisplay.aspx?drRegionalOffice=0&drMonth=10&drYear=2024 (POST form),Reserve Bank of India,2026-09-28
2024,2024-10-31,10,31,305,Post-monsoon,Chennai,Tamil Nadu,South,Diwali (Deepavali),Hindu,Religious,shared_date,2,0.5,Diwali (Deepavali)/Kali Puja/Sardar Vallabhbhai Patel's Birthday/Naraka Chaturdashi,https://www.rbi.org.in/Scripts/HolidayMatrixDisplay.aspx?drRegionalOffice=0&drMonth=10&drYear=2024 (POST form),Reserve Bank of India,2026-09-28
2024,2024-10-31,10,31,305,Post-monsoon,Dehradun,Uttarakhand,North,Diwali (Deepavali),Hindu,Religious,shared_date,2,0.5,Diwali (Deepavali)/Kali Puja/Sardar Vallabhbhai Patel's Birthday/Naraka Chaturdashi,https://www.rbi.org.in/Scripts/HolidayMatrixDisplay.aspx?drRegionalOffice=0&drMonth=10&drYear=2024 (POST form),Reserve Bank of India,2026-09-28
2024,2024-10-31,10,31,305,Post-monsoon,Guwahati,Assam,North-East,Diwali (Deepavali),Hindu,Religious,shared_date,2,0.5,Diwali (Deepavali)/Kali Puja/Sardar Vallabhbhai Patel's Birthday/Naraka Chaturdashi,https://www.rbi.org.in/Scripts/HolidayMatrixDisplay.aspx?drRegionalOffice=0&drMonth=10&drYear=2024 (POST form),Reserve Bank of India,2026-09-28
2024,2024-10-31,10,31,305,Post-monsoon,Hyderabad,Telangana,South,Diwali (Deepavali),Hindu,Religious,shared_date,2,0.5,Diwali (Deepavali)/Kali Puja/Sardar Vallabhbhai Patel's Birthday/Naraka Chaturdashi,https://www.rbi.org.in/Scripts/HolidayMatrixDisplay.aspx?drRegionalOffice=0&drMonth=10&drYear=2024 (POST form),Reserve Bank of India,2026-09-28
2024,2024-10-31,10,31,305,Post-monsoon,Itanagar,Arunachal Pradesh,North-East,Diwali (Deepavali),Hindu,Religious,shared_date,2,0.5,Diwali (Deepavali)/Kali Puja/Sardar Vallabhbhai Patel's Birthday/Naraka Chaturdashi,https://www.rbi.org.in/Scripts/HolidayMatrixDisplay.aspx?drRegionalOffice=0&drMonth=10&drYear=2024 (POST form),Reserve Bank of India,2026-09-28
2024,2024-10-31,10,31,305,Post-monsoon,Jaipur,Rajasthan,North,Diwali (Deepavali),Hindu,Religious,shared_date,2,0.5,Diwali (Deepavali)/Kali Puja/Sardar Vallabhbhai Patel's Birthday/Naraka Chaturdashi,https://www.rbi.org.in/Scripts/HolidayMatrixDisplay.aspx?drRegionalOffice=0&drMonth=10&drYear=2024 (POST form),Reserve Bank of India,2026-09-28
2024,2024-10-31,10,31,305,Post-monsoon,Kanpur,Uttar Pradesh,North,Diwali (Deepavali),Hindu,Religious,shared_date,2,0.5,Diwali (Deepavali)/Kali Puja/Sardar Vallabhbhai Patel's Birthday/Naraka Chaturdashi,https://www.rbi.org.in/Scripts/HolidayMatrixDisplay.aspx?drRegionalOffice=0&drMonth=10&drYear=2024 (POST form),Reserve Bank of India,2026-09-28
2024,2024-10-31,10,31,305,Post-monsoon,Kochi,Kerala,South,Diwali (Deepavali),Hindu,Religious,shared_date,2,0.5,Diwali (Deepavali)/Kali Puja/Sardar Vallabhbhai Patel's Birthday/Naraka Chaturdashi,https://www.rbi.org.in/Scripts/HolidayMatrixDisplay.aspx?drRegionalOffice=0&drMonth=10&drYear=2024 (POST form),Reserve Bank of India,2026-09-28
2024,2024-10-31,10,31,305,Post-monsoon,Kohima,Nagaland,North-East,Diwali (Deepavali),Hindu,Religious,shared_date,2,0.5,Diwali (Deepavali)/Kali Puja/Sardar Vallabhbhai Patel's Birthday/Naraka Chaturdashi,https://www.rbi.org.in/Scripts/HolidayMatrixDisplay.aspx?drRegionalOffice=0&drMonth=10&drYear=2024 (POST form),Reserve Bank of India,2026-09-28
2024,2024-10-31,10,31,305,Post-monsoon,Kolkata,West Bengal,East,Diwali (Deepavali),Hindu,Religious,shared_date,2,0.5,Diwali (Deepavali)/Kali Puja/Sardar Vallabhbhai Patel's Birthday/Naraka Chaturdashi,https://www.rbi.org.in/Scripts/HolidayMatrixDisplay.aspx?drRegionalOffice=0&drMonth=10&drYear=2024 (POST form),Reserve Bank of India,2026-09-28
2024,2024-10-31,10,31,305,Post-monsoon,Lucknow,Uttar Pradesh,North,Diwali (Deepavali),Hindu,Religious,shared_date,2,0.5,Diwali (Deepavali)/Kali Puja/Sardar Vallabhbhai Patel's Birthday/Naraka Chaturdashi,https://www.rbi.org.in/Scripts/HolidayMatrixDisplay.aspx?drRegionalOffice=0&drMonth=10&drYear=2024 (POST form),Reserve Bank of India,2026-09-28
2024,2024-10-31,10,31,305,Post-monsoon,New Delhi,Delhi,North,Diwali (Deepavali),Hindu,Religious,shared_date,2,0.5,Diwali (Deepavali)/Kali Puja/Sardar Vallabhbhai Patel's Birthday/Naraka Chaturdashi,https://www.rbi.org.in/Scripts/HolidayMatrixDisplay.aspx?drRegionalOffice=0&drMonth=10&drYear=2024 (POST form),Reserve Bank of India,2026-09-28
2024,2024-10-31,10,31,305,Post-monsoon,Panaji,Goa,West,Diwali (Deepavali),Hindu,Religious,shared_date,2,0.5,Diwali (Deepavali)/Kali Puja/Sardar Vallabhbhai Patel's Birthday/Naraka Chaturdashi,https://www.rbi.org.in/Scripts/HolidayMatrixDisplay.aspx?drRegionalOffice=0&drMonth=10&drYear=2024 (POST form),Reserve Bank of India,2026-09-28
2024,2024-10-31,10,31,305,Post-monsoon,Patna,Bihar,East,Diwali (Deepavali),Hindu,Religious,shared_date,2,0.5,Diwali (Deepavali)/Kali Puja/Sardar Vallabhbhai Patel's Birthday/Naraka Chaturdashi,https://www.rbi.org.in/Scripts/HolidayMatrixDisplay.aspx?drRegionalOffice=0&drMonth=10&drYear=2024 (POST form),Reserve Bank of India,2026-09-28
2024,2024-10-31,10,31,305,Post-monsoon,Raipur,Chhattisgarh,Central,Diwali (Deepavali),Hindu,Religious,shared_date,2,0.5,Diwali (Deepavali)/Kali Puja/Sardar Vallabhbhai Patel's Birthday/Naraka Chaturdashi,https://www.rbi.org.in/Scripts/HolidayMatrixDisplay.aspx?drRegionalOffice=0&drMonth=10&drYear=2024 (POST form),Reserve Bank of India,2026-09-28
2024,2024-10-31,10,31,305,Post-monsoon,Ranchi,Jharkhand,East,Diwali (Deepavali),Hindu,Religious,shared_date,2,0.5,Diwali (Deepavali)/Kali Puja/Sardar Vallabhbhai Patel's Birthday/Naraka Chaturdashi,https://www.rbi.org.in/Scripts/HolidayMatrixDisplay.aspx?drRegionalOffice=0&drMonth=10&drYear=2024 (POST form),Reserve Bank of India,2026-09-28
2024,2024-10-31,10,31,305,Post-monsoon,Shimla,Himachal Pradesh,North,Diwali (Deepavali),Hindu,Religious,shared_date,2,0.5,Diwali (Deepavali)/Kali Puja/Sardar Vallabhbhai Patel's Birthday/Naraka Chaturdashi,https://www.rbi.org.in/Scripts/HolidayMatrixDisplay.aspx?drRegionalOffice=0&drMonth=10&drYear=2024 (POST form),Reserve Bank of India,2026-09-28
2024,2024-10-31,10,31,305,Post-monsoon,Thiruvananthapuram,Kerala,South,Diwali (Deepavali),Hindu,Religious,shared_date,2,0.5,Diwali (Deepavali)/Kali Puja/Sardar Vallabhbhai Patel's Birthday/Naraka Chaturdashi,https://www.rbi.org.in/Scripts/HolidayMatrixDisplay.aspx?drRegionalOffice=0&drMonth=10&drYear=2024 (POST form),Reserve Bank of India,2026-09-28
2024,2024-10-31,10,31,305,Post-monsoon,Vijayawada,Andhra Pradesh,South,Diwali (Deepavali),Hindu,Religious,shared_date,2,0.5,Diwali (Deepavali)/Kali Puja/Sardar Vallabhbhai Patel's Birthday/Naraka Chaturdashi,https://www.rbi.org.in/Scripts/HolidayMatrixDisplay.aspx?drRegionalOffice=0&drMonth=10&drYear=2024 (POST form),Reserve Bank of India,2026-09-28
2024,2024-11-01,11,1,306,Post-monsoon,Agartala,Tripura,North-East,Diwali (Deepavali),Hindu,Religious,shared_date,3,0.3333333333333333,Diwali Amavasya (Laxmi Pujan)/Deepawali/Kut/Kannada Rajyothsava/Govardhan Pooja,https://www.rbi.org.in/Scripts/HolidayMatrixDisplay.aspx?drRegionalOffice=0&drMonth=11&drYear=2024 (POST form),Reserve Bank of India,2026-09-28
2024,2024-11-01,11,1,306,Post-monsoon,Agartala,Tripura,North-East,Kut (Chin-Kuki-Mizo),Tribal/Indigenous,Harvest,shared_date,3,0.3333333333333333,Diwali Amavasya (Laxmi Pujan)/Deepawali/Kut/Kannada Rajyothsava/Govardhan Pooja,https://www.rbi.org.in/Scripts/HolidayMatrixDisplay.aspx?drRegionalOffice=0&drMonth=11&drYear=2024 (POST form),Reserve Bank of India,2026-09-28
2024,2024-11-01,11,1,306,Post-monsoon,Belapur,Maharashtra,West,Diwali (Deepavali),Hindu,Religious,shared_date,3,0.3333333333333333,Diwali Amavasya (Laxmi Pujan)/Deepawali/Kut/Kannada Rajyothsava/Govardhan Pooja,https://www.rbi.org.in/Scripts/HolidayMatrixDisplay.aspx?drRegionalOffice=0&drMonth=11&drYear=2024 (POST form),Reserve Bank of India,2026-09-28
2024,2024-11-01,11,1,306,Post-monsoon,Belapur,Maharashtra,West,Kut (Chin-Kuki-Mizo),Tribal/Indigenous,Harvest,shared_date,3,0.3333333333333333,Diwali Amavasya (Laxmi Pujan)/Deepawali/Kut/Kannada Rajyothsava/Govardhan Pooja,https://www.rbi.org.in/Scripts/HolidayMatrixDisplay.aspx?drRegionalOffice=0&drMonth=11&drYear=2024 (POST form),Reserve Bank of India,2026-09-28
2024,2024-11-01,11,1,306,Post-monsoon,Bengaluru,Karnataka,South,Diwali (Deepavali),Hindu,Religious,shared_date,3,0.3333333333333333,Diwali Amavasya (Laxmi Pujan)/Deepawali/Kut/Kannada Rajyothsava/Govardhan Pooja,https://www.rbi.org.in/Scripts/HolidayMatrixDisplay.aspx?drRegionalOffice=0&drMonth=11&drYear=2024 (POST form),Reserve Bank of India,2026-09-28
2024,2024-11-01,11,1,306,Post-monsoon,Bengaluru,Karnataka,South,Kut (Chin-Kuki-Mizo),Tribal/Indigenous,Harvest,shared_date,3,0.3333333333333333,Diwali Amavasya (Laxmi Pujan)/Deepawali/Kut/Kannada Rajyothsava/Govardhan Pooja,https://www.rbi.org.in/Scripts/HolidayMatrixDisplay.aspx?drRegionalOffice=0&drMonth=11&drYear=2024 (POST form),Reserve Bank of India,2026-09-28
2024,2024-11-01,11,1,306,Post-monsoon,Bhopal,Madhya Pradesh,Central,Diwali (Deepavali),Hindu,Religious,shared_date,3,0.3333333333333333,Diwali Amavasya (Laxmi Pujan)/Deepawali/Kut/Kannada Rajyothsava/Govardhan Pooja,https://www.rbi.org.in/Scripts/HolidayMatrixDisplay.aspx?drRegionalOffice=0&drMonth=11&drYear=2024 (POST form),Reserve Bank of India,2026-09-28
2024,2024-11-01,11,1,306,Post-monsoon,Bhopal,Madhya Pradesh,Central,Kut (Chin-Kuki-Mizo),Tribal/Indigenous,Harvest,shared_date,3,0.3333333333333333,Diwali Amavasya (Laxmi Pujan)/Deepawali/Kut/Kannada Rajyothsava/Govardhan Pooja,https://www.rbi.org.in/Scripts/HolidayMatrixDisplay.aspx?drRegionalOffice=0&drMonth=11&drYear=2024 (POST form),Reserve Bank of India,2026-09-28
2024,2024-11-01,11,1,306,Post-monsoon,Dehradun,Uttarakhand,North,Diwali (Deepavali),Hindu,Religious,shared_date,3,0.3333333333333333,Diwali Amavasya (Laxmi Pujan)/Deepawali/Kut/Kannada Rajyothsava/Govardhan Pooja,https://www.rbi.org.in/Scripts/HolidayMatrixDisplay.aspx?drRegionalOffice=0&drMonth=11&drYear=2024 (POST form),Reserve Bank of India,2026-09-28
2024,2024-11-01,11,1,306,Post-monsoon,Dehradun,Uttarakhand,North,Kut (Chin-Kuki-Mizo),Tribal/Indigenous,Harvest,shared_date,3,0.3333333333333333,Diwali Amavasya (Laxmi Pujan)/Deepawali/Kut/Kannada Rajyothsava/Govardhan Pooja,https://www.rbi.org.in/Scripts/HolidayMatrixDisplay.aspx?drRegionalOffice=0&drMonth=11&drYear=2024 (POST form),Reserve Bank of India,2026-09-28
2024,2024-11-01,11,1,306,Post-monsoon,Gangtok,Sikkim,North-East,Diwali (Deepavali),Hindu,Religious,shared_date,3,0.3333333333333333,Diwali Amavasya (Laxmi Pujan)/Deepawali/Kut/Kannada Rajyothsava/Govardhan Pooja,https://www.rbi.org.in/Scripts/HolidayMatrixDisplay.aspx?drRegionalOffice=0&drMonth=11&drYear=2024 (POST form),Reserve Bank of India,2026-09-28
2024,2024-11-01,11,1,306,Post-monsoon,Gangtok,Sikkim,North-East,Kut (Chin-Kuki-Mizo),Tribal/Indigenous,Harvest,shared_date,3,0.3333333333333333,Diwali Amavasya (Laxmi Pujan)/Deepawali/Kut/Kannada Rajyothsava/Govardhan Pooja,https://www.rbi.org.in/Scripts/HolidayMatrixDisplay.aspx?drRegionalOffice=0&drMonth=11&drYear=2024 (POST form),Reserve Bank of India,2026-09-28
2024,2024-11-01,11,1,306,Post-monsoon,Guwahati,Assam,North-East,Diwali (Deepavali),Hindu,Religious,shared_date,3,0.3333333333333333,Diwali Amavasya (Laxmi Pujan)/Deepawali/Kut/Kannada Rajyothsava/Govardhan Pooja,https://www.rbi.org.in/Scripts/HolidayMatrixDisplay.aspx?drRegionalOffice=0&drMonth=11&drYear=2024 (POST form),Reserve Bank of India,2026-09-28
2024,2024-11-01,11,1,306,Post-monsoon,Guwahati,Assam,North-East,Kut (Chin-Kuki-Mizo),Tribal/Indigenous,Harvest,shared_date,3,0.3333333333333333,Diwali Amavasya (Laxmi Pujan)/Deepawali/Kut/Kannada Rajyothsava/Govardhan Pooja,https://www.rbi.org.in/Scripts/HolidayMatrixDisplay.aspx?drRegionalOffice=0&drMonth=11&drYear=2024 (POST form),Reserve Bank of India,2026-09-28
2024,2024-11-01,11,1,306,Post-monsoon,Imphal,Manipur,North-East,Diwali (Deepavali),Hindu,Religious,shared_date,3,0.3333333333333333,Diwali Amavasya (Laxmi Pujan)/Deepawali/Kut/Kannada Rajyothsava/Govardhan Pooja,https://www.rbi.org.in/Scripts/HolidayMatrixDisplay.aspx?drRegionalOffice=0&drMonth=11&drYear=2024 (POST form),Reserve Bank of India,2026-09-28
2024,2024-11-01,11,1,306,Post-monsoon,Imphal,Manipur,North-East,Kut (Chin-Kuki-Mizo),Tribal/Indigenous,Harvest,shared_date,3,0.3333333333333333,Diwali Amavasya (Laxmi Pujan)/Deepawali/Kut/Kannada Rajyothsava/Govardhan Pooja,https://www.rbi.org.in/Scripts/HolidayMatrixDisplay.aspx?drRegionalOffice=0&drMonth=11&drYear=2024 (POST form),Reserve Bank of India,2026-09-28
2024,2024-11-01,11,1,306,Post-monsoon,Jammu,Jammu & Kashmir,North,Diwali (Deepavali),Hindu,Religious,shared_date,3,0.3333333333333333,Diwali Amavasya (Laxmi Pujan)/Deepawali/Kut/Kannada Rajyothsava/Govardhan Pooja,https://www.rbi.org.in/Scripts/HolidayMatrixDisplay.aspx?drRegionalOffice=0&drMonth=11&drYear=2024 (POST form),Reserve Bank of India,2026-09-28
2024,2024-11-01,11,1,306,Post-monsoon,Jammu,Jammu & Kashmir,North,Kut (Chin-Kuki-Mizo),Tribal/Indigenous,Harvest,shared_date,3,0.3333333333333333,Diwali Amavasya (Laxmi Pujan)/Deepawali/Kut/Kannada Rajyothsava/Govardhan Pooja,https://www.rbi.org.in/Scripts/HolidayMatrixDisplay.aspx?drRegionalOffice=0&drMonth=11&drYear=2024 (POST form),Reserve Bank of India,2026-09-28
2024,2024-11-01,11,1,306,Post-monsoon,Kanpur,Uttar Pradesh,North,Diwali (Deepavali),Hindu,Religious,shared_date,3,0.3333333333333333,Diwali Amavasya (Laxmi Pujan)/Deepawali/Kut/Kannada Rajyothsava/Govardhan Pooja,https://www.rbi.org.in/Scripts/HolidayMatrixDisplay.aspx?drRegionalOffice=0&drMonth=11&drYear=2024 (POST form),Reserve Bank of India,2026-09-28
2024,2024-11-01,11,1,306,Post-monsoon,Kanpur,Uttar Pradesh,North,Kut (Chin-Kuki-Mizo),Tribal/Indigenous,Harvest,shared_date,3,0.3333333333333333,Diwali Amavasya (Laxmi Pujan)/Deepawali/Kut/Kannada Rajyothsava/Govardhan Pooja,https://www.rbi.org.in/Scripts/HolidayMatrixDisplay.aspx?drRegionalOffice=0&drMonth=11&drYear=2024 (POST form),Reserve Bank of India,2026-09-28
2024,2024-11-01,11,1,306,Post-monsoon,Lucknow,Uttar Pradesh,North,Diwali (Deepavali),Hindu,Religious,shared_date,3,0.3333333333333333,Diwali Amavasya (Laxmi Pujan)/Deepawali/Kut/Kannada Rajyothsava/Govardhan Pooja,https://www.rbi.org.in/Scripts/HolidayMatrixDisplay.aspx?drRegionalOffice=0&drMonth=11&drYear=2024 (POST form),Reserve Bank of India,2026-09-28
2024,2024-11-01,11,1,306,Post-monsoon,Lucknow,Uttar Pradesh,North,Kut (Chin-Kuki-Mizo),Tribal/Indigenous,Harvest,shared_date,3,0.3333333333333333,Diwali Amavasya (Laxmi Pujan)/Deepawali/Kut/Kannada Rajyothsava/Govardhan Pooja,https://www.rbi.org.in/Scripts/HolidayMatrixDisplay.aspx?drRegionalOffice=0&drMonth=11&drYear=2024 (POST form),Reserve Bank of India,2026-09-28
2024,2024-11-01,11,1,306,Post-monsoon,Mumbai,Maharashtra,West,Diwali (Deepavali),Hindu,Religious,shared_date,3,0.3333333333333333,Diwali Amavasya (Laxmi Pujan)/Deepawali/Kut/Kannada Rajyothsava/Govardhan Pooja,https://www.rbi.org.in/Scripts/HolidayMatrixDisplay.aspx?drRegionalOffice=0&drMonth=11&drYear=2024 (POST form),Reserve Bank of India,2026-09-28
2024,2024-11-01,11,1,306,Post-monsoon,Mumbai,Maharashtra,West,Kut (Chin-Kuki-Mizo),Tribal/Indigenous,Harvest,shared_date,3,0.3333333333333333,Diwali Amavasya (Laxmi Pujan)/Deepawali/Kut/Kannada Rajyothsava/Govardhan Pooja,https://www.rbi.org.in/Scripts/HolidayMatrixDisplay.aspx?drRegionalOffice=0&drMonth=11&drYear=2024 (POST form),Reserve Bank of India,2026-09-28
2024,2024-11-01,11,1,306,Post-monsoon,Nagpur,Maharashtra,West,Diwali (Deepavali),Hindu,Religious,shared_date,3,0.3333333333333333,Diwali Amavasya (Laxmi Pujan)/Deepawali/Kut/Kannada Rajyothsava/Govardhan Pooja,https://www.rbi.org.in/Scripts/HolidayMatrixDisplay.aspx?drRegionalOffice=0&drMonth=11&drYear=2024 (POST form),Reserve Bank of India,2026-09-28
2024,2024-11-01,11,1,306,Post-monsoon,Nagpur,Maharashtra,West,Kut (Chin-Kuki-Mizo),Tribal/Indigenous,Harvest,shared_date,3,0.3333333333333333,Diwali Amavasya (Laxmi Pujan)/Deepawali/Kut/Kannada Rajyothsava/Govardhan Pooja,https://www.rbi.org.in/Scripts/HolidayMatrixDisplay.aspx?drRegionalOffice=0&drMonth=11&drYear=2024 (POST form),Reserve Bank of India,2026-09-28
2024,2024-11-01,11,1,306,Post-monsoon,Raipur,Chhattisgarh,Central,Diwali (Deepavali),Hindu,Religious,shared_date,3,0.3333333333333333,Diwali Amavasya (Laxmi Pujan)/Deepawali/Kut/Kannada Rajyothsava/Govardhan Pooja,https://www.rbi.org.in/Scripts/HolidayMatrixDisplay.aspx?drRegionalOffice=0&drMonth=11&drYear=2024 (POST form),Reserve Bank of India,2026-09-28
2024,2024-11-01,11,1,306,Post-monsoon,Raipur,Chhattisgarh,Central,Kut (Chin-Kuki-Mizo),Tribal/Indigenous,Harvest,shared_date,3,0.3333333333333333,Diwali Amavasya (Laxmi Pujan)/Deepawali/Kut/Kannada Rajyothsava/Govardhan Pooja,https://www.rbi.org.in/Scripts/HolidayMatrixDisplay.aspx?drRegionalOffice=0&drMonth=11&drYear=2024 (POST form),Reserve Bank of India,2026-09-28
2024,2024-11-01,11,1,306,Post-monsoon,Shillong,Meghalaya,North-East,Diwali (Deepavali),Hindu,Religious,shared_date,3,0.3333333333333333,Diwali Amavasya (Laxmi Pujan)/Deepawali/Kut/Kannada Rajyothsava/Govardhan Pooja,https://www.rbi.org.in/Scripts/HolidayMatrixDisplay.aspx?drRegionalOffice=0&drMonth=11&drYear=2024 (POST form),Reserve Bank of India,2026-09-28
2024,2024-11-01,11,1,306,Post-monsoon,Shillong,Meghalaya,North-East,Kut (Chin-Kuki-Mizo),Tribal/Indigenous,Harvest,shared_date,3,0.3333333333333333,Diwali Amavasya (Laxmi Pujan)/Deepawali/Kut/Kannada Rajyothsava/Govardhan Pooja,https://www.rbi.org.in/Scripts/HolidayMatrixDisplay.aspx?drRegionalOffice=0&drMonth=11&drYear=2024 (POST form),Reserve Bank of India,2026-09-28
2024,2024-11-01,11,1,306,Post-monsoon,Srinagar,Jammu & Kashmir,North,Diwali (Deepavali),Hindu,Religious,shared_date,3,0.3333333333333333,Diwali Amavasya (Laxmi Pujan)/Deepawali/Kut/Kannada Rajyothsava/Govardhan Pooja,https://www.rbi.org.in/Scripts/HolidayMatrixDisplay.aspx?drRegionalOffice=0&drMonth=11&drYear=2024 (POST form),Reserve Bank of India,2026-09-28
2024,2024-11-01,11,1,306,Post-monsoon,Srinagar,Jammu & Kashmir,North,Kut (Chin-Kuki-Mizo),Tribal/Indigenous,Harvest,shared_date,3,0.3333333333333333,Diwali Amavasya (Laxmi Pujan)/Deepawali/Kut/Kannada Rajyothsava/Govardhan Pooja,https://www.rbi.org.in/Scripts/HolidayMatrixDisplay.aspx?drRegionalOffice=0&drMonth=11&drYear=2024 (POST form),Reserve Bank of India,2026-09-28
2024,2024-11-02,11,2,307,Post-monsoon,Ahmedabad,Gujarat,West,Diwali (Deepavali),Hindu,Religious,shared_date,2,0.5,Diwali (Bali Pratipada)/Balipadyami/Laxmi Puja (Deepawali)/Govardhan Pooja/Vikram Samvant New Year Day,https://www.rbi.org.in/Scripts/HolidayMatrixDisplay.aspx?drRegionalOffice=0&drMonth=11&drYear=2024 (POST form),Reserve Bank of India,2026-09-28
2024,2024-11-02,11,2,307,Post-monsoon,Ahmedabad,Gujarat,West,Vikram Samvat New Year,Hindu,New Year,shared_date,2,0.5,Diwali (Bali Pratipada)/Balipadyami/Laxmi Puja (Deepawali)/Govardhan Pooja/Vikram Samvant New Year Day,https://www.rbi.org.in/Scripts/HolidayMatrixDisplay.aspx?drRegionalOffice=0&drMonth=11&drYear=2024 (POST form),Reserve Bank of India,2026-09-28
2024,2024-11-02,11,2,307,Post-monsoon,Belapur,Maharashtra,West,Diwali (Deepavali),Hindu,Religious,shared_date,2,0.5,Diwali (Bali Pratipada)/Balipadyami/Laxmi Puja (Deepawali)/Govardhan Pooja/Vikram Samvant New Year Day,https://www.rbi.org.in/Scripts/HolidayMatrixDisplay.aspx?drRegionalOffice=0&drMonth=11&drYear=2024 (POST form),Reserve Bank of India,2026-09-28
2024,2024-11-02,11,2,307,Post-monsoon,Belapur,Maharashtra,West,Vikram Samvat New Year,Hindu,New Year,shared_date,2,0.5,Diwali (Bali Pratipada)/Balipadyami/Laxmi Puja (Deepawali)/Govardhan Pooja/Vikram Samvant New Year Day,https://www.rbi.org.in/Scripts/HolidayMatrixDisplay.aspx?drRegionalOffice=0&drMonth=11&drYear=2024 (POST form),Reserve Bank of India,2026-09-28
2024,2024-11-02,11,2,307,Post-monsoon,Bengaluru,Karnataka,South,Diwali (Deepavali),Hindu,Religious,shared_date,2,0.5,Diwali (Bali Pratipada)/Balipadyami/Laxmi Puja (Deepawali)/Govardhan Pooja/Vikram Samvant New Year Day,https://www.rbi.org.in/Scripts/HolidayMatrixDisplay.aspx?drRegionalOffice=0&drMonth=11&drYear=2024 (POST form),Reserve Bank of India,2026-09-28
2024,2024-11-02,11,2,307,Post-monsoon,Bengaluru,Karnataka,South,Vikram Samvat New Year,Hindu,New Year,shared_date,2,0.5,Diwali (Bali Pratipada)/Balipadyami/Laxmi Puja (Deepawali)/Govardhan Pooja/Vikram Samvant New Year Day,https://www.rbi.org.in/Scripts/HolidayMatrixDisplay.aspx?drRegionalOffice=0&drMonth=11&drYear=2024 (POST form),Reserve Bank of India,2026-09-28
2024,2024-11-02,11,2,307,Post-monsoon,Dehradun,Uttarakhand,North,Diwali (Deepavali),Hindu,Religious,shared_date,2,0.5,Diwali (Bali Pratipada)/Balipadyami/Laxmi Puja (Deepawali)/Govardhan Pooja/Vikram Samvant New Year Day,https://www.rbi.org.in/Scripts/HolidayMatrixDisplay.aspx?drRegionalOffice=0&drMonth=11&drYear=2024 (POST form),Reserve Bank of India,2026-09-28
2024,2024-11-02,11,2,307,Post-monsoon,Dehradun,Uttarakhand,North,Vikram Samvat New Year,Hindu,New Year,shared_date,2,0.5,Diwali (Bali Pratipada)/Balipadyami/Laxmi Puja (Deepawali)/Govardhan Pooja/Vikram Samvant New Year Day,https://www.rbi.org.in/Scripts/HolidayMatrixDisplay.aspx?drRegionalOffice=0&drMonth=11&drYear=2024 (POST form),Reserve Bank of India,2026-09-28
2024,2024-11-02,11,2,307,Post-monsoon,Gangtok,Sikkim,North-East,Diwali (Deepavali),Hindu,Religious,shared_date,2,0.5,Diwali (Bali Pratipada)/Balipadyami/Laxmi Puja (Deepawali)/Govardhan Pooja/Vikram Samvant New Year Day,https://www.rbi.org.in/Scripts/HolidayMatrixDisplay.aspx?drRegionalOffice=0&drMonth=11&drYear=2024 (POST form),Reserve Bank of India,2026-09-28
2024,2024-11-02,11,2,307,Post-monsoon,Gangtok,Sikkim,North-East,Vikram Samvat New Year,Hindu,New Year,shared_date,2,0.5,Diwali (Bali Pratipada)/Balipadyami/Laxmi Puja (Deepawali)/Govardhan Pooja/Vikram Samvant New Year Day,https://www.rbi.org.in/Scripts/HolidayMatrixDisplay.aspx?drRegionalOffice=0&drMonth=11&drYear=2024 (POST form),Reserve Bank of India,2026-09-28
2024,2024-11-02,11,2,307,Post-monsoon,Jaipur,Rajasthan,North,Diwali (Deepavali),Hindu,Religious,shared_date,2,0.5,Diwali (Bali Pratipada)/Balipadyami/Laxmi Puja (Deepawali)/Govardhan Pooja/Vikram Samvant New Year Day,https://www.rbi.org.in/Scripts/HolidayMatrixDisplay.aspx?drRegionalOffice=0&drMonth=11&drYear=2024 (POST form),Reserve Bank of India,2026-09-28
2024,2024-11-02,11,2,307,Post-monsoon,Jaipur,Rajasthan,North,Vikram Samvat New Year,Hindu,New Year,shared_date,2,0.5,Diwali (Bali Pratipada)/Balipadyami/Laxmi Puja (Deepawali)/Govardhan Pooja/Vikram Samvant New Year Day,https://www.rbi.org.in/Scripts/HolidayMatrixDisplay.aspx?drRegionalOffice=0&drMonth=11&drYear=2024 (POST form),Reserve Bank of India,2026-09-28
2024,2024-11-02,11,2,307,Post-monsoon,Kanpur,Uttar Pradesh,North,Diwali (Deepavali),Hindu,Religious,shared_date,2,0.5,Diwali (Bali Pratipada)/Balipadyami/Laxmi Puja (Deepawali)/Govardhan Pooja/Vikram Samvant New Year Day,https://www.rbi.org.in/Scripts/HolidayMatrixDisplay.aspx?drRegionalOffice=0&drMonth=11&drYear=2024 (POST form),Reserve Bank of India,2026-09-28
2024,2024-11-02,11,2,307,Post-monsoon,Kanpur,Uttar Pradesh,North,Vikram Samvat New Year,Hindu,New Year,shared_date,2,0.5,Diwali (Bali Pratipada)/Balipadyami/Laxmi Puja (Deepawali)/Govardhan Pooja/Vikram Samvant New Year Day,https://www.rbi.org.in/Scripts/HolidayMatrixDisplay.aspx?drRegionalOffice=0&drMonth=11&drYear=2024 (POST form),Reserve Bank of India,2026-09-28
2024,2024-11-02,11,2,307,Post-monsoon,Lucknow,Uttar Pradesh,North,Diwali (Deepavali),Hindu,Religious,shared_date,2,0.5,Diwali (Bali Pratipada)/Balipadyami/Laxmi Puja (Deepawali)/Govardhan Pooja/Vikram Samvant New Year Day,https://www.rbi.org.in/Scripts/HolidayMatrixDisplay.aspx?drRegionalOffice=0&drMonth=11&drYear=2024 (POST form),Reserve Bank of India,2026-09-28
2024,2024-11-02,11,2,307,Post-monsoon,Lucknow,Uttar Pradesh,North,Vikram Samvat New Year,Hindu,New Year,shared_date,2,0.5,Diwali (Bali Pratipada)/Balipadyami/Laxmi Puja (Deepawali)/Govardhan Pooja/Vikram Samvant New Year Day,https://www.rbi.org.in/Scripts/HolidayMatrixDisplay.aspx?drRegionalOffice=0&drMonth=11&drYear=2024 (POST form),Reserve Bank of India,2026-09-28
2024,2024-11-02,11,2,307,Post-monsoon,Mumbai,Maharashtra,West,Diwali (Deepavali),Hindu,Religious,shared_date,2,0.5,Diwali (Bali Pratipada)/Balipadyami/Laxmi Puja (Deepawali)/Govardhan Pooja/Vikram Samvant New Year Day,https://www.rbi.org.in/Scripts/HolidayMatrixDisplay.aspx?drRegionalOffice=0&drMonth=11&drYear=2024 (POST form),Reserve Bank of India,2026-09-28
2024,2024-11-02,11,2,307,Post-monsoon,Mumbai,Maharashtra,West,Vikram Samvat New Year,Hindu,New Year,shared_date,2,0.5,Diwali (Bali Pratipada)/Balipadyami/Laxmi Puja (Deepawali)/Govardhan Pooja/Vikram Samvant New Year Day,https://www.rbi.org.in/Scripts/HolidayMatrixDisplay.aspx?drRegionalOffice=0&drMonth=11&drYear=2024 (POST form),Reserve Bank of India,2026-09-28
2024,2024-11-02,11,2,307,Post-monsoon,Nagpur,Maharashtra,West,Diwali (Deepavali),Hindu,Religious,shared_date,2,0.5,Diwali (Bali Pratipada)/Balipadyami/Laxmi Puja (Deepawali)/Govardhan Pooja/Vikram Samvant New Year Day,https://www.rbi.org.in/Scripts/HolidayMatrixDisplay.aspx?drRegionalOffice=0&drMonth=11&drYear=2024 (POST form),Reserve Bank of India,2026-09-28
2024,2024-11-02,11,2,307,Post-monsoon,Nagpur,Maharashtra,West,Vikram Samvat New Year,Hindu,New Year,shared_date,2,0.5,Diwali (Bali Pratipada)/Balipadyami/Laxmi Puja (Deepawali)/Govardhan Pooja/Vikram Samvant New Year Day,https://www.rbi.org.in/Scripts/HolidayMatrixDisplay.aspx?drRegionalOffice=0&drMonth=11&drYear=2024 (POST form),Reserve Bank of India,2026-09-28
2024,2024-11-07,11,7,312,Post-monsoon,Kolkata,West Bengal,East,Chhath Puja,Hindu,Religious,unique,1,1.0,Chhath (Evening Arghya),https://www.rbi.org.in/Scripts/HolidayMatrixDisplay.aspx?drRegionalOffice=0&drMonth=11&drYear=2024 (POST form),Reserve Bank of India,2026-09-28
2024,2024-11-07,11,7,312,Post-monsoon,Patna,Bihar,East,Chhath Puja,Hindu,Religious,unique,1,1.0,Chhath (Evening Arghya),https://www.rbi.org.in/Scripts/HolidayMatrixDisplay.aspx?drRegionalOffice=0&drMonth=11&drYear=2024 (POST form),Reserve Bank of India,2026-09-28
2024,2024-11-07,11,7,312,Post-monsoon,Ranchi,Jharkhand,East,Chhath Puja,Hindu,Religious,unique,1,1.0,Chhath (Evening Arghya),https://www.rbi.org.in/Scripts/HolidayMatrixDisplay.aspx?drRegionalOffice=0&drMonth=11&drYear=2024 (POST form),Reserve Bank of India,2026-09-28
2024,2024-11-08,11,8,313,Post-monsoon,Patna,Bihar,East,Chhath Puja,Hindu,Religious,shared_date,2,0.5,Chhath (Morning Arghya)/Wangala Festival,https://www.rbi.org.in/Scripts/HolidayMatrixDisplay.aspx?drRegionalOffice=0&drMonth=11&drYear=2024 (POST form),Reserve Bank of India,2026-09-28
2024,2024-11-08,11,8,313,Post-monsoon,Patna,Bihar,East,Wangala,Tribal/Indigenous,Harvest,shared_date,2,0.5,Chhath (Morning Arghya)/Wangala Festival,https://www.rbi.org.in/Scripts/HolidayMatrixDisplay.aspx?drRegionalOffice=0&drMonth=11&drYear=2024 (POST form),Reserve Bank of India,2026-09-28
2024,2024-11-08,11,8,313,Post-monsoon,Ranchi,Jharkhand,East,Chhath Puja,Hindu,Religious,shared_date,2,0.5,Chhath (Morning Arghya)/Wangala Festival,https://www.rbi.org.in/Scripts/HolidayMatrixDisplay.aspx?drRegionalOffice=0&drMonth=11&drYear=2024 (POST form),Reserve Bank of India,2026-09-28
2024,2024-11-08,11,8,313,Post-monsoon,Ranchi,Jharkhand,East,Wangala,Tribal/Indigenous,Harvest,shared_date,2,0.5,Chhath (Morning Arghya)/Wangala Festival,https://www.rbi.org.in/Scripts/HolidayMatrixDisplay.aspx?drRegionalOffice=0&drMonth=11&drYear=2024 (POST form),Reserve Bank of India,2026-09-28
2024,2024-11-08,11,8,313,Post-monsoon,Shillong,Meghalaya,North-East,Chhath Puja,Hindu,Religious,shared_date,2,0.5,Chhath (Morning Arghya)/Wangala Festival,https://www.rbi.org.in/Scripts/HolidayMatrixDisplay.aspx?drRegionalOffice=0&drMonth=11&drYear=2024 (POST form),Reserve Bank of India,2026-09-28
2024,2024-11-08,11,8,313,Post-monsoon,Shillong,Meghalaya,North-East,Wangala,Tribal/Indigenous,Harvest,shared_date,2,0.5,Chhath (Morning Arghya)/Wangala Festival,https://www.rbi.org.in/Scripts/HolidayMatrixDisplay.aspx?drRegionalOffice=0&drMonth=11&drYear=2024 (POST form),Reserve Bank of India,2026-09-28
2024,2024-11-12,11,12,317,Post-monsoon,Dehradun,Uttarakhand,North,Igas-Bagwal,Hindu,Religious,shared_date,2,0.5,Egaas-Bagwaal/Nongkrem Dance,https://www.rbi.org.in/Scripts/HolidayMatrixDisplay.aspx?drRegionalOffice=0&drMonth=11&drYear=2024 (POST form),Reserve Bank of India,2026-09-28
2024,2024-11-12,11,12,317,Post-monsoon,Dehradun,Uttarakhand,North,Nongkrem Dance,Tribal/Indigenous,Religious,shared_date,2,0.5,Egaas-Bagwaal/Nongkrem Dance,https://www.rbi.org.in/Scripts/HolidayMatrixDisplay.aspx?drRegionalOffice=0&drMonth=11&drYear=2024 (POST form),Reserve Bank of India,2026-09-28
2024,2024-11-12,11,12,317,Post-monsoon,Shillong,Meghalaya,North-East,Igas-Bagwal,Hindu,Religious,shared_date,2,0.5,Egaas-Bagwaal/Nongkrem Dance,https://www.rbi.org.in/Scripts/HolidayMatrixDisplay.aspx?drRegionalOffice=0&drMonth=11&drYear=2024 (POST form),Reserve Bank of India,2026-09-28
2024,2024-11-12,11,12,317,Post-monsoon,Shillong,Meghalaya,North-East,Nongkrem Dance,Tribal/Indigenous,Religious,shared_date,2,0.5,Egaas-Bagwaal/Nongkrem Dance,https://www.rbi.org.in/Scripts/HolidayMatrixDisplay.aspx?drRegionalOffice=0&drMonth=11&drYear=2024 (POST form),Reserve Bank of India,2026-09-28
2024,2024-11-15,11,15,320,Post-monsoon,Aizawl,Mizoram,North-East,Guru Nanak Jayanti (Gurpurab),Sikh,Religious,shared_date,2,0.5,Guru Nanak Jayanti/Karthika Purnima/Rahas Purnima,https://www.rbi.org.in/Scripts/HolidayMatrixDisplay.aspx?drRegionalOffice=0&drMonth=11&drYear=2024 (POST form),Reserve Bank of India,2026-09-28
2024,2024-11-15,11,15,320,Post-monsoon,Aizawl,Mizoram,North-East,Kartika Purnima / Rahas Purnima,Hindu,Religious,shared_date,2,0.5,Guru Nanak Jayanti/Karthika Purnima/Rahas Purnima,https://www.rbi.org.in/Scripts/HolidayMatrixDisplay.aspx?drRegionalOffice=0&drMonth=11&drYear=2024 (POST form),Reserve Bank of India,2026-09-28
2024,2024-11-15,11,15,320,Post-monsoon,Belapur,Maharashtra,West,Guru Nanak Jayanti (Gurpurab),Sikh,Religious,shared_date,2,0.5,Guru Nanak Jayanti/Karthika Purnima/Rahas Purnima,https://www.rbi.org.in/Scripts/HolidayMatrixDisplay.aspx?drRegionalOffice=0&drMonth=11&drYear=2024 (POST form),Reserve Bank of India,2026-09-28
2024,2024-11-15,11,15,320,Post-monsoon,Belapur,Maharashtra,West,Kartika Purnima / Rahas Purnima,Hindu,Religious,shared_date,2,0.5,Guru Nanak Jayanti/Karthika Purnima/Rahas Purnima,https://www.rbi.org.in/Scripts/HolidayMatrixDisplay.aspx?drRegionalOffice=0&drMonth=11&drYear=2024 (POST form),Reserve Bank of India,2026-09-28
2024,2024-11-15,11,15,320,Post-monsoon,Bhopal,Madhya Pradesh,Central,Guru Nanak Jayanti (Gurpurab),Sikh,Religious,shared_date,2,0.5,Guru Nanak Jayanti/Karthika Purnima/Rahas Purnima,https://www.rbi.org.in/Scripts/HolidayMatrixDisplay.aspx?drRegionalOffice=0&drMonth=11&drYear=2024 (POST form),Reserve Bank of India,2026-09-28
2024,2024-11-15,11,15,320,Post-monsoon,Bhopal,Madhya Pradesh,Central,Kartika Purnima / Rahas Purnima,Hindu,Religious,shared_date,2,0.5,Guru Nanak Jayanti/Karthika Purnima/Rahas Purnima,https://www.rbi.org.in/Scripts/HolidayMatrixDisplay.aspx?drRegionalOffice=0&drMonth=11&drYear=2024 (POST form),Reserve Bank of India,2026-09-28
2024,2024-11-15,11,15,320,Post-monsoon,Bhubaneswar,Odisha,East,Guru Nanak Jayanti (Gurpurab),Sikh,Religious,shared_date,2,0.5,Guru Nanak Jayanti/Karthika Purnima/Rahas Purnima,https://www.rbi.org.in/Scripts/HolidayMatrixDisplay.aspx?drRegionalOffice=0&drMonth=11&drYear=2024 (POST form),Reserve Bank of India,2026-09-28
2024,2024-11-15,11,15,320,Post-monsoon,Bhubaneswar,Odisha,East,Kartika Purnima / Rahas Purnima,Hindu,Religious,shared_date,2,0.5,Guru Nanak Jayanti/Karthika Purnima/Rahas Purnima,https://www.rbi.org.in/Scripts/HolidayMatrixDisplay.aspx?drRegionalOffice=0&drMonth=11&drYear=2024 (POST form),Reserve Bank of India,2026-09-28
2024,2024-11-15,11,15,320,Post-monsoon,Chandigarh,Punjab-Haryana-Chandigarh,North,Guru Nanak Jayanti (Gurpurab),Sikh,Religious,shared_date,2,0.5,Guru Nanak Jayanti/Karthika Purnima/Rahas Purnima,https://www.rbi.org.in/Scripts/HolidayMatrixDisplay.aspx?drRegionalOffice=0&drMonth=11&drYear=2024 (POST form),Reserve Bank of India,2026-09-28
2024,2024-11-15,11,15,320,Post-monsoon,Chandigarh,Punjab-Haryana-Chandigarh,North,Kartika Purnima / Rahas Purnima,Hindu,Religious,shared_date,2,0.5,Guru Nanak Jayanti/Karthika Purnima/Rahas Purnima,https://www.rbi.org.in/Scripts/HolidayMatrixDisplay.aspx?drRegionalOffice=0&drMonth=11&drYear=2024 (POST form),Reserve Bank of India,2026-09-28
2024,2024-11-15,11,15,320,Post-monsoon,Dehradun,Uttarakhand,North,Guru Nanak Jayanti (Gurpurab),Sikh,Religious,shared_date,2,0.5,Guru Nanak Jayanti/Karthika Purnima/Rahas Purnima,https://www.rbi.org.in/Scripts/HolidayMatrixDisplay.aspx?drRegionalOffice=0&drMonth=11&drYear=2024 (POST form),Reserve Bank of India,2026-09-28
2024,2024-11-15,11,15,320,Post-monsoon,Dehradun,Uttarakhand,North,Kartika Purnima / Rahas Purnima,Hindu,Religious,shared_date,2,0.5,Guru Nanak Jayanti/Karthika Purnima/Rahas Purnima,https://www.rbi.org.in/Scripts/HolidayMatrixDisplay.aspx?drRegionalOffice=0&drMonth=11&drYear=2024 (POST form),Reserve Bank of India,2026-09-28
2024,2024-11-15,11,15,320,Post-monsoon,Hyderabad,Telangana,South,Guru Nanak Jayanti (Gurpurab),Sikh,Religious,shared_date,2,0.5,Guru Nanak Jayanti/Karthika Purnima/Rahas Purnima,https://www.rbi.org.in/Scripts/HolidayMatrixDisplay.aspx?drRegionalOffice=0&drMonth=11&drYear=2024 (POST form),Reserve Bank of India,2026-09-28
2024,2024-11-15,11,15,320,Post-monsoon,Hyderabad,Telangana,South,Kartika Purnima / Rahas Purnima,Hindu,Religious,shared_date,2,0.5,Guru Nanak Jayanti/Karthika Purnima/Rahas Purnima,https://www.rbi.org.in/Scripts/HolidayMatrixDisplay.aspx?drRegionalOffice=0&drMonth=11&drYear=2024 (POST form),Reserve Bank of India,2026-09-28
2024,2024-11-15,11,15,320,Post-monsoon,Itanagar,Arunachal Pradesh,North-East,Guru Nanak Jayanti (Gurpurab),Sikh,Religious,shared_date,2,0.5,Guru Nanak Jayanti/Karthika Purnima/Rahas Purnima,https://www.rbi.org.in/Scripts/HolidayMatrixDisplay.aspx?drRegionalOffice=0&drMonth=11&drYear=2024 (POST form),Reserve Bank of India,2026-09-28
2024,2024-11-15,11,15,320,Post-monsoon,Itanagar,Arunachal Pradesh,North-East,Kartika Purnima / Rahas Purnima,Hindu,Religious,shared_date,2,0.5,Guru Nanak Jayanti/Karthika Purnima/Rahas Purnima,https://www.rbi.org.in/Scripts/HolidayMatrixDisplay.aspx?drRegionalOffice=0&drMonth=11&drYear=2024 (POST form),Reserve Bank of India,2026-09-28
2024,2024-11-15,11,15,320,Post-monsoon,Jaipur,Rajasthan,North,Guru Nanak Jayanti (Gurpurab),Sikh,Religious,shared_date,2,0.5,Guru Nanak Jayanti/Karthika Purnima/Rahas Purnima,https://www.rbi.org.in/Scripts/HolidayMatrixDisplay.aspx?drRegionalOffice=0&drMonth=11&drYear=2024 (POST form),Reserve Bank of India,2026-09-28
2024,2024-11-15,11,15,320,Post-monsoon,Jaipur,Rajasthan,North,Kartika Purnima / Rahas Purnima,Hindu,Religious,shared_date,2,0.5,Guru Nanak Jayanti/Karthika Purnima/Rahas Purnima,https://www.rbi.org.in/Scripts/HolidayMatrixDisplay.aspx?drRegionalOffice=0&drMonth=11&drYear=2024 (POST form),Reserve Bank of India,2026-09-28
2024,2024-11-15,11,15,320,Post-monsoon,Jammu,Jammu & Kashmir,North,Guru Nanak Jayanti (Gurpurab),Sikh,Religious,shared_date,2,0.5,Guru Nanak Jayanti/Karthika Purnima/Rahas Purnima,https://www.rbi.org.in/Scripts/HolidayMatrixDisplay.aspx?drRegionalOffice=0&drMonth=11&drYear=2024 (POST form),Reserve Bank of India,2026-09-28
2024,2024-11-15,11,15,320,Post-monsoon,Jammu,Jammu & Kashmir,North,Kartika Purnima / Rahas Purnima,Hindu,Religious,shared_date,2,0.5,Guru Nanak Jayanti/Karthika Purnima/Rahas Purnima,https://www.rbi.org.in/Scripts/HolidayMatrixDisplay.aspx?drRegionalOffice=0&drMonth=11&drYear=2024 (POST form),Reserve Bank of India,2026-09-28
2024,2024-11-15,11,15,320,Post-monsoon,Kanpur,Uttar Pradesh,North,Guru Nanak Jayanti (Gurpurab),Sikh,Religious,shared_date,2,0.5,Guru Nanak Jayanti/Karthika Purnima/Rahas Purnima,https://www.rbi.org.in/Scripts/HolidayMatrixDisplay.aspx?drRegionalOffice=0&drMonth=11&drYear=2024 (POST form),Reserve Bank of India,2026-09-28
2024,2024-11-15,11,15,320,Post-monsoon,Kanpur,Uttar Pradesh,North,Kartika Purnima / Rahas Purnima,Hindu,Religious,shared_date,2,0.5,Guru Nanak Jayanti/Karthika Purnima/Rahas Purnima,https://www.rbi.org.in/Scripts/HolidayMatrixDisplay.aspx?drRegionalOffice=0&drMonth=11&drYear=2024 (POST form),Reserve Bank of India,2026-09-28
2024,2024-11-15,11,15,320,Post-monsoon,Kohima,Nagaland,North-East,Guru Nanak Jayanti (Gurpurab),Sikh,Religious,shared_date,2,0.5,Guru Nanak Jayanti/Karthika Purnima/Rahas Purnima,https://www.rbi.org.in/Scripts/HolidayMatrixDisplay.aspx?drRegionalOffice=0&drMonth=11&drYear=2024 (POST form),Reserve Bank of India,2026-09-28
2024,2024-11-15,11,15,320,Post-monsoon,Kohima,Nagaland,North-East,Kartika Purnima / Rahas Purnima,Hindu,Religious,shared_date,2,0.5,Guru Nanak Jayanti/Karthika Purnima/Rahas Purnima,https://www.rbi.org.in/Scripts/HolidayMatrixDisplay.aspx?drRegionalOffice=0&drMonth=11&drYear=2024 (POST form),Reserve Bank of India,2026-09-28
2024,2024-11-15,11,15,320,Post-monsoon,Kolkata,West Bengal,East,Guru Nanak Jayanti (Gurpurab),Sikh,Religious,shared_date,2,0.5,Guru Nanak Jayanti/Karthika Purnima/Rahas Purnima,https://www.rbi.org.in/Scripts/HolidayMatrixDisplay.aspx?drRegionalOffice=0&drMonth=11&drYear=2024 (POST form),Reserve Bank of India,2026-09-28
2024,2024-11-15,11,15,320,Post-monsoon,Kolkata,West Bengal,East,Kartika Purnima / Rahas Purnima,Hindu,Religious,shared_date,2,0.5,Guru Nanak Jayanti/Karthika Purnima/Rahas Purnima,https://www.rbi.org.in/Scripts/HolidayMatrixDisplay.aspx?drRegionalOffice=0&drMonth=11&drYear=2024 (POST form),Reserve Bank of India,2026-09-28
2024,2024-11-15,11,15,320,Post-monsoon,Lucknow,Uttar Pradesh,North,Guru Nanak Jayanti (Gurpurab),Sikh,Religious,shared_date,2,0.5,Guru Nanak Jayanti/Karthika Purnima/Rahas Purnima,https://www.rbi.org.in/Scripts/HolidayMatrixDisplay.aspx?drRegionalOffice=0&drMonth=11&drYear=2024 (POST form),Reserve Bank of India,2026-09-28
2024,2024-11-15,11,15,320,Post-monsoon,Lucknow,Uttar Pradesh,North,Kartika Purnima / Rahas Purnima,Hindu,Religious,shared_date,2,0.5,Guru Nanak Jayanti/Karthika Purnima/Rahas Purnima,https://www.rbi.org.in/Scripts/HolidayMatrixDisplay.aspx?drRegionalOffice=0&drMonth=11&drYear=2024 (POST form),Reserve Bank of India,2026-09-28
2024,2024-11-15,11,15,320,Post-monsoon,Mumbai,Maharashtra,West,Guru Nanak Jayanti (Gurpurab),Sikh,Religious,shared_date,2,0.5,Guru Nanak Jayanti/Karthika Purnima/Rahas Purnima,https://www.rbi.org.in/Scripts/HolidayMatrixDisplay.aspx?drRegionalOffice=0&drMonth=11&drYear=2024 (POST form),Reserve Bank of India,2026-09-28
2024,2024-11-15,11,15,320,Post-monsoon,Mumbai,Maharashtra,West,Kartika Purnima / Rahas Purnima,Hindu,Religious,shared_date,2,0.5,Guru Nanak Jayanti/Karthika Purnima/Rahas Purnima,https://www.rbi.org.in/Scripts/HolidayMatrixDisplay.aspx?drRegionalOffice=0&drMonth=11&drYear=2024 (POST form),Reserve Bank of India,2026-09-28
2024,2024-11-15,11,15,320,Post-monsoon,Nagpur,Maharashtra,West,Guru Nanak Jayanti (Gurpurab),Sikh,Religious,shared_date,2,0.5,Guru Nanak Jayanti/Karthika Purnima/Rahas Purnima,https://www.rbi.org.in/Scripts/HolidayMatrixDisplay.aspx?drRegionalOffice=0&drMonth=11&drYear=2024 (POST form),Reserve Bank of India,2026-09-28
2024,2024-11-15,11,15,320,Post-monsoon,Nagpur,Maharashtra,West,Kartika Purnima / Rahas Purnima,Hindu,Religious,shared_date,2,0.5,Guru Nanak Jayanti/Karthika Purnima/Rahas Purnima,https://www.rbi.org.in/Scripts/HolidayMatrixDisplay.aspx?drRegionalOffice=0&drMonth=11&drYear=2024 (POST form),Reserve Bank of India,2026-09-28
2024,2024-11-15,11,15,320,Post-monsoon,New Delhi,Delhi,North,Guru Nanak Jayanti (Gurpurab),Sikh,Religious,shared_date,2,0.5,Guru Nanak Jayanti/Karthika Purnima/Rahas Purnima,https://www.rbi.org.in/Scripts/HolidayMatrixDisplay.aspx?drRegionalOffice=0&drMonth=11&drYear=2024 (POST form),Reserve Bank of India,2026-09-28
2024,2024-11-15,11,15,320,Post-monsoon,New Delhi,Delhi,North,Kartika Purnima / Rahas Purnima,Hindu,Religious,shared_date,2,0.5,Guru Nanak Jayanti/Karthika Purnima/Rahas Purnima,https://www.rbi.org.in/Scripts/HolidayMatrixDisplay.aspx?drRegionalOffice=0&drMonth=11&drYear=2024 (POST form),Reserve Bank of India,2026-09-28
2024,2024-11-15,11,15,320,Post-monsoon,Raipur,Chhattisgarh,Central,Guru Nanak Jayanti (Gurpurab),Sikh,Religious,shared_date,2,0.5,Guru Nanak Jayanti/Karthika Purnima/Rahas Purnima,https://www.rbi.org.in/Scripts/HolidayMatrixDisplay.aspx?drRegionalOffice=0&drMonth=11&drYear=2024 (POST form),Reserve Bank of India,2026-09-28
2024,2024-11-15,11,15,320,Post-monsoon,Raipur,Chhattisgarh,Central,Kartika Purnima / Rahas Purnima,Hindu,Religious,shared_date,2,0.5,Guru Nanak Jayanti/Karthika Purnima/Rahas Purnima,https://www.rbi.org.in/Scripts/HolidayMatrixDisplay.aspx?drRegionalOffice=0&drMonth=11&drYear=2024 (POST form),Reserve Bank of India,2026-09-28
2024,2024-11-15,11,15,320,Post-monsoon,Ranchi,Jharkhand,East,Guru Nanak Jayanti (Gurpurab),Sikh,Religious,shared_date,2,0.5,Guru Nanak Jayanti/Karthika Purnima/Rahas Purnima,https://www.rbi.org.in/Scripts/HolidayMatrixDisplay.aspx?drRegionalOffice=0&drMonth=11&drYear=2024 (POST form),Reserve Bank of India,2026-09-28
2024,2024-11-15,11,15,320,Post-monsoon,Ranchi,Jharkhand,East,Kartika Purnima / Rahas Purnima,Hindu,Religious,shared_date,2,0.5,Guru Nanak Jayanti/Karthika Purnima/Rahas Purnima,https://www.rbi.org.in/Scripts/HolidayMatrixDisplay.aspx?drRegionalOffice=0&drMonth=11&drYear=2024 (POST form),Reserve Bank of India,2026-09-28
2024,2024-11-15,11,15,320,Post-monsoon,Shimla,Himachal Pradesh,North,Guru Nanak Jayanti (Gurpurab),Sikh,Religious,shared_date,2,0.5,Guru Nanak Jayanti/Karthika Purnima/Rahas Purnima,https://www.rbi.org.in/Scripts/HolidayMatrixDisplay.aspx?drRegionalOffice=0&drMonth=11&drYear=2024 (POST form),Reserve Bank of India,2026-09-28
2024,2024-11-15,11,15,320,Post-monsoon,Shimla,Himachal Pradesh,North,Kartika Purnima / Rahas Purnima,Hindu,Religious,shared_date,2,0.5,Guru Nanak Jayanti/Karthika Purnima/Rahas Purnima,https://www.rbi.org.in/Scripts/HolidayMatrixDisplay.aspx?drRegionalOffice=0&drMonth=11&drYear=2024 (POST form),Reserve Bank of India,2026-09-28
2024,2024-11-15,11,15,320,Post-monsoon,Srinagar,Jammu & Kashmir,North,Guru Nanak Jayanti (Gurpurab),Sikh,Religious,shared_date,2,0.5,Guru Nanak Jayanti/Karthika Purnima/Rahas Purnima,https://www.rbi.org.in/Scripts/HolidayMatrixDisplay.aspx?drRegionalOffice=0&drMonth=11&drYear=2024 (POST form),Reserve Bank of India,2026-09-28
2024,2024-11-15,11,15,320,Post-monsoon,Srinagar,Jammu & Kashmir,North,Kartika Purnima / Rahas Purnima,Hindu,Religious,shared_date,2,0.5,Guru Nanak Jayanti/Karthika Purnima/Rahas Purnima,https://www.rbi.org.in/Scripts/HolidayMatrixDisplay.aspx?drRegionalOffice=0&drMonth=11&drYear=2024 (POST form),Reserve Bank of India,2026-09-28
2024,2024-11-18,11,18,323,Post-monsoon,Bengaluru,Karnataka,South,Kanakadasa Jayanti,Hindu,Commemoration,unique,1,1.0,Kanakadasa Jayanti,https://www.rbi.org.in/Scripts/HolidayMatrixDisplay.aspx?drRegionalOffice=0&drMonth=11&drYear=2024 (POST form),Reserve Bank of India,2026-09-28
2024,2024-11-23,11,23,328,Post-monsoon,Shillong,Meghalaya,North-East,Seng Kut Snem,Tribal/Indigenous,Religious,unique,1,1.0,Seng Kutsnem,https://www.rbi.org.in/Scripts/HolidayMatrixDisplay.aspx?drRegionalOffice=0&drMonth=11&drYear=2024 (POST form),Reserve Bank of India,2026-09-28
2024,2024-12-03,12,3,338,Post-monsoon,Panaji,Goa,West,Feast of St. Francis Xavier,Christian,Religious,unique,1,1.0,Feast of St. Francis Xavier,https://www.rbi.org.in/Scripts/HolidayMatrixDisplay.aspx?drRegionalOffice=0&drMonth=12&drYear=2024 (POST form),Reserve Bank of India,2026-09-28
2024,2024-12-24,12,24,359,Post-monsoon,Aizawl,Mizoram,North-East,Christmas Eve,Christian,Religious,unique,1,1.0,Christmas Eve,https://www.rbi.org.in/Scripts/HolidayMatrixDisplay.aspx?drRegionalOffice=0&drMonth=12&drYear=2024 (POST form),Reserve Bank of India,2026-09-28
2024,2024-12-24,12,24,359,Post-monsoon,Kohima,Nagaland,North-East,Christmas Eve,Christian,Religious,unique,1,1.0,Christmas Eve,https://www.rbi.org.in/Scripts/HolidayMatrixDisplay.aspx?drRegionalOffice=0&drMonth=12&drYear=2024 (POST form),Reserve Bank of India,2026-09-28
2024,2024-12-24,12,24,359,Post-monsoon,Shillong,Meghalaya,North-East,Christmas Eve,Christian,Religious,unique,1,1.0,Christmas Eve,https://www.rbi.org.in/Scripts/HolidayMatrixDisplay.aspx?drRegionalOffice=0&drMonth=12&drYear=2024 (POST form),Reserve Bank of India,2026-09-28
2024,2024-12-25,12,25,360,Post-monsoon,Agartala,Tripura,North-East,Christmas,Christian,Religious,unique,1,1.0,Christmas,https://www.rbi.org.in/Scripts/HolidayMatrixDisplay.aspx?drRegionalOffice=0&drMonth=12&drYear=2024 (POST form),Reserve Bank of India,2026-09-28
2024,2024-12-25,12,25,360,Post-monsoon,Ahmedabad,Gujarat,West,Christmas,Christian,Religious,unique,1,1.0,Christmas,https://www.rbi.org.in/Scripts/HolidayMatrixDisplay.aspx?drRegionalOffice=0&drMonth=12&drYear=2024 (POST form),Reserve Bank of India,2026-09-28
2024,2024-12-25,12,25,360,Post-monsoon,Aizawl,Mizoram,North-East,Christmas,Christian,Religious,unique,1,1.0,Christmas,https://www.rbi.org.in/Scripts/HolidayMatrixDisplay.aspx?drRegionalOffice=0&drMonth=12&drYear=2024 (POST form),Reserve Bank of India,2026-09-28
2024,2024-12-25,12,25,360,Post-monsoon,Belapur,Maharashtra,West,Christmas,Christian,Religious,unique,1,1.0,Christmas,https://www.rbi.org.in/Scripts/HolidayMatrixDisplay.aspx?drRegionalOffice=0&drMonth=12&drYear=2024 (POST form),Reserve Bank of India,2026-09-28
2024,2024-12-25,12,25,360,Post-monsoon,Bengaluru,Karnataka,South,Christmas,Christian,Religious,unique,1,1.0,Christmas,https://www.rbi.org.in/Scripts/HolidayMatrixDisplay.aspx?drRegionalOffice=0&drMonth=12&drYear=2024 (POST form),Reserve Bank of India,2026-09-28
2024,2024-12-25,12,25,360,Post-monsoon,Bhopal,Madhya Pradesh,Central,Christmas,Christian,Religious,unique,1,1.0,Christmas,https://www.rbi.org.in/Scripts/HolidayMatrixDisplay.aspx?drRegionalOffice=0&drMonth=12&drYear=2024 (POST form),Reserve Bank of India,2026-09-28
2024,2024-12-25,12,25,360,Post-monsoon,Bhubaneswar,Odisha,East,Christmas,Christian,Religious,unique,1,1.0,Christmas,https://www.rbi.org.in/Scripts/HolidayMatrixDisplay.aspx?drRegionalOffice=0&drMonth=12&drYear=2024 (POST form),Reserve Bank of India,2026-09-28
2024,2024-12-25,12,25,360,Post-monsoon,Chandigarh,Punjab-Haryana-Chandigarh,North,Christmas,Christian,Religious,unique,1,1.0,Christmas,https://www.rbi.org.in/Scripts/HolidayMatrixDisplay.aspx?drRegionalOffice=0&drMonth=12&drYear=2024 (POST form),Reserve Bank of India,2026-09-28
2024,2024-12-25,12,25,360,Post-monsoon,Chennai,Tamil Nadu,South,Christmas,Christian,Religious,unique,1,1.0,Christmas,https://www.rbi.org.in/Scripts/HolidayMatrixDisplay.aspx?drRegionalOffice=0&drMonth=12&drYear=2024 (POST form),Reserve Bank of India,2026-09-28
2024,2024-12-25,12,25,360,Post-monsoon,Dehradun,Uttarakhand,North,Christmas,Christian,Religious,unique,1,1.0,Christmas,https://www.rbi.org.in/Scripts/HolidayMatrixDisplay.aspx?drRegionalOffice=0&drMonth=12&drYear=2024 (POST form),Reserve Bank of India,2026-09-28
2024,2024-12-25,12,25,360,Post-monsoon,Gangtok,Sikkim,North-East,Christmas,Christian,Religious,unique,1,1.0,Christmas,https://www.rbi.org.in/Scripts/HolidayMatrixDisplay.aspx?drRegionalOffice=0&drMonth=12&drYear=2024 (POST form),Reserve Bank of India,2026-09-28
2024,2024-12-25,12,25,360,Post-monsoon,Guwahati,Assam,North-East,Christmas,Christian,Religious,unique,1,1.0,Christmas,https://www.rbi.org.in/Scripts/HolidayMatrixDisplay.aspx?drRegionalOffice=0&drMonth=12&drYear=2024 (POST form),Reserve Bank of India,2026-09-28
2024,2024-12-25,12,25,360,Post-monsoon,Hyderabad,Telangana,South,Christmas,Christian,Religious,unique,1,1.0,Christmas,https://www.rbi.org.in/Scripts/HolidayMatrixDisplay.aspx?drRegionalOffice=0&drMonth=12&drYear=2024 (POST form),Reserve Bank of India,2026-09-28
2024,2024-12-25,12,25,360,Post-monsoon,Imphal,Manipur,North-East,Christmas,Christian,Religious,unique,1,1.0,Christmas,https://www.rbi.org.in/Scripts/HolidayMatrixDisplay.aspx?drRegionalOffice=0&drMonth=12&drYear=2024 (POST form),Reserve Bank of India,2026-09-28
2024,2024-12-25,12,25,360,Post-monsoon,Itanagar,Arunachal Pradesh,North-East,Christmas,Christian,Religious,unique,1,1.0,Christmas,https://www.rbi.org.in/Scripts/HolidayMatrixDisplay.aspx?drRegionalOffice=0&drMonth=12&drYear=2024 (POST form),Reserve Bank of India,2026-09-28
2024,2024-12-25,12,25,360,Post-monsoon,Jaipur,Rajasthan,North,Christmas,Christian,Religious,unique,1,1.0,Christmas,https://www.rbi.org.in/Scripts/HolidayMatrixDisplay.aspx?drRegionalOffice=0&drMonth=12&drYear=2024 (POST form),Reserve Bank of India,2026-09-28
2024,2024-12-25,12,25,360,Post-monsoon,Jammu,Jammu & Kashmir,North,Christmas,Christian,Religious,unique,1,1.0,Christmas,https://www.rbi.org.in/Scripts/HolidayMatrixDisplay.aspx?drRegionalOffice=0&drMonth=12&drYear=2024 (POST form),Reserve Bank of India,2026-09-28
2024,2024-12-25,12,25,360,Post-monsoon,Kanpur,Uttar Pradesh,North,Christmas,Christian,Religious,unique,1,1.0,Christmas,https://www.rbi.org.in/Scripts/HolidayMatrixDisplay.aspx?drRegionalOffice=0&drMonth=12&drYear=2024 (POST form),Reserve Bank of India,2026-09-28
2024,2024-12-25,12,25,360,Post-monsoon,Kochi,Kerala,South,Christmas,Christian,Religious,unique,1,1.0,Christmas,https://www.rbi.org.in/Scripts/HolidayMatrixDisplay.aspx?drRegionalOffice=0&drMonth=12&drYear=2024 (POST form),Reserve Bank of India,2026-09-28
2024,2024-12-25,12,25,360,Post-monsoon,Kohima,Nagaland,North-East,Christmas,Christian,Religious,unique,1,1.0,Christmas,https://www.rbi.org.in/Scripts/HolidayMatrixDisplay.aspx?drRegionalOffice=0&drMonth=12&drYear=2024 (POST form),Reserve Bank of India,2026-09-28
2024,2024-12-25,12,25,360,Post-monsoon,Kolkata,West Bengal,East,Christmas,Christian,Religious,unique,1,1.0,Christmas,https://www.rbi.org.in/Scripts/HolidayMatrixDisplay.aspx?drRegionalOffice=0&drMonth=12&drYear=2024 (POST form),Reserve Bank of India,2026-09-28
2024,2024-12-25,12,25,360,Post-monsoon,Lucknow,Uttar Pradesh,North,Christmas,Christian,Religious,unique,1,1.0,Christmas,https://www.rbi.org.in/Scripts/HolidayMatrixDisplay.aspx?drRegionalOffice=0&drMonth=12&drYear=2024 (POST form),Reserve Bank of India,2026-09-28
2024,2024-12-25,12,25,360,Post-monsoon,Mumbai,Maharashtra,West,Christmas,Christian,Religious,unique,1,1.0,Christmas,https://www.rbi.org.in/Scripts/HolidayMatrixDisplay.aspx?drRegionalOffice=0&drMonth=12&drYear=2024 (POST form),Reserve Bank of India,2026-09-28
2024,2024-12-25,12,25,360,Post-monsoon,Nagpur,Maharashtra,West,Christmas,Christian,Religious,unique,1,1.0,Christmas,https://www.rbi.org.in/Scripts/HolidayMatrixDisplay.aspx?drRegionalOffice=0&drMonth=12&drYear=2024 (POST form),Reserve Bank of India,2026-09-28
2024,2024-12-25,12,25,360,Post-monsoon,New Delhi,Delhi,North,Christmas,Christian,Religious,unique,1,1.0,Christmas,https://www.rbi.org.in/Scripts/HolidayMatrixDisplay.aspx?drRegionalOffice=0&drMonth=12&drYear=2024 (POST form),Reserve Bank of India,2026-09-28
2024,2024-12-25,12,25,360,Post-monsoon,Panaji,Goa,West,Christmas,Christian,Religious,unique,1,1.0,Christmas,https://www.rbi.org.in/Scripts/HolidayMatrixDisplay.aspx?drRegionalOffice=0&drMonth=12&drYear=2024 (POST form),Reserve Bank of India,2026-09-28
2024,2024-12-25,12,25,360,Post-monsoon,Patna,Bihar,East,Christmas,Christian,Religious,unique,1,1.0,Christmas,https://www.rbi.org.in/Scripts/HolidayMatrixDisplay.aspx?drRegionalOffice=0&drMonth=12&drYear=2024 (POST form),Reserve Bank of India,2026-09-28
2024,2024-12-25,12,25,360,Post-monsoon,Raipur,Chhattisgarh,Central,Christmas,Christian,Religious,unique,1,1.0,Christmas,https://www.rbi.org.in/Scripts/HolidayMatrixDisplay.aspx?drRegionalOffice=0&drMonth=12&drYear=2024 (POST form),Reserve Bank of India,2026-09-28
2024,2024-12-25,12,25,360,Post-monsoon,Ranchi,Jharkhand,East,Christmas,Christian,Religious,unique,1,1.0,Christmas,https://www.rbi.org.in/Scripts/HolidayMatrixDisplay.aspx?drRegionalOffice=0&drMonth=12&drYear=2024 (POST form),Reserve Bank of India,2026-09-28
2024,2024-12-25,12,25,360,Post-monsoon,Shillong,Meghalaya,North-East,Christmas,Christian,Religious,unique,1,1.0,Christmas,https://www.rbi.org.in/Scripts/HolidayMatrixDisplay.aspx?drRegionalOffice=0&drMonth=12&drYear=2024 (POST form),Reserve Bank of India,2026-09-28
2024,2024-12-25,12,25,360,Post-monsoon,Shimla,Himachal Pradesh,North,Christmas,Christian,Religious,unique,1,1.0,Christmas,https://www.rbi.org.in/Scripts/HolidayMatrixDisplay.aspx?drRegionalOffice=0&drMonth=12&drYear=2024 (POST form),Reserve Bank of India,2026-09-28
2024,2024-12-25,12,25,360,Post-monsoon,Srinagar,Jammu & Kashmir,North,Christmas,Christian,Religious,unique,1,1.0,Christmas,https://www.rbi.org.in/Scripts/HolidayMatrixDisplay.aspx?drRegionalOffice=0&drMonth=12&drYear=2024 (POST form),Reserve Bank of India,2026-09-28
2024,2024-12-25,12,25,360,Post-monsoon,Thiruvananthapuram,Kerala,South,Christmas,Christian,Religious,unique,1,1.0,Christmas,https://www.rbi.org.in/Scripts/HolidayMatrixDisplay.aspx?drRegionalOffice=0&drMonth=12&drYear=2024 (POST form),Reserve Bank of India,2026-09-28
2024,2024-12-25,12,25,360,Post-monsoon,Vijayawada,Andhra Pradesh,South,Christmas,Christian,Religious,unique,1,1.0,Christmas,https://www.rbi.org.in/Scripts/HolidayMatrixDisplay.aspx?drRegionalOffice=0&drMonth=12&drYear=2024 (POST form),Reserve Bank of India,2026-09-28
2024,2024-12-26,12,26,361,Post-monsoon,Aizawl,Mizoram,North-East,Christmas,Christian,Religious,unique,1,1.0,Christmas Celebration,https://www.rbi.org.in/Scripts/HolidayMatrixDisplay.aspx?drRegionalOffice=0&drMonth=12&drYear=2024 (POST form),Reserve Bank of India,2026-09-28
2024,2024-12-26,12,26,361,Post-monsoon,Kohima,Nagaland,North-East,Christmas,Christian,Religious,unique,1,1.0,Christmas Celebration,https://www.rbi.org.in/Scripts/HolidayMatrixDisplay.aspx?drRegionalOffice=0&drMonth=12&drYear=2024 (POST form),Reserve Bank of India,2026-09-28
2024,2024-12-26,12,26,361,Post-monsoon,Shillong,Meghalaya,North-East,Christmas,Christian,Religious,unique,1,1.0,Christmas Celebration,https://www.rbi.org.in/Scripts/HolidayMatrixDisplay.aspx?drRegionalOffice=0&drMonth=12&drYear=2024 (POST form),Reserve Bank of India,2026-09-28
2024,2024-12-27,12,27,362,Post-monsoon,Bengaluru,Karnataka,South,Christmas,Christian,Religious,shared_date,2,0.5,"As a mark of respect to Late Dr. Manmohan Singh, the former Prime Minister of India | Christmas Celebration",https://www.rbi.org.in/Scripts/HolidayMatrixDisplay.aspx?drRegionalOffice=0&drMonth=12&drYear=2024 (POST form),Reserve Bank of India,2026-09-28
2024,2024-12-27,12,27,362,Post-monsoon,Kohima,Nagaland,North-East,Christmas,Christian,Religious,shared_date,2,0.5,"As a mark of respect to Late Dr. Manmohan Singh, the former Prime Minister of India | Christmas Celebration",https://www.rbi.org.in/Scripts/HolidayMatrixDisplay.aspx?drRegionalOffice=0&drMonth=12&drYear=2024 (POST form),Reserve Bank of India,2026-09-28
2024,2024-12-31,12,31,366,Post-monsoon,Aizawl,Mizoram,North-East,Losoong / Namsoong,Buddhist,New Year,shared_date,2,0.5,New Year’s Eve/Lossong/Namsoong,https://www.rbi.org.in/Scripts/HolidayMatrixDisplay.aspx?drRegionalOffice=0&drMonth=12&drYear=2024 (POST form),Reserve Bank of India,2026-09-28
2024,2024-12-31,12,31,366,Post-monsoon,Gangtok,Sikkim,North-East,Losoong / Namsoong,Buddhist,New Year,shared_date,2,0.5,New Year’s Eve/Lossong/Namsoong,https://www.rbi.org.in/Scripts/HolidayMatrixDisplay.aspx?drRegionalOffice=0&drMonth=12&drYear=2024 (POST form),Reserve Bank of India,2026-09-28
2025,2025-01-01,1,1,1,Winter,Aizawl,Mizoram,North-East,Losoong / Namsoong,Buddhist,New Year,shared_date,2,0.5,New Year’s Day/Loosong/Namsoong,https://www.rbi.org.in/Scripts/HolidayMatrixDisplay.aspx?drRegionalOffice=0&drMonth=1&drYear=2025 (POST form),Reserve Bank of India,2026-09-28
2025,2025-01-01,1,1,1,Winter,Chennai,Tamil Nadu,South,Losoong / Namsoong,Buddhist,New Year,shared_date,2,0.5,New Year’s Day/Loosong/Namsoong,https://www.rbi.org.in/Scripts/HolidayMatrixDisplay.aspx?drRegionalOffice=0&drMonth=1&drYear=2025 (POST form),Reserve Bank of India,2026-09-28
2025,2025-01-01,1,1,1,Winter,Gangtok,Sikkim,North-East,Losoong / Namsoong,Buddhist,New Year,shared_date,2,0.5,New Year’s Day/Loosong/Namsoong,https://www.rbi.org.in/Scripts/HolidayMatrixDisplay.aspx?drRegionalOffice=0&drMonth=1&drYear=2025 (POST form),Reserve Bank of India,2026-09-28
2025,2025-01-01,1,1,1,Winter,Imphal,Manipur,North-East,Losoong / Namsoong,Buddhist,New Year,shared_date,2,0.5,New Year’s Day/Loosong/Namsoong,https://www.rbi.org.in/Scripts/HolidayMatrixDisplay.aspx?drRegionalOffice=0&drMonth=1&drYear=2025 (POST form),Reserve Bank of India,2026-09-28
2025,2025-01-01,1,1,1,Winter,Itanagar,Arunachal Pradesh,North-East,Losoong / Namsoong,Buddhist,New Year,shared_date,2,0.5,New Year’s Day/Loosong/Namsoong,https://www.rbi.org.in/Scripts/HolidayMatrixDisplay.aspx?drRegionalOffice=0&drMonth=1&drYear=2025 (POST form),Reserve Bank of India,2026-09-28
2025,2025-01-01,1,1,1,Winter,Kohima,Nagaland,North-East,Losoong / Namsoong,Buddhist,New Year,shared_date,2,0.5,New Year’s Day/Loosong/Namsoong,https://www.rbi.org.in/Scripts/HolidayMatrixDisplay.aspx?drRegionalOffice=0&drMonth=1&drYear=2025 (POST form),Reserve Bank of India,2026-09-28
2025,2025-01-01,1,1,1,Winter,Kolkata,West Bengal,East,Losoong / Namsoong,Buddhist,New Year,shared_date,2,0.5,New Year’s Day/Loosong/Namsoong,https://www.rbi.org.in/Scripts/HolidayMatrixDisplay.aspx?drRegionalOffice=0&drMonth=1&drYear=2025 (POST form),Reserve Bank of India,2026-09-28
2025,2025-01-01,1,1,1,Winter,Shillong,Meghalaya,North-East,Losoong / Namsoong,Buddhist,New Year,shared_date,2,0.5,New Year’s Day/Loosong/Namsoong,https://www.rbi.org.in/Scripts/HolidayMatrixDisplay.aspx?drRegionalOffice=0&drMonth=1&drYear=2025 (POST form),Reserve Bank of India,2026-09-28
2025,2025-01-02,1,2,2,Winter,Aizawl,Mizoram,North-East,Losoong / Namsoong,Buddhist,New Year,shared_date,2,0.5,Loosong/Namsoong/New Year Celebration,https://www.rbi.org.in/Scripts/HolidayMatrixDisplay.aspx?drRegionalOffice=0&drMonth=1&drYear=2025 (POST form),Reserve Bank of India,2026-09-28
2025,2025-01-02,1,2,2,Winter,Gangtok,Sikkim,North-East,Losoong / Namsoong,Buddhist,New Year,shared_date,2,0.5,Loosong/Namsoong/New Year Celebration,https://www.rbi.org.in/Scripts/HolidayMatrixDisplay.aspx?drRegionalOffice=0&drMonth=1&drYear=2025 (POST form),Reserve Bank of India,2026-09-28
2025,2025-01-06,1,6,6,Winter,Chandigarh,Punjab-Haryana-Chandigarh,North,Guru Gobind Singh Jayanti,Sikh,Religious,unique,1,1.0,Sri Guru Gobind Singh’s Birthday,https://www.rbi.org.in/Scripts/HolidayMatrixDisplay.aspx?drRegionalOffice=0&drMonth=1&drYear=2025 (POST form),Reserve Bank of India,2026-09-28
2025,2025-01-11,1,11,11,Winter,Aizawl,Mizoram,North-East,Imoinu Iratpa,Tribal/Indigenous,Religious,shared_date,2,0.5,Missionary Day/Imoinu Iratpa,https://www.rbi.org.in/Scripts/HolidayMatrixDisplay.aspx?drRegionalOffice=0&drMonth=1&drYear=2025 (POST form),Reserve Bank of India,2026-09-28
2025,2025-01-11,1,11,11,Winter,Aizawl,Mizoram,North-East,Missionary Day (Mizoram),Christian,Commemoration,shared_date,2,0.5,Missionary Day/Imoinu Iratpa,https://www.rbi.org.in/Scripts/HolidayMatrixDisplay.aspx?drRegionalOffice=0&drMonth=1&drYear=2025 (POST form),Reserve Bank of India,2026-09-28
2025,2025-01-11,1,11,11,Winter,Imphal,Manipur,North-East,Imoinu Iratpa,Tribal/Indigenous,Religious,shared_date,2,0.5,Missionary Day/Imoinu Iratpa,https://www.rbi.org.in/Scripts/HolidayMatrixDisplay.aspx?drRegionalOffice=0&drMonth=1&drYear=2025 (POST form),Reserve Bank of India,2026-09-28
2025,2025-01-11,1,11,11,Winter,Imphal,Manipur,North-East,Missionary Day (Mizoram),Christian,Commemoration,shared_date,2,0.5,Missionary Day/Imoinu Iratpa,https://www.rbi.org.in/Scripts/HolidayMatrixDisplay.aspx?drRegionalOffice=0&drMonth=1&drYear=2025 (POST form),Reserve Bank of India,2026-09-28
2025,2025-01-14,1,14,14,Winter,Ahmedabad,Gujarat,West,Birthday of Hazrat Ali,Muslim,Commemoration,shared_date,4,0.25,Makar Sankranti/Uttarayana Punyakala/Pongal/Maghe Sankranti/Magh Bihu/Birthday of Hazarat Ali,https://www.rbi.org.in/Scripts/HolidayMatrixDisplay.aspx?drRegionalOffice=0&drMonth=1&drYear=2025 (POST form),Reserve Bank of India,2026-09-28
2025,2025-01-14,1,14,14,Winter,Ahmedabad,Gujarat,West,Magh Bihu,Cultural (multi-faith),Harvest,shared_date,4,0.25,Makar Sankranti/Uttarayana Punyakala/Pongal/Maghe Sankranti/Magh Bihu/Birthday of Hazarat Ali,https://www.rbi.org.in/Scripts/HolidayMatrixDisplay.aspx?drRegionalOffice=0&drMonth=1&drYear=2025 (POST form),Reserve Bank of India,2026-09-28
2025,2025-01-14,1,14,14,Winter,Ahmedabad,Gujarat,West,Makar Sankranti,Hindu,Harvest,shared_date,4,0.25,Makar Sankranti/Uttarayana Punyakala/Pongal/Maghe Sankranti/Magh Bihu/Birthday of Hazarat Ali,https://www.rbi.org.in/Scripts/HolidayMatrixDisplay.aspx?drRegionalOffice=0&drMonth=1&drYear=2025 (POST form),Reserve Bank of India,2026-09-28
2025,2025-01-14,1,14,14,Winter,Ahmedabad,Gujarat,West,Pongal,Hindu,Harvest,shared_date,4,0.25,Makar Sankranti/Uttarayana Punyakala/Pongal/Maghe Sankranti/Magh Bihu/Birthday of Hazarat Ali,https://www.rbi.org.in/Scripts/HolidayMatrixDisplay.aspx?drRegionalOffice=0&drMonth=1&drYear=2025 (POST form),Reserve Bank of India,2026-09-28
2025,2025-01-14,1,14,14,Winter,Bengaluru,Karnataka,South,Birthday of Hazrat Ali,Muslim,Commemoration,shared_date,4,0.25,Makar Sankranti/Uttarayana Punyakala/Pongal/Maghe Sankranti/Magh Bihu/Birthday of Hazarat Ali,https://www.rbi.org.in/Scripts/HolidayMatrixDisplay.aspx?drRegionalOffice=0&drMonth=1&drYear=2025 (POST form),Reserve Bank of India,2026-09-28
2025,2025-01-14,1,14,14,Winter,Bengaluru,Karnataka,South,Magh Bihu,Cultural (multi-faith),Harvest,shared_date,4,0.25,Makar Sankranti/Uttarayana Punyakala/Pongal/Maghe Sankranti/Magh Bihu/Birthday of Hazarat Ali,https://www.rbi.org.in/Scripts/HolidayMatrixDisplay.aspx?drRegionalOffice=0&drMonth=1&drYear=2025 (POST form),Reserve Bank of India,2026-09-28
2025,2025-01-14,1,14,14,Winter,Bengaluru,Karnataka,South,Makar Sankranti,Hindu,Harvest,shared_date,4,0.25,Makar Sankranti/Uttarayana Punyakala/Pongal/Maghe Sankranti/Magh Bihu/Birthday of Hazarat Ali,https://www.rbi.org.in/Scripts/HolidayMatrixDisplay.aspx?drRegionalOffice=0&drMonth=1&drYear=2025 (POST form),Reserve Bank of India,2026-09-28
2025,2025-01-14,1,14,14,Winter,Bengaluru,Karnataka,South,Pongal,Hindu,Harvest,shared_date,4,0.25,Makar Sankranti/Uttarayana Punyakala/Pongal/Maghe Sankranti/Magh Bihu/Birthday of Hazarat Ali,https://www.rbi.org.in/Scripts/HolidayMatrixDisplay.aspx?drRegionalOffice=0&drMonth=1&drYear=2025 (POST form),Reserve Bank of India,2026-09-28
2025,2025-01-14,1,14,14,Winter,Bhubaneswar,Odisha,East,Birthday of Hazrat Ali,Muslim,Commemoration,shared_date,4,0.25,Makar Sankranti/Uttarayana Punyakala/Pongal/Maghe Sankranti/Magh Bihu/Birthday of Hazarat Ali,https://www.rbi.org.in/Scripts/HolidayMatrixDisplay.aspx?drRegionalOffice=0&drMonth=1&drYear=2025 (POST form),Reserve Bank of India,2026-09-28
2025,2025-01-14,1,14,14,Winter,Bhubaneswar,Odisha,East,Magh Bihu,Cultural (multi-faith),Harvest,shared_date,4,0.25,Makar Sankranti/Uttarayana Punyakala/Pongal/Maghe Sankranti/Magh Bihu/Birthday of Hazarat Ali,https://www.rbi.org.in/Scripts/HolidayMatrixDisplay.aspx?drRegionalOffice=0&drMonth=1&drYear=2025 (POST form),Reserve Bank of India,2026-09-28
2025,2025-01-14,1,14,14,Winter,Bhubaneswar,Odisha,East,Makar Sankranti,Hindu,Harvest,shared_date,4,0.25,Makar Sankranti/Uttarayana Punyakala/Pongal/Maghe Sankranti/Magh Bihu/Birthday of Hazarat Ali,https://www.rbi.org.in/Scripts/HolidayMatrixDisplay.aspx?drRegionalOffice=0&drMonth=1&drYear=2025 (POST form),Reserve Bank of India,2026-09-28
2025,2025-01-14,1,14,14,Winter,Bhubaneswar,Odisha,East,Pongal,Hindu,Harvest,shared_date,4,0.25,Makar Sankranti/Uttarayana Punyakala/Pongal/Maghe Sankranti/Magh Bihu/Birthday of Hazarat Ali,https://www.rbi.org.in/Scripts/HolidayMatrixDisplay.aspx?drRegionalOffice=0&drMonth=1&drYear=2025 (POST form),Reserve Bank of India,2026-09-28
2025,2025-01-14,1,14,14,Winter,Chennai,Tamil Nadu,South,Birthday of Hazrat Ali,Muslim,Commemoration,shared_date,4,0.25,Makar Sankranti/Uttarayana Punyakala/Pongal/Maghe Sankranti/Magh Bihu/Birthday of Hazarat Ali,https://www.rbi.org.in/Scripts/HolidayMatrixDisplay.aspx?drRegionalOffice=0&drMonth=1&drYear=2025 (POST form),Reserve Bank of India,2026-09-28
2025,2025-01-14,1,14,14,Winter,Chennai,Tamil Nadu,South,Magh Bihu,Cultural (multi-faith),Harvest,shared_date,4,0.25,Makar Sankranti/Uttarayana Punyakala/Pongal/Maghe Sankranti/Magh Bihu/Birthday of Hazarat Ali,https://www.rbi.org.in/Scripts/HolidayMatrixDisplay.aspx?drRegionalOffice=0&drMonth=1&drYear=2025 (POST form),Reserve Bank of India,2026-09-28
2025,2025-01-14,1,14,14,Winter,Chennai,Tamil Nadu,South,Makar Sankranti,Hindu,Harvest,shared_date,4,0.25,Makar Sankranti/Uttarayana Punyakala/Pongal/Maghe Sankranti/Magh Bihu/Birthday of Hazarat Ali,https://www.rbi.org.in/Scripts/HolidayMatrixDisplay.aspx?drRegionalOffice=0&drMonth=1&drYear=2025 (POST form),Reserve Bank of India,2026-09-28
2025,2025-01-14,1,14,14,Winter,Chennai,Tamil Nadu,South,Pongal,Hindu,Harvest,shared_date,4,0.25,Makar Sankranti/Uttarayana Punyakala/Pongal/Maghe Sankranti/Magh Bihu/Birthday of Hazarat Ali,https://www.rbi.org.in/Scripts/HolidayMatrixDisplay.aspx?drRegionalOffice=0&drMonth=1&drYear=2025 (POST form),Reserve Bank of India,2026-09-28
2025,2025-01-14,1,14,14,Winter,Gangtok,Sikkim,North-East,Birthday of Hazrat Ali,Muslim,Commemoration,shared_date,4,0.25,Makar Sankranti/Uttarayana Punyakala/Pongal/Maghe Sankranti/Magh Bihu/Birthday of Hazarat Ali,https://www.rbi.org.in/Scripts/HolidayMatrixDisplay.aspx?drRegionalOffice=0&drMonth=1&drYear=2025 (POST form),Reserve Bank of India,2026-09-28
2025,2025-01-14,1,14,14,Winter,Gangtok,Sikkim,North-East,Magh Bihu,Cultural (multi-faith),Harvest,shared_date,4,0.25,Makar Sankranti/Uttarayana Punyakala/Pongal/Maghe Sankranti/Magh Bihu/Birthday of Hazarat Ali,https://www.rbi.org.in/Scripts/HolidayMatrixDisplay.aspx?drRegionalOffice=0&drMonth=1&drYear=2025 (POST form),Reserve Bank of India,2026-09-28
2025,2025-01-14,1,14,14,Winter,Gangtok,Sikkim,North-East,Makar Sankranti,Hindu,Harvest,shared_date,4,0.25,Makar Sankranti/Uttarayana Punyakala/Pongal/Maghe Sankranti/Magh Bihu/Birthday of Hazarat Ali,https://www.rbi.org.in/Scripts/HolidayMatrixDisplay.aspx?drRegionalOffice=0&drMonth=1&drYear=2025 (POST form),Reserve Bank of India,2026-09-28
2025,2025-01-14,1,14,14,Winter,Gangtok,Sikkim,North-East,Pongal,Hindu,Harvest,shared_date,4,0.25,Makar Sankranti/Uttarayana Punyakala/Pongal/Maghe Sankranti/Magh Bihu/Birthday of Hazarat Ali,https://www.rbi.org.in/Scripts/HolidayMatrixDisplay.aspx?drRegionalOffice=0&drMonth=1&drYear=2025 (POST form),Reserve Bank of India,2026-09-28
2025,2025-01-14,1,14,14,Winter,Guwahati,Assam,North-East,Birthday of Hazrat Ali,Muslim,Commemoration,shared_date,4,0.25,Makar Sankranti/Uttarayana Punyakala/Pongal/Maghe Sankranti/Magh Bihu/Birthday of Hazarat Ali,https://www.rbi.org.in/Scripts/HolidayMatrixDisplay.aspx?drRegionalOffice=0&drMonth=1&drYear=2025 (POST form),Reserve Bank of India,2026-09-28
2025,2025-01-14,1,14,14,Winter,Guwahati,Assam,North-East,Magh Bihu,Cultural (multi-faith),Harvest,shared_date,4,0.25,Makar Sankranti/Uttarayana Punyakala/Pongal/Maghe Sankranti/Magh Bihu/Birthday of Hazarat Ali,https://www.rbi.org.in/Scripts/HolidayMatrixDisplay.aspx?drRegionalOffice=0&drMonth=1&drYear=2025 (POST form),Reserve Bank of India,2026-09-28
2025,2025-01-14,1,14,14,Winter,Guwahati,Assam,North-East,Makar Sankranti,Hindu,Harvest,shared_date,4,0.25,Makar Sankranti/Uttarayana Punyakala/Pongal/Maghe Sankranti/Magh Bihu/Birthday of Hazarat Ali,https://www.rbi.org.in/Scripts/HolidayMatrixDisplay.aspx?drRegionalOffice=0&drMonth=1&drYear=2025 (POST form),Reserve Bank of India,2026-09-28
2025,2025-01-14,1,14,14,Winter,Guwahati,Assam,North-East,Pongal,Hindu,Harvest,shared_date,4,0.25,Makar Sankranti/Uttarayana Punyakala/Pongal/Maghe Sankranti/Magh Bihu/Birthday of Hazarat Ali,https://www.rbi.org.in/Scripts/HolidayMatrixDisplay.aspx?drRegionalOffice=0&drMonth=1&drYear=2025 (POST form),Reserve Bank of India,2026-09-28
2025,2025-01-14,1,14,14,Winter,Hyderabad,Telangana,South,Birthday of Hazrat Ali,Muslim,Commemoration,shared_date,4,0.25,Makar Sankranti/Uttarayana Punyakala/Pongal/Maghe Sankranti/Magh Bihu/Birthday of Hazarat Ali,https://www.rbi.org.in/Scripts/HolidayMatrixDisplay.aspx?drRegionalOffice=0&drMonth=1&drYear=2025 (POST form),Reserve Bank of India,2026-09-28
2025,2025-01-14,1,14,14,Winter,Hyderabad,Telangana,South,Magh Bihu,Cultural (multi-faith),Harvest,shared_date,4,0.25,Makar Sankranti/Uttarayana Punyakala/Pongal/Maghe Sankranti/Magh Bihu/Birthday of Hazarat Ali,https://www.rbi.org.in/Scripts/HolidayMatrixDisplay.aspx?drRegionalOffice=0&drMonth=1&drYear=2025 (POST form),Reserve Bank of India,2026-09-28
2025,2025-01-14,1,14,14,Winter,Hyderabad,Telangana,South,Makar Sankranti,Hindu,Harvest,shared_date,4,0.25,Makar Sankranti/Uttarayana Punyakala/Pongal/Maghe Sankranti/Magh Bihu/Birthday of Hazarat Ali,https://www.rbi.org.in/Scripts/HolidayMatrixDisplay.aspx?drRegionalOffice=0&drMonth=1&drYear=2025 (POST form),Reserve Bank of India,2026-09-28
2025,2025-01-14,1,14,14,Winter,Hyderabad,Telangana,South,Pongal,Hindu,Harvest,shared_date,4,0.25,Makar Sankranti/Uttarayana Punyakala/Pongal/Maghe Sankranti/Magh Bihu/Birthday of Hazarat Ali,https://www.rbi.org.in/Scripts/HolidayMatrixDisplay.aspx?drRegionalOffice=0&drMonth=1&drYear=2025 (POST form),Reserve Bank of India,2026-09-28
2025,2025-01-14,1,14,14,Winter,Itanagar,Arunachal Pradesh,North-East,Birthday of Hazrat Ali,Muslim,Commemoration,shared_date,4,0.25,Makar Sankranti/Uttarayana Punyakala/Pongal/Maghe Sankranti/Magh Bihu/Birthday of Hazarat Ali,https://www.rbi.org.in/Scripts/HolidayMatrixDisplay.aspx?drRegionalOffice=0&drMonth=1&drYear=2025 (POST form),Reserve Bank of India,2026-09-28
2025,2025-01-14,1,14,14,Winter,Itanagar,Arunachal Pradesh,North-East,Magh Bihu,Cultural (multi-faith),Harvest,shared_date,4,0.25,Makar Sankranti/Uttarayana Punyakala/Pongal/Maghe Sankranti/Magh Bihu/Birthday of Hazarat Ali,https://www.rbi.org.in/Scripts/HolidayMatrixDisplay.aspx?drRegionalOffice=0&drMonth=1&drYear=2025 (POST form),Reserve Bank of India,2026-09-28
2025,2025-01-14,1,14,14,Winter,Itanagar,Arunachal Pradesh,North-East,Makar Sankranti,Hindu,Harvest,shared_date,4,0.25,Makar Sankranti/Uttarayana Punyakala/Pongal/Maghe Sankranti/Magh Bihu/Birthday of Hazarat Ali,https://www.rbi.org.in/Scripts/HolidayMatrixDisplay.aspx?drRegionalOffice=0&drMonth=1&drYear=2025 (POST form),Reserve Bank of India,2026-09-28
2025,2025-01-14,1,14,14,Winter,Itanagar,Arunachal Pradesh,North-East,Pongal,Hindu,Harvest,shared_date,4,0.25,Makar Sankranti/Uttarayana Punyakala/Pongal/Maghe Sankranti/Magh Bihu/Birthday of Hazarat Ali,https://www.rbi.org.in/Scripts/HolidayMatrixDisplay.aspx?drRegionalOffice=0&drMonth=1&drYear=2025 (POST form),Reserve Bank of India,2026-09-28
2025,2025-01-14,1,14,14,Winter,Kanpur,Uttar Pradesh,North,Birthday of Hazrat Ali,Muslim,Commemoration,shared_date,4,0.25,Makar Sankranti/Uttarayana Punyakala/Pongal/Maghe Sankranti/Magh Bihu/Birthday of Hazarat Ali,https://www.rbi.org.in/Scripts/HolidayMatrixDisplay.aspx?drRegionalOffice=0&drMonth=1&drYear=2025 (POST form),Reserve Bank of India,2026-09-28
2025,2025-01-14,1,14,14,Winter,Kanpur,Uttar Pradesh,North,Magh Bihu,Cultural (multi-faith),Harvest,shared_date,4,0.25,Makar Sankranti/Uttarayana Punyakala/Pongal/Maghe Sankranti/Magh Bihu/Birthday of Hazarat Ali,https://www.rbi.org.in/Scripts/HolidayMatrixDisplay.aspx?drRegionalOffice=0&drMonth=1&drYear=2025 (POST form),Reserve Bank of India,2026-09-28
2025,2025-01-14,1,14,14,Winter,Kanpur,Uttar Pradesh,North,Makar Sankranti,Hindu,Harvest,shared_date,4,0.25,Makar Sankranti/Uttarayana Punyakala/Pongal/Maghe Sankranti/Magh Bihu/Birthday of Hazarat Ali,https://www.rbi.org.in/Scripts/HolidayMatrixDisplay.aspx?drRegionalOffice=0&drMonth=1&drYear=2025 (POST form),Reserve Bank of India,2026-09-28
2025,2025-01-14,1,14,14,Winter,Kanpur,Uttar Pradesh,North,Pongal,Hindu,Harvest,shared_date,4,0.25,Makar Sankranti/Uttarayana Punyakala/Pongal/Maghe Sankranti/Magh Bihu/Birthday of Hazarat Ali,https://www.rbi.org.in/Scripts/HolidayMatrixDisplay.aspx?drRegionalOffice=0&drMonth=1&drYear=2025 (POST form),Reserve Bank of India,2026-09-28
2025,2025-01-14,1,14,14,Winter,Lucknow,Uttar Pradesh,North,Birthday of Hazrat Ali,Muslim,Commemoration,shared_date,4,0.25,Makar Sankranti/Uttarayana Punyakala/Pongal/Maghe Sankranti/Magh Bihu/Birthday of Hazarat Ali,https://www.rbi.org.in/Scripts/HolidayMatrixDisplay.aspx?drRegionalOffice=0&drMonth=1&drYear=2025 (POST form),Reserve Bank of India,2026-09-28
2025,2025-01-14,1,14,14,Winter,Lucknow,Uttar Pradesh,North,Magh Bihu,Cultural (multi-faith),Harvest,shared_date,4,0.25,Makar Sankranti/Uttarayana Punyakala/Pongal/Maghe Sankranti/Magh Bihu/Birthday of Hazarat Ali,https://www.rbi.org.in/Scripts/HolidayMatrixDisplay.aspx?drRegionalOffice=0&drMonth=1&drYear=2025 (POST form),Reserve Bank of India,2026-09-28
2025,2025-01-14,1,14,14,Winter,Lucknow,Uttar Pradesh,North,Makar Sankranti,Hindu,Harvest,shared_date,4,0.25,Makar Sankranti/Uttarayana Punyakala/Pongal/Maghe Sankranti/Magh Bihu/Birthday of Hazarat Ali,https://www.rbi.org.in/Scripts/HolidayMatrixDisplay.aspx?drRegionalOffice=0&drMonth=1&drYear=2025 (POST form),Reserve Bank of India,2026-09-28
2025,2025-01-14,1,14,14,Winter,Lucknow,Uttar Pradesh,North,Pongal,Hindu,Harvest,shared_date,4,0.25,Makar Sankranti/Uttarayana Punyakala/Pongal/Maghe Sankranti/Magh Bihu/Birthday of Hazarat Ali,https://www.rbi.org.in/Scripts/HolidayMatrixDisplay.aspx?drRegionalOffice=0&drMonth=1&drYear=2025 (POST form),Reserve Bank of India,2026-09-28
2025,2025-01-14,1,14,14,Winter,Vijayawada,Andhra Pradesh,South,Birthday of Hazrat Ali,Muslim,Commemoration,shared_date,4,0.25,Makar Sankranti/Uttarayana Punyakala/Pongal/Maghe Sankranti/Magh Bihu/Birthday of Hazarat Ali,https://www.rbi.org.in/Scripts/HolidayMatrixDisplay.aspx?drRegionalOffice=0&drMonth=1&drYear=2025 (POST form),Reserve Bank of India,2026-09-28
2025,2025-01-14,1,14,14,Winter,Vijayawada,Andhra Pradesh,South,Magh Bihu,Cultural (multi-faith),Harvest,shared_date,4,0.25,Makar Sankranti/Uttarayana Punyakala/Pongal/Maghe Sankranti/Magh Bihu/Birthday of Hazarat Ali,https://www.rbi.org.in/Scripts/HolidayMatrixDisplay.aspx?drRegionalOffice=0&drMonth=1&drYear=2025 (POST form),Reserve Bank of India,2026-09-28
2025,2025-01-14,1,14,14,Winter,Vijayawada,Andhra Pradesh,South,Makar Sankranti,Hindu,Harvest,shared_date,4,0.25,Makar Sankranti/Uttarayana Punyakala/Pongal/Maghe Sankranti/Magh Bihu/Birthday of Hazarat Ali,https://www.rbi.org.in/Scripts/HolidayMatrixDisplay.aspx?drRegionalOffice=0&drMonth=1&drYear=2025 (POST form),Reserve Bank of India,2026-09-28
2025,2025-01-14,1,14,14,Winter,Vijayawada,Andhra Pradesh,South,Pongal,Hindu,Harvest,shared_date,4,0.25,Makar Sankranti/Uttarayana Punyakala/Pongal/Maghe Sankranti/Magh Bihu/Birthday of Hazarat Ali,https://www.rbi.org.in/Scripts/HolidayMatrixDisplay.aspx?drRegionalOffice=0&drMonth=1&drYear=2025 (POST form),Reserve Bank of India,2026-09-28
2025,2025-01-15,1,15,15,Winter,Chennai,Tamil Nadu,South,Pongal,Hindu,Harvest,unique,1,1.0,Thiruvalluvar Day,https://www.rbi.org.in/Scripts/HolidayMatrixDisplay.aspx?drRegionalOffice=0&drMonth=1&drYear=2025 (POST form),Reserve Bank of India,2026-09-28
2025,2025-01-16,1,16,16,Winter,Chennai,Tamil Nadu,South,Pongal,Hindu,Harvest,unique,1,1.0,Uzhavar Thirunal,https://www.rbi.org.in/Scripts/HolidayMatrixDisplay.aspx?drRegionalOffice=0&drMonth=1&drYear=2025 (POST form),Reserve Bank of India,2026-09-28
2025,2025-02-03,2,3,34,Winter,Agartala,Tripura,North-East,Saraswati Puja / Vasant Panchami,Hindu,Religious,unique,1,1.0,Saraswati Puja,https://www.rbi.org.in/Scripts/HolidayMatrixDisplay.aspx?drRegionalOffice=0&drMonth=2&drYear=2025 (POST form),Reserve Bank of India,2026-09-28
2025,2025-02-11,2,11,42,Winter,Chennai,Tamil Nadu,South,Thaipusam,Hindu,Religious,shared_date,2,0.5,Thai Poosam/Municipal Corporation General Election 2025,https://www.rbi.org.in/Scripts/HolidayMatrixDisplay.aspx?drRegionalOffice=0&drMonth=2&drYear=2025 (POST form),Reserve Bank of India,2026-09-28
2025,2025-02-11,2,11,42,Winter,Raipur,Chhattisgarh,Central,Thaipusam,Hindu,Religious,shared_date,2,0.5,Thai Poosam/Municipal Corporation General Election 2025,https://www.rbi.org.in/Scripts/HolidayMatrixDisplay.aspx?drRegionalOffice=0&drMonth=2&drYear=2025 (POST form),Reserve Bank of India,2026-09-28
2025,2025-02-12,2,12,43,Winter,Aizawl,Mizoram,North-East,Sant Ravidas Jayanti,Hindu,Commemoration,shared_date,2,0.5,Sant Ravidas Jayanti/Guru Ravi Das’s Birthday/General Election to Local Councils 2025,https://www.rbi.org.in/Scripts/HolidayMatrixDisplay.aspx?drRegionalOffice=0&drMonth=2&drYear=2025 (POST form),Reserve Bank of India,2026-09-28
2025,2025-02-12,2,12,43,Winter,Kanpur,Uttar Pradesh,North,Sant Ravidas Jayanti,Hindu,Commemoration,shared_date,2,0.5,Sant Ravidas Jayanti/Guru Ravi Das’s Birthday/General Election to Local Councils 2025,https://www.rbi.org.in/Scripts/HolidayMatrixDisplay.aspx?drRegionalOffice=0&drMonth=2&drYear=2025 (POST form),Reserve Bank of India,2026-09-28
2025,2025-02-12,2,12,43,Winter,Lucknow,Uttar Pradesh,North,Sant Ravidas Jayanti,Hindu,Commemoration,shared_date,2,0.5,Sant Ravidas Jayanti/Guru Ravi Das’s Birthday/General Election to Local Councils 2025,https://www.rbi.org.in/Scripts/HolidayMatrixDisplay.aspx?drRegionalOffice=0&drMonth=2&drYear=2025 (POST form),Reserve Bank of India,2026-09-28
2025,2025-02-12,2,12,43,Winter,Shimla,Himachal Pradesh,North,Sant Ravidas Jayanti,Hindu,Commemoration,shared_date,2,0.5,Sant Ravidas Jayanti/Guru Ravi Das’s Birthday/General Election to Local Councils 2025,https://www.rbi.org.in/Scripts/HolidayMatrixDisplay.aspx?drRegionalOffice=0&drMonth=2&drYear=2025 (POST form),Reserve Bank of India,2026-09-28
2025,2025-02-15,2,15,46,Winter,Imphal,Manipur,North-East,Lui-Ngai-Ni,Tribal/Indigenous,Seasonal,unique,1,1.0,Lui-Ngai-Ni,https://www.rbi.org.in/Scripts/HolidayMatrixDisplay.aspx?drRegionalOffice=0&drMonth=2&drYear=2025 (POST form),Reserve Bank of India,2026-09-28
2025,2025-02-26,2,26,57,Winter,Ahmedabad,Gujarat,West,Maha Shivaratri,Hindu,Religious,unique,1,1.0,Mahashivratri,https://www.rbi.org.in/Scripts/HolidayMatrixDisplay.aspx?drRegionalOffice=0&drMonth=2&drYear=2025 (POST form),Reserve Bank of India,2026-09-28
2025,2025-02-26,2,26,57,Winter,Aizawl,Mizoram,North-East,Maha Shivaratri,Hindu,Religious,unique,1,1.0,Mahashivratri,https://www.rbi.org.in/Scripts/HolidayMatrixDisplay.aspx?drRegionalOffice=0&drMonth=2&drYear=2025 (POST form),Reserve Bank of India,2026-09-28
2025,2025-02-26,2,26,57,Winter,Belapur,Maharashtra,West,Maha Shivaratri,Hindu,Religious,unique,1,1.0,Mahashivratri,https://www.rbi.org.in/Scripts/HolidayMatrixDisplay.aspx?drRegionalOffice=0&drMonth=2&drYear=2025 (POST form),Reserve Bank of India,2026-09-28
2025,2025-02-26,2,26,57,Winter,Bengaluru,Karnataka,South,Maha Shivaratri,Hindu,Religious,unique,1,1.0,Mahashivratri,https://www.rbi.org.in/Scripts/HolidayMatrixDisplay.aspx?drRegionalOffice=0&drMonth=2&drYear=2025 (POST form),Reserve Bank of India,2026-09-28
2025,2025-02-26,2,26,57,Winter,Bhopal,Madhya Pradesh,Central,Maha Shivaratri,Hindu,Religious,unique,1,1.0,Mahashivratri,https://www.rbi.org.in/Scripts/HolidayMatrixDisplay.aspx?drRegionalOffice=0&drMonth=2&drYear=2025 (POST form),Reserve Bank of India,2026-09-28
2025,2025-02-26,2,26,57,Winter,Bhubaneswar,Odisha,East,Maha Shivaratri,Hindu,Religious,unique,1,1.0,Mahashivratri,https://www.rbi.org.in/Scripts/HolidayMatrixDisplay.aspx?drRegionalOffice=0&drMonth=2&drYear=2025 (POST form),Reserve Bank of India,2026-09-28
2025,2025-02-26,2,26,57,Winter,Chandigarh,Punjab-Haryana-Chandigarh,North,Maha Shivaratri,Hindu,Religious,unique,1,1.0,Mahashivratri,https://www.rbi.org.in/Scripts/HolidayMatrixDisplay.aspx?drRegionalOffice=0&drMonth=2&drYear=2025 (POST form),Reserve Bank of India,2026-09-28
2025,2025-02-26,2,26,57,Winter,Dehradun,Uttarakhand,North,Maha Shivaratri,Hindu,Religious,unique,1,1.0,Mahashivratri,https://www.rbi.org.in/Scripts/HolidayMatrixDisplay.aspx?drRegionalOffice=0&drMonth=2&drYear=2025 (POST form),Reserve Bank of India,2026-09-28
2025,2025-02-26,2,26,57,Winter,Hyderabad,Telangana,South,Maha Shivaratri,Hindu,Religious,unique,1,1.0,Mahashivratri,https://www.rbi.org.in/Scripts/HolidayMatrixDisplay.aspx?drRegionalOffice=0&drMonth=2&drYear=2025 (POST form),Reserve Bank of India,2026-09-28
2025,2025-02-26,2,26,57,Winter,Jaipur,Rajasthan,North,Maha Shivaratri,Hindu,Religious,unique,1,1.0,Mahashivratri,https://www.rbi.org.in/Scripts/HolidayMatrixDisplay.aspx?drRegionalOffice=0&drMonth=2&drYear=2025 (POST form),Reserve Bank of India,2026-09-28
2025,2025-02-26,2,26,57,Winter,Jammu,Jammu & Kashmir,North,Maha Shivaratri,Hindu,Religious,unique,1,1.0,Mahashivratri,https://www.rbi.org.in/Scripts/HolidayMatrixDisplay.aspx?drRegionalOffice=0&drMonth=2&drYear=2025 (POST form),Reserve Bank of India,2026-09-28
2025,2025-02-26,2,26,57,Winter,Kanpur,Uttar Pradesh,North,Maha Shivaratri,Hindu,Religious,unique,1,1.0,Mahashivratri,https://www.rbi.org.in/Scripts/HolidayMatrixDisplay.aspx?drRegionalOffice=0&drMonth=2&drYear=2025 (POST form),Reserve Bank of India,2026-09-28
2025,2025-02-26,2,26,57,Winter,Kochi,Kerala,South,Maha Shivaratri,Hindu,Religious,unique,1,1.0,Mahashivratri,https://www.rbi.org.in/Scripts/HolidayMatrixDisplay.aspx?drRegionalOffice=0&drMonth=2&drYear=2025 (POST form),Reserve Bank of India,2026-09-28
2025,2025-02-26,2,26,57,Winter,Lucknow,Uttar Pradesh,North,Maha Shivaratri,Hindu,Religious,unique,1,1.0,Mahashivratri,https://www.rbi.org.in/Scripts/HolidayMatrixDisplay.aspx?drRegionalOffice=0&drMonth=2&drYear=2025 (POST form),Reserve Bank of India,2026-09-28
2025,2025-02-26,2,26,57,Winter,Mumbai,Maharashtra,West,Maha Shivaratri,Hindu,Religious,unique,1,1.0,Mahashivratri,https://www.rbi.org.in/Scripts/HolidayMatrixDisplay.aspx?drRegionalOffice=0&drMonth=2&drYear=2025 (POST form),Reserve Bank of India,2026-09-28
2025,2025-02-26,2,26,57,Winter,Nagpur,Maharashtra,West,Maha Shivaratri,Hindu,Religious,unique,1,1.0,Mahashivratri,https://www.rbi.org.in/Scripts/HolidayMatrixDisplay.aspx?drRegionalOffice=0&drMonth=2&drYear=2025 (POST form),Reserve Bank of India,2026-09-28
2025,2025-02-26,2,26,57,Winter,Raipur,Chhattisgarh,Central,Maha Shivaratri,Hindu,Religious,unique,1,1.0,Mahashivratri,https://www.rbi.org.in/Scripts/HolidayMatrixDisplay.aspx?drRegionalOffice=0&drMonth=2&drYear=2025 (POST form),Reserve Bank of India,2026-09-28
2025,2025-02-26,2,26,57,Winter,Ranchi,Jharkhand,East,Maha Shivaratri,Hindu,Religious,unique,1,1.0,Mahashivratri,https://www.rbi.org.in/Scripts/HolidayMatrixDisplay.aspx?drRegionalOffice=0&drMonth=2&drYear=2025 (POST form),Reserve Bank of India,2026-09-28
2025,2025-02-26,2,26,57,Winter,Shimla,Himachal Pradesh,North,Maha Shivaratri,Hindu,Religious,unique,1,1.0,Mahashivratri,https://www.rbi.org.in/Scripts/HolidayMatrixDisplay.aspx?drRegionalOffice=0&drMonth=2&drYear=2025 (POST form),Reserve Bank of India,2026-09-28
2025,2025-02-26,2,26,57,Winter,Srinagar,Jammu & Kashmir,North,Maha Shivaratri,Hindu,Religious,unique,1,1.0,Mahashivratri,https://www.rbi.org.in/Scripts/HolidayMatrixDisplay.aspx?drRegionalOffice=0&drMonth=2&drYear=2025 (POST form),Reserve Bank of India,2026-09-28
2025,2025-02-26,2,26,57,Winter,Thiruvananthapuram,Kerala,South,Maha Shivaratri,Hindu,Religious,unique,1,1.0,Mahashivratri,https://www.rbi.org.in/Scripts/HolidayMatrixDisplay.aspx?drRegionalOffice=0&drMonth=2&drYear=2025 (POST form),Reserve Bank of India,2026-09-28
2025,2025-02-26,2,26,57,Winter,Vijayawada,Andhra Pradesh,South,Maha Shivaratri,Hindu,Religious,unique,1,1.0,Mahashivratri,https://www.rbi.org.in/Scripts/HolidayMatrixDisplay.aspx?drRegionalOffice=0&drMonth=2&drYear=2025 (POST form),Reserve Bank of India,2026-09-28
2025,2025-02-28,2,28,59,Winter,Gangtok,Sikkim,North-East,Losar,Buddhist,New Year,unique,1,1.0,Losar,https://www.rbi.org.in/Scripts/HolidayMatrixDisplay.aspx?drRegionalOffice=0&drMonth=2&drYear=2025 (POST form),Reserve Bank of India,2026-09-28
2025,2025-03-07,3,7,66,Pre-monsoon,Aizawl,Mizoram,North-East,Chapchar Kut,Tribal/Indigenous,Seasonal,unique,1,1.0,Chapchar Kut,https://www.rbi.org.in/Scripts/HolidayMatrixDisplay.aspx?drRegionalOffice=0&drMonth=3&drYear=2025 (POST form),Reserve Bank of India,2026-09-28
2025,2025-03-13,3,13,72,Pre-monsoon,Dehradun,Uttarakhand,North,Attukal Pongala,Hindu,Religious,shared_date,2,0.5,Holika Dahan/Attukal Pongala,https://www.rbi.org.in/Scripts/HolidayMatrixDisplay.aspx?drRegionalOffice=0&drMonth=3&drYear=2025 (POST form),Reserve Bank of India,2026-09-28
2025,2025-03-13,3,13,72,Pre-monsoon,Dehradun,Uttarakhand,North,Holi,Hindu,Religious/Seasonal,shared_date,2,0.5,Holika Dahan/Attukal Pongala,https://www.rbi.org.in/Scripts/HolidayMatrixDisplay.aspx?drRegionalOffice=0&drMonth=3&drYear=2025 (POST form),Reserve Bank of India,2026-09-28
2025,2025-03-13,3,13,72,Pre-monsoon,Kanpur,Uttar Pradesh,North,Attukal Pongala,Hindu,Religious,shared_date,2,0.5,Holika Dahan/Attukal Pongala,https://www.rbi.org.in/Scripts/HolidayMatrixDisplay.aspx?drRegionalOffice=0&drMonth=3&drYear=2025 (POST form),Reserve Bank of India,2026-09-28
2025,2025-03-13,3,13,72,Pre-monsoon,Kanpur,Uttar Pradesh,North,Holi,Hindu,Religious/Seasonal,shared_date,2,0.5,Holika Dahan/Attukal Pongala,https://www.rbi.org.in/Scripts/HolidayMatrixDisplay.aspx?drRegionalOffice=0&drMonth=3&drYear=2025 (POST form),Reserve Bank of India,2026-09-28
2025,2025-03-13,3,13,72,Pre-monsoon,Lucknow,Uttar Pradesh,North,Attukal Pongala,Hindu,Religious,shared_date,2,0.5,Holika Dahan/Attukal Pongala,https://www.rbi.org.in/Scripts/HolidayMatrixDisplay.aspx?drRegionalOffice=0&drMonth=3&drYear=2025 (POST form),Reserve Bank of India,2026-09-28
2025,2025-03-13,3,13,72,Pre-monsoon,Lucknow,Uttar Pradesh,North,Holi,Hindu,Religious/Seasonal,shared_date,2,0.5,Holika Dahan/Attukal Pongala,https://www.rbi.org.in/Scripts/HolidayMatrixDisplay.aspx?drRegionalOffice=0&drMonth=3&drYear=2025 (POST form),Reserve Bank of India,2026-09-28
2025,2025-03-13,3,13,72,Pre-monsoon,Ranchi,Jharkhand,East,Attukal Pongala,Hindu,Religious,shared_date,2,0.5,Holika Dahan/Attukal Pongala,https://www.rbi.org.in/Scripts/HolidayMatrixDisplay.aspx?drRegionalOffice=0&drMonth=3&drYear=2025 (POST form),Reserve Bank of India,2026-09-28
2025,2025-03-13,3,13,72,Pre-monsoon,Ranchi,Jharkhand,East,Holi,Hindu,Religious/Seasonal,shared_date,2,0.5,Holika Dahan/Attukal Pongala,https://www.rbi.org.in/Scripts/HolidayMatrixDisplay.aspx?drRegionalOffice=0&drMonth=3&drYear=2025 (POST form),Reserve Bank of India,2026-09-28
2025,2025-03-13,3,13,72,Pre-monsoon,Thiruvananthapuram,Kerala,South,Attukal Pongala,Hindu,Religious,shared_date,2,0.5,Holika Dahan/Attukal Pongala,https://www.rbi.org.in/Scripts/HolidayMatrixDisplay.aspx?drRegionalOffice=0&drMonth=3&drYear=2025 (POST form),Reserve Bank of India,2026-09-28
2025,2025-03-13,3,13,72,Pre-monsoon,Thiruvananthapuram,Kerala,South,Holi,Hindu,Religious/Seasonal,shared_date,2,0.5,Holika Dahan/Attukal Pongala,https://www.rbi.org.in/Scripts/HolidayMatrixDisplay.aspx?drRegionalOffice=0&drMonth=3&drYear=2025 (POST form),Reserve Bank of India,2026-09-28
2025,2025-03-14,3,14,73,Pre-monsoon,Ahmedabad,Gujarat,West,Holi,Hindu,Religious/Seasonal,unique,1,1.0,Holi (Second Day) - Dhuleti/Dhulandi/Dol Jatra,https://www.rbi.org.in/Scripts/HolidayMatrixDisplay.aspx?drRegionalOffice=0&drMonth=3&drYear=2025 (POST form),Reserve Bank of India,2026-09-28
2025,2025-03-14,3,14,73,Pre-monsoon,Aizawl,Mizoram,North-East,Holi,Hindu,Religious/Seasonal,unique,1,1.0,Holi (Second Day) - Dhuleti/Dhulandi/Dol Jatra,https://www.rbi.org.in/Scripts/HolidayMatrixDisplay.aspx?drRegionalOffice=0&drMonth=3&drYear=2025 (POST form),Reserve Bank of India,2026-09-28
2025,2025-03-14,3,14,73,Pre-monsoon,Belapur,Maharashtra,West,Holi,Hindu,Religious/Seasonal,unique,1,1.0,Holi (Second Day) - Dhuleti/Dhulandi/Dol Jatra,https://www.rbi.org.in/Scripts/HolidayMatrixDisplay.aspx?drRegionalOffice=0&drMonth=3&drYear=2025 (POST form),Reserve Bank of India,2026-09-28
2025,2025-03-14,3,14,73,Pre-monsoon,Bhopal,Madhya Pradesh,Central,Holi,Hindu,Religious/Seasonal,unique,1,1.0,Holi (Second Day) - Dhuleti/Dhulandi/Dol Jatra,https://www.rbi.org.in/Scripts/HolidayMatrixDisplay.aspx?drRegionalOffice=0&drMonth=3&drYear=2025 (POST form),Reserve Bank of India,2026-09-28
2025,2025-03-14,3,14,73,Pre-monsoon,Chandigarh,Punjab-Haryana-Chandigarh,North,Holi,Hindu,Religious/Seasonal,unique,1,1.0,Holi (Second Day) - Dhuleti/Dhulandi/Dol Jatra,https://www.rbi.org.in/Scripts/HolidayMatrixDisplay.aspx?drRegionalOffice=0&drMonth=3&drYear=2025 (POST form),Reserve Bank of India,2026-09-28
2025,2025-03-14,3,14,73,Pre-monsoon,Dehradun,Uttarakhand,North,Holi,Hindu,Religious/Seasonal,unique,1,1.0,Holi (Second Day) - Dhuleti/Dhulandi/Dol Jatra,https://www.rbi.org.in/Scripts/HolidayMatrixDisplay.aspx?drRegionalOffice=0&drMonth=3&drYear=2025 (POST form),Reserve Bank of India,2026-09-28
2025,2025-03-14,3,14,73,Pre-monsoon,Gangtok,Sikkim,North-East,Holi,Hindu,Religious/Seasonal,unique,1,1.0,Holi (Second Day) - Dhuleti/Dhulandi/Dol Jatra,https://www.rbi.org.in/Scripts/HolidayMatrixDisplay.aspx?drRegionalOffice=0&drMonth=3&drYear=2025 (POST form),Reserve Bank of India,2026-09-28
2025,2025-03-14,3,14,73,Pre-monsoon,Guwahati,Assam,North-East,Holi,Hindu,Religious/Seasonal,unique,1,1.0,Holi (Second Day) - Dhuleti/Dhulandi/Dol Jatra,https://www.rbi.org.in/Scripts/HolidayMatrixDisplay.aspx?drRegionalOffice=0&drMonth=3&drYear=2025 (POST form),Reserve Bank of India,2026-09-28
2025,2025-03-14,3,14,73,Pre-monsoon,Hyderabad,Telangana,South,Holi,Hindu,Religious/Seasonal,unique,1,1.0,Holi (Second Day) - Dhuleti/Dhulandi/Dol Jatra,https://www.rbi.org.in/Scripts/HolidayMatrixDisplay.aspx?drRegionalOffice=0&drMonth=3&drYear=2025 (POST form),Reserve Bank of India,2026-09-28
2025,2025-03-14,3,14,73,Pre-monsoon,Itanagar,Arunachal Pradesh,North-East,Holi,Hindu,Religious/Seasonal,unique,1,1.0,Holi (Second Day) - Dhuleti/Dhulandi/Dol Jatra,https://www.rbi.org.in/Scripts/HolidayMatrixDisplay.aspx?drRegionalOffice=0&drMonth=3&drYear=2025 (POST form),Reserve Bank of India,2026-09-28
2025,2025-03-14,3,14,73,Pre-monsoon,Jaipur,Rajasthan,North,Holi,Hindu,Religious/Seasonal,unique,1,1.0,Holi (Second Day) - Dhuleti/Dhulandi/Dol Jatra,https://www.rbi.org.in/Scripts/HolidayMatrixDisplay.aspx?drRegionalOffice=0&drMonth=3&drYear=2025 (POST form),Reserve Bank of India,2026-09-28
2025,2025-03-14,3,14,73,Pre-monsoon,Jammu,Jammu & Kashmir,North,Holi,Hindu,Religious/Seasonal,unique,1,1.0,Holi (Second Day) - Dhuleti/Dhulandi/Dol Jatra,https://www.rbi.org.in/Scripts/HolidayMatrixDisplay.aspx?drRegionalOffice=0&drMonth=3&drYear=2025 (POST form),Reserve Bank of India,2026-09-28
2025,2025-03-14,3,14,73,Pre-monsoon,Kanpur,Uttar Pradesh,North,Holi,Hindu,Religious/Seasonal,unique,1,1.0,Holi (Second Day) - Dhuleti/Dhulandi/Dol Jatra,https://www.rbi.org.in/Scripts/HolidayMatrixDisplay.aspx?drRegionalOffice=0&drMonth=3&drYear=2025 (POST form),Reserve Bank of India,2026-09-28
2025,2025-03-14,3,14,73,Pre-monsoon,Kolkata,West Bengal,East,Holi,Hindu,Religious/Seasonal,unique,1,1.0,Holi (Second Day) - Dhuleti/Dhulandi/Dol Jatra,https://www.rbi.org.in/Scripts/HolidayMatrixDisplay.aspx?drRegionalOffice=0&drMonth=3&drYear=2025 (POST form),Reserve Bank of India,2026-09-28
2025,2025-03-14,3,14,73,Pre-monsoon,Lucknow,Uttar Pradesh,North,Holi,Hindu,Religious/Seasonal,unique,1,1.0,Holi (Second Day) - Dhuleti/Dhulandi/Dol Jatra,https://www.rbi.org.in/Scripts/HolidayMatrixDisplay.aspx?drRegionalOffice=0&drMonth=3&drYear=2025 (POST form),Reserve Bank of India,2026-09-28
2025,2025-03-14,3,14,73,Pre-monsoon,Mumbai,Maharashtra,West,Holi,Hindu,Religious/Seasonal,unique,1,1.0,Holi (Second Day) - Dhuleti/Dhulandi/Dol Jatra,https://www.rbi.org.in/Scripts/HolidayMatrixDisplay.aspx?drRegionalOffice=0&drMonth=3&drYear=2025 (POST form),Reserve Bank of India,2026-09-28
2025,2025-03-14,3,14,73,Pre-monsoon,Nagpur,Maharashtra,West,Holi,Hindu,Religious/Seasonal,unique,1,1.0,Holi (Second Day) - Dhuleti/Dhulandi/Dol Jatra,https://www.rbi.org.in/Scripts/HolidayMatrixDisplay.aspx?drRegionalOffice=0&drMonth=3&drYear=2025 (POST form),Reserve Bank of India,2026-09-28
2025,2025-03-14,3,14,73,Pre-monsoon,New Delhi,Delhi,North,Holi,Hindu,Religious/Seasonal,unique,1,1.0,Holi (Second Day) - Dhuleti/Dhulandi/Dol Jatra,https://www.rbi.org.in/Scripts/HolidayMatrixDisplay.aspx?drRegionalOffice=0&drMonth=3&drYear=2025 (POST form),Reserve Bank of India,2026-09-28
2025,2025-03-14,3,14,73,Pre-monsoon,Panaji,Goa,West,Holi,Hindu,Religious/Seasonal,unique,1,1.0,Holi (Second Day) - Dhuleti/Dhulandi/Dol Jatra,https://www.rbi.org.in/Scripts/HolidayMatrixDisplay.aspx?drRegionalOffice=0&drMonth=3&drYear=2025 (POST form),Reserve Bank of India,2026-09-28
2025,2025-03-14,3,14,73,Pre-monsoon,Patna,Bihar,East,Holi,Hindu,Religious/Seasonal,unique,1,1.0,Holi (Second Day) - Dhuleti/Dhulandi/Dol Jatra,https://www.rbi.org.in/Scripts/HolidayMatrixDisplay.aspx?drRegionalOffice=0&drMonth=3&drYear=2025 (POST form),Reserve Bank of India,2026-09-28
2025,2025-03-14,3,14,73,Pre-monsoon,Raipur,Chhattisgarh,Central,Holi,Hindu,Religious/Seasonal,unique,1,1.0,Holi (Second Day) - Dhuleti/Dhulandi/Dol Jatra,https://www.rbi.org.in/Scripts/HolidayMatrixDisplay.aspx?drRegionalOffice=0&drMonth=3&drYear=2025 (POST form),Reserve Bank of India,2026-09-28
2025,2025-03-14,3,14,73,Pre-monsoon,Ranchi,Jharkhand,East,Holi,Hindu,Religious/Seasonal,unique,1,1.0,Holi (Second Day) - Dhuleti/Dhulandi/Dol Jatra,https://www.rbi.org.in/Scripts/HolidayMatrixDisplay.aspx?drRegionalOffice=0&drMonth=3&drYear=2025 (POST form),Reserve Bank of India,2026-09-28
2025,2025-03-14,3,14,73,Pre-monsoon,Shillong,Meghalaya,North-East,Holi,Hindu,Religious/Seasonal,unique,1,1.0,Holi (Second Day) - Dhuleti/Dhulandi/Dol Jatra,https://www.rbi.org.in/Scripts/HolidayMatrixDisplay.aspx?drRegionalOffice=0&drMonth=3&drYear=2025 (POST form),Reserve Bank of India,2026-09-28
2025,2025-03-14,3,14,73,Pre-monsoon,Shimla,Himachal Pradesh,North,Holi,Hindu,Religious/Seasonal,unique,1,1.0,Holi (Second Day) - Dhuleti/Dhulandi/Dol Jatra,https://www.rbi.org.in/Scripts/HolidayMatrixDisplay.aspx?drRegionalOffice=0&drMonth=3&drYear=2025 (POST form),Reserve Bank of India,2026-09-28
2025,2025-03-14,3,14,73,Pre-monsoon,Srinagar,Jammu & Kashmir,North,Holi,Hindu,Religious/Seasonal,unique,1,1.0,Holi (Second Day) - Dhuleti/Dhulandi/Dol Jatra,https://www.rbi.org.in/Scripts/HolidayMatrixDisplay.aspx?drRegionalOffice=0&drMonth=3&drYear=2025 (POST form),Reserve Bank of India,2026-09-28
2025,2025-03-14,3,14,73,Pre-monsoon,Vijayawada,Andhra Pradesh,South,Holi,Hindu,Religious/Seasonal,unique,1,1.0,Holi (Second Day) - Dhuleti/Dhulandi/Dol Jatra,https://www.rbi.org.in/Scripts/HolidayMatrixDisplay.aspx?drRegionalOffice=0&drMonth=3&drYear=2025 (POST form),Reserve Bank of India,2026-09-28
2025,2025-03-15,3,15,74,Pre-monsoon,Agartala,Tripura,North-East,Holi,Hindu,Religious/Seasonal,shared_date,2,0.5,Holi/Yaosang 2nd Day,https://www.rbi.org.in/Scripts/HolidayMatrixDisplay.aspx?drRegionalOffice=0&drMonth=3&drYear=2025 (POST form),Reserve Bank of India,2026-09-28
2025,2025-03-15,3,15,74,Pre-monsoon,Agartala,Tripura,North-East,Yaosang,Tribal/Indigenous,Religious/Seasonal,shared_date,2,0.5,Holi/Yaosang 2nd Day,https://www.rbi.org.in/Scripts/HolidayMatrixDisplay.aspx?drRegionalOffice=0&drMonth=3&drYear=2025 (POST form),Reserve Bank of India,2026-09-28
2025,2025-03-15,3,15,74,Pre-monsoon,Bhubaneswar,Odisha,East,Holi,Hindu,Religious/Seasonal,shared_date,2,0.5,Holi/Yaosang 2nd Day,https://www.rbi.org.in/Scripts/HolidayMatrixDisplay.aspx?drRegionalOffice=0&drMonth=3&drYear=2025 (POST form),Reserve Bank of India,2026-09-28
2025,2025-03-15,3,15,74,Pre-monsoon,Bhubaneswar,Odisha,East,Yaosang,Tribal/Indigenous,Religious/Seasonal,shared_date,2,0.5,Holi/Yaosang 2nd Day,https://www.rbi.org.in/Scripts/HolidayMatrixDisplay.aspx?drRegionalOffice=0&drMonth=3&drYear=2025 (POST form),Reserve Bank of India,2026-09-28
2025,2025-03-15,3,15,74,Pre-monsoon,Imphal,Manipur,North-East,Holi,Hindu,Religious/Seasonal,shared_date,2,0.5,Holi/Yaosang 2nd Day,https://www.rbi.org.in/Scripts/HolidayMatrixDisplay.aspx?drRegionalOffice=0&drMonth=3&drYear=2025 (POST form),Reserve Bank of India,2026-09-28
2025,2025-03-15,3,15,74,Pre-monsoon,Imphal,Manipur,North-East,Yaosang,Tribal/Indigenous,Religious/Seasonal,shared_date,2,0.5,Holi/Yaosang 2nd Day,https://www.rbi.org.in/Scripts/HolidayMatrixDisplay.aspx?drRegionalOffice=0&drMonth=3&drYear=2025 (POST form),Reserve Bank of India,2026-09-28
2025,2025-03-15,3,15,74,Pre-monsoon,Patna,Bihar,East,Holi,Hindu,Religious/Seasonal,shared_date,2,0.5,Holi/Yaosang 2nd Day,https://www.rbi.org.in/Scripts/HolidayMatrixDisplay.aspx?drRegionalOffice=0&drMonth=3&drYear=2025 (POST form),Reserve Bank of India,2026-09-28
2025,2025-03-15,3,15,74,Pre-monsoon,Patna,Bihar,East,Yaosang,Tribal/Indigenous,Religious/Seasonal,shared_date,2,0.5,Holi/Yaosang 2nd Day,https://www.rbi.org.in/Scripts/HolidayMatrixDisplay.aspx?drRegionalOffice=0&drMonth=3&drYear=2025 (POST form),Reserve Bank of India,2026-09-28
2025,2025-03-15,3,15,74,Pre-monsoon,Ranchi,Jharkhand,East,Holi,Hindu,Religious/Seasonal,shared_date,2,0.5,Holi/Yaosang 2nd Day,https://www.rbi.org.in/Scripts/HolidayMatrixDisplay.aspx?drRegionalOffice=0&drMonth=3&drYear=2025 (POST form),Reserve Bank of India,2026-09-28
2025,2025-03-15,3,15,74,Pre-monsoon,Ranchi,Jharkhand,East,Yaosang,Tribal/Indigenous,Religious/Seasonal,shared_date,2,0.5,Holi/Yaosang 2nd Day,https://www.rbi.org.in/Scripts/HolidayMatrixDisplay.aspx?drRegionalOffice=0&drMonth=3&drYear=2025 (POST form),Reserve Bank of India,2026-09-28
2025,2025-03-27,3,27,86,Pre-monsoon,Jammu,Jammu & Kashmir,North,Shab-e-Qadr,Muslim,Religious,unique,1,1.0,Shab-I-Qadr,https://www.rbi.org.in/Scripts/HolidayMatrixDisplay.aspx?drRegionalOffice=0&drMonth=3&drYear=2025 (POST form),Reserve Bank of India,2026-09-28
2025,2025-03-27,3,27,86,Pre-monsoon,Srinagar,Jammu & Kashmir,North,Shab-e-Qadr,Muslim,Religious,unique,1,1.0,Shab-I-Qadr,https://www.rbi.org.in/Scripts/HolidayMatrixDisplay.aspx?drRegionalOffice=0&drMonth=3&drYear=2025 (POST form),Reserve Bank of India,2026-09-28
2025,2025-03-28,3,28,87,Pre-monsoon,Jammu,Jammu & Kashmir,North,Jumat-ul-Vida,Muslim,Religious,unique,1,1.0,Jumat-ul-Vida,https://www.rbi.org.in/Scripts/HolidayMatrixDisplay.aspx?drRegionalOffice=0&drMonth=3&drYear=2025 (POST form),Reserve Bank of India,2026-09-28
2025,2025-03-28,3,28,87,Pre-monsoon,Srinagar,Jammu & Kashmir,North,Jumat-ul-Vida,Muslim,Religious,unique,1,1.0,Jumat-ul-Vida,https://www.rbi.org.in/Scripts/HolidayMatrixDisplay.aspx?drRegionalOffice=0&drMonth=3&drYear=2025 (POST form),Reserve Bank of India,2026-09-28
2025,2025-03-31,3,31,90,Pre-monsoon,Agartala,Tripura,North-East,Eid-ul-Fitr,Muslim,Religious,unique,1,1.0,Ramzan-Id (Id-Ul-Fitr) (Shawal-1)/Khutub-E-Ramzan,https://www.rbi.org.in/Scripts/HolidayMatrixDisplay.aspx?drRegionalOffice=0&drMonth=3&drYear=2025 (POST form),Reserve Bank of India,2026-09-28
2025,2025-03-31,3,31,90,Pre-monsoon,Ahmedabad,Gujarat,West,Eid-ul-Fitr,Muslim,Religious,unique,1,1.0,Ramzan-Id (Id-Ul-Fitr) (Shawal-1)/Khutub-E-Ramzan,https://www.rbi.org.in/Scripts/HolidayMatrixDisplay.aspx?drRegionalOffice=0&drMonth=3&drYear=2025 (POST form),Reserve Bank of India,2026-09-28
2025,2025-03-31,3,31,90,Pre-monsoon,Belapur,Maharashtra,West,Eid-ul-Fitr,Muslim,Religious,unique,1,1.0,Ramzan-Id (Id-Ul-Fitr) (Shawal-1)/Khutub-E-Ramzan,https://www.rbi.org.in/Scripts/HolidayMatrixDisplay.aspx?drRegionalOffice=0&drMonth=3&drYear=2025 (POST form),Reserve Bank of India,2026-09-28
2025,2025-03-31,3,31,90,Pre-monsoon,Bengaluru,Karnataka,South,Eid-ul-Fitr,Muslim,Religious,unique,1,1.0,Ramzan-Id (Id-Ul-Fitr) (Shawal-1)/Khutub-E-Ramzan,https://www.rbi.org.in/Scripts/HolidayMatrixDisplay.aspx?drRegionalOffice=0&drMonth=3&drYear=2025 (POST form),Reserve Bank of India,2026-09-28
2025,2025-03-31,3,31,90,Pre-monsoon,Bhopal,Madhya Pradesh,Central,Eid-ul-Fitr,Muslim,Religious,unique,1,1.0,Ramzan-Id (Id-Ul-Fitr) (Shawal-1)/Khutub-E-Ramzan,https://www.rbi.org.in/Scripts/HolidayMatrixDisplay.aspx?drRegionalOffice=0&drMonth=3&drYear=2025 (POST form),Reserve Bank of India,2026-09-28
2025,2025-03-31,3,31,90,Pre-monsoon,Bhubaneswar,Odisha,East,Eid-ul-Fitr,Muslim,Religious,unique,1,1.0,Ramzan-Id (Id-Ul-Fitr) (Shawal-1)/Khutub-E-Ramzan,https://www.rbi.org.in/Scripts/HolidayMatrixDisplay.aspx?drRegionalOffice=0&drMonth=3&drYear=2025 (POST form),Reserve Bank of India,2026-09-28
2025,2025-03-31,3,31,90,Pre-monsoon,Chandigarh,Punjab-Haryana-Chandigarh,North,Eid-ul-Fitr,Muslim,Religious,unique,1,1.0,Ramzan-Id (Id-Ul-Fitr) (Shawal-1)/Khutub-E-Ramzan,https://www.rbi.org.in/Scripts/HolidayMatrixDisplay.aspx?drRegionalOffice=0&drMonth=3&drYear=2025 (POST form),Reserve Bank of India,2026-09-28
2025,2025-03-31,3,31,90,Pre-monsoon,Chennai,Tamil Nadu,South,Eid-ul-Fitr,Muslim,Religious,unique,1,1.0,Ramzan-Id (Id-Ul-Fitr) (Shawal-1)/Khutub-E-Ramzan,https://www.rbi.org.in/Scripts/HolidayMatrixDisplay.aspx?drRegionalOffice=0&drMonth=3&drYear=2025 (POST form),Reserve Bank of India,2026-09-28
2025,2025-03-31,3,31,90,Pre-monsoon,Dehradun,Uttarakhand,North,Eid-ul-Fitr,Muslim,Religious,unique,1,1.0,Ramzan-Id (Id-Ul-Fitr) (Shawal-1)/Khutub-E-Ramzan,https://www.rbi.org.in/Scripts/HolidayMatrixDisplay.aspx?drRegionalOffice=0&drMonth=3&drYear=2025 (POST form),Reserve Bank of India,2026-09-28
2025,2025-03-31,3,31,90,Pre-monsoon,Gangtok,Sikkim,North-East,Eid-ul-Fitr,Muslim,Religious,unique,1,1.0,Ramzan-Id (Id-Ul-Fitr) (Shawal-1)/Khutub-E-Ramzan,https://www.rbi.org.in/Scripts/HolidayMatrixDisplay.aspx?drRegionalOffice=0&drMonth=3&drYear=2025 (POST form),Reserve Bank of India,2026-09-28
2025,2025-03-31,3,31,90,Pre-monsoon,Guwahati,Assam,North-East,Eid-ul-Fitr,Muslim,Religious,unique,1,1.0,Ramzan-Id (Id-Ul-Fitr) (Shawal-1)/Khutub-E-Ramzan,https://www.rbi.org.in/Scripts/HolidayMatrixDisplay.aspx?drRegionalOffice=0&drMonth=3&drYear=2025 (POST form),Reserve Bank of India,2026-09-28
2025,2025-03-31,3,31,90,Pre-monsoon,Hyderabad,Telangana,South,Eid-ul-Fitr,Muslim,Religious,unique,1,1.0,Ramzan-Id (Id-Ul-Fitr) (Shawal-1)/Khutub-E-Ramzan,https://www.rbi.org.in/Scripts/HolidayMatrixDisplay.aspx?drRegionalOffice=0&drMonth=3&drYear=2025 (POST form),Reserve Bank of India,2026-09-28
2025,2025-03-31,3,31,90,Pre-monsoon,Imphal,Manipur,North-East,Eid-ul-Fitr,Muslim,Religious,unique,1,1.0,Ramzan-Id (Id-Ul-Fitr) (Shawal-1)/Khutub-E-Ramzan,https://www.rbi.org.in/Scripts/HolidayMatrixDisplay.aspx?drRegionalOffice=0&drMonth=3&drYear=2025 (POST form),Reserve Bank of India,2026-09-28
2025,2025-03-31,3,31,90,Pre-monsoon,Itanagar,Arunachal Pradesh,North-East,Eid-ul-Fitr,Muslim,Religious,unique,1,1.0,Ramzan-Id (Id-Ul-Fitr) (Shawal-1)/Khutub-E-Ramzan,https://www.rbi.org.in/Scripts/HolidayMatrixDisplay.aspx?drRegionalOffice=0&drMonth=3&drYear=2025 (POST form),Reserve Bank of India,2026-09-28
2025,2025-03-31,3,31,90,Pre-monsoon,Jaipur,Rajasthan,North,Eid-ul-Fitr,Muslim,Religious,unique,1,1.0,Ramzan-Id (Id-Ul-Fitr) (Shawal-1)/Khutub-E-Ramzan,https://www.rbi.org.in/Scripts/HolidayMatrixDisplay.aspx?drRegionalOffice=0&drMonth=3&drYear=2025 (POST form),Reserve Bank of India,2026-09-28
2025,2025-03-31,3,31,90,Pre-monsoon,Jammu,Jammu & Kashmir,North,Eid-ul-Fitr,Muslim,Religious,unique,1,1.0,Ramzan-Id (Id-Ul-Fitr) (Shawal-1)/Khutub-E-Ramzan,https://www.rbi.org.in/Scripts/HolidayMatrixDisplay.aspx?drRegionalOffice=0&drMonth=3&drYear=2025 (POST form),Reserve Bank of India,2026-09-28
2025,2025-03-31,3,31,90,Pre-monsoon,Kanpur,Uttar Pradesh,North,Eid-ul-Fitr,Muslim,Religious,unique,1,1.0,Ramzan-Id (Id-Ul-Fitr) (Shawal-1)/Khutub-E-Ramzan,https://www.rbi.org.in/Scripts/HolidayMatrixDisplay.aspx?drRegionalOffice=0&drMonth=3&drYear=2025 (POST form),Reserve Bank of India,2026-09-28
2025,2025-03-31,3,31,90,Pre-monsoon,Kochi,Kerala,South,Eid-ul-Fitr,Muslim,Religious,unique,1,1.0,Ramzan-Id (Id-Ul-Fitr) (Shawal-1)/Khutub-E-Ramzan,https://www.rbi.org.in/Scripts/HolidayMatrixDisplay.aspx?drRegionalOffice=0&drMonth=3&drYear=2025 (POST form),Reserve Bank of India,2026-09-28
2025,2025-03-31,3,31,90,Pre-monsoon,Kohima,Nagaland,North-East,Eid-ul-Fitr,Muslim,Religious,unique,1,1.0,Ramzan-Id (Id-Ul-Fitr) (Shawal-1)/Khutub-E-Ramzan,https://www.rbi.org.in/Scripts/HolidayMatrixDisplay.aspx?drRegionalOffice=0&drMonth=3&drYear=2025 (POST form),Reserve Bank of India,2026-09-28
2025,2025-03-31,3,31,90,Pre-monsoon,Kolkata,West Bengal,East,Eid-ul-Fitr,Muslim,Religious,unique,1,1.0,Ramzan-Id (Id-Ul-Fitr) (Shawal-1)/Khutub-E-Ramzan,https://www.rbi.org.in/Scripts/HolidayMatrixDisplay.aspx?drRegionalOffice=0&drMonth=3&drYear=2025 (POST form),Reserve Bank of India,2026-09-28
2025,2025-03-31,3,31,90,Pre-monsoon,Lucknow,Uttar Pradesh,North,Eid-ul-Fitr,Muslim,Religious,unique,1,1.0,Ramzan-Id (Id-Ul-Fitr) (Shawal-1)/Khutub-E-Ramzan,https://www.rbi.org.in/Scripts/HolidayMatrixDisplay.aspx?drRegionalOffice=0&drMonth=3&drYear=2025 (POST form),Reserve Bank of India,2026-09-28
2025,2025-03-31,3,31,90,Pre-monsoon,Mumbai,Maharashtra,West,Eid-ul-Fitr,Muslim,Religious,unique,1,1.0,Ramzan-Id (Id-Ul-Fitr) (Shawal-1)/Khutub-E-Ramzan,https://www.rbi.org.in/Scripts/HolidayMatrixDisplay.aspx?drRegionalOffice=0&drMonth=3&drYear=2025 (POST form),Reserve Bank of India,2026-09-28
2025,2025-03-31,3,31,90,Pre-monsoon,Nagpur,Maharashtra,West,Eid-ul-Fitr,Muslim,Religious,unique,1,1.0,Ramzan-Id (Id-Ul-Fitr) (Shawal-1)/Khutub-E-Ramzan,https://www.rbi.org.in/Scripts/HolidayMatrixDisplay.aspx?drRegionalOffice=0&drMonth=3&drYear=2025 (POST form),Reserve Bank of India,2026-09-28
2025,2025-03-31,3,31,90,Pre-monsoon,New Delhi,Delhi,North,Eid-ul-Fitr,Muslim,Religious,unique,1,1.0,Ramzan-Id (Id-Ul-Fitr) (Shawal-1)/Khutub-E-Ramzan,https://www.rbi.org.in/Scripts/HolidayMatrixDisplay.aspx?drRegionalOffice=0&drMonth=3&drYear=2025 (POST form),Reserve Bank of India,2026-09-28
2025,2025-03-31,3,31,90,Pre-monsoon,Panaji,Goa,West,Eid-ul-Fitr,Muslim,Religious,unique,1,1.0,Ramzan-Id (Id-Ul-Fitr) (Shawal-1)/Khutub-E-Ramzan,https://www.rbi.org.in/Scripts/HolidayMatrixDisplay.aspx?drRegionalOffice=0&drMonth=3&drYear=2025 (POST form),Reserve Bank of India,2026-09-28
2025,2025-03-31,3,31,90,Pre-monsoon,Patna,Bihar,East,Eid-ul-Fitr,Muslim,Religious,unique,1,1.0,Ramzan-Id (Id-Ul-Fitr) (Shawal-1)/Khutub-E-Ramzan,https://www.rbi.org.in/Scripts/HolidayMatrixDisplay.aspx?drRegionalOffice=0&drMonth=3&drYear=2025 (POST form),Reserve Bank of India,2026-09-28
2025,2025-03-31,3,31,90,Pre-monsoon,Raipur,Chhattisgarh,Central,Eid-ul-Fitr,Muslim,Religious,unique,1,1.0,Ramzan-Id (Id-Ul-Fitr) (Shawal-1)/Khutub-E-Ramzan,https://www.rbi.org.in/Scripts/HolidayMatrixDisplay.aspx?drRegionalOffice=0&drMonth=3&drYear=2025 (POST form),Reserve Bank of India,2026-09-28
2025,2025-03-31,3,31,90,Pre-monsoon,Ranchi,Jharkhand,East,Eid-ul-Fitr,Muslim,Religious,unique,1,1.0,Ramzan-Id (Id-Ul-Fitr) (Shawal-1)/Khutub-E-Ramzan,https://www.rbi.org.in/Scripts/HolidayMatrixDisplay.aspx?drRegionalOffice=0&drMonth=3&drYear=2025 (POST form),Reserve Bank of India,2026-09-28
2025,2025-03-31,3,31,90,Pre-monsoon,Shillong,Meghalaya,North-East,Eid-ul-Fitr,Muslim,Religious,unique,1,1.0,Ramzan-Id (Id-Ul-Fitr) (Shawal-1)/Khutub-E-Ramzan,https://www.rbi.org.in/Scripts/HolidayMatrixDisplay.aspx?drRegionalOffice=0&drMonth=3&drYear=2025 (POST form),Reserve Bank of India,2026-09-28
2025,2025-03-31,3,31,90,Pre-monsoon,Srinagar,Jammu & Kashmir,North,Eid-ul-Fitr,Muslim,Religious,unique,1,1.0,Ramzan-Id (Id-Ul-Fitr) (Shawal-1)/Khutub-E-Ramzan,https://www.rbi.org.in/Scripts/HolidayMatrixDisplay.aspx?drRegionalOffice=0&drMonth=3&drYear=2025 (POST form),Reserve Bank of India,2026-09-28
2025,2025-03-31,3,31,90,Pre-monsoon,Thiruvananthapuram,Kerala,South,Eid-ul-Fitr,Muslim,Religious,unique,1,1.0,Ramzan-Id (Id-Ul-Fitr) (Shawal-1)/Khutub-E-Ramzan,https://www.rbi.org.in/Scripts/HolidayMatrixDisplay.aspx?drRegionalOffice=0&drMonth=3&drYear=2025 (POST form),Reserve Bank of India,2026-09-28
2025,2025-03-31,3,31,90,Pre-monsoon,Vijayawada,Andhra Pradesh,South,Eid-ul-Fitr,Muslim,Religious,unique,1,1.0,Ramzan-Id (Id-Ul-Fitr) (Shawal-1)/Khutub-E-Ramzan,https://www.rbi.org.in/Scripts/HolidayMatrixDisplay.aspx?drRegionalOffice=0&drMonth=3&drYear=2025 (POST form),Reserve Bank of India,2026-09-28
2025,2025-04-01,4,1,91,Pre-monsoon,Ranchi,Jharkhand,East,Sarhul,Tribal/Indigenous,Seasonal,shared_date,2,0.5,To enable to Banks to close their yearly accounts/Sarhul,https://www.rbi.org.in/Scripts/HolidayMatrixDisplay.aspx?drRegionalOffice=0&drMonth=4&drYear=2025 (POST form),Reserve Bank of India,2026-09-28
2025,2025-04-07,4,7,97,Pre-monsoon,Shillong,Meghalaya,North-East,Shad Suk Mynsiem,Tribal/Indigenous,Seasonal,unique,1,1.0,Shad Suk Mynsiem,https://www.rbi.org.in/Scripts/HolidayMatrixDisplay.aspx?drRegionalOffice=0&drMonth=4&drYear=2025 (POST form),Reserve Bank of India,2026-09-28
2025,2025-04-10,4,10,100,Pre-monsoon,Ahmedabad,Gujarat,West,Mahavir Jayanti,Jain,Religious,unique,1,1.0,Mahavir Janmakalyanak/Mahavir Jayanti,https://www.rbi.org.in/Scripts/HolidayMatrixDisplay.aspx?drRegionalOffice=0&drMonth=4&drYear=2025 (POST form),Reserve Bank of India,2026-09-28
2025,2025-04-10,4,10,100,Pre-monsoon,Aizawl,Mizoram,North-East,Mahavir Jayanti,Jain,Religious,unique,1,1.0,Mahavir Janmakalyanak/Mahavir Jayanti,https://www.rbi.org.in/Scripts/HolidayMatrixDisplay.aspx?drRegionalOffice=0&drMonth=4&drYear=2025 (POST form),Reserve Bank of India,2026-09-28
2025,2025-04-10,4,10,100,Pre-monsoon,Belapur,Maharashtra,West,Mahavir Jayanti,Jain,Religious,unique,1,1.0,Mahavir Janmakalyanak/Mahavir Jayanti,https://www.rbi.org.in/Scripts/HolidayMatrixDisplay.aspx?drRegionalOffice=0&drMonth=4&drYear=2025 (POST form),Reserve Bank of India,2026-09-28
2025,2025-04-10,4,10,100,Pre-monsoon,Bengaluru,Karnataka,South,Mahavir Jayanti,Jain,Religious,unique,1,1.0,Mahavir Janmakalyanak/Mahavir Jayanti,https://www.rbi.org.in/Scripts/HolidayMatrixDisplay.aspx?drRegionalOffice=0&drMonth=4&drYear=2025 (POST form),Reserve Bank of India,2026-09-28
2025,2025-04-10,4,10,100,Pre-monsoon,Bhopal,Madhya Pradesh,Central,Mahavir Jayanti,Jain,Religious,unique,1,1.0,Mahavir Janmakalyanak/Mahavir Jayanti,https://www.rbi.org.in/Scripts/HolidayMatrixDisplay.aspx?drRegionalOffice=0&drMonth=4&drYear=2025 (POST form),Reserve Bank of India,2026-09-28
2025,2025-04-10,4,10,100,Pre-monsoon,Chennai,Tamil Nadu,South,Mahavir Jayanti,Jain,Religious,unique,1,1.0,Mahavir Janmakalyanak/Mahavir Jayanti,https://www.rbi.org.in/Scripts/HolidayMatrixDisplay.aspx?drRegionalOffice=0&drMonth=4&drYear=2025 (POST form),Reserve Bank of India,2026-09-28
2025,2025-04-10,4,10,100,Pre-monsoon,Jaipur,Rajasthan,North,Mahavir Jayanti,Jain,Religious,unique,1,1.0,Mahavir Janmakalyanak/Mahavir Jayanti,https://www.rbi.org.in/Scripts/HolidayMatrixDisplay.aspx?drRegionalOffice=0&drMonth=4&drYear=2025 (POST form),Reserve Bank of India,2026-09-28
2025,2025-04-10,4,10,100,Pre-monsoon,Kanpur,Uttar Pradesh,North,Mahavir Jayanti,Jain,Religious,unique,1,1.0,Mahavir Janmakalyanak/Mahavir Jayanti,https://www.rbi.org.in/Scripts/HolidayMatrixDisplay.aspx?drRegionalOffice=0&drMonth=4&drYear=2025 (POST form),Reserve Bank of India,2026-09-28
2025,2025-04-10,4,10,100,Pre-monsoon,Kolkata,West Bengal,East,Mahavir Jayanti,Jain,Religious,unique,1,1.0,Mahavir Janmakalyanak/Mahavir Jayanti,https://www.rbi.org.in/Scripts/HolidayMatrixDisplay.aspx?drRegionalOffice=0&drMonth=4&drYear=2025 (POST form),Reserve Bank of India,2026-09-28
2025,2025-04-10,4,10,100,Pre-monsoon,Lucknow,Uttar Pradesh,North,Mahavir Jayanti,Jain,Religious,unique,1,1.0,Mahavir Janmakalyanak/Mahavir Jayanti,https://www.rbi.org.in/Scripts/HolidayMatrixDisplay.aspx?drRegionalOffice=0&drMonth=4&drYear=2025 (POST form),Reserve Bank of India,2026-09-28
2025,2025-04-10,4,10,100,Pre-monsoon,Mumbai,Maharashtra,West,Mahavir Jayanti,Jain,Religious,unique,1,1.0,Mahavir Janmakalyanak/Mahavir Jayanti,https://www.rbi.org.in/Scripts/HolidayMatrixDisplay.aspx?drRegionalOffice=0&drMonth=4&drYear=2025 (POST form),Reserve Bank of India,2026-09-28
2025,2025-04-10,4,10,100,Pre-monsoon,Nagpur,Maharashtra,West,Mahavir Jayanti,Jain,Religious,unique,1,1.0,Mahavir Janmakalyanak/Mahavir Jayanti,https://www.rbi.org.in/Scripts/HolidayMatrixDisplay.aspx?drRegionalOffice=0&drMonth=4&drYear=2025 (POST form),Reserve Bank of India,2026-09-28
2025,2025-04-10,4,10,100,Pre-monsoon,New Delhi,Delhi,North,Mahavir Jayanti,Jain,Religious,unique,1,1.0,Mahavir Janmakalyanak/Mahavir Jayanti,https://www.rbi.org.in/Scripts/HolidayMatrixDisplay.aspx?drRegionalOffice=0&drMonth=4&drYear=2025 (POST form),Reserve Bank of India,2026-09-28
2025,2025-04-10,4,10,100,Pre-monsoon,Raipur,Chhattisgarh,Central,Mahavir Jayanti,Jain,Religious,unique,1,1.0,Mahavir Janmakalyanak/Mahavir Jayanti,https://www.rbi.org.in/Scripts/HolidayMatrixDisplay.aspx?drRegionalOffice=0&drMonth=4&drYear=2025 (POST form),Reserve Bank of India,2026-09-28
2025,2025-04-10,4,10,100,Pre-monsoon,Ranchi,Jharkhand,East,Mahavir Jayanti,Jain,Religious,unique,1,1.0,Mahavir Janmakalyanak/Mahavir Jayanti,https://www.rbi.org.in/Scripts/HolidayMatrixDisplay.aspx?drRegionalOffice=0&drMonth=4&drYear=2025 (POST form),Reserve Bank of India,2026-09-28
2025,2025-04-14,4,14,104,Pre-monsoon,Agartala,Tripura,North-East,Biju / Buisu,Tribal/Indigenous,New Year,shared_date,7,0.14285714285714285,Dr. Babasaheb Ambedkar Jayanti/Vishu/Biju/Buisu Festival/Maha Vishuva Sankranti/Tamil New Year's Day/Bohag Bihu/Cheiraoba,https://www.rbi.org.in/Scripts/HolidayMatrixDisplay.aspx?drRegionalOffice=0&drMonth=4&drYear=2025 (POST form),Reserve Bank of India,2026-09-28
2025,2025-04-14,4,14,104,Pre-monsoon,Agartala,Tripura,North-East,Bohag Bihu,Cultural (multi-faith),New Year,shared_date,7,0.14285714285714285,Dr. Babasaheb Ambedkar Jayanti/Vishu/Biju/Buisu Festival/Maha Vishuva Sankranti/Tamil New Year's Day/Bohag Bihu/Cheiraoba,https://www.rbi.org.in/Scripts/HolidayMatrixDisplay.aspx?drRegionalOffice=0&drMonth=4&drYear=2025 (POST form),Reserve Bank of India,2026-09-28
2025,2025-04-14,4,14,104,Pre-monsoon,Agartala,Tripura,North-East,Cheiraoba (Meitei New Year),Tribal/Indigenous,New Year,shared_date,7,0.14285714285714285,Dr. Babasaheb Ambedkar Jayanti/Vishu/Biju/Buisu Festival/Maha Vishuva Sankranti/Tamil New Year's Day/Bohag Bihu/Cheiraoba,https://www.rbi.org.in/Scripts/HolidayMatrixDisplay.aspx?drRegionalOffice=0&drMonth=4&drYear=2025 (POST form),Reserve Bank of India,2026-09-28
2025,2025-04-14,4,14,104,Pre-monsoon,Agartala,Tripura,North-East,Maha Vishuva Sankranti (Odia New Year),Hindu,New Year,shared_date,7,0.14285714285714285,Dr. Babasaheb Ambedkar Jayanti/Vishu/Biju/Buisu Festival/Maha Vishuva Sankranti/Tamil New Year's Day/Bohag Bihu/Cheiraoba,https://www.rbi.org.in/Scripts/HolidayMatrixDisplay.aspx?drRegionalOffice=0&drMonth=4&drYear=2025 (POST form),Reserve Bank of India,2026-09-28
2025,2025-04-14,4,14,104,Pre-monsoon,Agartala,Tripura,North-East,Tamil New Year (Puthandu),Hindu,New Year,shared_date,7,0.14285714285714285,Dr. Babasaheb Ambedkar Jayanti/Vishu/Biju/Buisu Festival/Maha Vishuva Sankranti/Tamil New Year's Day/Bohag Bihu/Cheiraoba,https://www.rbi.org.in/Scripts/HolidayMatrixDisplay.aspx?drRegionalOffice=0&drMonth=4&drYear=2025 (POST form),Reserve Bank of India,2026-09-28
2025,2025-04-14,4,14,104,Pre-monsoon,Agartala,Tripura,North-East,Vishu,Hindu,New Year,shared_date,7,0.14285714285714285,Dr. Babasaheb Ambedkar Jayanti/Vishu/Biju/Buisu Festival/Maha Vishuva Sankranti/Tamil New Year's Day/Bohag Bihu/Cheiraoba,https://www.rbi.org.in/Scripts/HolidayMatrixDisplay.aspx?drRegionalOffice=0&drMonth=4&drYear=2025 (POST form),Reserve Bank of India,2026-09-28
2025,2025-04-14,4,14,104,Pre-monsoon,Ahmedabad,Gujarat,West,Biju / Buisu,Tribal/Indigenous,New Year,shared_date,7,0.14285714285714285,Dr. Babasaheb Ambedkar Jayanti/Vishu/Biju/Buisu Festival/Maha Vishuva Sankranti/Tamil New Year's Day/Bohag Bihu/Cheiraoba,https://www.rbi.org.in/Scripts/HolidayMatrixDisplay.aspx?drRegionalOffice=0&drMonth=4&drYear=2025 (POST form),Reserve Bank of India,2026-09-28
2025,2025-04-14,4,14,104,Pre-monsoon,Ahmedabad,Gujarat,West,Bohag Bihu,Cultural (multi-faith),New Year,shared_date,7,0.14285714285714285,Dr. Babasaheb Ambedkar Jayanti/Vishu/Biju/Buisu Festival/Maha Vishuva Sankranti/Tamil New Year's Day/Bohag Bihu/Cheiraoba,https://www.rbi.org.in/Scripts/HolidayMatrixDisplay.aspx?drRegionalOffice=0&drMonth=4&drYear=2025 (POST form),Reserve Bank of India,2026-09-28
2025,2025-04-14,4,14,104,Pre-monsoon,Ahmedabad,Gujarat,West,Cheiraoba (Meitei New Year),Tribal/Indigenous,New Year,shared_date,7,0.14285714285714285,Dr. Babasaheb Ambedkar Jayanti/Vishu/Biju/Buisu Festival/Maha Vishuva Sankranti/Tamil New Year's Day/Bohag Bihu/Cheiraoba,https://www.rbi.org.in/Scripts/HolidayMatrixDisplay.aspx?drRegionalOffice=0&drMonth=4&drYear=2025 (POST form),Reserve Bank of India,2026-09-28
2025,2025-04-14,4,14,104,Pre-monsoon,Ahmedabad,Gujarat,West,Maha Vishuva Sankranti (Odia New Year),Hindu,New Year,shared_date,7,0.14285714285714285,Dr. Babasaheb Ambedkar Jayanti/Vishu/Biju/Buisu Festival/Maha Vishuva Sankranti/Tamil New Year's Day/Bohag Bihu/Cheiraoba,https://www.rbi.org.in/Scripts/HolidayMatrixDisplay.aspx?drRegionalOffice=0&drMonth=4&drYear=2025 (POST form),Reserve Bank of India,2026-09-28
2025,2025-04-14,4,14,104,Pre-monsoon,Ahmedabad,Gujarat,West,Tamil New Year (Puthandu),Hindu,New Year,shared_date,7,0.14285714285714285,Dr. Babasaheb Ambedkar Jayanti/Vishu/Biju/Buisu Festival/Maha Vishuva Sankranti/Tamil New Year's Day/Bohag Bihu/Cheiraoba,https://www.rbi.org.in/Scripts/HolidayMatrixDisplay.aspx?drRegionalOffice=0&drMonth=4&drYear=2025 (POST form),Reserve Bank of India,2026-09-28
2025,2025-04-14,4,14,104,Pre-monsoon,Ahmedabad,Gujarat,West,Vishu,Hindu,New Year,shared_date,7,0.14285714285714285,Dr. Babasaheb Ambedkar Jayanti/Vishu/Biju/Buisu Festival/Maha Vishuva Sankranti/Tamil New Year's Day/Bohag Bihu/Cheiraoba,https://www.rbi.org.in/Scripts/HolidayMatrixDisplay.aspx?drRegionalOffice=0&drMonth=4&drYear=2025 (POST form),Reserve Bank of India,2026-09-28
2025,2025-04-14,4,14,104,Pre-monsoon,Aizawl,Mizoram,North-East,Biju / Buisu,Tribal/Indigenous,New Year,shared_date,7,0.14285714285714285,Dr. Babasaheb Ambedkar Jayanti/Vishu/Biju/Buisu Festival/Maha Vishuva Sankranti/Tamil New Year's Day/Bohag Bihu/Cheiraoba,https://www.rbi.org.in/Scripts/HolidayMatrixDisplay.aspx?drRegionalOffice=0&drMonth=4&drYear=2025 (POST form),Reserve Bank of India,2026-09-28
2025,2025-04-14,4,14,104,Pre-monsoon,Aizawl,Mizoram,North-East,Bohag Bihu,Cultural (multi-faith),New Year,shared_date,7,0.14285714285714285,Dr. Babasaheb Ambedkar Jayanti/Vishu/Biju/Buisu Festival/Maha Vishuva Sankranti/Tamil New Year's Day/Bohag Bihu/Cheiraoba,https://www.rbi.org.in/Scripts/HolidayMatrixDisplay.aspx?drRegionalOffice=0&drMonth=4&drYear=2025 (POST form),Reserve Bank of India,2026-09-28
2025,2025-04-14,4,14,104,Pre-monsoon,Aizawl,Mizoram,North-East,Cheiraoba (Meitei New Year),Tribal/Indigenous,New Year,shared_date,7,0.14285714285714285,Dr. Babasaheb Ambedkar Jayanti/Vishu/Biju/Buisu Festival/Maha Vishuva Sankranti/Tamil New Year's Day/Bohag Bihu/Cheiraoba,https://www.rbi.org.in/Scripts/HolidayMatrixDisplay.aspx?drRegionalOffice=0&drMonth=4&drYear=2025 (POST form),Reserve Bank of India,2026-09-28
2025,2025-04-14,4,14,104,Pre-monsoon,Aizawl,Mizoram,North-East,Maha Vishuva Sankranti (Odia New Year),Hindu,New Year,shared_date,7,0.14285714285714285,Dr. Babasaheb Ambedkar Jayanti/Vishu/Biju/Buisu Festival/Maha Vishuva Sankranti/Tamil New Year's Day/Bohag Bihu/Cheiraoba,https://www.rbi.org.in/Scripts/HolidayMatrixDisplay.aspx?drRegionalOffice=0&drMonth=4&drYear=2025 (POST form),Reserve Bank of India,2026-09-28
2025,2025-04-14,4,14,104,Pre-monsoon,Aizawl,Mizoram,North-East,Tamil New Year (Puthandu),Hindu,New Year,shared_date,7,0.14285714285714285,Dr. Babasaheb Ambedkar Jayanti/Vishu/Biju/Buisu Festival/Maha Vishuva Sankranti/Tamil New Year's Day/Bohag Bihu/Cheiraoba,https://www.rbi.org.in/Scripts/HolidayMatrixDisplay.aspx?drRegionalOffice=0&drMonth=4&drYear=2025 (POST form),Reserve Bank of India,2026-09-28
2025,2025-04-14,4,14,104,Pre-monsoon,Aizawl,Mizoram,North-East,Vishu,Hindu,New Year,shared_date,7,0.14285714285714285,Dr. Babasaheb Ambedkar Jayanti/Vishu/Biju/Buisu Festival/Maha Vishuva Sankranti/Tamil New Year's Day/Bohag Bihu/Cheiraoba,https://www.rbi.org.in/Scripts/HolidayMatrixDisplay.aspx?drRegionalOffice=0&drMonth=4&drYear=2025 (POST form),Reserve Bank of India,2026-09-28
2025,2025-04-14,4,14,104,Pre-monsoon,Belapur,Maharashtra,West,Biju / Buisu,Tribal/Indigenous,New Year,shared_date,7,0.14285714285714285,Dr. Babasaheb Ambedkar Jayanti/Vishu/Biju/Buisu Festival/Maha Vishuva Sankranti/Tamil New Year's Day/Bohag Bihu/Cheiraoba,https://www.rbi.org.in/Scripts/HolidayMatrixDisplay.aspx?drRegionalOffice=0&drMonth=4&drYear=2025 (POST form),Reserve Bank of India,2026-09-28
2025,2025-04-14,4,14,104,Pre-monsoon,Belapur,Maharashtra,West,Bohag Bihu,Cultural (multi-faith),New Year,shared_date,7,0.14285714285714285,Dr. Babasaheb Ambedkar Jayanti/Vishu/Biju/Buisu Festival/Maha Vishuva Sankranti/Tamil New Year's Day/Bohag Bihu/Cheiraoba,https://www.rbi.org.in/Scripts/HolidayMatrixDisplay.aspx?drRegionalOffice=0&drMonth=4&drYear=2025 (POST form),Reserve Bank of India,2026-09-28
2025,2025-04-14,4,14,104,Pre-monsoon,Belapur,Maharashtra,West,Cheiraoba (Meitei New Year),Tribal/Indigenous,New Year,shared_date,7,0.14285714285714285,Dr. Babasaheb Ambedkar Jayanti/Vishu/Biju/Buisu Festival/Maha Vishuva Sankranti/Tamil New Year's Day/Bohag Bihu/Cheiraoba,https://www.rbi.org.in/Scripts/HolidayMatrixDisplay.aspx?drRegionalOffice=0&drMonth=4&drYear=2025 (POST form),Reserve Bank of India,2026-09-28
2025,2025-04-14,4,14,104,Pre-monsoon,Belapur,Maharashtra,West,Maha Vishuva Sankranti (Odia New Year),Hindu,New Year,shared_date,7,0.14285714285714285,Dr. Babasaheb Ambedkar Jayanti/Vishu/Biju/Buisu Festival/Maha Vishuva Sankranti/Tamil New Year's Day/Bohag Bihu/Cheiraoba,https://www.rbi.org.in/Scripts/HolidayMatrixDisplay.aspx?drRegionalOffice=0&drMonth=4&drYear=2025 (POST form),Reserve Bank of India,2026-09-28
2025,2025-04-14,4,14,104,Pre-monsoon,Belapur,Maharashtra,West,Tamil New Year (Puthandu),Hindu,New Year,shared_date,7,0.14285714285714285,Dr. Babasaheb Ambedkar Jayanti/Vishu/Biju/Buisu Festival/Maha Vishuva Sankranti/Tamil New Year's Day/Bohag Bihu/Cheiraoba,https://www.rbi.org.in/Scripts/HolidayMatrixDisplay.aspx?drRegionalOffice=0&drMonth=4&drYear=2025 (POST form),Reserve Bank of India,2026-09-28
2025,2025-04-14,4,14,104,Pre-monsoon,Belapur,Maharashtra,West,Vishu,Hindu,New Year,shared_date,7,0.14285714285714285,Dr. Babasaheb Ambedkar Jayanti/Vishu/Biju/Buisu Festival/Maha Vishuva Sankranti/Tamil New Year's Day/Bohag Bihu/Cheiraoba,https://www.rbi.org.in/Scripts/HolidayMatrixDisplay.aspx?drRegionalOffice=0&drMonth=4&drYear=2025 (POST form),Reserve Bank of India,2026-09-28
2025,2025-04-14,4,14,104,Pre-monsoon,Bengaluru,Karnataka,South,Biju / Buisu,Tribal/Indigenous,New Year,shared_date,7,0.14285714285714285,Dr. Babasaheb Ambedkar Jayanti/Vishu/Biju/Buisu Festival/Maha Vishuva Sankranti/Tamil New Year's Day/Bohag Bihu/Cheiraoba,https://www.rbi.org.in/Scripts/HolidayMatrixDisplay.aspx?drRegionalOffice=0&drMonth=4&drYear=2025 (POST form),Reserve Bank of India,2026-09-28
2025,2025-04-14,4,14,104,Pre-monsoon,Bengaluru,Karnataka,South,Bohag Bihu,Cultural (multi-faith),New Year,shared_date,7,0.14285714285714285,Dr. Babasaheb Ambedkar Jayanti/Vishu/Biju/Buisu Festival/Maha Vishuva Sankranti/Tamil New Year's Day/Bohag Bihu/Cheiraoba,https://www.rbi.org.in/Scripts/HolidayMatrixDisplay.aspx?drRegionalOffice=0&drMonth=4&drYear=2025 (POST form),Reserve Bank of India,2026-09-28
2025,2025-04-14,4,14,104,Pre-monsoon,Bengaluru,Karnataka,South,Cheiraoba (Meitei New Year),Tribal/Indigenous,New Year,shared_date,7,0.14285714285714285,Dr. Babasaheb Ambedkar Jayanti/Vishu/Biju/Buisu Festival/Maha Vishuva Sankranti/Tamil New Year's Day/Bohag Bihu/Cheiraoba,https://www.rbi.org.in/Scripts/HolidayMatrixDisplay.aspx?drRegionalOffice=0&drMonth=4&drYear=2025 (POST form),Reserve Bank of India,2026-09-28
2025,2025-04-14,4,14,104,Pre-monsoon,Bengaluru,Karnataka,South,Maha Vishuva Sankranti (Odia New Year),Hindu,New Year,shared_date,7,0.14285714285714285,Dr. Babasaheb Ambedkar Jayanti/Vishu/Biju/Buisu Festival/Maha Vishuva Sankranti/Tamil New Year's Day/Bohag Bihu/Cheiraoba,https://www.rbi.org.in/Scripts/HolidayMatrixDisplay.aspx?drRegionalOffice=0&drMonth=4&drYear=2025 (POST form),Reserve Bank of India,2026-09-28
2025,2025-04-14,4,14,104,Pre-monsoon,Bengaluru,Karnataka,South,Tamil New Year (Puthandu),Hindu,New Year,shared_date,7,0.14285714285714285,Dr. Babasaheb Ambedkar Jayanti/Vishu/Biju/Buisu Festival/Maha Vishuva Sankranti/Tamil New Year's Day/Bohag Bihu/Cheiraoba,https://www.rbi.org.in/Scripts/HolidayMatrixDisplay.aspx?drRegionalOffice=0&drMonth=4&drYear=2025 (POST form),Reserve Bank of India,2026-09-28
2025,2025-04-14,4,14,104,Pre-monsoon,Bengaluru,Karnataka,South,Vishu,Hindu,New Year,shared_date,7,0.14285714285714285,Dr. Babasaheb Ambedkar Jayanti/Vishu/Biju/Buisu Festival/Maha Vishuva Sankranti/Tamil New Year's Day/Bohag Bihu/Cheiraoba,https://www.rbi.org.in/Scripts/HolidayMatrixDisplay.aspx?drRegionalOffice=0&drMonth=4&drYear=2025 (POST form),Reserve Bank of India,2026-09-28
2025,2025-04-14,4,14,104,Pre-monsoon,Bhopal,Madhya Pradesh,Central,Biju / Buisu,Tribal/Indigenous,New Year,shared_date,7,0.14285714285714285,Dr. Babasaheb Ambedkar Jayanti/Vishu/Biju/Buisu Festival/Maha Vishuva Sankranti/Tamil New Year's Day/Bohag Bihu/Cheiraoba,https://www.rbi.org.in/Scripts/HolidayMatrixDisplay.aspx?drRegionalOffice=0&drMonth=4&drYear=2025 (POST form),Reserve Bank of India,2026-09-28
2025,2025-04-14,4,14,104,Pre-monsoon,Bhopal,Madhya Pradesh,Central,Bohag Bihu,Cultural (multi-faith),New Year,shared_date,7,0.14285714285714285,Dr. Babasaheb Ambedkar Jayanti/Vishu/Biju/Buisu Festival/Maha Vishuva Sankranti/Tamil New Year's Day/Bohag Bihu/Cheiraoba,https://www.rbi.org.in/Scripts/HolidayMatrixDisplay.aspx?drRegionalOffice=0&drMonth=4&drYear=2025 (POST form),Reserve Bank of India,2026-09-28
2025,2025-04-14,4,14,104,Pre-monsoon,Bhopal,Madhya Pradesh,Central,Cheiraoba (Meitei New Year),Tribal/Indigenous,New Year,shared_date,7,0.14285714285714285,Dr. Babasaheb Ambedkar Jayanti/Vishu/Biju/Buisu Festival/Maha Vishuva Sankranti/Tamil New Year's Day/Bohag Bihu/Cheiraoba,https://www.rbi.org.in/Scripts/HolidayMatrixDisplay.aspx?drRegionalOffice=0&drMonth=4&drYear=2025 (POST form),Reserve Bank of India,2026-09-28
2025,2025-04-14,4,14,104,Pre-monsoon,Bhopal,Madhya Pradesh,Central,Maha Vishuva Sankranti (Odia New Year),Hindu,New Year,shared_date,7,0.14285714285714285,Dr. Babasaheb Ambedkar Jayanti/Vishu/Biju/Buisu Festival/Maha Vishuva Sankranti/Tamil New Year's Day/Bohag Bihu/Cheiraoba,https://www.rbi.org.in/Scripts/HolidayMatrixDisplay.aspx?drRegionalOffice=0&drMonth=4&drYear=2025 (POST form),Reserve Bank of India,2026-09-28
2025,2025-04-14,4,14,104,Pre-monsoon,Bhopal,Madhya Pradesh,Central,Tamil New Year (Puthandu),Hindu,New Year,shared_date,7,0.14285714285714285,Dr. Babasaheb Ambedkar Jayanti/Vishu/Biju/Buisu Festival/Maha Vishuva Sankranti/Tamil New Year's Day/Bohag Bihu/Cheiraoba,https://www.rbi.org.in/Scripts/HolidayMatrixDisplay.aspx?drRegionalOffice=0&drMonth=4&drYear=2025 (POST form),Reserve Bank of India,2026-09-28
2025,2025-04-14,4,14,104,Pre-monsoon,Bhopal,Madhya Pradesh,Central,Vishu,Hindu,New Year,shared_date,7,0.14285714285714285,Dr. Babasaheb Ambedkar Jayanti/Vishu/Biju/Buisu Festival/Maha Vishuva Sankranti/Tamil New Year's Day/Bohag Bihu/Cheiraoba,https://www.rbi.org.in/Scripts/HolidayMatrixDisplay.aspx?drRegionalOffice=0&drMonth=4&drYear=2025 (POST form),Reserve Bank of India,2026-09-28
2025,2025-04-14,4,14,104,Pre-monsoon,Bhubaneswar,Odisha,East,Biju / Buisu,Tribal/Indigenous,New Year,shared_date,7,0.14285714285714285,Dr. Babasaheb Ambedkar Jayanti/Vishu/Biju/Buisu Festival/Maha Vishuva Sankranti/Tamil New Year's Day/Bohag Bihu/Cheiraoba,https://www.rbi.org.in/Scripts/HolidayMatrixDisplay.aspx?drRegionalOffice=0&drMonth=4&drYear=2025 (POST form),Reserve Bank of India,2026-09-28
2025,2025-04-14,4,14,104,Pre-monsoon,Bhubaneswar,Odisha,East,Bohag Bihu,Cultural (multi-faith),New Year,shared_date,7,0.14285714285714285,Dr. Babasaheb Ambedkar Jayanti/Vishu/Biju/Buisu Festival/Maha Vishuva Sankranti/Tamil New Year's Day/Bohag Bihu/Cheiraoba,https://www.rbi.org.in/Scripts/HolidayMatrixDisplay.aspx?drRegionalOffice=0&drMonth=4&drYear=2025 (POST form),Reserve Bank of India,2026-09-28
2025,2025-04-14,4,14,104,Pre-monsoon,Bhubaneswar,Odisha,East,Cheiraoba (Meitei New Year),Tribal/Indigenous,New Year,shared_date,7,0.14285714285714285,Dr. Babasaheb Ambedkar Jayanti/Vishu/Biju/Buisu Festival/Maha Vishuva Sankranti/Tamil New Year's Day/Bohag Bihu/Cheiraoba,https://www.rbi.org.in/Scripts/HolidayMatrixDisplay.aspx?drRegionalOffice=0&drMonth=4&drYear=2025 (POST form),Reserve Bank of India,2026-09-28
2025,2025-04-14,4,14,104,Pre-monsoon,Bhubaneswar,Odisha,East,Maha Vishuva Sankranti (Odia New Year),Hindu,New Year,shared_date,7,0.14285714285714285,Dr. Babasaheb Ambedkar Jayanti/Vishu/Biju/Buisu Festival/Maha Vishuva Sankranti/Tamil New Year's Day/Bohag Bihu/Cheiraoba,https://www.rbi.org.in/Scripts/HolidayMatrixDisplay.aspx?drRegionalOffice=0&drMonth=4&drYear=2025 (POST form),Reserve Bank of India,2026-09-28
2025,2025-04-14,4,14,104,Pre-monsoon,Bhubaneswar,Odisha,East,Tamil New Year (Puthandu),Hindu,New Year,shared_date,7,0.14285714285714285,Dr. Babasaheb Ambedkar Jayanti/Vishu/Biju/Buisu Festival/Maha Vishuva Sankranti/Tamil New Year's Day/Bohag Bihu/Cheiraoba,https://www.rbi.org.in/Scripts/HolidayMatrixDisplay.aspx?drRegionalOffice=0&drMonth=4&drYear=2025 (POST form),Reserve Bank of India,2026-09-28
2025,2025-04-14,4,14,104,Pre-monsoon,Bhubaneswar,Odisha,East,Vishu,Hindu,New Year,shared_date,7,0.14285714285714285,Dr. Babasaheb Ambedkar Jayanti/Vishu/Biju/Buisu Festival/Maha Vishuva Sankranti/Tamil New Year's Day/Bohag Bihu/Cheiraoba,https://www.rbi.org.in/Scripts/HolidayMatrixDisplay.aspx?drRegionalOffice=0&drMonth=4&drYear=2025 (POST form),Reserve Bank of India,2026-09-28
2025,2025-04-14,4,14,104,Pre-monsoon,Chandigarh,Punjab-Haryana-Chandigarh,North,Biju / Buisu,Tribal/Indigenous,New Year,shared_date,7,0.14285714285714285,Dr. Babasaheb Ambedkar Jayanti/Vishu/Biju/Buisu Festival/Maha Vishuva Sankranti/Tamil New Year's Day/Bohag Bihu/Cheiraoba,https://www.rbi.org.in/Scripts/HolidayMatrixDisplay.aspx?drRegionalOffice=0&drMonth=4&drYear=2025 (POST form),Reserve Bank of India,2026-09-28
2025,2025-04-14,4,14,104,Pre-monsoon,Chandigarh,Punjab-Haryana-Chandigarh,North,Bohag Bihu,Cultural (multi-faith),New Year,shared_date,7,0.14285714285714285,Dr. Babasaheb Ambedkar Jayanti/Vishu/Biju/Buisu Festival/Maha Vishuva Sankranti/Tamil New Year's Day/Bohag Bihu/Cheiraoba,https://www.rbi.org.in/Scripts/HolidayMatrixDisplay.aspx?drRegionalOffice=0&drMonth=4&drYear=2025 (POST form),Reserve Bank of India,2026-09-28
2025,2025-04-14,4,14,104,Pre-monsoon,Chandigarh,Punjab-Haryana-Chandigarh,North,Cheiraoba (Meitei New Year),Tribal/Indigenous,New Year,shared_date,7,0.14285714285714285,Dr. Babasaheb Ambedkar Jayanti/Vishu/Biju/Buisu Festival/Maha Vishuva Sankranti/Tamil New Year's Day/Bohag Bihu/Cheiraoba,https://www.rbi.org.in/Scripts/HolidayMatrixDisplay.aspx?drRegionalOffice=0&drMonth=4&drYear=2025 (POST form),Reserve Bank of India,2026-09-28
2025,2025-04-14,4,14,104,Pre-monsoon,Chandigarh,Punjab-Haryana-Chandigarh,North,Maha Vishuva Sankranti (Odia New Year),Hindu,New Year,shared_date,7,0.14285714285714285,Dr. Babasaheb Ambedkar Jayanti/Vishu/Biju/Buisu Festival/Maha Vishuva Sankranti/Tamil New Year's Day/Bohag Bihu/Cheiraoba,https://www.rbi.org.in/Scripts/HolidayMatrixDisplay.aspx?drRegionalOffice=0&drMonth=4&drYear=2025 (POST form),Reserve Bank of India,2026-09-28
2025,2025-04-14,4,14,104,Pre-monsoon,Chandigarh,Punjab-Haryana-Chandigarh,North,Tamil New Year (Puthandu),Hindu,New Year,shared_date,7,0.14285714285714285,Dr. Babasaheb Ambedkar Jayanti/Vishu/Biju/Buisu Festival/Maha Vishuva Sankranti/Tamil New Year's Day/Bohag Bihu/Cheiraoba,https://www.rbi.org.in/Scripts/HolidayMatrixDisplay.aspx?drRegionalOffice=0&drMonth=4&drYear=2025 (POST form),Reserve Bank of India,2026-09-28
2025,2025-04-14,4,14,104,Pre-monsoon,Chandigarh,Punjab-Haryana-Chandigarh,North,Vishu,Hindu,New Year,shared_date,7,0.14285714285714285,Dr. Babasaheb Ambedkar Jayanti/Vishu/Biju/Buisu Festival/Maha Vishuva Sankranti/Tamil New Year's Day/Bohag Bihu/Cheiraoba,https://www.rbi.org.in/Scripts/HolidayMatrixDisplay.aspx?drRegionalOffice=0&drMonth=4&drYear=2025 (POST form),Reserve Bank of India,2026-09-28
2025,2025-04-14,4,14,104,Pre-monsoon,Chennai,Tamil Nadu,South,Biju / Buisu,Tribal/Indigenous,New Year,shared_date,7,0.14285714285714285,Dr. Babasaheb Ambedkar Jayanti/Vishu/Biju/Buisu Festival/Maha Vishuva Sankranti/Tamil New Year's Day/Bohag Bihu/Cheiraoba,https://www.rbi.org.in/Scripts/HolidayMatrixDisplay.aspx?drRegionalOffice=0&drMonth=4&drYear=2025 (POST form),Reserve Bank of India,2026-09-28
2025,2025-04-14,4,14,104,Pre-monsoon,Chennai,Tamil Nadu,South,Bohag Bihu,Cultural (multi-faith),New Year,shared_date,7,0.14285714285714285,Dr. Babasaheb Ambedkar Jayanti/Vishu/Biju/Buisu Festival/Maha Vishuva Sankranti/Tamil New Year's Day/Bohag Bihu/Cheiraoba,https://www.rbi.org.in/Scripts/HolidayMatrixDisplay.aspx?drRegionalOffice=0&drMonth=4&drYear=2025 (POST form),Reserve Bank of India,2026-09-28
2025,2025-04-14,4,14,104,Pre-monsoon,Chennai,Tamil Nadu,South,Cheiraoba (Meitei New Year),Tribal/Indigenous,New Year,shared_date,7,0.14285714285714285,Dr. Babasaheb Ambedkar Jayanti/Vishu/Biju/Buisu Festival/Maha Vishuva Sankranti/Tamil New Year's Day/Bohag Bihu/Cheiraoba,https://www.rbi.org.in/Scripts/HolidayMatrixDisplay.aspx?drRegionalOffice=0&drMonth=4&drYear=2025 (POST form),Reserve Bank of India,2026-09-28
2025,2025-04-14,4,14,104,Pre-monsoon,Chennai,Tamil Nadu,South,Maha Vishuva Sankranti (Odia New Year),Hindu,New Year,shared_date,7,0.14285714285714285,Dr. Babasaheb Ambedkar Jayanti/Vishu/Biju/Buisu Festival/Maha Vishuva Sankranti/Tamil New Year's Day/Bohag Bihu/Cheiraoba,https://www.rbi.org.in/Scripts/HolidayMatrixDisplay.aspx?drRegionalOffice=0&drMonth=4&drYear=2025 (POST form),Reserve Bank of India,2026-09-28
2025,2025-04-14,4,14,104,Pre-monsoon,Chennai,Tamil Nadu,South,Tamil New Year (Puthandu),Hindu,New Year,shared_date,7,0.14285714285714285,Dr. Babasaheb Ambedkar Jayanti/Vishu/Biju/Buisu Festival/Maha Vishuva Sankranti/Tamil New Year's Day/Bohag Bihu/Cheiraoba,https://www.rbi.org.in/Scripts/HolidayMatrixDisplay.aspx?drRegionalOffice=0&drMonth=4&drYear=2025 (POST form),Reserve Bank of India,2026-09-28
2025,2025-04-14,4,14,104,Pre-monsoon,Chennai,Tamil Nadu,South,Vishu,Hindu,New Year,shared_date,7,0.14285714285714285,Dr. Babasaheb Ambedkar Jayanti/Vishu/Biju/Buisu Festival/Maha Vishuva Sankranti/Tamil New Year's Day/Bohag Bihu/Cheiraoba,https://www.rbi.org.in/Scripts/HolidayMatrixDisplay.aspx?drRegionalOffice=0&drMonth=4&drYear=2025 (POST form),Reserve Bank of India,2026-09-28
2025,2025-04-14,4,14,104,Pre-monsoon,Dehradun,Uttarakhand,North,Biju / Buisu,Tribal/Indigenous,New Year,shared_date,7,0.14285714285714285,Dr. Babasaheb Ambedkar Jayanti/Vishu/Biju/Buisu Festival/Maha Vishuva Sankranti/Tamil New Year's Day/Bohag Bihu/Cheiraoba,https://www.rbi.org.in/Scripts/HolidayMatrixDisplay.aspx?drRegionalOffice=0&drMonth=4&drYear=2025 (POST form),Reserve Bank of India,2026-09-28
2025,2025-04-14,4,14,104,Pre-monsoon,Dehradun,Uttarakhand,North,Bohag Bihu,Cultural (multi-faith),New Year,shared_date,7,0.14285714285714285,Dr. Babasaheb Ambedkar Jayanti/Vishu/Biju/Buisu Festival/Maha Vishuva Sankranti/Tamil New Year's Day/Bohag Bihu/Cheiraoba,https://www.rbi.org.in/Scripts/HolidayMatrixDisplay.aspx?drRegionalOffice=0&drMonth=4&drYear=2025 (POST form),Reserve Bank of India,2026-09-28
2025,2025-04-14,4,14,104,Pre-monsoon,Dehradun,Uttarakhand,North,Cheiraoba (Meitei New Year),Tribal/Indigenous,New Year,shared_date,7,0.14285714285714285,Dr. Babasaheb Ambedkar Jayanti/Vishu/Biju/Buisu Festival/Maha Vishuva Sankranti/Tamil New Year's Day/Bohag Bihu/Cheiraoba,https://www.rbi.org.in/Scripts/HolidayMatrixDisplay.aspx?drRegionalOffice=0&drMonth=4&drYear=2025 (POST form),Reserve Bank of India,2026-09-28
2025,2025-04-14,4,14,104,Pre-monsoon,Dehradun,Uttarakhand,North,Maha Vishuva Sankranti (Odia New Year),Hindu,New Year,shared_date,7,0.14285714285714285,Dr. Babasaheb Ambedkar Jayanti/Vishu/Biju/Buisu Festival/Maha Vishuva Sankranti/Tamil New Year's Day/Bohag Bihu/Cheiraoba,https://www.rbi.org.in/Scripts/HolidayMatrixDisplay.aspx?drRegionalOffice=0&drMonth=4&drYear=2025 (POST form),Reserve Bank of India,2026-09-28
2025,2025-04-14,4,14,104,Pre-monsoon,Dehradun,Uttarakhand,North,Tamil New Year (Puthandu),Hindu,New Year,shared_date,7,0.14285714285714285,Dr. Babasaheb Ambedkar Jayanti/Vishu/Biju/Buisu Festival/Maha Vishuva Sankranti/Tamil New Year's Day/Bohag Bihu/Cheiraoba,https://www.rbi.org.in/Scripts/HolidayMatrixDisplay.aspx?drRegionalOffice=0&drMonth=4&drYear=2025 (POST form),Reserve Bank of India,2026-09-28
2025,2025-04-14,4,14,104,Pre-monsoon,Dehradun,Uttarakhand,North,Vishu,Hindu,New Year,shared_date,7,0.14285714285714285,Dr. Babasaheb Ambedkar Jayanti/Vishu/Biju/Buisu Festival/Maha Vishuva Sankranti/Tamil New Year's Day/Bohag Bihu/Cheiraoba,https://www.rbi.org.in/Scripts/HolidayMatrixDisplay.aspx?drRegionalOffice=0&drMonth=4&drYear=2025 (POST form),Reserve Bank of India,2026-09-28
2025,2025-04-14,4,14,104,Pre-monsoon,Gangtok,Sikkim,North-East,Biju / Buisu,Tribal/Indigenous,New Year,shared_date,7,0.14285714285714285,Dr. Babasaheb Ambedkar Jayanti/Vishu/Biju/Buisu Festival/Maha Vishuva Sankranti/Tamil New Year's Day/Bohag Bihu/Cheiraoba,https://www.rbi.org.in/Scripts/HolidayMatrixDisplay.aspx?drRegionalOffice=0&drMonth=4&drYear=2025 (POST form),Reserve Bank of India,2026-09-28
2025,2025-04-14,4,14,104,Pre-monsoon,Gangtok,Sikkim,North-East,Bohag Bihu,Cultural (multi-faith),New Year,shared_date,7,0.14285714285714285,Dr. Babasaheb Ambedkar Jayanti/Vishu/Biju/Buisu Festival/Maha Vishuva Sankranti/Tamil New Year's Day/Bohag Bihu/Cheiraoba,https://www.rbi.org.in/Scripts/HolidayMatrixDisplay.aspx?drRegionalOffice=0&drMonth=4&drYear=2025 (POST form),Reserve Bank of India,2026-09-28
2025,2025-04-14,4,14,104,Pre-monsoon,Gangtok,Sikkim,North-East,Cheiraoba (Meitei New Year),Tribal/Indigenous,New Year,shared_date,7,0.14285714285714285,Dr. Babasaheb Ambedkar Jayanti/Vishu/Biju/Buisu Festival/Maha Vishuva Sankranti/Tamil New Year's Day/Bohag Bihu/Cheiraoba,https://www.rbi.org.in/Scripts/HolidayMatrixDisplay.aspx?drRegionalOffice=0&drMonth=4&drYear=2025 (POST form),Reserve Bank of India,2026-09-28
2025,2025-04-14,4,14,104,Pre-monsoon,Gangtok,Sikkim,North-East,Maha Vishuva Sankranti (Odia New Year),Hindu,New Year,shared_date,7,0.14285714285714285,Dr. Babasaheb Ambedkar Jayanti/Vishu/Biju/Buisu Festival/Maha Vishuva Sankranti/Tamil New Year's Day/Bohag Bihu/Cheiraoba,https://www.rbi.org.in/Scripts/HolidayMatrixDisplay.aspx?drRegionalOffice=0&drMonth=4&drYear=2025 (POST form),Reserve Bank of India,2026-09-28
2025,2025-04-14,4,14,104,Pre-monsoon,Gangtok,Sikkim,North-East,Tamil New Year (Puthandu),Hindu,New Year,shared_date,7,0.14285714285714285,Dr. Babasaheb Ambedkar Jayanti/Vishu/Biju/Buisu Festival/Maha Vishuva Sankranti/Tamil New Year's Day/Bohag Bihu/Cheiraoba,https://www.rbi.org.in/Scripts/HolidayMatrixDisplay.aspx?drRegionalOffice=0&drMonth=4&drYear=2025 (POST form),Reserve Bank of India,2026-09-28
2025,2025-04-14,4,14,104,Pre-monsoon,Gangtok,Sikkim,North-East,Vishu,Hindu,New Year,shared_date,7,0.14285714285714285,Dr. Babasaheb Ambedkar Jayanti/Vishu/Biju/Buisu Festival/Maha Vishuva Sankranti/Tamil New Year's Day/Bohag Bihu/Cheiraoba,https://www.rbi.org.in/Scripts/HolidayMatrixDisplay.aspx?drRegionalOffice=0&drMonth=4&drYear=2025 (POST form),Reserve Bank of India,2026-09-28
2025,2025-04-14,4,14,104,Pre-monsoon,Guwahati,Assam,North-East,Biju / Buisu,Tribal/Indigenous,New Year,shared_date,7,0.14285714285714285,Dr. Babasaheb Ambedkar Jayanti/Vishu/Biju/Buisu Festival/Maha Vishuva Sankranti/Tamil New Year's Day/Bohag Bihu/Cheiraoba,https://www.rbi.org.in/Scripts/HolidayMatrixDisplay.aspx?drRegionalOffice=0&drMonth=4&drYear=2025 (POST form),Reserve Bank of India,2026-09-28
2025,2025-04-14,4,14,104,Pre-monsoon,Guwahati,Assam,North-East,Bohag Bihu,Cultural (multi-faith),New Year,shared_date,7,0.14285714285714285,Dr. Babasaheb Ambedkar Jayanti/Vishu/Biju/Buisu Festival/Maha Vishuva Sankranti/Tamil New Year's Day/Bohag Bihu/Cheiraoba,https://www.rbi.org.in/Scripts/HolidayMatrixDisplay.aspx?drRegionalOffice=0&drMonth=4&drYear=2025 (POST form),Reserve Bank of India,2026-09-28
2025,2025-04-14,4,14,104,Pre-monsoon,Guwahati,Assam,North-East,Cheiraoba (Meitei New Year),Tribal/Indigenous,New Year,shared_date,7,0.14285714285714285,Dr. Babasaheb Ambedkar Jayanti/Vishu/Biju/Buisu Festival/Maha Vishuva Sankranti/Tamil New Year's Day/Bohag Bihu/Cheiraoba,https://www.rbi.org.in/Scripts/HolidayMatrixDisplay.aspx?drRegionalOffice=0&drMonth=4&drYear=2025 (POST form),Reserve Bank of India,2026-09-28
2025,2025-04-14,4,14,104,Pre-monsoon,Guwahati,Assam,North-East,Maha Vishuva Sankranti (Odia New Year),Hindu,New Year,shared_date,7,0.14285714285714285,Dr. Babasaheb Ambedkar Jayanti/Vishu/Biju/Buisu Festival/Maha Vishuva Sankranti/Tamil New Year's Day/Bohag Bihu/Cheiraoba,https://www.rbi.org.in/Scripts/HolidayMatrixDisplay.aspx?drRegionalOffice=0&drMonth=4&drYear=2025 (POST form),Reserve Bank of India,2026-09-28
2025,2025-04-14,4,14,104,Pre-monsoon,Guwahati,Assam,North-East,Tamil New Year (Puthandu),Hindu,New Year,shared_date,7,0.14285714285714285,Dr. Babasaheb Ambedkar Jayanti/Vishu/Biju/Buisu Festival/Maha Vishuva Sankranti/Tamil New Year's Day/Bohag Bihu/Cheiraoba,https://www.rbi.org.in/Scripts/HolidayMatrixDisplay.aspx?drRegionalOffice=0&drMonth=4&drYear=2025 (POST form),Reserve Bank of India,2026-09-28
2025,2025-04-14,4,14,104,Pre-monsoon,Guwahati,Assam,North-East,Vishu,Hindu,New Year,shared_date,7,0.14285714285714285,Dr. Babasaheb Ambedkar Jayanti/Vishu/Biju/Buisu Festival/Maha Vishuva Sankranti/Tamil New Year's Day/Bohag Bihu/Cheiraoba,https://www.rbi.org.in/Scripts/HolidayMatrixDisplay.aspx?drRegionalOffice=0&drMonth=4&drYear=2025 (POST form),Reserve Bank of India,2026-09-28
2025,2025-04-14,4,14,104,Pre-monsoon,Hyderabad,Telangana,South,Biju / Buisu,Tribal/Indigenous,New Year,shared_date,7,0.14285714285714285,Dr. Babasaheb Ambedkar Jayanti/Vishu/Biju/Buisu Festival/Maha Vishuva Sankranti/Tamil New Year's Day/Bohag Bihu/Cheiraoba,https://www.rbi.org.in/Scripts/HolidayMatrixDisplay.aspx?drRegionalOffice=0&drMonth=4&drYear=2025 (POST form),Reserve Bank of India,2026-09-28
2025,2025-04-14,4,14,104,Pre-monsoon,Hyderabad,Telangana,South,Bohag Bihu,Cultural (multi-faith),New Year,shared_date,7,0.14285714285714285,Dr. Babasaheb Ambedkar Jayanti/Vishu/Biju/Buisu Festival/Maha Vishuva Sankranti/Tamil New Year's Day/Bohag Bihu/Cheiraoba,https://www.rbi.org.in/Scripts/HolidayMatrixDisplay.aspx?drRegionalOffice=0&drMonth=4&drYear=2025 (POST form),Reserve Bank of India,2026-09-28
2025,2025-04-14,4,14,104,Pre-monsoon,Hyderabad,Telangana,South,Cheiraoba (Meitei New Year),Tribal/Indigenous,New Year,shared_date,7,0.14285714285714285,Dr. Babasaheb Ambedkar Jayanti/Vishu/Biju/Buisu Festival/Maha Vishuva Sankranti/Tamil New Year's Day/Bohag Bihu/Cheiraoba,https://www.rbi.org.in/Scripts/HolidayMatrixDisplay.aspx?drRegionalOffice=0&drMonth=4&drYear=2025 (POST form),Reserve Bank of India,2026-09-28
2025,2025-04-14,4,14,104,Pre-monsoon,Hyderabad,Telangana,South,Maha Vishuva Sankranti (Odia New Year),Hindu,New Year,shared_date,7,0.14285714285714285,Dr. Babasaheb Ambedkar Jayanti/Vishu/Biju/Buisu Festival/Maha Vishuva Sankranti/Tamil New Year's Day/Bohag Bihu/Cheiraoba,https://www.rbi.org.in/Scripts/HolidayMatrixDisplay.aspx?drRegionalOffice=0&drMonth=4&drYear=2025 (POST form),Reserve Bank of India,2026-09-28
2025,2025-04-14,4,14,104,Pre-monsoon,Hyderabad,Telangana,South,Tamil New Year (Puthandu),Hindu,New Year,shared_date,7,0.14285714285714285,Dr. Babasaheb Ambedkar Jayanti/Vishu/Biju/Buisu Festival/Maha Vishuva Sankranti/Tamil New Year's Day/Bohag Bihu/Cheiraoba,https://www.rbi.org.in/Scripts/HolidayMatrixDisplay.aspx?drRegionalOffice=0&drMonth=4&drYear=2025 (POST form),Reserve Bank of India,2026-09-28
2025,2025-04-14,4,14,104,Pre-monsoon,Hyderabad,Telangana,South,Vishu,Hindu,New Year,shared_date,7,0.14285714285714285,Dr. Babasaheb Ambedkar Jayanti/Vishu/Biju/Buisu Festival/Maha Vishuva Sankranti/Tamil New Year's Day/Bohag Bihu/Cheiraoba,https://www.rbi.org.in/Scripts/HolidayMatrixDisplay.aspx?drRegionalOffice=0&drMonth=4&drYear=2025 (POST form),Reserve Bank of India,2026-09-28
2025,2025-04-14,4,14,104,Pre-monsoon,Imphal,Manipur,North-East,Biju / Buisu,Tribal/Indigenous,New Year,shared_date,7,0.14285714285714285,Dr. Babasaheb Ambedkar Jayanti/Vishu/Biju/Buisu Festival/Maha Vishuva Sankranti/Tamil New Year's Day/Bohag Bihu/Cheiraoba,https://www.rbi.org.in/Scripts/HolidayMatrixDisplay.aspx?drRegionalOffice=0&drMonth=4&drYear=2025 (POST form),Reserve Bank of India,2026-09-28
2025,2025-04-14,4,14,104,Pre-monsoon,Imphal,Manipur,North-East,Bohag Bihu,Cultural (multi-faith),New Year,shared_date,7,0.14285714285714285,Dr. Babasaheb Ambedkar Jayanti/Vishu/Biju/Buisu Festival/Maha Vishuva Sankranti/Tamil New Year's Day/Bohag Bihu/Cheiraoba,https://www.rbi.org.in/Scripts/HolidayMatrixDisplay.aspx?drRegionalOffice=0&drMonth=4&drYear=2025 (POST form),Reserve Bank of India,2026-09-28
2025,2025-04-14,4,14,104,Pre-monsoon,Imphal,Manipur,North-East,Cheiraoba (Meitei New Year),Tribal/Indigenous,New Year,shared_date,7,0.14285714285714285,Dr. Babasaheb Ambedkar Jayanti/Vishu/Biju/Buisu Festival/Maha Vishuva Sankranti/Tamil New Year's Day/Bohag Bihu/Cheiraoba,https://www.rbi.org.in/Scripts/HolidayMatrixDisplay.aspx?drRegionalOffice=0&drMonth=4&drYear=2025 (POST form),Reserve Bank of India,2026-09-28
2025,2025-04-14,4,14,104,Pre-monsoon,Imphal,Manipur,North-East,Maha Vishuva Sankranti (Odia New Year),Hindu,New Year,shared_date,7,0.14285714285714285,Dr. Babasaheb Ambedkar Jayanti/Vishu/Biju/Buisu Festival/Maha Vishuva Sankranti/Tamil New Year's Day/Bohag Bihu/Cheiraoba,https://www.rbi.org.in/Scripts/HolidayMatrixDisplay.aspx?drRegionalOffice=0&drMonth=4&drYear=2025 (POST form),Reserve Bank of India,2026-09-28
2025,2025-04-14,4,14,104,Pre-monsoon,Imphal,Manipur,North-East,Tamil New Year (Puthandu),Hindu,New Year,shared_date,7,0.14285714285714285,Dr. Babasaheb Ambedkar Jayanti/Vishu/Biju/Buisu Festival/Maha Vishuva Sankranti/Tamil New Year's Day/Bohag Bihu/Cheiraoba,https://www.rbi.org.in/Scripts/HolidayMatrixDisplay.aspx?drRegionalOffice=0&drMonth=4&drYear=2025 (POST form),Reserve Bank of India,2026-09-28
2025,2025-04-14,4,14,104,Pre-monsoon,Imphal,Manipur,North-East,Vishu,Hindu,New Year,shared_date,7,0.14285714285714285,Dr. Babasaheb Ambedkar Jayanti/Vishu/Biju/Buisu Festival/Maha Vishuva Sankranti/Tamil New Year's Day/Bohag Bihu/Cheiraoba,https://www.rbi.org.in/Scripts/HolidayMatrixDisplay.aspx?drRegionalOffice=0&drMonth=4&drYear=2025 (POST form),Reserve Bank of India,2026-09-28
2025,2025-04-14,4,14,104,Pre-monsoon,Itanagar,Arunachal Pradesh,North-East,Biju / Buisu,Tribal/Indigenous,New Year,shared_date,7,0.14285714285714285,Dr. Babasaheb Ambedkar Jayanti/Vishu/Biju/Buisu Festival/Maha Vishuva Sankranti/Tamil New Year's Day/Bohag Bihu/Cheiraoba,https://www.rbi.org.in/Scripts/HolidayMatrixDisplay.aspx?drRegionalOffice=0&drMonth=4&drYear=2025 (POST form),Reserve Bank of India,2026-09-28
2025,2025-04-14,4,14,104,Pre-monsoon,Itanagar,Arunachal Pradesh,North-East,Bohag Bihu,Cultural (multi-faith),New Year,shared_date,7,0.14285714285714285,Dr. Babasaheb Ambedkar Jayanti/Vishu/Biju/Buisu Festival/Maha Vishuva Sankranti/Tamil New Year's Day/Bohag Bihu/Cheiraoba,https://www.rbi.org.in/Scripts/HolidayMatrixDisplay.aspx?drRegionalOffice=0&drMonth=4&drYear=2025 (POST form),Reserve Bank of India,2026-09-28
2025,2025-04-14,4,14,104,Pre-monsoon,Itanagar,Arunachal Pradesh,North-East,Cheiraoba (Meitei New Year),Tribal/Indigenous,New Year,shared_date,7,0.14285714285714285,Dr. Babasaheb Ambedkar Jayanti/Vishu/Biju/Buisu Festival/Maha Vishuva Sankranti/Tamil New Year's Day/Bohag Bihu/Cheiraoba,https://www.rbi.org.in/Scripts/HolidayMatrixDisplay.aspx?drRegionalOffice=0&drMonth=4&drYear=2025 (POST form),Reserve Bank of India,2026-09-28
2025,2025-04-14,4,14,104,Pre-monsoon,Itanagar,Arunachal Pradesh,North-East,Maha Vishuva Sankranti (Odia New Year),Hindu,New Year,shared_date,7,0.14285714285714285,Dr. Babasaheb Ambedkar Jayanti/Vishu/Biju/Buisu Festival/Maha Vishuva Sankranti/Tamil New Year's Day/Bohag Bihu/Cheiraoba,https://www.rbi.org.in/Scripts/HolidayMatrixDisplay.aspx?drRegionalOffice=0&drMonth=4&drYear=2025 (POST form),Reserve Bank of India,2026-09-28
2025,2025-04-14,4,14,104,Pre-monsoon,Itanagar,Arunachal Pradesh,North-East,Tamil New Year (Puthandu),Hindu,New Year,shared_date,7,0.14285714285714285,Dr. Babasaheb Ambedkar Jayanti/Vishu/Biju/Buisu Festival/Maha Vishuva Sankranti/Tamil New Year's Day/Bohag Bihu/Cheiraoba,https://www.rbi.org.in/Scripts/HolidayMatrixDisplay.aspx?drRegionalOffice=0&drMonth=4&drYear=2025 (POST form),Reserve Bank of India,2026-09-28
2025,2025-04-14,4,14,104,Pre-monsoon,Itanagar,Arunachal Pradesh,North-East,Vishu,Hindu,New Year,shared_date,7,0.14285714285714285,Dr. Babasaheb Ambedkar Jayanti/Vishu/Biju/Buisu Festival/Maha Vishuva Sankranti/Tamil New Year's Day/Bohag Bihu/Cheiraoba,https://www.rbi.org.in/Scripts/HolidayMatrixDisplay.aspx?drRegionalOffice=0&drMonth=4&drYear=2025 (POST form),Reserve Bank of India,2026-09-28
2025,2025-04-14,4,14,104,Pre-monsoon,Jaipur,Rajasthan,North,Biju / Buisu,Tribal/Indigenous,New Year,shared_date,7,0.14285714285714285,Dr. Babasaheb Ambedkar Jayanti/Vishu/Biju/Buisu Festival/Maha Vishuva Sankranti/Tamil New Year's Day/Bohag Bihu/Cheiraoba,https://www.rbi.org.in/Scripts/HolidayMatrixDisplay.aspx?drRegionalOffice=0&drMonth=4&drYear=2025 (POST form),Reserve Bank of India,2026-09-28
2025,2025-04-14,4,14,104,Pre-monsoon,Jaipur,Rajasthan,North,Bohag Bihu,Cultural (multi-faith),New Year,shared_date,7,0.14285714285714285,Dr. Babasaheb Ambedkar Jayanti/Vishu/Biju/Buisu Festival/Maha Vishuva Sankranti/Tamil New Year's Day/Bohag Bihu/Cheiraoba,https://www.rbi.org.in/Scripts/HolidayMatrixDisplay.aspx?drRegionalOffice=0&drMonth=4&drYear=2025 (POST form),Reserve Bank of India,2026-09-28
2025,2025-04-14,4,14,104,Pre-monsoon,Jaipur,Rajasthan,North,Cheiraoba (Meitei New Year),Tribal/Indigenous,New Year,shared_date,7,0.14285714285714285,Dr. Babasaheb Ambedkar Jayanti/Vishu/Biju/Buisu Festival/Maha Vishuva Sankranti/Tamil New Year's Day/Bohag Bihu/Cheiraoba,https://www.rbi.org.in/Scripts/HolidayMatrixDisplay.aspx?drRegionalOffice=0&drMonth=4&drYear=2025 (POST form),Reserve Bank of India,2026-09-28
2025,2025-04-14,4,14,104,Pre-monsoon,Jaipur,Rajasthan,North,Maha Vishuva Sankranti (Odia New Year),Hindu,New Year,shared_date,7,0.14285714285714285,Dr. Babasaheb Ambedkar Jayanti/Vishu/Biju/Buisu Festival/Maha Vishuva Sankranti/Tamil New Year's Day/Bohag Bihu/Cheiraoba,https://www.rbi.org.in/Scripts/HolidayMatrixDisplay.aspx?drRegionalOffice=0&drMonth=4&drYear=2025 (POST form),Reserve Bank of India,2026-09-28
2025,2025-04-14,4,14,104,Pre-monsoon,Jaipur,Rajasthan,North,Tamil New Year (Puthandu),Hindu,New Year,shared_date,7,0.14285714285714285,Dr. Babasaheb Ambedkar Jayanti/Vishu/Biju/Buisu Festival/Maha Vishuva Sankranti/Tamil New Year's Day/Bohag Bihu/Cheiraoba,https://www.rbi.org.in/Scripts/HolidayMatrixDisplay.aspx?drRegionalOffice=0&drMonth=4&drYear=2025 (POST form),Reserve Bank of India,2026-09-28
2025,2025-04-14,4,14,104,Pre-monsoon,Jaipur,Rajasthan,North,Vishu,Hindu,New Year,shared_date,7,0.14285714285714285,Dr. Babasaheb Ambedkar Jayanti/Vishu/Biju/Buisu Festival/Maha Vishuva Sankranti/Tamil New Year's Day/Bohag Bihu/Cheiraoba,https://www.rbi.org.in/Scripts/HolidayMatrixDisplay.aspx?drRegionalOffice=0&drMonth=4&drYear=2025 (POST form),Reserve Bank of India,2026-09-28
2025,2025-04-14,4,14,104,Pre-monsoon,Jammu,Jammu & Kashmir,North,Biju / Buisu,Tribal/Indigenous,New Year,shared_date,7,0.14285714285714285,Dr. Babasaheb Ambedkar Jayanti/Vishu/Biju/Buisu Festival/Maha Vishuva Sankranti/Tamil New Year's Day/Bohag Bihu/Cheiraoba,https://www.rbi.org.in/Scripts/HolidayMatrixDisplay.aspx?drRegionalOffice=0&drMonth=4&drYear=2025 (POST form),Reserve Bank of India,2026-09-28
2025,2025-04-14,4,14,104,Pre-monsoon,Jammu,Jammu & Kashmir,North,Bohag Bihu,Cultural (multi-faith),New Year,shared_date,7,0.14285714285714285,Dr. Babasaheb Ambedkar Jayanti/Vishu/Biju/Buisu Festival/Maha Vishuva Sankranti/Tamil New Year's Day/Bohag Bihu/Cheiraoba,https://www.rbi.org.in/Scripts/HolidayMatrixDisplay.aspx?drRegionalOffice=0&drMonth=4&drYear=2025 (POST form),Reserve Bank of India,2026-09-28
2025,2025-04-14,4,14,104,Pre-monsoon,Jammu,Jammu & Kashmir,North,Cheiraoba (Meitei New Year),Tribal/Indigenous,New Year,shared_date,7,0.14285714285714285,Dr. Babasaheb Ambedkar Jayanti/Vishu/Biju/Buisu Festival/Maha Vishuva Sankranti/Tamil New Year's Day/Bohag Bihu/Cheiraoba,https://www.rbi.org.in/Scripts/HolidayMatrixDisplay.aspx?drRegionalOffice=0&drMonth=4&drYear=2025 (POST form),Reserve Bank of India,2026-09-28
2025,2025-04-14,4,14,104,Pre-monsoon,Jammu,Jammu & Kashmir,North,Maha Vishuva Sankranti (Odia New Year),Hindu,New Year,shared_date,7,0.14285714285714285,Dr. Babasaheb Ambedkar Jayanti/Vishu/Biju/Buisu Festival/Maha Vishuva Sankranti/Tamil New Year's Day/Bohag Bihu/Cheiraoba,https://www.rbi.org.in/Scripts/HolidayMatrixDisplay.aspx?drRegionalOffice=0&drMonth=4&drYear=2025 (POST form),Reserve Bank of India,2026-09-28
2025,2025-04-14,4,14,104,Pre-monsoon,Jammu,Jammu & Kashmir,North,Tamil New Year (Puthandu),Hindu,New Year,shared_date,7,0.14285714285714285,Dr. Babasaheb Ambedkar Jayanti/Vishu/Biju/Buisu Festival/Maha Vishuva Sankranti/Tamil New Year's Day/Bohag Bihu/Cheiraoba,https://www.rbi.org.in/Scripts/HolidayMatrixDisplay.aspx?drRegionalOffice=0&drMonth=4&drYear=2025 (POST form),Reserve Bank of India,2026-09-28
2025,2025-04-14,4,14,104,Pre-monsoon,Jammu,Jammu & Kashmir,North,Vishu,Hindu,New Year,shared_date,7,0.14285714285714285,Dr. Babasaheb Ambedkar Jayanti/Vishu/Biju/Buisu Festival/Maha Vishuva Sankranti/Tamil New Year's Day/Bohag Bihu/Cheiraoba,https://www.rbi.org.in/Scripts/HolidayMatrixDisplay.aspx?drRegionalOffice=0&drMonth=4&drYear=2025 (POST form),Reserve Bank of India,2026-09-28
2025,2025-04-14,4,14,104,Pre-monsoon,Kanpur,Uttar Pradesh,North,Biju / Buisu,Tribal/Indigenous,New Year,shared_date,7,0.14285714285714285,Dr. Babasaheb Ambedkar Jayanti/Vishu/Biju/Buisu Festival/Maha Vishuva Sankranti/Tamil New Year's Day/Bohag Bihu/Cheiraoba,https://www.rbi.org.in/Scripts/HolidayMatrixDisplay.aspx?drRegionalOffice=0&drMonth=4&drYear=2025 (POST form),Reserve Bank of India,2026-09-28
2025,2025-04-14,4,14,104,Pre-monsoon,Kanpur,Uttar Pradesh,North,Bohag Bihu,Cultural (multi-faith),New Year,shared_date,7,0.14285714285714285,Dr. Babasaheb Ambedkar Jayanti/Vishu/Biju/Buisu Festival/Maha Vishuva Sankranti/Tamil New Year's Day/Bohag Bihu/Cheiraoba,https://www.rbi.org.in/Scripts/HolidayMatrixDisplay.aspx?drRegionalOffice=0&drMonth=4&drYear=2025 (POST form),Reserve Bank of India,2026-09-28
2025,2025-04-14,4,14,104,Pre-monsoon,Kanpur,Uttar Pradesh,North,Cheiraoba (Meitei New Year),Tribal/Indigenous,New Year,shared_date,7,0.14285714285714285,Dr. Babasaheb Ambedkar Jayanti/Vishu/Biju/Buisu Festival/Maha Vishuva Sankranti/Tamil New Year's Day/Bohag Bihu/Cheiraoba,https://www.rbi.org.in/Scripts/HolidayMatrixDisplay.aspx?drRegionalOffice=0&drMonth=4&drYear=2025 (POST form),Reserve Bank of India,2026-09-28
2025,2025-04-14,4,14,104,Pre-monsoon,Kanpur,Uttar Pradesh,North,Maha Vishuva Sankranti (Odia New Year),Hindu,New Year,shared_date,7,0.14285714285714285,Dr. Babasaheb Ambedkar Jayanti/Vishu/Biju/Buisu Festival/Maha Vishuva Sankranti/Tamil New Year's Day/Bohag Bihu/Cheiraoba,https://www.rbi.org.in/Scripts/HolidayMatrixDisplay.aspx?drRegionalOffice=0&drMonth=4&drYear=2025 (POST form),Reserve Bank of India,2026-09-28
2025,2025-04-14,4,14,104,Pre-monsoon,Kanpur,Uttar Pradesh,North,Tamil New Year (Puthandu),Hindu,New Year,shared_date,7,0.14285714285714285,Dr. Babasaheb Ambedkar Jayanti/Vishu/Biju/Buisu Festival/Maha Vishuva Sankranti/Tamil New Year's Day/Bohag Bihu/Cheiraoba,https://www.rbi.org.in/Scripts/HolidayMatrixDisplay.aspx?drRegionalOffice=0&drMonth=4&drYear=2025 (POST form),Reserve Bank of India,2026-09-28
2025,2025-04-14,4,14,104,Pre-monsoon,Kanpur,Uttar Pradesh,North,Vishu,Hindu,New Year,shared_date,7,0.14285714285714285,Dr. Babasaheb Ambedkar Jayanti/Vishu/Biju/Buisu Festival/Maha Vishuva Sankranti/Tamil New Year's Day/Bohag Bihu/Cheiraoba,https://www.rbi.org.in/Scripts/HolidayMatrixDisplay.aspx?drRegionalOffice=0&drMonth=4&drYear=2025 (POST form),Reserve Bank of India,2026-09-28
2025,2025-04-14,4,14,104,Pre-monsoon,Kochi,Kerala,South,Biju / Buisu,Tribal/Indigenous,New Year,shared_date,7,0.14285714285714285,Dr. Babasaheb Ambedkar Jayanti/Vishu/Biju/Buisu Festival/Maha Vishuva Sankranti/Tamil New Year's Day/Bohag Bihu/Cheiraoba,https://www.rbi.org.in/Scripts/HolidayMatrixDisplay.aspx?drRegionalOffice=0&drMonth=4&drYear=2025 (POST form),Reserve Bank of India,2026-09-28
2025,2025-04-14,4,14,104,Pre-monsoon,Kochi,Kerala,South,Bohag Bihu,Cultural (multi-faith),New Year,shared_date,7,0.14285714285714285,Dr. Babasaheb Ambedkar Jayanti/Vishu/Biju/Buisu Festival/Maha Vishuva Sankranti/Tamil New Year's Day/Bohag Bihu/Cheiraoba,https://www.rbi.org.in/Scripts/HolidayMatrixDisplay.aspx?drRegionalOffice=0&drMonth=4&drYear=2025 (POST form),Reserve Bank of India,2026-09-28
2025,2025-04-14,4,14,104,Pre-monsoon,Kochi,Kerala,South,Cheiraoba (Meitei New Year),Tribal/Indigenous,New Year,shared_date,7,0.14285714285714285,Dr. Babasaheb Ambedkar Jayanti/Vishu/Biju/Buisu Festival/Maha Vishuva Sankranti/Tamil New Year's Day/Bohag Bihu/Cheiraoba,https://www.rbi.org.in/Scripts/HolidayMatrixDisplay.aspx?drRegionalOffice=0&drMonth=4&drYear=2025 (POST form),Reserve Bank of India,2026-09-28
2025,2025-04-14,4,14,104,Pre-monsoon,Kochi,Kerala,South,Maha Vishuva Sankranti (Odia New Year),Hindu,New Year,shared_date,7,0.14285714285714285,Dr. Babasaheb Ambedkar Jayanti/Vishu/Biju/Buisu Festival/Maha Vishuva Sankranti/Tamil New Year's Day/Bohag Bihu/Cheiraoba,https://www.rbi.org.in/Scripts/HolidayMatrixDisplay.aspx?drRegionalOffice=0&drMonth=4&drYear=2025 (POST form),Reserve Bank of India,2026-09-28
2025,2025-04-14,4,14,104,Pre-monsoon,Kochi,Kerala,South,Tamil New Year (Puthandu),Hindu,New Year,shared_date,7,0.14285714285714285,Dr. Babasaheb Ambedkar Jayanti/Vishu/Biju/Buisu Festival/Maha Vishuva Sankranti/Tamil New Year's Day/Bohag Bihu/Cheiraoba,https://www.rbi.org.in/Scripts/HolidayMatrixDisplay.aspx?drRegionalOffice=0&drMonth=4&drYear=2025 (POST form),Reserve Bank of India,2026-09-28
2025,2025-04-14,4,14,104,Pre-monsoon,Kochi,Kerala,South,Vishu,Hindu,New Year,shared_date,7,0.14285714285714285,Dr. Babasaheb Ambedkar Jayanti/Vishu/Biju/Buisu Festival/Maha Vishuva Sankranti/Tamil New Year's Day/Bohag Bihu/Cheiraoba,https://www.rbi.org.in/Scripts/HolidayMatrixDisplay.aspx?drRegionalOffice=0&drMonth=4&drYear=2025 (POST form),Reserve Bank of India,2026-09-28
2025,2025-04-14,4,14,104,Pre-monsoon,Kolkata,West Bengal,East,Biju / Buisu,Tribal/Indigenous,New Year,shared_date,7,0.14285714285714285,Dr. Babasaheb Ambedkar Jayanti/Vishu/Biju/Buisu Festival/Maha Vishuva Sankranti/Tamil New Year's Day/Bohag Bihu/Cheiraoba,https://www.rbi.org.in/Scripts/HolidayMatrixDisplay.aspx?drRegionalOffice=0&drMonth=4&drYear=2025 (POST form),Reserve Bank of India,2026-09-28
2025,2025-04-14,4,14,104,Pre-monsoon,Kolkata,West Bengal,East,Bohag Bihu,Cultural (multi-faith),New Year,shared_date,7,0.14285714285714285,Dr. Babasaheb Ambedkar Jayanti/Vishu/Biju/Buisu Festival/Maha Vishuva Sankranti/Tamil New Year's Day/Bohag Bihu/Cheiraoba,https://www.rbi.org.in/Scripts/HolidayMatrixDisplay.aspx?drRegionalOffice=0&drMonth=4&drYear=2025 (POST form),Reserve Bank of India,2026-09-28
2025,2025-04-14,4,14,104,Pre-monsoon,Kolkata,West Bengal,East,Cheiraoba (Meitei New Year),Tribal/Indigenous,New Year,shared_date,7,0.14285714285714285,Dr. Babasaheb Ambedkar Jayanti/Vishu/Biju/Buisu Festival/Maha Vishuva Sankranti/Tamil New Year's Day/Bohag Bihu/Cheiraoba,https://www.rbi.org.in/Scripts/HolidayMatrixDisplay.aspx?drRegionalOffice=0&drMonth=4&drYear=2025 (POST form),Reserve Bank of India,2026-09-28
2025,2025-04-14,4,14,104,Pre-monsoon,Kolkata,West Bengal,East,Maha Vishuva Sankranti (Odia New Year),Hindu,New Year,shared_date,7,0.14285714285714285,Dr. Babasaheb Ambedkar Jayanti/Vishu/Biju/Buisu Festival/Maha Vishuva Sankranti/Tamil New Year's Day/Bohag Bihu/Cheiraoba,https://www.rbi.org.in/Scripts/HolidayMatrixDisplay.aspx?drRegionalOffice=0&drMonth=4&drYear=2025 (POST form),Reserve Bank of India,2026-09-28
2025,2025-04-14,4,14,104,Pre-monsoon,Kolkata,West Bengal,East,Tamil New Year (Puthandu),Hindu,New Year,shared_date,7,0.14285714285714285,Dr. Babasaheb Ambedkar Jayanti/Vishu/Biju/Buisu Festival/Maha Vishuva Sankranti/Tamil New Year's Day/Bohag Bihu/Cheiraoba,https://www.rbi.org.in/Scripts/HolidayMatrixDisplay.aspx?drRegionalOffice=0&drMonth=4&drYear=2025 (POST form),Reserve Bank of India,2026-09-28
2025,2025-04-14,4,14,104,Pre-monsoon,Kolkata,West Bengal,East,Vishu,Hindu,New Year,shared_date,7,0.14285714285714285,Dr. Babasaheb Ambedkar Jayanti/Vishu/Biju/Buisu Festival/Maha Vishuva Sankranti/Tamil New Year's Day/Bohag Bihu/Cheiraoba,https://www.rbi.org.in/Scripts/HolidayMatrixDisplay.aspx?drRegionalOffice=0&drMonth=4&drYear=2025 (POST form),Reserve Bank of India,2026-09-28
2025,2025-04-14,4,14,104,Pre-monsoon,Lucknow,Uttar Pradesh,North,Biju / Buisu,Tribal/Indigenous,New Year,shared_date,7,0.14285714285714285,Dr. Babasaheb Ambedkar Jayanti/Vishu/Biju/Buisu Festival/Maha Vishuva Sankranti/Tamil New Year's Day/Bohag Bihu/Cheiraoba,https://www.rbi.org.in/Scripts/HolidayMatrixDisplay.aspx?drRegionalOffice=0&drMonth=4&drYear=2025 (POST form),Reserve Bank of India,2026-09-28
2025,2025-04-14,4,14,104,Pre-monsoon,Lucknow,Uttar Pradesh,North,Bohag Bihu,Cultural (multi-faith),New Year,shared_date,7,0.14285714285714285,Dr. Babasaheb Ambedkar Jayanti/Vishu/Biju/Buisu Festival/Maha Vishuva Sankranti/Tamil New Year's Day/Bohag Bihu/Cheiraoba,https://www.rbi.org.in/Scripts/HolidayMatrixDisplay.aspx?drRegionalOffice=0&drMonth=4&drYear=2025 (POST form),Reserve Bank of India,2026-09-28
2025,2025-04-14,4,14,104,Pre-monsoon,Lucknow,Uttar Pradesh,North,Cheiraoba (Meitei New Year),Tribal/Indigenous,New Year,shared_date,7,0.14285714285714285,Dr. Babasaheb Ambedkar Jayanti/Vishu/Biju/Buisu Festival/Maha Vishuva Sankranti/Tamil New Year's Day/Bohag Bihu/Cheiraoba,https://www.rbi.org.in/Scripts/HolidayMatrixDisplay.aspx?drRegionalOffice=0&drMonth=4&drYear=2025 (POST form),Reserve Bank of India,2026-09-28
2025,2025-04-14,4,14,104,Pre-monsoon,Lucknow,Uttar Pradesh,North,Maha Vishuva Sankranti (Odia New Year),Hindu,New Year,shared_date,7,0.14285714285714285,Dr. Babasaheb Ambedkar Jayanti/Vishu/Biju/Buisu Festival/Maha Vishuva Sankranti/Tamil New Year's Day/Bohag Bihu/Cheiraoba,https://www.rbi.org.in/Scripts/HolidayMatrixDisplay.aspx?drRegionalOffice=0&drMonth=4&drYear=2025 (POST form),Reserve Bank of India,2026-09-28
2025,2025-04-14,4,14,104,Pre-monsoon,Lucknow,Uttar Pradesh,North,Tamil New Year (Puthandu),Hindu,New Year,shared_date,7,0.14285714285714285,Dr. Babasaheb Ambedkar Jayanti/Vishu/Biju/Buisu Festival/Maha Vishuva Sankranti/Tamil New Year's Day/Bohag Bihu/Cheiraoba,https://www.rbi.org.in/Scripts/HolidayMatrixDisplay.aspx?drRegionalOffice=0&drMonth=4&drYear=2025 (POST form),Reserve Bank of India,2026-09-28
2025,2025-04-14,4,14,104,Pre-monsoon,Lucknow,Uttar Pradesh,North,Vishu,Hindu,New Year,shared_date,7,0.14285714285714285,Dr. Babasaheb Ambedkar Jayanti/Vishu/Biju/Buisu Festival/Maha Vishuva Sankranti/Tamil New Year's Day/Bohag Bihu/Cheiraoba,https://www.rbi.org.in/Scripts/HolidayMatrixDisplay.aspx?drRegionalOffice=0&drMonth=4&drYear=2025 (POST form),Reserve Bank of India,2026-09-28
2025,2025-04-14,4,14,104,Pre-monsoon,Mumbai,Maharashtra,West,Biju / Buisu,Tribal/Indigenous,New Year,shared_date,7,0.14285714285714285,Dr. Babasaheb Ambedkar Jayanti/Vishu/Biju/Buisu Festival/Maha Vishuva Sankranti/Tamil New Year's Day/Bohag Bihu/Cheiraoba,https://www.rbi.org.in/Scripts/HolidayMatrixDisplay.aspx?drRegionalOffice=0&drMonth=4&drYear=2025 (POST form),Reserve Bank of India,2026-09-28
2025,2025-04-14,4,14,104,Pre-monsoon,Mumbai,Maharashtra,West,Bohag Bihu,Cultural (multi-faith),New Year,shared_date,7,0.14285714285714285,Dr. Babasaheb Ambedkar Jayanti/Vishu/Biju/Buisu Festival/Maha Vishuva Sankranti/Tamil New Year's Day/Bohag Bihu/Cheiraoba,https://www.rbi.org.in/Scripts/HolidayMatrixDisplay.aspx?drRegionalOffice=0&drMonth=4&drYear=2025 (POST form),Reserve Bank of India,2026-09-28
2025,2025-04-14,4,14,104,Pre-monsoon,Mumbai,Maharashtra,West,Cheiraoba (Meitei New Year),Tribal/Indigenous,New Year,shared_date,7,0.14285714285714285,Dr. Babasaheb Ambedkar Jayanti/Vishu/Biju/Buisu Festival/Maha Vishuva Sankranti/Tamil New Year's Day/Bohag Bihu/Cheiraoba,https://www.rbi.org.in/Scripts/HolidayMatrixDisplay.aspx?drRegionalOffice=0&drMonth=4&drYear=2025 (POST form),Reserve Bank of India,2026-09-28
2025,2025-04-14,4,14,104,Pre-monsoon,Mumbai,Maharashtra,West,Maha Vishuva Sankranti (Odia New Year),Hindu,New Year,shared_date,7,0.14285714285714285,Dr. Babasaheb Ambedkar Jayanti/Vishu/Biju/Buisu Festival/Maha Vishuva Sankranti/Tamil New Year's Day/Bohag Bihu/Cheiraoba,https://www.rbi.org.in/Scripts/HolidayMatrixDisplay.aspx?drRegionalOffice=0&drMonth=4&drYear=2025 (POST form),Reserve Bank of India,2026-09-28
2025,2025-04-14,4,14,104,Pre-monsoon,Mumbai,Maharashtra,West,Tamil New Year (Puthandu),Hindu,New Year,shared_date,7,0.14285714285714285,Dr. Babasaheb Ambedkar Jayanti/Vishu/Biju/Buisu Festival/Maha Vishuva Sankranti/Tamil New Year's Day/Bohag Bihu/Cheiraoba,https://www.rbi.org.in/Scripts/HolidayMatrixDisplay.aspx?drRegionalOffice=0&drMonth=4&drYear=2025 (POST form),Reserve Bank of India,2026-09-28
2025,2025-04-14,4,14,104,Pre-monsoon,Mumbai,Maharashtra,West,Vishu,Hindu,New Year,shared_date,7,0.14285714285714285,Dr. Babasaheb Ambedkar Jayanti/Vishu/Biju/Buisu Festival/Maha Vishuva Sankranti/Tamil New Year's Day/Bohag Bihu/Cheiraoba,https://www.rbi.org.in/Scripts/HolidayMatrixDisplay.aspx?drRegionalOffice=0&drMonth=4&drYear=2025 (POST form),Reserve Bank of India,2026-09-28
2025,2025-04-14,4,14,104,Pre-monsoon,Nagpur,Maharashtra,West,Biju / Buisu,Tribal/Indigenous,New Year,shared_date,7,0.14285714285714285,Dr. Babasaheb Ambedkar Jayanti/Vishu/Biju/Buisu Festival/Maha Vishuva Sankranti/Tamil New Year's Day/Bohag Bihu/Cheiraoba,https://www.rbi.org.in/Scripts/HolidayMatrixDisplay.aspx?drRegionalOffice=0&drMonth=4&drYear=2025 (POST form),Reserve Bank of India,2026-09-28
2025,2025-04-14,4,14,104,Pre-monsoon,Nagpur,Maharashtra,West,Bohag Bihu,Cultural (multi-faith),New Year,shared_date,7,0.14285714285714285,Dr. Babasaheb Ambedkar Jayanti/Vishu/Biju/Buisu Festival/Maha Vishuva Sankranti/Tamil New Year's Day/Bohag Bihu/Cheiraoba,https://www.rbi.org.in/Scripts/HolidayMatrixDisplay.aspx?drRegionalOffice=0&drMonth=4&drYear=2025 (POST form),Reserve Bank of India,2026-09-28
2025,2025-04-14,4,14,104,Pre-monsoon,Nagpur,Maharashtra,West,Cheiraoba (Meitei New Year),Tribal/Indigenous,New Year,shared_date,7,0.14285714285714285,Dr. Babasaheb Ambedkar Jayanti/Vishu/Biju/Buisu Festival/Maha Vishuva Sankranti/Tamil New Year's Day/Bohag Bihu/Cheiraoba,https://www.rbi.org.in/Scripts/HolidayMatrixDisplay.aspx?drRegionalOffice=0&drMonth=4&drYear=2025 (POST form),Reserve Bank of India,2026-09-28
2025,2025-04-14,4,14,104,Pre-monsoon,Nagpur,Maharashtra,West,Maha Vishuva Sankranti (Odia New Year),Hindu,New Year,shared_date,7,0.14285714285714285,Dr. Babasaheb Ambedkar Jayanti/Vishu/Biju/Buisu Festival/Maha Vishuva Sankranti/Tamil New Year's Day/Bohag Bihu/Cheiraoba,https://www.rbi.org.in/Scripts/HolidayMatrixDisplay.aspx?drRegionalOffice=0&drMonth=4&drYear=2025 (POST form),Reserve Bank of India,2026-09-28
2025,2025-04-14,4,14,104,Pre-monsoon,Nagpur,Maharashtra,West,Tamil New Year (Puthandu),Hindu,New Year,shared_date,7,0.14285714285714285,Dr. Babasaheb Ambedkar Jayanti/Vishu/Biju/Buisu Festival/Maha Vishuva Sankranti/Tamil New Year's Day/Bohag Bihu/Cheiraoba,https://www.rbi.org.in/Scripts/HolidayMatrixDisplay.aspx?drRegionalOffice=0&drMonth=4&drYear=2025 (POST form),Reserve Bank of India,2026-09-28
2025,2025-04-14,4,14,104,Pre-monsoon,Nagpur,Maharashtra,West,Vishu,Hindu,New Year,shared_date,7,0.14285714285714285,Dr. Babasaheb Ambedkar Jayanti/Vishu/Biju/Buisu Festival/Maha Vishuva Sankranti/Tamil New Year's Day/Bohag Bihu/Cheiraoba,https://www.rbi.org.in/Scripts/HolidayMatrixDisplay.aspx?drRegionalOffice=0&drMonth=4&drYear=2025 (POST form),Reserve Bank of India,2026-09-28
2025,2025-04-14,4,14,104,Pre-monsoon,New Delhi,Delhi,North,Biju / Buisu,Tribal/Indigenous,New Year,shared_date,7,0.14285714285714285,Dr. Babasaheb Ambedkar Jayanti/Vishu/Biju/Buisu Festival/Maha Vishuva Sankranti/Tamil New Year's Day/Bohag Bihu/Cheiraoba,https://www.rbi.org.in/Scripts/HolidayMatrixDisplay.aspx?drRegionalOffice=0&drMonth=4&drYear=2025 (POST form),Reserve Bank of India,2026-09-28
2025,2025-04-14,4,14,104,Pre-monsoon,New Delhi,Delhi,North,Bohag Bihu,Cultural (multi-faith),New Year,shared_date,7,0.14285714285714285,Dr. Babasaheb Ambedkar Jayanti/Vishu/Biju/Buisu Festival/Maha Vishuva Sankranti/Tamil New Year's Day/Bohag Bihu/Cheiraoba,https://www.rbi.org.in/Scripts/HolidayMatrixDisplay.aspx?drRegionalOffice=0&drMonth=4&drYear=2025 (POST form),Reserve Bank of India,2026-09-28
2025,2025-04-14,4,14,104,Pre-monsoon,New Delhi,Delhi,North,Cheiraoba (Meitei New Year),Tribal/Indigenous,New Year,shared_date,7,0.14285714285714285,Dr. Babasaheb Ambedkar Jayanti/Vishu/Biju/Buisu Festival/Maha Vishuva Sankranti/Tamil New Year's Day/Bohag Bihu/Cheiraoba,https://www.rbi.org.in/Scripts/HolidayMatrixDisplay.aspx?drRegionalOffice=0&drMonth=4&drYear=2025 (POST form),Reserve Bank of India,2026-09-28
2025,2025-04-14,4,14,104,Pre-monsoon,New Delhi,Delhi,North,Maha Vishuva Sankranti (Odia New Year),Hindu,New Year,shared_date,7,0.14285714285714285,Dr. Babasaheb Ambedkar Jayanti/Vishu/Biju/Buisu Festival/Maha Vishuva Sankranti/Tamil New Year's Day/Bohag Bihu/Cheiraoba,https://www.rbi.org.in/Scripts/HolidayMatrixDisplay.aspx?drRegionalOffice=0&drMonth=4&drYear=2025 (POST form),Reserve Bank of India,2026-09-28
2025,2025-04-14,4,14,104,Pre-monsoon,New Delhi,Delhi,North,Tamil New Year (Puthandu),Hindu,New Year,shared_date,7,0.14285714285714285,Dr. Babasaheb Ambedkar Jayanti/Vishu/Biju/Buisu Festival/Maha Vishuva Sankranti/Tamil New Year's Day/Bohag Bihu/Cheiraoba,https://www.rbi.org.in/Scripts/HolidayMatrixDisplay.aspx?drRegionalOffice=0&drMonth=4&drYear=2025 (POST form),Reserve Bank of India,2026-09-28
2025,2025-04-14,4,14,104,Pre-monsoon,New Delhi,Delhi,North,Vishu,Hindu,New Year,shared_date,7,0.14285714285714285,Dr. Babasaheb Ambedkar Jayanti/Vishu/Biju/Buisu Festival/Maha Vishuva Sankranti/Tamil New Year's Day/Bohag Bihu/Cheiraoba,https://www.rbi.org.in/Scripts/HolidayMatrixDisplay.aspx?drRegionalOffice=0&drMonth=4&drYear=2025 (POST form),Reserve Bank of India,2026-09-28
2025,2025-04-14,4,14,104,Pre-monsoon,Panaji,Goa,West,Biju / Buisu,Tribal/Indigenous,New Year,shared_date,7,0.14285714285714285,Dr. Babasaheb Ambedkar Jayanti/Vishu/Biju/Buisu Festival/Maha Vishuva Sankranti/Tamil New Year's Day/Bohag Bihu/Cheiraoba,https://www.rbi.org.in/Scripts/HolidayMatrixDisplay.aspx?drRegionalOffice=0&drMonth=4&drYear=2025 (POST form),Reserve Bank of India,2026-09-28
2025,2025-04-14,4,14,104,Pre-monsoon,Panaji,Goa,West,Bohag Bihu,Cultural (multi-faith),New Year,shared_date,7,0.14285714285714285,Dr. Babasaheb Ambedkar Jayanti/Vishu/Biju/Buisu Festival/Maha Vishuva Sankranti/Tamil New Year's Day/Bohag Bihu/Cheiraoba,https://www.rbi.org.in/Scripts/HolidayMatrixDisplay.aspx?drRegionalOffice=0&drMonth=4&drYear=2025 (POST form),Reserve Bank of India,2026-09-28
2025,2025-04-14,4,14,104,Pre-monsoon,Panaji,Goa,West,Cheiraoba (Meitei New Year),Tribal/Indigenous,New Year,shared_date,7,0.14285714285714285,Dr. Babasaheb Ambedkar Jayanti/Vishu/Biju/Buisu Festival/Maha Vishuva Sankranti/Tamil New Year's Day/Bohag Bihu/Cheiraoba,https://www.rbi.org.in/Scripts/HolidayMatrixDisplay.aspx?drRegionalOffice=0&drMonth=4&drYear=2025 (POST form),Reserve Bank of India,2026-09-28
2025,2025-04-14,4,14,104,Pre-monsoon,Panaji,Goa,West,Maha Vishuva Sankranti (Odia New Year),Hindu,New Year,shared_date,7,0.14285714285714285,Dr. Babasaheb Ambedkar Jayanti/Vishu/Biju/Buisu Festival/Maha Vishuva Sankranti/Tamil New Year's Day/Bohag Bihu/Cheiraoba,https://www.rbi.org.in/Scripts/HolidayMatrixDisplay.aspx?drRegionalOffice=0&drMonth=4&drYear=2025 (POST form),Reserve Bank of India,2026-09-28
2025,2025-04-14,4,14,104,Pre-monsoon,Panaji,Goa,West,Tamil New Year (Puthandu),Hindu,New Year,shared_date,7,0.14285714285714285,Dr. Babasaheb Ambedkar Jayanti/Vishu/Biju/Buisu Festival/Maha Vishuva Sankranti/Tamil New Year's Day/Bohag Bihu/Cheiraoba,https://www.rbi.org.in/Scripts/HolidayMatrixDisplay.aspx?drRegionalOffice=0&drMonth=4&drYear=2025 (POST form),Reserve Bank of India,2026-09-28
2025,2025-04-14,4,14,104,Pre-monsoon,Panaji,Goa,West,Vishu,Hindu,New Year,shared_date,7,0.14285714285714285,Dr. Babasaheb Ambedkar Jayanti/Vishu/Biju/Buisu Festival/Maha Vishuva Sankranti/Tamil New Year's Day/Bohag Bihu/Cheiraoba,https://www.rbi.org.in/Scripts/HolidayMatrixDisplay.aspx?drRegionalOffice=0&drMonth=4&drYear=2025 (POST form),Reserve Bank of India,2026-09-28
2025,2025-04-14,4,14,104,Pre-monsoon,Patna,Bihar,East,Biju / Buisu,Tribal/Indigenous,New Year,shared_date,7,0.14285714285714285,Dr. Babasaheb Ambedkar Jayanti/Vishu/Biju/Buisu Festival/Maha Vishuva Sankranti/Tamil New Year's Day/Bohag Bihu/Cheiraoba,https://www.rbi.org.in/Scripts/HolidayMatrixDisplay.aspx?drRegionalOffice=0&drMonth=4&drYear=2025 (POST form),Reserve Bank of India,2026-09-28
2025,2025-04-14,4,14,104,Pre-monsoon,Patna,Bihar,East,Bohag Bihu,Cultural (multi-faith),New Year,shared_date,7,0.14285714285714285,Dr. Babasaheb Ambedkar Jayanti/Vishu/Biju/Buisu Festival/Maha Vishuva Sankranti/Tamil New Year's Day/Bohag Bihu/Cheiraoba,https://www.rbi.org.in/Scripts/HolidayMatrixDisplay.aspx?drRegionalOffice=0&drMonth=4&drYear=2025 (POST form),Reserve Bank of India,2026-09-28
2025,2025-04-14,4,14,104,Pre-monsoon,Patna,Bihar,East,Cheiraoba (Meitei New Year),Tribal/Indigenous,New Year,shared_date,7,0.14285714285714285,Dr. Babasaheb Ambedkar Jayanti/Vishu/Biju/Buisu Festival/Maha Vishuva Sankranti/Tamil New Year's Day/Bohag Bihu/Cheiraoba,https://www.rbi.org.in/Scripts/HolidayMatrixDisplay.aspx?drRegionalOffice=0&drMonth=4&drYear=2025 (POST form),Reserve Bank of India,2026-09-28
2025,2025-04-14,4,14,104,Pre-monsoon,Patna,Bihar,East,Maha Vishuva Sankranti (Odia New Year),Hindu,New Year,shared_date,7,0.14285714285714285,Dr. Babasaheb Ambedkar Jayanti/Vishu/Biju/Buisu Festival/Maha Vishuva Sankranti/Tamil New Year's Day/Bohag Bihu/Cheiraoba,https://www.rbi.org.in/Scripts/HolidayMatrixDisplay.aspx?drRegionalOffice=0&drMonth=4&drYear=2025 (POST form),Reserve Bank of India,2026-09-28
2025,2025-04-14,4,14,104,Pre-monsoon,Patna,Bihar,East,Tamil New Year (Puthandu),Hindu,New Year,shared_date,7,0.14285714285714285,Dr. Babasaheb Ambedkar Jayanti/Vishu/Biju/Buisu Festival/Maha Vishuva Sankranti/Tamil New Year's Day/Bohag Bihu/Cheiraoba,https://www.rbi.org.in/Scripts/HolidayMatrixDisplay.aspx?drRegionalOffice=0&drMonth=4&drYear=2025 (POST form),Reserve Bank of India,2026-09-28
2025,2025-04-14,4,14,104,Pre-monsoon,Patna,Bihar,East,Vishu,Hindu,New Year,shared_date,7,0.14285714285714285,Dr. Babasaheb Ambedkar Jayanti/Vishu/Biju/Buisu Festival/Maha Vishuva Sankranti/Tamil New Year's Day/Bohag Bihu/Cheiraoba,https://www.rbi.org.in/Scripts/HolidayMatrixDisplay.aspx?drRegionalOffice=0&drMonth=4&drYear=2025 (POST form),Reserve Bank of India,2026-09-28
2025,2025-04-14,4,14,104,Pre-monsoon,Raipur,Chhattisgarh,Central,Biju / Buisu,Tribal/Indigenous,New Year,shared_date,7,0.14285714285714285,Dr. Babasaheb Ambedkar Jayanti/Vishu/Biju/Buisu Festival/Maha Vishuva Sankranti/Tamil New Year's Day/Bohag Bihu/Cheiraoba,https://www.rbi.org.in/Scripts/HolidayMatrixDisplay.aspx?drRegionalOffice=0&drMonth=4&drYear=2025 (POST form),Reserve Bank of India,2026-09-28
2025,2025-04-14,4,14,104,Pre-monsoon,Raipur,Chhattisgarh,Central,Bohag Bihu,Cultural (multi-faith),New Year,shared_date,7,0.14285714285714285,Dr. Babasaheb Ambedkar Jayanti/Vishu/Biju/Buisu Festival/Maha Vishuva Sankranti/Tamil New Year's Day/Bohag Bihu/Cheiraoba,https://www.rbi.org.in/Scripts/HolidayMatrixDisplay.aspx?drRegionalOffice=0&drMonth=4&drYear=2025 (POST form),Reserve Bank of India,2026-09-28
2025,2025-04-14,4,14,104,Pre-monsoon,Raipur,Chhattisgarh,Central,Cheiraoba (Meitei New Year),Tribal/Indigenous,New Year,shared_date,7,0.14285714285714285,Dr. Babasaheb Ambedkar Jayanti/Vishu/Biju/Buisu Festival/Maha Vishuva Sankranti/Tamil New Year's Day/Bohag Bihu/Cheiraoba,https://www.rbi.org.in/Scripts/HolidayMatrixDisplay.aspx?drRegionalOffice=0&drMonth=4&drYear=2025 (POST form),Reserve Bank of India,2026-09-28
2025,2025-04-14,4,14,104,Pre-monsoon,Raipur,Chhattisgarh,Central,Maha Vishuva Sankranti (Odia New Year),Hindu,New Year,shared_date,7,0.14285714285714285,Dr. Babasaheb Ambedkar Jayanti/Vishu/Biju/Buisu Festival/Maha Vishuva Sankranti/Tamil New Year's Day/Bohag Bihu/Cheiraoba,https://www.rbi.org.in/Scripts/HolidayMatrixDisplay.aspx?drRegionalOffice=0&drMonth=4&drYear=2025 (POST form),Reserve Bank of India,2026-09-28
2025,2025-04-14,4,14,104,Pre-monsoon,Raipur,Chhattisgarh,Central,Tamil New Year (Puthandu),Hindu,New Year,shared_date,7,0.14285714285714285,Dr. Babasaheb Ambedkar Jayanti/Vishu/Biju/Buisu Festival/Maha Vishuva Sankranti/Tamil New Year's Day/Bohag Bihu/Cheiraoba,https://www.rbi.org.in/Scripts/HolidayMatrixDisplay.aspx?drRegionalOffice=0&drMonth=4&drYear=2025 (POST form),Reserve Bank of India,2026-09-28
2025,2025-04-14,4,14,104,Pre-monsoon,Raipur,Chhattisgarh,Central,Vishu,Hindu,New Year,shared_date,7,0.14285714285714285,Dr. Babasaheb Ambedkar Jayanti/Vishu/Biju/Buisu Festival/Maha Vishuva Sankranti/Tamil New Year's Day/Bohag Bihu/Cheiraoba,https://www.rbi.org.in/Scripts/HolidayMatrixDisplay.aspx?drRegionalOffice=0&drMonth=4&drYear=2025 (POST form),Reserve Bank of India,2026-09-28
2025,2025-04-14,4,14,104,Pre-monsoon,Ranchi,Jharkhand,East,Biju / Buisu,Tribal/Indigenous,New Year,shared_date,7,0.14285714285714285,Dr. Babasaheb Ambedkar Jayanti/Vishu/Biju/Buisu Festival/Maha Vishuva Sankranti/Tamil New Year's Day/Bohag Bihu/Cheiraoba,https://www.rbi.org.in/Scripts/HolidayMatrixDisplay.aspx?drRegionalOffice=0&drMonth=4&drYear=2025 (POST form),Reserve Bank of India,2026-09-28
2025,2025-04-14,4,14,104,Pre-monsoon,Ranchi,Jharkhand,East,Bohag Bihu,Cultural (multi-faith),New Year,shared_date,7,0.14285714285714285,Dr. Babasaheb Ambedkar Jayanti/Vishu/Biju/Buisu Festival/Maha Vishuva Sankranti/Tamil New Year's Day/Bohag Bihu/Cheiraoba,https://www.rbi.org.in/Scripts/HolidayMatrixDisplay.aspx?drRegionalOffice=0&drMonth=4&drYear=2025 (POST form),Reserve Bank of India,2026-09-28
2025,2025-04-14,4,14,104,Pre-monsoon,Ranchi,Jharkhand,East,Cheiraoba (Meitei New Year),Tribal/Indigenous,New Year,shared_date,7,0.14285714285714285,Dr. Babasaheb Ambedkar Jayanti/Vishu/Biju/Buisu Festival/Maha Vishuva Sankranti/Tamil New Year's Day/Bohag Bihu/Cheiraoba,https://www.rbi.org.in/Scripts/HolidayMatrixDisplay.aspx?drRegionalOffice=0&drMonth=4&drYear=2025 (POST form),Reserve Bank of India,2026-09-28
2025,2025-04-14,4,14,104,Pre-monsoon,Ranchi,Jharkhand,East,Maha Vishuva Sankranti (Odia New Year),Hindu,New Year,shared_date,7,0.14285714285714285,Dr. Babasaheb Ambedkar Jayanti/Vishu/Biju/Buisu Festival/Maha Vishuva Sankranti/Tamil New Year's Day/Bohag Bihu/Cheiraoba,https://www.rbi.org.in/Scripts/HolidayMatrixDisplay.aspx?drRegionalOffice=0&drMonth=4&drYear=2025 (POST form),Reserve Bank of India,2026-09-28
2025,2025-04-14,4,14,104,Pre-monsoon,Ranchi,Jharkhand,East,Tamil New Year (Puthandu),Hindu,New Year,shared_date,7,0.14285714285714285,Dr. Babasaheb Ambedkar Jayanti/Vishu/Biju/Buisu Festival/Maha Vishuva Sankranti/Tamil New Year's Day/Bohag Bihu/Cheiraoba,https://www.rbi.org.in/Scripts/HolidayMatrixDisplay.aspx?drRegionalOffice=0&drMonth=4&drYear=2025 (POST form),Reserve Bank of India,2026-09-28
2025,2025-04-14,4,14,104,Pre-monsoon,Ranchi,Jharkhand,East,Vishu,Hindu,New Year,shared_date,7,0.14285714285714285,Dr. Babasaheb Ambedkar Jayanti/Vishu/Biju/Buisu Festival/Maha Vishuva Sankranti/Tamil New Year's Day/Bohag Bihu/Cheiraoba,https://www.rbi.org.in/Scripts/HolidayMatrixDisplay.aspx?drRegionalOffice=0&drMonth=4&drYear=2025 (POST form),Reserve Bank of India,2026-09-28
2025,2025-04-14,4,14,104,Pre-monsoon,Srinagar,Jammu & Kashmir,North,Biju / Buisu,Tribal/Indigenous,New Year,shared_date,7,0.14285714285714285,Dr. Babasaheb Ambedkar Jayanti/Vishu/Biju/Buisu Festival/Maha Vishuva Sankranti/Tamil New Year's Day/Bohag Bihu/Cheiraoba,https://www.rbi.org.in/Scripts/HolidayMatrixDisplay.aspx?drRegionalOffice=0&drMonth=4&drYear=2025 (POST form),Reserve Bank of India,2026-09-28
2025,2025-04-14,4,14,104,Pre-monsoon,Srinagar,Jammu & Kashmir,North,Bohag Bihu,Cultural (multi-faith),New Year,shared_date,7,0.14285714285714285,Dr. Babasaheb Ambedkar Jayanti/Vishu/Biju/Buisu Festival/Maha Vishuva Sankranti/Tamil New Year's Day/Bohag Bihu/Cheiraoba,https://www.rbi.org.in/Scripts/HolidayMatrixDisplay.aspx?drRegionalOffice=0&drMonth=4&drYear=2025 (POST form),Reserve Bank of India,2026-09-28
2025,2025-04-14,4,14,104,Pre-monsoon,Srinagar,Jammu & Kashmir,North,Cheiraoba (Meitei New Year),Tribal/Indigenous,New Year,shared_date,7,0.14285714285714285,Dr. Babasaheb Ambedkar Jayanti/Vishu/Biju/Buisu Festival/Maha Vishuva Sankranti/Tamil New Year's Day/Bohag Bihu/Cheiraoba,https://www.rbi.org.in/Scripts/HolidayMatrixDisplay.aspx?drRegionalOffice=0&drMonth=4&drYear=2025 (POST form),Reserve Bank of India,2026-09-28
2025,2025-04-14,4,14,104,Pre-monsoon,Srinagar,Jammu & Kashmir,North,Maha Vishuva Sankranti (Odia New Year),Hindu,New Year,shared_date,7,0.14285714285714285,Dr. Babasaheb Ambedkar Jayanti/Vishu/Biju/Buisu Festival/Maha Vishuva Sankranti/Tamil New Year's Day/Bohag Bihu/Cheiraoba,https://www.rbi.org.in/Scripts/HolidayMatrixDisplay.aspx?drRegionalOffice=0&drMonth=4&drYear=2025 (POST form),Reserve Bank of India,2026-09-28
2025,2025-04-14,4,14,104,Pre-monsoon,Srinagar,Jammu & Kashmir,North,Tamil New Year (Puthandu),Hindu,New Year,shared_date,7,0.14285714285714285,Dr. Babasaheb Ambedkar Jayanti/Vishu/Biju/Buisu Festival/Maha Vishuva Sankranti/Tamil New Year's Day/Bohag Bihu/Cheiraoba,https://www.rbi.org.in/Scripts/HolidayMatrixDisplay.aspx?drRegionalOffice=0&drMonth=4&drYear=2025 (POST form),Reserve Bank of India,2026-09-28
2025,2025-04-14,4,14,104,Pre-monsoon,Srinagar,Jammu & Kashmir,North,Vishu,Hindu,New Year,shared_date,7,0.14285714285714285,Dr. Babasaheb Ambedkar Jayanti/Vishu/Biju/Buisu Festival/Maha Vishuva Sankranti/Tamil New Year's Day/Bohag Bihu/Cheiraoba,https://www.rbi.org.in/Scripts/HolidayMatrixDisplay.aspx?drRegionalOffice=0&drMonth=4&drYear=2025 (POST form),Reserve Bank of India,2026-09-28
2025,2025-04-14,4,14,104,Pre-monsoon,Thiruvananthapuram,Kerala,South,Biju / Buisu,Tribal/Indigenous,New Year,shared_date,7,0.14285714285714285,Dr. Babasaheb Ambedkar Jayanti/Vishu/Biju/Buisu Festival/Maha Vishuva Sankranti/Tamil New Year's Day/Bohag Bihu/Cheiraoba,https://www.rbi.org.in/Scripts/HolidayMatrixDisplay.aspx?drRegionalOffice=0&drMonth=4&drYear=2025 (POST form),Reserve Bank of India,2026-09-28
2025,2025-04-14,4,14,104,Pre-monsoon,Thiruvananthapuram,Kerala,South,Bohag Bihu,Cultural (multi-faith),New Year,shared_date,7,0.14285714285714285,Dr. Babasaheb Ambedkar Jayanti/Vishu/Biju/Buisu Festival/Maha Vishuva Sankranti/Tamil New Year's Day/Bohag Bihu/Cheiraoba,https://www.rbi.org.in/Scripts/HolidayMatrixDisplay.aspx?drRegionalOffice=0&drMonth=4&drYear=2025 (POST form),Reserve Bank of India,2026-09-28
2025,2025-04-14,4,14,104,Pre-monsoon,Thiruvananthapuram,Kerala,South,Cheiraoba (Meitei New Year),Tribal/Indigenous,New Year,shared_date,7,0.14285714285714285,Dr. Babasaheb Ambedkar Jayanti/Vishu/Biju/Buisu Festival/Maha Vishuva Sankranti/Tamil New Year's Day/Bohag Bihu/Cheiraoba,https://www.rbi.org.in/Scripts/HolidayMatrixDisplay.aspx?drRegionalOffice=0&drMonth=4&drYear=2025 (POST form),Reserve Bank of India,2026-09-28
2025,2025-04-14,4,14,104,Pre-monsoon,Thiruvananthapuram,Kerala,South,Maha Vishuva Sankranti (Odia New Year),Hindu,New Year,shared_date,7,0.14285714285714285,Dr. Babasaheb Ambedkar Jayanti/Vishu/Biju/Buisu Festival/Maha Vishuva Sankranti/Tamil New Year's Day/Bohag Bihu/Cheiraoba,https://www.rbi.org.in/Scripts/HolidayMatrixDisplay.aspx?drRegionalOffice=0&drMonth=4&drYear=2025 (POST form),Reserve Bank of India,2026-09-28
2025,2025-04-14,4,14,104,Pre-monsoon,Thiruvananthapuram,Kerala,South,Tamil New Year (Puthandu),Hindu,New Year,shared_date,7,0.14285714285714285,Dr. Babasaheb Ambedkar Jayanti/Vishu/Biju/Buisu Festival/Maha Vishuva Sankranti/Tamil New Year's Day/Bohag Bihu/Cheiraoba,https://www.rbi.org.in/Scripts/HolidayMatrixDisplay.aspx?drRegionalOffice=0&drMonth=4&drYear=2025 (POST form),Reserve Bank of India,2026-09-28
2025,2025-04-14,4,14,104,Pre-monsoon,Thiruvananthapuram,Kerala,South,Vishu,Hindu,New Year,shared_date,7,0.14285714285714285,Dr. Babasaheb Ambedkar Jayanti/Vishu/Biju/Buisu Festival/Maha Vishuva Sankranti/Tamil New Year's Day/Bohag Bihu/Cheiraoba,https://www.rbi.org.in/Scripts/HolidayMatrixDisplay.aspx?drRegionalOffice=0&drMonth=4&drYear=2025 (POST form),Reserve Bank of India,2026-09-28
2025,2025-04-14,4,14,104,Pre-monsoon,Vijayawada,Andhra Pradesh,South,Biju / Buisu,Tribal/Indigenous,New Year,shared_date,7,0.14285714285714285,Dr. Babasaheb Ambedkar Jayanti/Vishu/Biju/Buisu Festival/Maha Vishuva Sankranti/Tamil New Year's Day/Bohag Bihu/Cheiraoba,https://www.rbi.org.in/Scripts/HolidayMatrixDisplay.aspx?drRegionalOffice=0&drMonth=4&drYear=2025 (POST form),Reserve Bank of India,2026-09-28
2025,2025-04-14,4,14,104,Pre-monsoon,Vijayawada,Andhra Pradesh,South,Bohag Bihu,Cultural (multi-faith),New Year,shared_date,7,0.14285714285714285,Dr. Babasaheb Ambedkar Jayanti/Vishu/Biju/Buisu Festival/Maha Vishuva Sankranti/Tamil New Year's Day/Bohag Bihu/Cheiraoba,https://www.rbi.org.in/Scripts/HolidayMatrixDisplay.aspx?drRegionalOffice=0&drMonth=4&drYear=2025 (POST form),Reserve Bank of India,2026-09-28
2025,2025-04-14,4,14,104,Pre-monsoon,Vijayawada,Andhra Pradesh,South,Cheiraoba (Meitei New Year),Tribal/Indigenous,New Year,shared_date,7,0.14285714285714285,Dr. Babasaheb Ambedkar Jayanti/Vishu/Biju/Buisu Festival/Maha Vishuva Sankranti/Tamil New Year's Day/Bohag Bihu/Cheiraoba,https://www.rbi.org.in/Scripts/HolidayMatrixDisplay.aspx?drRegionalOffice=0&drMonth=4&drYear=2025 (POST form),Reserve Bank of India,2026-09-28
2025,2025-04-14,4,14,104,Pre-monsoon,Vijayawada,Andhra Pradesh,South,Maha Vishuva Sankranti (Odia New Year),Hindu,New Year,shared_date,7,0.14285714285714285,Dr. Babasaheb Ambedkar Jayanti/Vishu/Biju/Buisu Festival/Maha Vishuva Sankranti/Tamil New Year's Day/Bohag Bihu/Cheiraoba,https://www.rbi.org.in/Scripts/HolidayMatrixDisplay.aspx?drRegionalOffice=0&drMonth=4&drYear=2025 (POST form),Reserve Bank of India,2026-09-28
2025,2025-04-14,4,14,104,Pre-monsoon,Vijayawada,Andhra Pradesh,South,Tamil New Year (Puthandu),Hindu,New Year,shared_date,7,0.14285714285714285,Dr. Babasaheb Ambedkar Jayanti/Vishu/Biju/Buisu Festival/Maha Vishuva Sankranti/Tamil New Year's Day/Bohag Bihu/Cheiraoba,https://www.rbi.org.in/Scripts/HolidayMatrixDisplay.aspx?drRegionalOffice=0&drMonth=4&drYear=2025 (POST form),Reserve Bank of India,2026-09-28
2025,2025-04-14,4,14,104,Pre-monsoon,Vijayawada,Andhra Pradesh,South,Vishu,Hindu,New Year,shared_date,7,0.14285714285714285,Dr. Babasaheb Ambedkar Jayanti/Vishu/Biju/Buisu Festival/Maha Vishuva Sankranti/Tamil New Year's Day/Bohag Bihu/Cheiraoba,https://www.rbi.org.in/Scripts/HolidayMatrixDisplay.aspx?drRegionalOffice=0&drMonth=4&drYear=2025 (POST form),Reserve Bank of India,2026-09-28
2025,2025-04-15,4,15,105,Pre-monsoon,Agartala,Tripura,North-East,Bengali New Year (Pohela Boishakh),Cultural (multi-faith),New Year,shared_date,3,0.3333333333333333,Bengali New Year’s Day/Himachal Day/Bohag Bihu,https://www.rbi.org.in/Scripts/HolidayMatrixDisplay.aspx?drRegionalOffice=0&drMonth=4&drYear=2025 (POST form),Reserve Bank of India,2026-09-28
2025,2025-04-15,4,15,105,Pre-monsoon,Agartala,Tripura,North-East,Bohag Bihu,Cultural (multi-faith),New Year,shared_date,3,0.3333333333333333,Bengali New Year’s Day/Himachal Day/Bohag Bihu,https://www.rbi.org.in/Scripts/HolidayMatrixDisplay.aspx?drRegionalOffice=0&drMonth=4&drYear=2025 (POST form),Reserve Bank of India,2026-09-28
2025,2025-04-15,4,15,105,Pre-monsoon,Guwahati,Assam,North-East,Bengali New Year (Pohela Boishakh),Cultural (multi-faith),New Year,shared_date,3,0.3333333333333333,Bengali New Year’s Day/Himachal Day/Bohag Bihu,https://www.rbi.org.in/Scripts/HolidayMatrixDisplay.aspx?drRegionalOffice=0&drMonth=4&drYear=2025 (POST form),Reserve Bank of India,2026-09-28
2025,2025-04-15,4,15,105,Pre-monsoon,Guwahati,Assam,North-East,Bohag Bihu,Cultural (multi-faith),New Year,shared_date,3,0.3333333333333333,Bengali New Year’s Day/Himachal Day/Bohag Bihu,https://www.rbi.org.in/Scripts/HolidayMatrixDisplay.aspx?drRegionalOffice=0&drMonth=4&drYear=2025 (POST form),Reserve Bank of India,2026-09-28
2025,2025-04-15,4,15,105,Pre-monsoon,Itanagar,Arunachal Pradesh,North-East,Bengali New Year (Pohela Boishakh),Cultural (multi-faith),New Year,shared_date,3,0.3333333333333333,Bengali New Year’s Day/Himachal Day/Bohag Bihu,https://www.rbi.org.in/Scripts/HolidayMatrixDisplay.aspx?drRegionalOffice=0&drMonth=4&drYear=2025 (POST form),Reserve Bank of India,2026-09-28
2025,2025-04-15,4,15,105,Pre-monsoon,Itanagar,Arunachal Pradesh,North-East,Bohag Bihu,Cultural (multi-faith),New Year,shared_date,3,0.3333333333333333,Bengali New Year’s Day/Himachal Day/Bohag Bihu,https://www.rbi.org.in/Scripts/HolidayMatrixDisplay.aspx?drRegionalOffice=0&drMonth=4&drYear=2025 (POST form),Reserve Bank of India,2026-09-28
2025,2025-04-15,4,15,105,Pre-monsoon,Kolkata,West Bengal,East,Bengali New Year (Pohela Boishakh),Cultural (multi-faith),New Year,shared_date,3,0.3333333333333333,Bengali New Year’s Day/Himachal Day/Bohag Bihu,https://www.rbi.org.in/Scripts/HolidayMatrixDisplay.aspx?drRegionalOffice=0&drMonth=4&drYear=2025 (POST form),Reserve Bank of India,2026-09-28
2025,2025-04-15,4,15,105,Pre-monsoon,Kolkata,West Bengal,East,Bohag Bihu,Cultural (multi-faith),New Year,shared_date,3,0.3333333333333333,Bengali New Year’s Day/Himachal Day/Bohag Bihu,https://www.rbi.org.in/Scripts/HolidayMatrixDisplay.aspx?drRegionalOffice=0&drMonth=4&drYear=2025 (POST form),Reserve Bank of India,2026-09-28
2025,2025-04-15,4,15,105,Pre-monsoon,Shimla,Himachal Pradesh,North,Bengali New Year (Pohela Boishakh),Cultural (multi-faith),New Year,shared_date,3,0.3333333333333333,Bengali New Year’s Day/Himachal Day/Bohag Bihu,https://www.rbi.org.in/Scripts/HolidayMatrixDisplay.aspx?drRegionalOffice=0&drMonth=4&drYear=2025 (POST form),Reserve Bank of India,2026-09-28
2025,2025-04-15,4,15,105,Pre-monsoon,Shimla,Himachal Pradesh,North,Bohag Bihu,Cultural (multi-faith),New Year,shared_date,3,0.3333333333333333,Bengali New Year’s Day/Himachal Day/Bohag Bihu,https://www.rbi.org.in/Scripts/HolidayMatrixDisplay.aspx?drRegionalOffice=0&drMonth=4&drYear=2025 (POST form),Reserve Bank of India,2026-09-28
2025,2025-04-16,4,16,106,Pre-monsoon,Guwahati,Assam,North-East,Bohag Bihu,Cultural (multi-faith),New Year,unique,1,1.0,Bohag Bihu,https://www.rbi.org.in/Scripts/HolidayMatrixDisplay.aspx?drRegionalOffice=0&drMonth=4&drYear=2025 (POST form),Reserve Bank of India,2026-09-28
2025,2025-04-18,4,18,108,Pre-monsoon,Ahmedabad,Gujarat,West,Good Friday,Christian,Religious,unique,1,1.0,Good Friday,https://www.rbi.org.in/Scripts/HolidayMatrixDisplay.aspx?drRegionalOffice=0&drMonth=4&drYear=2025 (POST form),Reserve Bank of India,2026-09-28
2025,2025-04-18,4,18,108,Pre-monsoon,Aizawl,Mizoram,North-East,Good Friday,Christian,Religious,unique,1,1.0,Good Friday,https://www.rbi.org.in/Scripts/HolidayMatrixDisplay.aspx?drRegionalOffice=0&drMonth=4&drYear=2025 (POST form),Reserve Bank of India,2026-09-28
2025,2025-04-18,4,18,108,Pre-monsoon,Belapur,Maharashtra,West,Good Friday,Christian,Religious,unique,1,1.0,Good Friday,https://www.rbi.org.in/Scripts/HolidayMatrixDisplay.aspx?drRegionalOffice=0&drMonth=4&drYear=2025 (POST form),Reserve Bank of India,2026-09-28
2025,2025-04-18,4,18,108,Pre-monsoon,Bengaluru,Karnataka,South,Good Friday,Christian,Religious,unique,1,1.0,Good Friday,https://www.rbi.org.in/Scripts/HolidayMatrixDisplay.aspx?drRegionalOffice=0&drMonth=4&drYear=2025 (POST form),Reserve Bank of India,2026-09-28
2025,2025-04-18,4,18,108,Pre-monsoon,Bhopal,Madhya Pradesh,Central,Good Friday,Christian,Religious,unique,1,1.0,Good Friday,https://www.rbi.org.in/Scripts/HolidayMatrixDisplay.aspx?drRegionalOffice=0&drMonth=4&drYear=2025 (POST form),Reserve Bank of India,2026-09-28
2025,2025-04-18,4,18,108,Pre-monsoon,Bhubaneswar,Odisha,East,Good Friday,Christian,Religious,unique,1,1.0,Good Friday,https://www.rbi.org.in/Scripts/HolidayMatrixDisplay.aspx?drRegionalOffice=0&drMonth=4&drYear=2025 (POST form),Reserve Bank of India,2026-09-28
2025,2025-04-18,4,18,108,Pre-monsoon,Chennai,Tamil Nadu,South,Good Friday,Christian,Religious,unique,1,1.0,Good Friday,https://www.rbi.org.in/Scripts/HolidayMatrixDisplay.aspx?drRegionalOffice=0&drMonth=4&drYear=2025 (POST form),Reserve Bank of India,2026-09-28
2025,2025-04-18,4,18,108,Pre-monsoon,Dehradun,Uttarakhand,North,Good Friday,Christian,Religious,unique,1,1.0,Good Friday,https://www.rbi.org.in/Scripts/HolidayMatrixDisplay.aspx?drRegionalOffice=0&drMonth=4&drYear=2025 (POST form),Reserve Bank of India,2026-09-28
2025,2025-04-18,4,18,108,Pre-monsoon,Gangtok,Sikkim,North-East,Good Friday,Christian,Religious,unique,1,1.0,Good Friday,https://www.rbi.org.in/Scripts/HolidayMatrixDisplay.aspx?drRegionalOffice=0&drMonth=4&drYear=2025 (POST form),Reserve Bank of India,2026-09-28
2025,2025-04-18,4,18,108,Pre-monsoon,Hyderabad,Telangana,South,Good Friday,Christian,Religious,unique,1,1.0,Good Friday,https://www.rbi.org.in/Scripts/HolidayMatrixDisplay.aspx?drRegionalOffice=0&drMonth=4&drYear=2025 (POST form),Reserve Bank of India,2026-09-28
2025,2025-04-18,4,18,108,Pre-monsoon,Imphal,Manipur,North-East,Good Friday,Christian,Religious,unique,1,1.0,Good Friday,https://www.rbi.org.in/Scripts/HolidayMatrixDisplay.aspx?drRegionalOffice=0&drMonth=4&drYear=2025 (POST form),Reserve Bank of India,2026-09-28
2025,2025-04-18,4,18,108,Pre-monsoon,Itanagar,Arunachal Pradesh,North-East,Good Friday,Christian,Religious,unique,1,1.0,Good Friday,https://www.rbi.org.in/Scripts/HolidayMatrixDisplay.aspx?drRegionalOffice=0&drMonth=4&drYear=2025 (POST form),Reserve Bank of India,2026-09-28
2025,2025-04-18,4,18,108,Pre-monsoon,Kanpur,Uttar Pradesh,North,Good Friday,Christian,Religious,unique,1,1.0,Good Friday,https://www.rbi.org.in/Scripts/HolidayMatrixDisplay.aspx?drRegionalOffice=0&drMonth=4&drYear=2025 (POST form),Reserve Bank of India,2026-09-28
2025,2025-04-18,4,18,108,Pre-monsoon,Kochi,Kerala,South,Good Friday,Christian,Religious,unique,1,1.0,Good Friday,https://www.rbi.org.in/Scripts/HolidayMatrixDisplay.aspx?drRegionalOffice=0&drMonth=4&drYear=2025 (POST form),Reserve Bank of India,2026-09-28
2025,2025-04-18,4,18,108,Pre-monsoon,Kohima,Nagaland,North-East,Good Friday,Christian,Religious,unique,1,1.0,Good Friday,https://www.rbi.org.in/Scripts/HolidayMatrixDisplay.aspx?drRegionalOffice=0&drMonth=4&drYear=2025 (POST form),Reserve Bank of India,2026-09-28
2025,2025-04-18,4,18,108,Pre-monsoon,Kolkata,West Bengal,East,Good Friday,Christian,Religious,unique,1,1.0,Good Friday,https://www.rbi.org.in/Scripts/HolidayMatrixDisplay.aspx?drRegionalOffice=0&drMonth=4&drYear=2025 (POST form),Reserve Bank of India,2026-09-28
2025,2025-04-18,4,18,108,Pre-monsoon,Lucknow,Uttar Pradesh,North,Good Friday,Christian,Religious,unique,1,1.0,Good Friday,https://www.rbi.org.in/Scripts/HolidayMatrixDisplay.aspx?drRegionalOffice=0&drMonth=4&drYear=2025 (POST form),Reserve Bank of India,2026-09-28
2025,2025-04-18,4,18,108,Pre-monsoon,Mumbai,Maharashtra,West,Good Friday,Christian,Religious,unique,1,1.0,Good Friday,https://www.rbi.org.in/Scripts/HolidayMatrixDisplay.aspx?drRegionalOffice=0&drMonth=4&drYear=2025 (POST form),Reserve Bank of India,2026-09-28
2025,2025-04-18,4,18,108,Pre-monsoon,Nagpur,Maharashtra,West,Good Friday,Christian,Religious,unique,1,1.0,Good Friday,https://www.rbi.org.in/Scripts/HolidayMatrixDisplay.aspx?drRegionalOffice=0&drMonth=4&drYear=2025 (POST form),Reserve Bank of India,2026-09-28
2025,2025-04-18,4,18,108,Pre-monsoon,New Delhi,Delhi,North,Good Friday,Christian,Religious,unique,1,1.0,Good Friday,https://www.rbi.org.in/Scripts/HolidayMatrixDisplay.aspx?drRegionalOffice=0&drMonth=4&drYear=2025 (POST form),Reserve Bank of India,2026-09-28
2025,2025-04-18,4,18,108,Pre-monsoon,Panaji,Goa,West,Good Friday,Christian,Religious,unique,1,1.0,Good Friday,https://www.rbi.org.in/Scripts/HolidayMatrixDisplay.aspx?drRegionalOffice=0&drMonth=4&drYear=2025 (POST form),Reserve Bank of India,2026-09-28
2025,2025-04-18,4,18,108,Pre-monsoon,Patna,Bihar,East,Good Friday,Christian,Religious,unique,1,1.0,Good Friday,https://www.rbi.org.in/Scripts/HolidayMatrixDisplay.aspx?drRegionalOffice=0&drMonth=4&drYear=2025 (POST form),Reserve Bank of India,2026-09-28
2025,2025-04-18,4,18,108,Pre-monsoon,Raipur,Chhattisgarh,Central,Good Friday,Christian,Religious,unique,1,1.0,Good Friday,https://www.rbi.org.in/Scripts/HolidayMatrixDisplay.aspx?drRegionalOffice=0&drMonth=4&drYear=2025 (POST form),Reserve Bank of India,2026-09-28
2025,2025-04-18,4,18,108,Pre-monsoon,Ranchi,Jharkhand,East,Good Friday,Christian,Religious,unique,1,1.0,Good Friday,https://www.rbi.org.in/Scripts/HolidayMatrixDisplay.aspx?drRegionalOffice=0&drMonth=4&drYear=2025 (POST form),Reserve Bank of India,2026-09-28
2025,2025-04-18,4,18,108,Pre-monsoon,Shillong,Meghalaya,North-East,Good Friday,Christian,Religious,unique,1,1.0,Good Friday,https://www.rbi.org.in/Scripts/HolidayMatrixDisplay.aspx?drRegionalOffice=0&drMonth=4&drYear=2025 (POST form),Reserve Bank of India,2026-09-28
2025,2025-04-18,4,18,108,Pre-monsoon,Thiruvananthapuram,Kerala,South,Good Friday,Christian,Religious,unique,1,1.0,Good Friday,https://www.rbi.org.in/Scripts/HolidayMatrixDisplay.aspx?drRegionalOffice=0&drMonth=4&drYear=2025 (POST form),Reserve Bank of India,2026-09-28
2025,2025-04-18,4,18,108,Pre-monsoon,Vijayawada,Andhra Pradesh,South,Good Friday,Christian,Religious,unique,1,1.0,Good Friday,https://www.rbi.org.in/Scripts/HolidayMatrixDisplay.aspx?drRegionalOffice=0&drMonth=4&drYear=2025 (POST form),Reserve Bank of India,2026-09-28
2025,2025-04-21,4,21,111,Pre-monsoon,Agartala,Tripura,North-East,Garia Puja,Tribal/Indigenous,Religious,unique,1,1.0,Garia Puja,https://www.rbi.org.in/Scripts/HolidayMatrixDisplay.aspx?drRegionalOffice=0&drMonth=4&drYear=2025 (POST form),Reserve Bank of India,2026-09-28
2025,2025-04-29,4,29,119,Pre-monsoon,Shimla,Himachal Pradesh,North,Parshuram Jayanti,Hindu,Commemoration,unique,1,1.0,Bhagvan Shri Parshuram Jayanti,https://www.rbi.org.in/Scripts/HolidayMatrixDisplay.aspx?drRegionalOffice=0&drMonth=4&drYear=2025 (POST form),Reserve Bank of India,2026-09-28
2025,2025-04-30,4,30,120,Pre-monsoon,Bengaluru,Karnataka,South,Akshaya Tritiya,Hindu,Religious,shared_date,2,0.5,Basava Jayanti/Akshaya Tritiya,https://www.rbi.org.in/Scripts/HolidayMatrixDisplay.aspx?drRegionalOffice=0&drMonth=4&drYear=2025 (POST form),Reserve Bank of India,2026-09-28
2025,2025-04-30,4,30,120,Pre-monsoon,Bengaluru,Karnataka,South,Basava Jayanti,Hindu,Commemoration,shared_date,2,0.5,Basava Jayanti/Akshaya Tritiya,https://www.rbi.org.in/Scripts/HolidayMatrixDisplay.aspx?drRegionalOffice=0&drMonth=4&drYear=2025 (POST form),Reserve Bank of India,2026-09-28
2025,2025-05-12,5,12,132,Pre-monsoon,Agartala,Tripura,North-East,Buddha Purnima,Buddhist,Religious,unique,1,1.0,Buddha Pournima,https://www.rbi.org.in/Scripts/HolidayMatrixDisplay.aspx?drRegionalOffice=0&drMonth=5&drYear=2025 (POST form),Reserve Bank of India,2026-09-28
2025,2025-05-12,5,12,132,Pre-monsoon,Aizawl,Mizoram,North-East,Buddha Purnima,Buddhist,Religious,unique,1,1.0,Buddha Pournima,https://www.rbi.org.in/Scripts/HolidayMatrixDisplay.aspx?drRegionalOffice=0&drMonth=5&drYear=2025 (POST form),Reserve Bank of India,2026-09-28
2025,2025-05-12,5,12,132,Pre-monsoon,Belapur,Maharashtra,West,Buddha Purnima,Buddhist,Religious,unique,1,1.0,Buddha Pournima,https://www.rbi.org.in/Scripts/HolidayMatrixDisplay.aspx?drRegionalOffice=0&drMonth=5&drYear=2025 (POST form),Reserve Bank of India,2026-09-28
2025,2025-05-12,5,12,132,Pre-monsoon,Bhopal,Madhya Pradesh,Central,Buddha Purnima,Buddhist,Religious,unique,1,1.0,Buddha Pournima,https://www.rbi.org.in/Scripts/HolidayMatrixDisplay.aspx?drRegionalOffice=0&drMonth=5&drYear=2025 (POST form),Reserve Bank of India,2026-09-28
2025,2025-05-12,5,12,132,Pre-monsoon,Dehradun,Uttarakhand,North,Buddha Purnima,Buddhist,Religious,unique,1,1.0,Buddha Pournima,https://www.rbi.org.in/Scripts/HolidayMatrixDisplay.aspx?drRegionalOffice=0&drMonth=5&drYear=2025 (POST form),Reserve Bank of India,2026-09-28
2025,2025-05-12,5,12,132,Pre-monsoon,Itanagar,Arunachal Pradesh,North-East,Buddha Purnima,Buddhist,Religious,unique,1,1.0,Buddha Pournima,https://www.rbi.org.in/Scripts/HolidayMatrixDisplay.aspx?drRegionalOffice=0&drMonth=5&drYear=2025 (POST form),Reserve Bank of India,2026-09-28
2025,2025-05-12,5,12,132,Pre-monsoon,Jammu,Jammu & Kashmir,North,Buddha Purnima,Buddhist,Religious,unique,1,1.0,Buddha Pournima,https://www.rbi.org.in/Scripts/HolidayMatrixDisplay.aspx?drRegionalOffice=0&drMonth=5&drYear=2025 (POST form),Reserve Bank of India,2026-09-28
2025,2025-05-12,5,12,132,Pre-monsoon,Kanpur,Uttar Pradesh,North,Buddha Purnima,Buddhist,Religious,unique,1,1.0,Buddha Pournima,https://www.rbi.org.in/Scripts/HolidayMatrixDisplay.aspx?drRegionalOffice=0&drMonth=5&drYear=2025 (POST form),Reserve Bank of India,2026-09-28
2025,2025-05-12,5,12,132,Pre-monsoon,Kolkata,West Bengal,East,Buddha Purnima,Buddhist,Religious,unique,1,1.0,Buddha Pournima,https://www.rbi.org.in/Scripts/HolidayMatrixDisplay.aspx?drRegionalOffice=0&drMonth=5&drYear=2025 (POST form),Reserve Bank of India,2026-09-28
2025,2025-05-12,5,12,132,Pre-monsoon,Lucknow,Uttar Pradesh,North,Buddha Purnima,Buddhist,Religious,unique,1,1.0,Buddha Pournima,https://www.rbi.org.in/Scripts/HolidayMatrixDisplay.aspx?drRegionalOffice=0&drMonth=5&drYear=2025 (POST form),Reserve Bank of India,2026-09-28
2025,2025-05-12,5,12,132,Pre-monsoon,Mumbai,Maharashtra,West,Buddha Purnima,Buddhist,Religious,unique,1,1.0,Buddha Pournima,https://www.rbi.org.in/Scripts/HolidayMatrixDisplay.aspx?drRegionalOffice=0&drMonth=5&drYear=2025 (POST form),Reserve Bank of India,2026-09-28
2025,2025-05-12,5,12,132,Pre-monsoon,Nagpur,Maharashtra,West,Buddha Purnima,Buddhist,Religious,unique,1,1.0,Buddha Pournima,https://www.rbi.org.in/Scripts/HolidayMatrixDisplay.aspx?drRegionalOffice=0&drMonth=5&drYear=2025 (POST form),Reserve Bank of India,2026-09-28
2025,2025-05-12,5,12,132,Pre-monsoon,New Delhi,Delhi,North,Buddha Purnima,Buddhist,Religious,unique,1,1.0,Buddha Pournima,https://www.rbi.org.in/Scripts/HolidayMatrixDisplay.aspx?drRegionalOffice=0&drMonth=5&drYear=2025 (POST form),Reserve Bank of India,2026-09-28
2025,2025-05-12,5,12,132,Pre-monsoon,Raipur,Chhattisgarh,Central,Buddha Purnima,Buddhist,Religious,unique,1,1.0,Buddha Pournima,https://www.rbi.org.in/Scripts/HolidayMatrixDisplay.aspx?drRegionalOffice=0&drMonth=5&drYear=2025 (POST form),Reserve Bank of India,2026-09-28
2025,2025-05-12,5,12,132,Pre-monsoon,Ranchi,Jharkhand,East,Buddha Purnima,Buddhist,Religious,unique,1,1.0,Buddha Pournima,https://www.rbi.org.in/Scripts/HolidayMatrixDisplay.aspx?drRegionalOffice=0&drMonth=5&drYear=2025 (POST form),Reserve Bank of India,2026-09-28
2025,2025-05-12,5,12,132,Pre-monsoon,Shimla,Himachal Pradesh,North,Buddha Purnima,Buddhist,Religious,unique,1,1.0,Buddha Pournima,https://www.rbi.org.in/Scripts/HolidayMatrixDisplay.aspx?drRegionalOffice=0&drMonth=5&drYear=2025 (POST form),Reserve Bank of India,2026-09-28
2025,2025-05-12,5,12,132,Pre-monsoon,Srinagar,Jammu & Kashmir,North,Buddha Purnima,Buddhist,Religious,unique,1,1.0,Buddha Pournima,https://www.rbi.org.in/Scripts/HolidayMatrixDisplay.aspx?drRegionalOffice=0&drMonth=5&drYear=2025 (POST form),Reserve Bank of India,2026-09-28
2025,2025-06-07,6,7,158,Monsoon,Agartala,Tripura,North-East,Eid-ul-Adha (Bakrid),Muslim,Religious,unique,1,1.0,Bakri ID (Id-Uz-Zuha),https://www.rbi.org.in/Scripts/HolidayMatrixDisplay.aspx?drRegionalOffice=0&drMonth=6&drYear=2025 (POST form),Reserve Bank of India,2026-09-28
2025,2025-06-07,6,7,158,Monsoon,Aizawl,Mizoram,North-East,Eid-ul-Adha (Bakrid),Muslim,Religious,unique,1,1.0,Bakri ID (Id-Uz-Zuha),https://www.rbi.org.in/Scripts/HolidayMatrixDisplay.aspx?drRegionalOffice=0&drMonth=6&drYear=2025 (POST form),Reserve Bank of India,2026-09-28
2025,2025-06-07,6,7,158,Monsoon,Belapur,Maharashtra,West,Eid-ul-Adha (Bakrid),Muslim,Religious,unique,1,1.0,Bakri ID (Id-Uz-Zuha),https://www.rbi.org.in/Scripts/HolidayMatrixDisplay.aspx?drRegionalOffice=0&drMonth=6&drYear=2025 (POST form),Reserve Bank of India,2026-09-28
2025,2025-06-07,6,7,158,Monsoon,Bengaluru,Karnataka,South,Eid-ul-Adha (Bakrid),Muslim,Religious,unique,1,1.0,Bakri ID (Id-Uz-Zuha),https://www.rbi.org.in/Scripts/HolidayMatrixDisplay.aspx?drRegionalOffice=0&drMonth=6&drYear=2025 (POST form),Reserve Bank of India,2026-09-28
2025,2025-06-07,6,7,158,Monsoon,Bhopal,Madhya Pradesh,Central,Eid-ul-Adha (Bakrid),Muslim,Religious,unique,1,1.0,Bakri ID (Id-Uz-Zuha),https://www.rbi.org.in/Scripts/HolidayMatrixDisplay.aspx?drRegionalOffice=0&drMonth=6&drYear=2025 (POST form),Reserve Bank of India,2026-09-28
2025,2025-06-07,6,7,158,Monsoon,Bhubaneswar,Odisha,East,Eid-ul-Adha (Bakrid),Muslim,Religious,unique,1,1.0,Bakri ID (Id-Uz-Zuha),https://www.rbi.org.in/Scripts/HolidayMatrixDisplay.aspx?drRegionalOffice=0&drMonth=6&drYear=2025 (POST form),Reserve Bank of India,2026-09-28
2025,2025-06-07,6,7,158,Monsoon,Chandigarh,Punjab-Haryana-Chandigarh,North,Eid-ul-Adha (Bakrid),Muslim,Religious,unique,1,1.0,Bakri ID (Id-Uz-Zuha),https://www.rbi.org.in/Scripts/HolidayMatrixDisplay.aspx?drRegionalOffice=0&drMonth=6&drYear=2025 (POST form),Reserve Bank of India,2026-09-28
2025,2025-06-07,6,7,158,Monsoon,Chennai,Tamil Nadu,South,Eid-ul-Adha (Bakrid),Muslim,Religious,unique,1,1.0,Bakri ID (Id-Uz-Zuha),https://www.rbi.org.in/Scripts/HolidayMatrixDisplay.aspx?drRegionalOffice=0&drMonth=6&drYear=2025 (POST form),Reserve Bank of India,2026-09-28
2025,2025-06-07,6,7,158,Monsoon,Dehradun,Uttarakhand,North,Eid-ul-Adha (Bakrid),Muslim,Religious,unique,1,1.0,Bakri ID (Id-Uz-Zuha),https://www.rbi.org.in/Scripts/HolidayMatrixDisplay.aspx?drRegionalOffice=0&drMonth=6&drYear=2025 (POST form),Reserve Bank of India,2026-09-28
2025,2025-06-07,6,7,158,Monsoon,Guwahati,Assam,North-East,Eid-ul-Adha (Bakrid),Muslim,Religious,unique,1,1.0,Bakri ID (Id-Uz-Zuha),https://www.rbi.org.in/Scripts/HolidayMatrixDisplay.aspx?drRegionalOffice=0&drMonth=6&drYear=2025 (POST form),Reserve Bank of India,2026-09-28
2025,2025-06-07,6,7,158,Monsoon,Hyderabad,Telangana,South,Eid-ul-Adha (Bakrid),Muslim,Religious,unique,1,1.0,Bakri ID (Id-Uz-Zuha),https://www.rbi.org.in/Scripts/HolidayMatrixDisplay.aspx?drRegionalOffice=0&drMonth=6&drYear=2025 (POST form),Reserve Bank of India,2026-09-28
2025,2025-06-07,6,7,158,Monsoon,Imphal,Manipur,North-East,Eid-ul-Adha (Bakrid),Muslim,Religious,unique,1,1.0,Bakri ID (Id-Uz-Zuha),https://www.rbi.org.in/Scripts/HolidayMatrixDisplay.aspx?drRegionalOffice=0&drMonth=6&drYear=2025 (POST form),Reserve Bank of India,2026-09-28
2025,2025-06-07,6,7,158,Monsoon,Jaipur,Rajasthan,North,Eid-ul-Adha (Bakrid),Muslim,Religious,unique,1,1.0,Bakri ID (Id-Uz-Zuha),https://www.rbi.org.in/Scripts/HolidayMatrixDisplay.aspx?drRegionalOffice=0&drMonth=6&drYear=2025 (POST form),Reserve Bank of India,2026-09-28
2025,2025-06-07,6,7,158,Monsoon,Jammu,Jammu & Kashmir,North,Eid-ul-Adha (Bakrid),Muslim,Religious,unique,1,1.0,Bakri ID (Id-Uz-Zuha),https://www.rbi.org.in/Scripts/HolidayMatrixDisplay.aspx?drRegionalOffice=0&drMonth=6&drYear=2025 (POST form),Reserve Bank of India,2026-09-28
2025,2025-06-07,6,7,158,Monsoon,Kanpur,Uttar Pradesh,North,Eid-ul-Adha (Bakrid),Muslim,Religious,unique,1,1.0,Bakri ID (Id-Uz-Zuha),https://www.rbi.org.in/Scripts/HolidayMatrixDisplay.aspx?drRegionalOffice=0&drMonth=6&drYear=2025 (POST form),Reserve Bank of India,2026-09-28
2025,2025-06-07,6,7,158,Monsoon,Kochi,Kerala,South,Eid-ul-Adha (Bakrid),Muslim,Religious,unique,1,1.0,Bakri ID (Id-Uz-Zuha),https://www.rbi.org.in/Scripts/HolidayMatrixDisplay.aspx?drRegionalOffice=0&drMonth=6&drYear=2025 (POST form),Reserve Bank of India,2026-09-28
2025,2025-06-07,6,7,158,Monsoon,Kohima,Nagaland,North-East,Eid-ul-Adha (Bakrid),Muslim,Religious,unique,1,1.0,Bakri ID (Id-Uz-Zuha),https://www.rbi.org.in/Scripts/HolidayMatrixDisplay.aspx?drRegionalOffice=0&drMonth=6&drYear=2025 (POST form),Reserve Bank of India,2026-09-28
2025,2025-06-07,6,7,158,Monsoon,Kolkata,West Bengal,East,Eid-ul-Adha (Bakrid),Muslim,Religious,unique,1,1.0,Bakri ID (Id-Uz-Zuha),https://www.rbi.org.in/Scripts/HolidayMatrixDisplay.aspx?drRegionalOffice=0&drMonth=6&drYear=2025 (POST form),Reserve Bank of India,2026-09-28
2025,2025-06-07,6,7,158,Monsoon,Lucknow,Uttar Pradesh,North,Eid-ul-Adha (Bakrid),Muslim,Religious,unique,1,1.0,Bakri ID (Id-Uz-Zuha),https://www.rbi.org.in/Scripts/HolidayMatrixDisplay.aspx?drRegionalOffice=0&drMonth=6&drYear=2025 (POST form),Reserve Bank of India,2026-09-28
2025,2025-06-07,6,7,158,Monsoon,Mumbai,Maharashtra,West,Eid-ul-Adha (Bakrid),Muslim,Religious,unique,1,1.0,Bakri ID (Id-Uz-Zuha),https://www.rbi.org.in/Scripts/HolidayMatrixDisplay.aspx?drRegionalOffice=0&drMonth=6&drYear=2025 (POST form),Reserve Bank of India,2026-09-28
2025,2025-06-07,6,7,158,Monsoon,Nagpur,Maharashtra,West,Eid-ul-Adha (Bakrid),Muslim,Religious,unique,1,1.0,Bakri ID (Id-Uz-Zuha),https://www.rbi.org.in/Scripts/HolidayMatrixDisplay.aspx?drRegionalOffice=0&drMonth=6&drYear=2025 (POST form),Reserve Bank of India,2026-09-28
2025,2025-06-07,6,7,158,Monsoon,New Delhi,Delhi,North,Eid-ul-Adha (Bakrid),Muslim,Religious,unique,1,1.0,Bakri ID (Id-Uz-Zuha),https://www.rbi.org.in/Scripts/HolidayMatrixDisplay.aspx?drRegionalOffice=0&drMonth=6&drYear=2025 (POST form),Reserve Bank of India,2026-09-28
2025,2025-06-07,6,7,158,Monsoon,Panaji,Goa,West,Eid-ul-Adha (Bakrid),Muslim,Religious,unique,1,1.0,Bakri ID (Id-Uz-Zuha),https://www.rbi.org.in/Scripts/HolidayMatrixDisplay.aspx?drRegionalOffice=0&drMonth=6&drYear=2025 (POST form),Reserve Bank of India,2026-09-28
2025,2025-06-07,6,7,158,Monsoon,Patna,Bihar,East,Eid-ul-Adha (Bakrid),Muslim,Religious,unique,1,1.0,Bakri ID (Id-Uz-Zuha),https://www.rbi.org.in/Scripts/HolidayMatrixDisplay.aspx?drRegionalOffice=0&drMonth=6&drYear=2025 (POST form),Reserve Bank of India,2026-09-28
2025,2025-06-07,6,7,158,Monsoon,Raipur,Chhattisgarh,Central,Eid-ul-Adha (Bakrid),Muslim,Religious,unique,1,1.0,Bakri ID (Id-Uz-Zuha),https://www.rbi.org.in/Scripts/HolidayMatrixDisplay.aspx?drRegionalOffice=0&drMonth=6&drYear=2025 (POST form),Reserve Bank of India,2026-09-28
2025,2025-06-07,6,7,158,Monsoon,Ranchi,Jharkhand,East,Eid-ul-Adha (Bakrid),Muslim,Religious,unique,1,1.0,Bakri ID (Id-Uz-Zuha),https://www.rbi.org.in/Scripts/HolidayMatrixDisplay.aspx?drRegionalOffice=0&drMonth=6&drYear=2025 (POST form),Reserve Bank of India,2026-09-28
2025,2025-06-07,6,7,158,Monsoon,Shillong,Meghalaya,North-East,Eid-ul-Adha (Bakrid),Muslim,Religious,unique,1,1.0,Bakri ID (Id-Uz-Zuha),https://www.rbi.org.in/Scripts/HolidayMatrixDisplay.aspx?drRegionalOffice=0&drMonth=6&drYear=2025 (POST form),Reserve Bank of India,2026-09-28
2025,2025-06-07,6,7,158,Monsoon,Shimla,Himachal Pradesh,North,Eid-ul-Adha (Bakrid),Muslim,Religious,unique,1,1.0,Bakri ID (Id-Uz-Zuha),https://www.rbi.org.in/Scripts/HolidayMatrixDisplay.aspx?drRegionalOffice=0&drMonth=6&drYear=2025 (POST form),Reserve Bank of India,2026-09-28
2025,2025-06-07,6,7,158,Monsoon,Srinagar,Jammu & Kashmir,North,Eid-ul-Adha (Bakrid),Muslim,Religious,unique,1,1.0,Bakri ID (Id-Uz-Zuha),https://www.rbi.org.in/Scripts/HolidayMatrixDisplay.aspx?drRegionalOffice=0&drMonth=6&drYear=2025 (POST form),Reserve Bank of India,2026-09-28
2025,2025-06-07,6,7,158,Monsoon,Thiruvananthapuram,Kerala,South,Eid-ul-Adha (Bakrid),Muslim,Religious,unique,1,1.0,Bakri ID (Id-Uz-Zuha),https://www.rbi.org.in/Scripts/HolidayMatrixDisplay.aspx?drRegionalOffice=0&drMonth=6&drYear=2025 (POST form),Reserve Bank of India,2026-09-28
2025,2025-06-07,6,7,158,Monsoon,Vijayawada,Andhra Pradesh,South,Eid-ul-Adha (Bakrid),Muslim,Religious,unique,1,1.0,Bakri ID (Id-Uz-Zuha),https://www.rbi.org.in/Scripts/HolidayMatrixDisplay.aspx?drRegionalOffice=0&drMonth=6&drYear=2025 (POST form),Reserve Bank of India,2026-09-28
2025,2025-06-11,6,11,162,Monsoon,Gangtok,Sikkim,North-East,Saga Dawa,Buddhist,Religious,shared_date,2,0.5,Sant Guru Kabir Jayanti/Saga Dawa,https://www.rbi.org.in/Scripts/HolidayMatrixDisplay.aspx?drRegionalOffice=0&drMonth=6&drYear=2025 (POST form),Reserve Bank of India,2026-09-28
2025,2025-06-11,6,11,162,Monsoon,Gangtok,Sikkim,North-East,Sant Kabir Jayanti,Hindu,Commemoration,shared_date,2,0.5,Sant Guru Kabir Jayanti/Saga Dawa,https://www.rbi.org.in/Scripts/HolidayMatrixDisplay.aspx?drRegionalOffice=0&drMonth=6&drYear=2025 (POST form),Reserve Bank of India,2026-09-28
2025,2025-06-11,6,11,162,Monsoon,Shimla,Himachal Pradesh,North,Saga Dawa,Buddhist,Religious,shared_date,2,0.5,Sant Guru Kabir Jayanti/Saga Dawa,https://www.rbi.org.in/Scripts/HolidayMatrixDisplay.aspx?drRegionalOffice=0&drMonth=6&drYear=2025 (POST form),Reserve Bank of India,2026-09-28
2025,2025-06-11,6,11,162,Monsoon,Shimla,Himachal Pradesh,North,Sant Kabir Jayanti,Hindu,Commemoration,shared_date,2,0.5,Sant Guru Kabir Jayanti/Saga Dawa,https://www.rbi.org.in/Scripts/HolidayMatrixDisplay.aspx?drRegionalOffice=0&drMonth=6&drYear=2025 (POST form),Reserve Bank of India,2026-09-28
2025,2025-06-27,6,27,178,Monsoon,Bhubaneswar,Odisha,East,Rath Yatra,Hindu,Religious,unique,1,1.0,Ratha Yatra/Kang (Rathajatra),https://www.rbi.org.in/Scripts/HolidayMatrixDisplay.aspx?drRegionalOffice=0&drMonth=6&drYear=2025 (POST form),Reserve Bank of India,2026-09-28
2025,2025-06-27,6,27,178,Monsoon,Imphal,Manipur,North-East,Rath Yatra,Hindu,Religious,unique,1,1.0,Ratha Yatra/Kang (Rathajatra),https://www.rbi.org.in/Scripts/HolidayMatrixDisplay.aspx?drRegionalOffice=0&drMonth=6&drYear=2025 (POST form),Reserve Bank of India,2026-09-28
2025,2025-07-03,7,3,184,Monsoon,Agartala,Tripura,North-East,Kharchi Puja,Tribal/Indigenous,Religious,unique,1,1.0,Kharchi Puja,https://www.rbi.org.in/Scripts/HolidayMatrixDisplay.aspx?drRegionalOffice=0&drMonth=7&drYear=2025 (POST form),Reserve Bank of India,2026-09-28
2025,2025-07-05,7,5,186,Monsoon,Jammu,Jammu & Kashmir,North,Guru Hargobind Jayanti,Sikh,Commemoration,unique,1,1.0,Guru Hargobind Ji’s Birthday,https://www.rbi.org.in/Scripts/HolidayMatrixDisplay.aspx?drRegionalOffice=0&drMonth=7&drYear=2025 (POST form),Reserve Bank of India,2026-09-28
2025,2025-07-05,7,5,186,Monsoon,Srinagar,Jammu & Kashmir,North,Guru Hargobind Jayanti,Sikh,Commemoration,unique,1,1.0,Guru Hargobind Ji’s Birthday,https://www.rbi.org.in/Scripts/HolidayMatrixDisplay.aspx?drRegionalOffice=0&drMonth=7&drYear=2025 (POST form),Reserve Bank of India,2026-09-28
2025,2025-07-14,7,14,195,Monsoon,Shillong,Meghalaya,North-East,Behdienkhlam,Tribal/Indigenous,Religious,unique,1,1.0,Beh Deinkhlam,https://www.rbi.org.in/Scripts/HolidayMatrixDisplay.aspx?drRegionalOffice=0&drMonth=7&drYear=2025 (POST form),Reserve Bank of India,2026-09-28
2025,2025-07-16,7,16,197,Monsoon,Dehradun,Uttarakhand,North,Harela,Hindu,Seasonal,unique,1,1.0,Harela,https://www.rbi.org.in/Scripts/HolidayMatrixDisplay.aspx?drRegionalOffice=0&drMonth=7&drYear=2025 (POST form),Reserve Bank of India,2026-09-28
2025,2025-07-19,7,19,200,Monsoon,Agartala,Tripura,North-East,Ker Puja,Tribal/Indigenous,Religious,unique,1,1.0,Ker Puja,https://www.rbi.org.in/Scripts/HolidayMatrixDisplay.aspx?drRegionalOffice=0&drMonth=7&drYear=2025 (POST form),Reserve Bank of India,2026-09-28
2025,2025-07-28,7,28,209,Monsoon,Gangtok,Sikkim,North-East,Drukpa Tshe-zi,Buddhist,Religious,unique,1,1.0,Drukpa Tshe-zi,https://www.rbi.org.in/Scripts/HolidayMatrixDisplay.aspx?drRegionalOffice=0&drMonth=7&drYear=2025 (POST form),Reserve Bank of India,2026-09-28
2025,2025-08-08,8,8,220,Monsoon,Gangtok,Sikkim,North-East,Tendong Lho Rum Faat,Tribal/Indigenous,Religious,unique,1,1.0,Tendong Lho Rum Faat,https://www.rbi.org.in/Scripts/HolidayMatrixDisplay.aspx?drRegionalOffice=0&drMonth=8&drYear=2025 (POST form),Reserve Bank of India,2026-09-28
2025,2025-08-09,8,9,221,Monsoon,Ahmedabad,Gujarat,West,Raksha Bandhan,Hindu,Religious,unique,1,1.0,Raksha Bandhan/Jhulana Purnima,https://www.rbi.org.in/Scripts/HolidayMatrixDisplay.aspx?drRegionalOffice=0&drMonth=8&drYear=2025 (POST form),Reserve Bank of India,2026-09-28
2025,2025-08-09,8,9,221,Monsoon,Bhopal,Madhya Pradesh,Central,Raksha Bandhan,Hindu,Religious,unique,1,1.0,Raksha Bandhan/Jhulana Purnima,https://www.rbi.org.in/Scripts/HolidayMatrixDisplay.aspx?drRegionalOffice=0&drMonth=8&drYear=2025 (POST form),Reserve Bank of India,2026-09-28
2025,2025-08-09,8,9,221,Monsoon,Bhubaneswar,Odisha,East,Raksha Bandhan,Hindu,Religious,unique,1,1.0,Raksha Bandhan/Jhulana Purnima,https://www.rbi.org.in/Scripts/HolidayMatrixDisplay.aspx?drRegionalOffice=0&drMonth=8&drYear=2025 (POST form),Reserve Bank of India,2026-09-28
2025,2025-08-09,8,9,221,Monsoon,Dehradun,Uttarakhand,North,Raksha Bandhan,Hindu,Religious,unique,1,1.0,Raksha Bandhan/Jhulana Purnima,https://www.rbi.org.in/Scripts/HolidayMatrixDisplay.aspx?drRegionalOffice=0&drMonth=8&drYear=2025 (POST form),Reserve Bank of India,2026-09-28
2025,2025-08-09,8,9,221,Monsoon,Jaipur,Rajasthan,North,Raksha Bandhan,Hindu,Religious,unique,1,1.0,Raksha Bandhan/Jhulana Purnima,https://www.rbi.org.in/Scripts/HolidayMatrixDisplay.aspx?drRegionalOffice=0&drMonth=8&drYear=2025 (POST form),Reserve Bank of India,2026-09-28
2025,2025-08-09,8,9,221,Monsoon,Kanpur,Uttar Pradesh,North,Raksha Bandhan,Hindu,Religious,unique,1,1.0,Raksha Bandhan/Jhulana Purnima,https://www.rbi.org.in/Scripts/HolidayMatrixDisplay.aspx?drRegionalOffice=0&drMonth=8&drYear=2025 (POST form),Reserve Bank of India,2026-09-28
2025,2025-08-09,8,9,221,Monsoon,Lucknow,Uttar Pradesh,North,Raksha Bandhan,Hindu,Religious,unique,1,1.0,Raksha Bandhan/Jhulana Purnima,https://www.rbi.org.in/Scripts/HolidayMatrixDisplay.aspx?drRegionalOffice=0&drMonth=8&drYear=2025 (POST form),Reserve Bank of India,2026-09-28
2025,2025-08-09,8,9,221,Monsoon,Shimla,Himachal Pradesh,North,Raksha Bandhan,Hindu,Religious,unique,1,1.0,Raksha Bandhan/Jhulana Purnima,https://www.rbi.org.in/Scripts/HolidayMatrixDisplay.aspx?drRegionalOffice=0&drMonth=8&drYear=2025 (POST form),Reserve Bank of India,2026-09-28
2025,2025-08-15,8,15,227,Monsoon,Agartala,Tripura,North-East,Janmashtami,Hindu,Religious,shared_date,3,0.3333333333333333,Independence Day/Parsi New Year (Shahenshahi)/Janmashtami,https://www.rbi.org.in/Scripts/HolidayMatrixDisplay.aspx?drRegionalOffice=0&drMonth=8&drYear=2025 (POST form),Reserve Bank of India,2026-09-28
2025,2025-08-15,8,15,227,Monsoon,Agartala,Tripura,North-East,"Parsi New Year (Navroz, Shahenshahi)",Parsi,New Year,shared_date,3,0.3333333333333333,Independence Day/Parsi New Year (Shahenshahi)/Janmashtami,https://www.rbi.org.in/Scripts/HolidayMatrixDisplay.aspx?drRegionalOffice=0&drMonth=8&drYear=2025 (POST form),Reserve Bank of India,2026-09-28
2025,2025-08-15,8,15,227,Monsoon,Ahmedabad,Gujarat,West,Janmashtami,Hindu,Religious,shared_date,3,0.3333333333333333,Independence Day/Parsi New Year (Shahenshahi)/Janmashtami,https://www.rbi.org.in/Scripts/HolidayMatrixDisplay.aspx?drRegionalOffice=0&drMonth=8&drYear=2025 (POST form),Reserve Bank of India,2026-09-28
2025,2025-08-15,8,15,227,Monsoon,Ahmedabad,Gujarat,West,"Parsi New Year (Navroz, Shahenshahi)",Parsi,New Year,shared_date,3,0.3333333333333333,Independence Day/Parsi New Year (Shahenshahi)/Janmashtami,https://www.rbi.org.in/Scripts/HolidayMatrixDisplay.aspx?drRegionalOffice=0&drMonth=8&drYear=2025 (POST form),Reserve Bank of India,2026-09-28
2025,2025-08-15,8,15,227,Monsoon,Aizawl,Mizoram,North-East,Janmashtami,Hindu,Religious,shared_date,3,0.3333333333333333,Independence Day/Parsi New Year (Shahenshahi)/Janmashtami,https://www.rbi.org.in/Scripts/HolidayMatrixDisplay.aspx?drRegionalOffice=0&drMonth=8&drYear=2025 (POST form),Reserve Bank of India,2026-09-28
2025,2025-08-15,8,15,227,Monsoon,Aizawl,Mizoram,North-East,"Parsi New Year (Navroz, Shahenshahi)",Parsi,New Year,shared_date,3,0.3333333333333333,Independence Day/Parsi New Year (Shahenshahi)/Janmashtami,https://www.rbi.org.in/Scripts/HolidayMatrixDisplay.aspx?drRegionalOffice=0&drMonth=8&drYear=2025 (POST form),Reserve Bank of India,2026-09-28
2025,2025-08-15,8,15,227,Monsoon,Belapur,Maharashtra,West,Janmashtami,Hindu,Religious,shared_date,3,0.3333333333333333,Independence Day/Parsi New Year (Shahenshahi)/Janmashtami,https://www.rbi.org.in/Scripts/HolidayMatrixDisplay.aspx?drRegionalOffice=0&drMonth=8&drYear=2025 (POST form),Reserve Bank of India,2026-09-28
2025,2025-08-15,8,15,227,Monsoon,Belapur,Maharashtra,West,"Parsi New Year (Navroz, Shahenshahi)",Parsi,New Year,shared_date,3,0.3333333333333333,Independence Day/Parsi New Year (Shahenshahi)/Janmashtami,https://www.rbi.org.in/Scripts/HolidayMatrixDisplay.aspx?drRegionalOffice=0&drMonth=8&drYear=2025 (POST form),Reserve Bank of India,2026-09-28
2025,2025-08-15,8,15,227,Monsoon,Bengaluru,Karnataka,South,Janmashtami,Hindu,Religious,shared_date,3,0.3333333333333333,Independence Day/Parsi New Year (Shahenshahi)/Janmashtami,https://www.rbi.org.in/Scripts/HolidayMatrixDisplay.aspx?drRegionalOffice=0&drMonth=8&drYear=2025 (POST form),Reserve Bank of India,2026-09-28
2025,2025-08-15,8,15,227,Monsoon,Bengaluru,Karnataka,South,"Parsi New Year (Navroz, Shahenshahi)",Parsi,New Year,shared_date,3,0.3333333333333333,Independence Day/Parsi New Year (Shahenshahi)/Janmashtami,https://www.rbi.org.in/Scripts/HolidayMatrixDisplay.aspx?drRegionalOffice=0&drMonth=8&drYear=2025 (POST form),Reserve Bank of India,2026-09-28
2025,2025-08-15,8,15,227,Monsoon,Bhopal,Madhya Pradesh,Central,Janmashtami,Hindu,Religious,shared_date,3,0.3333333333333333,Independence Day/Parsi New Year (Shahenshahi)/Janmashtami,https://www.rbi.org.in/Scripts/HolidayMatrixDisplay.aspx?drRegionalOffice=0&drMonth=8&drYear=2025 (POST form),Reserve Bank of India,2026-09-28
2025,2025-08-15,8,15,227,Monsoon,Bhopal,Madhya Pradesh,Central,"Parsi New Year (Navroz, Shahenshahi)",Parsi,New Year,shared_date,3,0.3333333333333333,Independence Day/Parsi New Year (Shahenshahi)/Janmashtami,https://www.rbi.org.in/Scripts/HolidayMatrixDisplay.aspx?drRegionalOffice=0&drMonth=8&drYear=2025 (POST form),Reserve Bank of India,2026-09-28
2025,2025-08-15,8,15,227,Monsoon,Bhubaneswar,Odisha,East,Janmashtami,Hindu,Religious,shared_date,3,0.3333333333333333,Independence Day/Parsi New Year (Shahenshahi)/Janmashtami,https://www.rbi.org.in/Scripts/HolidayMatrixDisplay.aspx?drRegionalOffice=0&drMonth=8&drYear=2025 (POST form),Reserve Bank of India,2026-09-28
2025,2025-08-15,8,15,227,Monsoon,Bhubaneswar,Odisha,East,"Parsi New Year (Navroz, Shahenshahi)",Parsi,New Year,shared_date,3,0.3333333333333333,Independence Day/Parsi New Year (Shahenshahi)/Janmashtami,https://www.rbi.org.in/Scripts/HolidayMatrixDisplay.aspx?drRegionalOffice=0&drMonth=8&drYear=2025 (POST form),Reserve Bank of India,2026-09-28
2025,2025-08-15,8,15,227,Monsoon,Chandigarh,Punjab-Haryana-Chandigarh,North,Janmashtami,Hindu,Religious,shared_date,3,0.3333333333333333,Independence Day/Parsi New Year (Shahenshahi)/Janmashtami,https://www.rbi.org.in/Scripts/HolidayMatrixDisplay.aspx?drRegionalOffice=0&drMonth=8&drYear=2025 (POST form),Reserve Bank of India,2026-09-28
2025,2025-08-15,8,15,227,Monsoon,Chandigarh,Punjab-Haryana-Chandigarh,North,"Parsi New Year (Navroz, Shahenshahi)",Parsi,New Year,shared_date,3,0.3333333333333333,Independence Day/Parsi New Year (Shahenshahi)/Janmashtami,https://www.rbi.org.in/Scripts/HolidayMatrixDisplay.aspx?drRegionalOffice=0&drMonth=8&drYear=2025 (POST form),Reserve Bank of India,2026-09-28
2025,2025-08-15,8,15,227,Monsoon,Chennai,Tamil Nadu,South,Janmashtami,Hindu,Religious,shared_date,3,0.3333333333333333,Independence Day/Parsi New Year (Shahenshahi)/Janmashtami,https://www.rbi.org.in/Scripts/HolidayMatrixDisplay.aspx?drRegionalOffice=0&drMonth=8&drYear=2025 (POST form),Reserve Bank of India,2026-09-28
2025,2025-08-15,8,15,227,Monsoon,Chennai,Tamil Nadu,South,"Parsi New Year (Navroz, Shahenshahi)",Parsi,New Year,shared_date,3,0.3333333333333333,Independence Day/Parsi New Year (Shahenshahi)/Janmashtami,https://www.rbi.org.in/Scripts/HolidayMatrixDisplay.aspx?drRegionalOffice=0&drMonth=8&drYear=2025 (POST form),Reserve Bank of India,2026-09-28
2025,2025-08-15,8,15,227,Monsoon,Dehradun,Uttarakhand,North,Janmashtami,Hindu,Religious,shared_date,3,0.3333333333333333,Independence Day/Parsi New Year (Shahenshahi)/Janmashtami,https://www.rbi.org.in/Scripts/HolidayMatrixDisplay.aspx?drRegionalOffice=0&drMonth=8&drYear=2025 (POST form),Reserve Bank of India,2026-09-28
2025,2025-08-15,8,15,227,Monsoon,Dehradun,Uttarakhand,North,"Parsi New Year (Navroz, Shahenshahi)",Parsi,New Year,shared_date,3,0.3333333333333333,Independence Day/Parsi New Year (Shahenshahi)/Janmashtami,https://www.rbi.org.in/Scripts/HolidayMatrixDisplay.aspx?drRegionalOffice=0&drMonth=8&drYear=2025 (POST form),Reserve Bank of India,2026-09-28
2025,2025-08-15,8,15,227,Monsoon,Gangtok,Sikkim,North-East,Janmashtami,Hindu,Religious,shared_date,3,0.3333333333333333,Independence Day/Parsi New Year (Shahenshahi)/Janmashtami,https://www.rbi.org.in/Scripts/HolidayMatrixDisplay.aspx?drRegionalOffice=0&drMonth=8&drYear=2025 (POST form),Reserve Bank of India,2026-09-28
2025,2025-08-15,8,15,227,Monsoon,Gangtok,Sikkim,North-East,"Parsi New Year (Navroz, Shahenshahi)",Parsi,New Year,shared_date,3,0.3333333333333333,Independence Day/Parsi New Year (Shahenshahi)/Janmashtami,https://www.rbi.org.in/Scripts/HolidayMatrixDisplay.aspx?drRegionalOffice=0&drMonth=8&drYear=2025 (POST form),Reserve Bank of India,2026-09-28
2025,2025-08-15,8,15,227,Monsoon,Guwahati,Assam,North-East,Janmashtami,Hindu,Religious,shared_date,3,0.3333333333333333,Independence Day/Parsi New Year (Shahenshahi)/Janmashtami,https://www.rbi.org.in/Scripts/HolidayMatrixDisplay.aspx?drRegionalOffice=0&drMonth=8&drYear=2025 (POST form),Reserve Bank of India,2026-09-28
2025,2025-08-15,8,15,227,Monsoon,Guwahati,Assam,North-East,"Parsi New Year (Navroz, Shahenshahi)",Parsi,New Year,shared_date,3,0.3333333333333333,Independence Day/Parsi New Year (Shahenshahi)/Janmashtami,https://www.rbi.org.in/Scripts/HolidayMatrixDisplay.aspx?drRegionalOffice=0&drMonth=8&drYear=2025 (POST form),Reserve Bank of India,2026-09-28
2025,2025-08-15,8,15,227,Monsoon,Hyderabad,Telangana,South,Janmashtami,Hindu,Religious,shared_date,3,0.3333333333333333,Independence Day/Parsi New Year (Shahenshahi)/Janmashtami,https://www.rbi.org.in/Scripts/HolidayMatrixDisplay.aspx?drRegionalOffice=0&drMonth=8&drYear=2025 (POST form),Reserve Bank of India,2026-09-28
2025,2025-08-15,8,15,227,Monsoon,Hyderabad,Telangana,South,"Parsi New Year (Navroz, Shahenshahi)",Parsi,New Year,shared_date,3,0.3333333333333333,Independence Day/Parsi New Year (Shahenshahi)/Janmashtami,https://www.rbi.org.in/Scripts/HolidayMatrixDisplay.aspx?drRegionalOffice=0&drMonth=8&drYear=2025 (POST form),Reserve Bank of India,2026-09-28
2025,2025-08-15,8,15,227,Monsoon,Imphal,Manipur,North-East,Janmashtami,Hindu,Religious,shared_date,3,0.3333333333333333,Independence Day/Parsi New Year (Shahenshahi)/Janmashtami,https://www.rbi.org.in/Scripts/HolidayMatrixDisplay.aspx?drRegionalOffice=0&drMonth=8&drYear=2025 (POST form),Reserve Bank of India,2026-09-28
2025,2025-08-15,8,15,227,Monsoon,Imphal,Manipur,North-East,"Parsi New Year (Navroz, Shahenshahi)",Parsi,New Year,shared_date,3,0.3333333333333333,Independence Day/Parsi New Year (Shahenshahi)/Janmashtami,https://www.rbi.org.in/Scripts/HolidayMatrixDisplay.aspx?drRegionalOffice=0&drMonth=8&drYear=2025 (POST form),Reserve Bank of India,2026-09-28
2025,2025-08-15,8,15,227,Monsoon,Itanagar,Arunachal Pradesh,North-East,Janmashtami,Hindu,Religious,shared_date,3,0.3333333333333333,Independence Day/Parsi New Year (Shahenshahi)/Janmashtami,https://www.rbi.org.in/Scripts/HolidayMatrixDisplay.aspx?drRegionalOffice=0&drMonth=8&drYear=2025 (POST form),Reserve Bank of India,2026-09-28
2025,2025-08-15,8,15,227,Monsoon,Itanagar,Arunachal Pradesh,North-East,"Parsi New Year (Navroz, Shahenshahi)",Parsi,New Year,shared_date,3,0.3333333333333333,Independence Day/Parsi New Year (Shahenshahi)/Janmashtami,https://www.rbi.org.in/Scripts/HolidayMatrixDisplay.aspx?drRegionalOffice=0&drMonth=8&drYear=2025 (POST form),Reserve Bank of India,2026-09-28
2025,2025-08-15,8,15,227,Monsoon,Jaipur,Rajasthan,North,Janmashtami,Hindu,Religious,shared_date,3,0.3333333333333333,Independence Day/Parsi New Year (Shahenshahi)/Janmashtami,https://www.rbi.org.in/Scripts/HolidayMatrixDisplay.aspx?drRegionalOffice=0&drMonth=8&drYear=2025 (POST form),Reserve Bank of India,2026-09-28
2025,2025-08-15,8,15,227,Monsoon,Jaipur,Rajasthan,North,"Parsi New Year (Navroz, Shahenshahi)",Parsi,New Year,shared_date,3,0.3333333333333333,Independence Day/Parsi New Year (Shahenshahi)/Janmashtami,https://www.rbi.org.in/Scripts/HolidayMatrixDisplay.aspx?drRegionalOffice=0&drMonth=8&drYear=2025 (POST form),Reserve Bank of India,2026-09-28
2025,2025-08-15,8,15,227,Monsoon,Jammu,Jammu & Kashmir,North,Janmashtami,Hindu,Religious,shared_date,3,0.3333333333333333,Independence Day/Parsi New Year (Shahenshahi)/Janmashtami,https://www.rbi.org.in/Scripts/HolidayMatrixDisplay.aspx?drRegionalOffice=0&drMonth=8&drYear=2025 (POST form),Reserve Bank of India,2026-09-28
2025,2025-08-15,8,15,227,Monsoon,Jammu,Jammu & Kashmir,North,"Parsi New Year (Navroz, Shahenshahi)",Parsi,New Year,shared_date,3,0.3333333333333333,Independence Day/Parsi New Year (Shahenshahi)/Janmashtami,https://www.rbi.org.in/Scripts/HolidayMatrixDisplay.aspx?drRegionalOffice=0&drMonth=8&drYear=2025 (POST form),Reserve Bank of India,2026-09-28
2025,2025-08-15,8,15,227,Monsoon,Kanpur,Uttar Pradesh,North,Janmashtami,Hindu,Religious,shared_date,3,0.3333333333333333,Independence Day/Parsi New Year (Shahenshahi)/Janmashtami,https://www.rbi.org.in/Scripts/HolidayMatrixDisplay.aspx?drRegionalOffice=0&drMonth=8&drYear=2025 (POST form),Reserve Bank of India,2026-09-28
2025,2025-08-15,8,15,227,Monsoon,Kanpur,Uttar Pradesh,North,"Parsi New Year (Navroz, Shahenshahi)",Parsi,New Year,shared_date,3,0.3333333333333333,Independence Day/Parsi New Year (Shahenshahi)/Janmashtami,https://www.rbi.org.in/Scripts/HolidayMatrixDisplay.aspx?drRegionalOffice=0&drMonth=8&drYear=2025 (POST form),Reserve Bank of India,2026-09-28
2025,2025-08-15,8,15,227,Monsoon,Kochi,Kerala,South,Janmashtami,Hindu,Religious,shared_date,3,0.3333333333333333,Independence Day/Parsi New Year (Shahenshahi)/Janmashtami,https://www.rbi.org.in/Scripts/HolidayMatrixDisplay.aspx?drRegionalOffice=0&drMonth=8&drYear=2025 (POST form),Reserve Bank of India,2026-09-28
2025,2025-08-15,8,15,227,Monsoon,Kochi,Kerala,South,"Parsi New Year (Navroz, Shahenshahi)",Parsi,New Year,shared_date,3,0.3333333333333333,Independence Day/Parsi New Year (Shahenshahi)/Janmashtami,https://www.rbi.org.in/Scripts/HolidayMatrixDisplay.aspx?drRegionalOffice=0&drMonth=8&drYear=2025 (POST form),Reserve Bank of India,2026-09-28
2025,2025-08-15,8,15,227,Monsoon,Kohima,Nagaland,North-East,Janmashtami,Hindu,Religious,shared_date,3,0.3333333333333333,Independence Day/Parsi New Year (Shahenshahi)/Janmashtami,https://www.rbi.org.in/Scripts/HolidayMatrixDisplay.aspx?drRegionalOffice=0&drMonth=8&drYear=2025 (POST form),Reserve Bank of India,2026-09-28
2025,2025-08-15,8,15,227,Monsoon,Kohima,Nagaland,North-East,"Parsi New Year (Navroz, Shahenshahi)",Parsi,New Year,shared_date,3,0.3333333333333333,Independence Day/Parsi New Year (Shahenshahi)/Janmashtami,https://www.rbi.org.in/Scripts/HolidayMatrixDisplay.aspx?drRegionalOffice=0&drMonth=8&drYear=2025 (POST form),Reserve Bank of India,2026-09-28
2025,2025-08-15,8,15,227,Monsoon,Kolkata,West Bengal,East,Janmashtami,Hindu,Religious,shared_date,3,0.3333333333333333,Independence Day/Parsi New Year (Shahenshahi)/Janmashtami,https://www.rbi.org.in/Scripts/HolidayMatrixDisplay.aspx?drRegionalOffice=0&drMonth=8&drYear=2025 (POST form),Reserve Bank of India,2026-09-28
2025,2025-08-15,8,15,227,Monsoon,Kolkata,West Bengal,East,"Parsi New Year (Navroz, Shahenshahi)",Parsi,New Year,shared_date,3,0.3333333333333333,Independence Day/Parsi New Year (Shahenshahi)/Janmashtami,https://www.rbi.org.in/Scripts/HolidayMatrixDisplay.aspx?drRegionalOffice=0&drMonth=8&drYear=2025 (POST form),Reserve Bank of India,2026-09-28
2025,2025-08-15,8,15,227,Monsoon,Lucknow,Uttar Pradesh,North,Janmashtami,Hindu,Religious,shared_date,3,0.3333333333333333,Independence Day/Parsi New Year (Shahenshahi)/Janmashtami,https://www.rbi.org.in/Scripts/HolidayMatrixDisplay.aspx?drRegionalOffice=0&drMonth=8&drYear=2025 (POST form),Reserve Bank of India,2026-09-28
2025,2025-08-15,8,15,227,Monsoon,Lucknow,Uttar Pradesh,North,"Parsi New Year (Navroz, Shahenshahi)",Parsi,New Year,shared_date,3,0.3333333333333333,Independence Day/Parsi New Year (Shahenshahi)/Janmashtami,https://www.rbi.org.in/Scripts/HolidayMatrixDisplay.aspx?drRegionalOffice=0&drMonth=8&drYear=2025 (POST form),Reserve Bank of India,2026-09-28
2025,2025-08-15,8,15,227,Monsoon,Mumbai,Maharashtra,West,Janmashtami,Hindu,Religious,shared_date,3,0.3333333333333333,Independence Day/Parsi New Year (Shahenshahi)/Janmashtami,https://www.rbi.org.in/Scripts/HolidayMatrixDisplay.aspx?drRegionalOffice=0&drMonth=8&drYear=2025 (POST form),Reserve Bank of India,2026-09-28
2025,2025-08-15,8,15,227,Monsoon,Mumbai,Maharashtra,West,"Parsi New Year (Navroz, Shahenshahi)",Parsi,New Year,shared_date,3,0.3333333333333333,Independence Day/Parsi New Year (Shahenshahi)/Janmashtami,https://www.rbi.org.in/Scripts/HolidayMatrixDisplay.aspx?drRegionalOffice=0&drMonth=8&drYear=2025 (POST form),Reserve Bank of India,2026-09-28
2025,2025-08-15,8,15,227,Monsoon,Nagpur,Maharashtra,West,Janmashtami,Hindu,Religious,shared_date,3,0.3333333333333333,Independence Day/Parsi New Year (Shahenshahi)/Janmashtami,https://www.rbi.org.in/Scripts/HolidayMatrixDisplay.aspx?drRegionalOffice=0&drMonth=8&drYear=2025 (POST form),Reserve Bank of India,2026-09-28
2025,2025-08-15,8,15,227,Monsoon,Nagpur,Maharashtra,West,"Parsi New Year (Navroz, Shahenshahi)",Parsi,New Year,shared_date,3,0.3333333333333333,Independence Day/Parsi New Year (Shahenshahi)/Janmashtami,https://www.rbi.org.in/Scripts/HolidayMatrixDisplay.aspx?drRegionalOffice=0&drMonth=8&drYear=2025 (POST form),Reserve Bank of India,2026-09-28
2025,2025-08-15,8,15,227,Monsoon,New Delhi,Delhi,North,Janmashtami,Hindu,Religious,shared_date,3,0.3333333333333333,Independence Day/Parsi New Year (Shahenshahi)/Janmashtami,https://www.rbi.org.in/Scripts/HolidayMatrixDisplay.aspx?drRegionalOffice=0&drMonth=8&drYear=2025 (POST form),Reserve Bank of India,2026-09-28
2025,2025-08-15,8,15,227,Monsoon,New Delhi,Delhi,North,"Parsi New Year (Navroz, Shahenshahi)",Parsi,New Year,shared_date,3,0.3333333333333333,Independence Day/Parsi New Year (Shahenshahi)/Janmashtami,https://www.rbi.org.in/Scripts/HolidayMatrixDisplay.aspx?drRegionalOffice=0&drMonth=8&drYear=2025 (POST form),Reserve Bank of India,2026-09-28
2025,2025-08-15,8,15,227,Monsoon,Panaji,Goa,West,Janmashtami,Hindu,Religious,shared_date,3,0.3333333333333333,Independence Day/Parsi New Year (Shahenshahi)/Janmashtami,https://www.rbi.org.in/Scripts/HolidayMatrixDisplay.aspx?drRegionalOffice=0&drMonth=8&drYear=2025 (POST form),Reserve Bank of India,2026-09-28
2025,2025-08-15,8,15,227,Monsoon,Panaji,Goa,West,"Parsi New Year (Navroz, Shahenshahi)",Parsi,New Year,shared_date,3,0.3333333333333333,Independence Day/Parsi New Year (Shahenshahi)/Janmashtami,https://www.rbi.org.in/Scripts/HolidayMatrixDisplay.aspx?drRegionalOffice=0&drMonth=8&drYear=2025 (POST form),Reserve Bank of India,2026-09-28
2025,2025-08-15,8,15,227,Monsoon,Patna,Bihar,East,Janmashtami,Hindu,Religious,shared_date,3,0.3333333333333333,Independence Day/Parsi New Year (Shahenshahi)/Janmashtami,https://www.rbi.org.in/Scripts/HolidayMatrixDisplay.aspx?drRegionalOffice=0&drMonth=8&drYear=2025 (POST form),Reserve Bank of India,2026-09-28
2025,2025-08-15,8,15,227,Monsoon,Patna,Bihar,East,"Parsi New Year (Navroz, Shahenshahi)",Parsi,New Year,shared_date,3,0.3333333333333333,Independence Day/Parsi New Year (Shahenshahi)/Janmashtami,https://www.rbi.org.in/Scripts/HolidayMatrixDisplay.aspx?drRegionalOffice=0&drMonth=8&drYear=2025 (POST form),Reserve Bank of India,2026-09-28
2025,2025-08-15,8,15,227,Monsoon,Raipur,Chhattisgarh,Central,Janmashtami,Hindu,Religious,shared_date,3,0.3333333333333333,Independence Day/Parsi New Year (Shahenshahi)/Janmashtami,https://www.rbi.org.in/Scripts/HolidayMatrixDisplay.aspx?drRegionalOffice=0&drMonth=8&drYear=2025 (POST form),Reserve Bank of India,2026-09-28
2025,2025-08-15,8,15,227,Monsoon,Raipur,Chhattisgarh,Central,"Parsi New Year (Navroz, Shahenshahi)",Parsi,New Year,shared_date,3,0.3333333333333333,Independence Day/Parsi New Year (Shahenshahi)/Janmashtami,https://www.rbi.org.in/Scripts/HolidayMatrixDisplay.aspx?drRegionalOffice=0&drMonth=8&drYear=2025 (POST form),Reserve Bank of India,2026-09-28
2025,2025-08-15,8,15,227,Monsoon,Ranchi,Jharkhand,East,Janmashtami,Hindu,Religious,shared_date,3,0.3333333333333333,Independence Day/Parsi New Year (Shahenshahi)/Janmashtami,https://www.rbi.org.in/Scripts/HolidayMatrixDisplay.aspx?drRegionalOffice=0&drMonth=8&drYear=2025 (POST form),Reserve Bank of India,2026-09-28
2025,2025-08-15,8,15,227,Monsoon,Ranchi,Jharkhand,East,"Parsi New Year (Navroz, Shahenshahi)",Parsi,New Year,shared_date,3,0.3333333333333333,Independence Day/Parsi New Year (Shahenshahi)/Janmashtami,https://www.rbi.org.in/Scripts/HolidayMatrixDisplay.aspx?drRegionalOffice=0&drMonth=8&drYear=2025 (POST form),Reserve Bank of India,2026-09-28
2025,2025-08-15,8,15,227,Monsoon,Shillong,Meghalaya,North-East,Janmashtami,Hindu,Religious,shared_date,3,0.3333333333333333,Independence Day/Parsi New Year (Shahenshahi)/Janmashtami,https://www.rbi.org.in/Scripts/HolidayMatrixDisplay.aspx?drRegionalOffice=0&drMonth=8&drYear=2025 (POST form),Reserve Bank of India,2026-09-28
2025,2025-08-15,8,15,227,Monsoon,Shillong,Meghalaya,North-East,"Parsi New Year (Navroz, Shahenshahi)",Parsi,New Year,shared_date,3,0.3333333333333333,Independence Day/Parsi New Year (Shahenshahi)/Janmashtami,https://www.rbi.org.in/Scripts/HolidayMatrixDisplay.aspx?drRegionalOffice=0&drMonth=8&drYear=2025 (POST form),Reserve Bank of India,2026-09-28
2025,2025-08-15,8,15,227,Monsoon,Shimla,Himachal Pradesh,North,Janmashtami,Hindu,Religious,shared_date,3,0.3333333333333333,Independence Day/Parsi New Year (Shahenshahi)/Janmashtami,https://www.rbi.org.in/Scripts/HolidayMatrixDisplay.aspx?drRegionalOffice=0&drMonth=8&drYear=2025 (POST form),Reserve Bank of India,2026-09-28
2025,2025-08-15,8,15,227,Monsoon,Shimla,Himachal Pradesh,North,"Parsi New Year (Navroz, Shahenshahi)",Parsi,New Year,shared_date,3,0.3333333333333333,Independence Day/Parsi New Year (Shahenshahi)/Janmashtami,https://www.rbi.org.in/Scripts/HolidayMatrixDisplay.aspx?drRegionalOffice=0&drMonth=8&drYear=2025 (POST form),Reserve Bank of India,2026-09-28
2025,2025-08-15,8,15,227,Monsoon,Srinagar,Jammu & Kashmir,North,Janmashtami,Hindu,Religious,shared_date,3,0.3333333333333333,Independence Day/Parsi New Year (Shahenshahi)/Janmashtami,https://www.rbi.org.in/Scripts/HolidayMatrixDisplay.aspx?drRegionalOffice=0&drMonth=8&drYear=2025 (POST form),Reserve Bank of India,2026-09-28
2025,2025-08-15,8,15,227,Monsoon,Srinagar,Jammu & Kashmir,North,"Parsi New Year (Navroz, Shahenshahi)",Parsi,New Year,shared_date,3,0.3333333333333333,Independence Day/Parsi New Year (Shahenshahi)/Janmashtami,https://www.rbi.org.in/Scripts/HolidayMatrixDisplay.aspx?drRegionalOffice=0&drMonth=8&drYear=2025 (POST form),Reserve Bank of India,2026-09-28
2025,2025-08-15,8,15,227,Monsoon,Thiruvananthapuram,Kerala,South,Janmashtami,Hindu,Religious,shared_date,3,0.3333333333333333,Independence Day/Parsi New Year (Shahenshahi)/Janmashtami,https://www.rbi.org.in/Scripts/HolidayMatrixDisplay.aspx?drRegionalOffice=0&drMonth=8&drYear=2025 (POST form),Reserve Bank of India,2026-09-28
2025,2025-08-15,8,15,227,Monsoon,Thiruvananthapuram,Kerala,South,"Parsi New Year (Navroz, Shahenshahi)",Parsi,New Year,shared_date,3,0.3333333333333333,Independence Day/Parsi New Year (Shahenshahi)/Janmashtami,https://www.rbi.org.in/Scripts/HolidayMatrixDisplay.aspx?drRegionalOffice=0&drMonth=8&drYear=2025 (POST form),Reserve Bank of India,2026-09-28
2025,2025-08-15,8,15,227,Monsoon,Vijayawada,Andhra Pradesh,South,Janmashtami,Hindu,Religious,shared_date,3,0.3333333333333333,Independence Day/Parsi New Year (Shahenshahi)/Janmashtami,https://www.rbi.org.in/Scripts/HolidayMatrixDisplay.aspx?drRegionalOffice=0&drMonth=8&drYear=2025 (POST form),Reserve Bank of India,2026-09-28
2025,2025-08-15,8,15,227,Monsoon,Vijayawada,Andhra Pradesh,South,"Parsi New Year (Navroz, Shahenshahi)",Parsi,New Year,shared_date,3,0.3333333333333333,Independence Day/Parsi New Year (Shahenshahi)/Janmashtami,https://www.rbi.org.in/Scripts/HolidayMatrixDisplay.aspx?drRegionalOffice=0&drMonth=8&drYear=2025 (POST form),Reserve Bank of India,2026-09-28
2025,2025-08-16,8,16,228,Monsoon,Ahmedabad,Gujarat,West,Janmashtami,Hindu,Religious,unique,1,1.0,Janmashtami (Shravan Vad-8)/Krishna Jayanthi,https://www.rbi.org.in/Scripts/HolidayMatrixDisplay.aspx?drRegionalOffice=0&drMonth=8&drYear=2025 (POST form),Reserve Bank of India,2026-09-28
2025,2025-08-16,8,16,228,Monsoon,Aizawl,Mizoram,North-East,Janmashtami,Hindu,Religious,unique,1,1.0,Janmashtami (Shravan Vad-8)/Krishna Jayanthi,https://www.rbi.org.in/Scripts/HolidayMatrixDisplay.aspx?drRegionalOffice=0&drMonth=8&drYear=2025 (POST form),Reserve Bank of India,2026-09-28
2025,2025-08-16,8,16,228,Monsoon,Bhopal,Madhya Pradesh,Central,Janmashtami,Hindu,Religious,unique,1,1.0,Janmashtami (Shravan Vad-8)/Krishna Jayanthi,https://www.rbi.org.in/Scripts/HolidayMatrixDisplay.aspx?drRegionalOffice=0&drMonth=8&drYear=2025 (POST form),Reserve Bank of India,2026-09-28
2025,2025-08-16,8,16,228,Monsoon,Chandigarh,Punjab-Haryana-Chandigarh,North,Janmashtami,Hindu,Religious,unique,1,1.0,Janmashtami (Shravan Vad-8)/Krishna Jayanthi,https://www.rbi.org.in/Scripts/HolidayMatrixDisplay.aspx?drRegionalOffice=0&drMonth=8&drYear=2025 (POST form),Reserve Bank of India,2026-09-28
2025,2025-08-16,8,16,228,Monsoon,Chennai,Tamil Nadu,South,Janmashtami,Hindu,Religious,unique,1,1.0,Janmashtami (Shravan Vad-8)/Krishna Jayanthi,https://www.rbi.org.in/Scripts/HolidayMatrixDisplay.aspx?drRegionalOffice=0&drMonth=8&drYear=2025 (POST form),Reserve Bank of India,2026-09-28
2025,2025-08-16,8,16,228,Monsoon,Dehradun,Uttarakhand,North,Janmashtami,Hindu,Religious,unique,1,1.0,Janmashtami (Shravan Vad-8)/Krishna Jayanthi,https://www.rbi.org.in/Scripts/HolidayMatrixDisplay.aspx?drRegionalOffice=0&drMonth=8&drYear=2025 (POST form),Reserve Bank of India,2026-09-28
2025,2025-08-16,8,16,228,Monsoon,Gangtok,Sikkim,North-East,Janmashtami,Hindu,Religious,unique,1,1.0,Janmashtami (Shravan Vad-8)/Krishna Jayanthi,https://www.rbi.org.in/Scripts/HolidayMatrixDisplay.aspx?drRegionalOffice=0&drMonth=8&drYear=2025 (POST form),Reserve Bank of India,2026-09-28
2025,2025-08-16,8,16,228,Monsoon,Hyderabad,Telangana,South,Janmashtami,Hindu,Religious,unique,1,1.0,Janmashtami (Shravan Vad-8)/Krishna Jayanthi,https://www.rbi.org.in/Scripts/HolidayMatrixDisplay.aspx?drRegionalOffice=0&drMonth=8&drYear=2025 (POST form),Reserve Bank of India,2026-09-28
2025,2025-08-16,8,16,228,Monsoon,Jaipur,Rajasthan,North,Janmashtami,Hindu,Religious,unique,1,1.0,Janmashtami (Shravan Vad-8)/Krishna Jayanthi,https://www.rbi.org.in/Scripts/HolidayMatrixDisplay.aspx?drRegionalOffice=0&drMonth=8&drYear=2025 (POST form),Reserve Bank of India,2026-09-28
2025,2025-08-16,8,16,228,Monsoon,Jammu,Jammu & Kashmir,North,Janmashtami,Hindu,Religious,unique,1,1.0,Janmashtami (Shravan Vad-8)/Krishna Jayanthi,https://www.rbi.org.in/Scripts/HolidayMatrixDisplay.aspx?drRegionalOffice=0&drMonth=8&drYear=2025 (POST form),Reserve Bank of India,2026-09-28
2025,2025-08-16,8,16,228,Monsoon,Kanpur,Uttar Pradesh,North,Janmashtami,Hindu,Religious,unique,1,1.0,Janmashtami (Shravan Vad-8)/Krishna Jayanthi,https://www.rbi.org.in/Scripts/HolidayMatrixDisplay.aspx?drRegionalOffice=0&drMonth=8&drYear=2025 (POST form),Reserve Bank of India,2026-09-28
2025,2025-08-16,8,16,228,Monsoon,Kolkata,West Bengal,East,Janmashtami,Hindu,Religious,unique,1,1.0,Janmashtami (Shravan Vad-8)/Krishna Jayanthi,https://www.rbi.org.in/Scripts/HolidayMatrixDisplay.aspx?drRegionalOffice=0&drMonth=8&drYear=2025 (POST form),Reserve Bank of India,2026-09-28
2025,2025-08-16,8,16,228,Monsoon,Lucknow,Uttar Pradesh,North,Janmashtami,Hindu,Religious,unique,1,1.0,Janmashtami (Shravan Vad-8)/Krishna Jayanthi,https://www.rbi.org.in/Scripts/HolidayMatrixDisplay.aspx?drRegionalOffice=0&drMonth=8&drYear=2025 (POST form),Reserve Bank of India,2026-09-28
2025,2025-08-16,8,16,228,Monsoon,Patna,Bihar,East,Janmashtami,Hindu,Religious,unique,1,1.0,Janmashtami (Shravan Vad-8)/Krishna Jayanthi,https://www.rbi.org.in/Scripts/HolidayMatrixDisplay.aspx?drRegionalOffice=0&drMonth=8&drYear=2025 (POST form),Reserve Bank of India,2026-09-28
2025,2025-08-16,8,16,228,Monsoon,Raipur,Chhattisgarh,Central,Janmashtami,Hindu,Religious,unique,1,1.0,Janmashtami (Shravan Vad-8)/Krishna Jayanthi,https://www.rbi.org.in/Scripts/HolidayMatrixDisplay.aspx?drRegionalOffice=0&drMonth=8&drYear=2025 (POST form),Reserve Bank of India,2026-09-28
2025,2025-08-16,8,16,228,Monsoon,Ranchi,Jharkhand,East,Janmashtami,Hindu,Religious,unique,1,1.0,Janmashtami (Shravan Vad-8)/Krishna Jayanthi,https://www.rbi.org.in/Scripts/HolidayMatrixDisplay.aspx?drRegionalOffice=0&drMonth=8&drYear=2025 (POST form),Reserve Bank of India,2026-09-28
2025,2025-08-16,8,16,228,Monsoon,Shillong,Meghalaya,North-East,Janmashtami,Hindu,Religious,unique,1,1.0,Janmashtami (Shravan Vad-8)/Krishna Jayanthi,https://www.rbi.org.in/Scripts/HolidayMatrixDisplay.aspx?drRegionalOffice=0&drMonth=8&drYear=2025 (POST form),Reserve Bank of India,2026-09-28
2025,2025-08-16,8,16,228,Monsoon,Srinagar,Jammu & Kashmir,North,Janmashtami,Hindu,Religious,unique,1,1.0,Janmashtami (Shravan Vad-8)/Krishna Jayanthi,https://www.rbi.org.in/Scripts/HolidayMatrixDisplay.aspx?drRegionalOffice=0&drMonth=8&drYear=2025 (POST form),Reserve Bank of India,2026-09-28
2025,2025-08-16,8,16,228,Monsoon,Vijayawada,Andhra Pradesh,South,Janmashtami,Hindu,Religious,unique,1,1.0,Janmashtami (Shravan Vad-8)/Krishna Jayanthi,https://www.rbi.org.in/Scripts/HolidayMatrixDisplay.aspx?drRegionalOffice=0&drMonth=8&drYear=2025 (POST form),Reserve Bank of India,2026-09-28
2025,2025-08-25,8,25,237,Monsoon,Guwahati,Assam,North-East,Srimanta Sankardeva Tithi / Janmotsav,Hindu,Commemoration,unique,1,1.0,Tirubhav Tithi of Srimanta Sankardeva,https://www.rbi.org.in/Scripts/HolidayMatrixDisplay.aspx?drRegionalOffice=0&drMonth=8&drYear=2025 (POST form),Reserve Bank of India,2026-09-28
2025,2025-08-27,8,27,239,Monsoon,Ahmedabad,Gujarat,West,Chhath Puja,Hindu,Religious,shared_date,3,0.3333333333333333,Ganesh Chaturthi/Samvatsari (Chaturthi Paksha)/Varasiddhi Vinayaka Vrata/Ganesh Puja/Vinayakar Chathurthi,https://www.rbi.org.in/Scripts/HolidayMatrixDisplay.aspx?drRegionalOffice=0&drMonth=8&drYear=2025 (POST form),Reserve Bank of India,2026-09-28
2025,2025-08-27,8,27,239,Monsoon,Ahmedabad,Gujarat,West,Ganesh Chaturthi,Hindu,Religious,shared_date,3,0.3333333333333333,Ganesh Chaturthi/Samvatsari (Chaturthi Paksha)/Varasiddhi Vinayaka Vrata/Ganesh Puja/Vinayakar Chathurthi,https://www.rbi.org.in/Scripts/HolidayMatrixDisplay.aspx?drRegionalOffice=0&drMonth=8&drYear=2025 (POST form),Reserve Bank of India,2026-09-28
2025,2025-08-27,8,27,239,Monsoon,Ahmedabad,Gujarat,West,Samvatsari (Paryushan),Jain,Religious,shared_date,3,0.3333333333333333,Ganesh Chaturthi/Samvatsari (Chaturthi Paksha)/Varasiddhi Vinayaka Vrata/Ganesh Puja/Vinayakar Chathurthi,https://www.rbi.org.in/Scripts/HolidayMatrixDisplay.aspx?drRegionalOffice=0&drMonth=8&drYear=2025 (POST form),Reserve Bank of India,2026-09-28
2025,2025-08-27,8,27,239,Monsoon,Belapur,Maharashtra,West,Chhath Puja,Hindu,Religious,shared_date,3,0.3333333333333333,Ganesh Chaturthi/Samvatsari (Chaturthi Paksha)/Varasiddhi Vinayaka Vrata/Ganesh Puja/Vinayakar Chathurthi,https://www.rbi.org.in/Scripts/HolidayMatrixDisplay.aspx?drRegionalOffice=0&drMonth=8&drYear=2025 (POST form),Reserve Bank of India,2026-09-28
2025,2025-08-27,8,27,239,Monsoon,Belapur,Maharashtra,West,Ganesh Chaturthi,Hindu,Religious,shared_date,3,0.3333333333333333,Ganesh Chaturthi/Samvatsari (Chaturthi Paksha)/Varasiddhi Vinayaka Vrata/Ganesh Puja/Vinayakar Chathurthi,https://www.rbi.org.in/Scripts/HolidayMatrixDisplay.aspx?drRegionalOffice=0&drMonth=8&drYear=2025 (POST form),Reserve Bank of India,2026-09-28
2025,2025-08-27,8,27,239,Monsoon,Belapur,Maharashtra,West,Samvatsari (Paryushan),Jain,Religious,shared_date,3,0.3333333333333333,Ganesh Chaturthi/Samvatsari (Chaturthi Paksha)/Varasiddhi Vinayaka Vrata/Ganesh Puja/Vinayakar Chathurthi,https://www.rbi.org.in/Scripts/HolidayMatrixDisplay.aspx?drRegionalOffice=0&drMonth=8&drYear=2025 (POST form),Reserve Bank of India,2026-09-28
2025,2025-08-27,8,27,239,Monsoon,Bengaluru,Karnataka,South,Chhath Puja,Hindu,Religious,shared_date,3,0.3333333333333333,Ganesh Chaturthi/Samvatsari (Chaturthi Paksha)/Varasiddhi Vinayaka Vrata/Ganesh Puja/Vinayakar Chathurthi,https://www.rbi.org.in/Scripts/HolidayMatrixDisplay.aspx?drRegionalOffice=0&drMonth=8&drYear=2025 (POST form),Reserve Bank of India,2026-09-28
2025,2025-08-27,8,27,239,Monsoon,Bengaluru,Karnataka,South,Ganesh Chaturthi,Hindu,Religious,shared_date,3,0.3333333333333333,Ganesh Chaturthi/Samvatsari (Chaturthi Paksha)/Varasiddhi Vinayaka Vrata/Ganesh Puja/Vinayakar Chathurthi,https://www.rbi.org.in/Scripts/HolidayMatrixDisplay.aspx?drRegionalOffice=0&drMonth=8&drYear=2025 (POST form),Reserve Bank of India,2026-09-28
2025,2025-08-27,8,27,239,Monsoon,Bengaluru,Karnataka,South,Samvatsari (Paryushan),Jain,Religious,shared_date,3,0.3333333333333333,Ganesh Chaturthi/Samvatsari (Chaturthi Paksha)/Varasiddhi Vinayaka Vrata/Ganesh Puja/Vinayakar Chathurthi,https://www.rbi.org.in/Scripts/HolidayMatrixDisplay.aspx?drRegionalOffice=0&drMonth=8&drYear=2025 (POST form),Reserve Bank of India,2026-09-28
2025,2025-08-27,8,27,239,Monsoon,Bhubaneswar,Odisha,East,Chhath Puja,Hindu,Religious,shared_date,3,0.3333333333333333,Ganesh Chaturthi/Samvatsari (Chaturthi Paksha)/Varasiddhi Vinayaka Vrata/Ganesh Puja/Vinayakar Chathurthi,https://www.rbi.org.in/Scripts/HolidayMatrixDisplay.aspx?drRegionalOffice=0&drMonth=8&drYear=2025 (POST form),Reserve Bank of India,2026-09-28
2025,2025-08-27,8,27,239,Monsoon,Bhubaneswar,Odisha,East,Ganesh Chaturthi,Hindu,Religious,shared_date,3,0.3333333333333333,Ganesh Chaturthi/Samvatsari (Chaturthi Paksha)/Varasiddhi Vinayaka Vrata/Ganesh Puja/Vinayakar Chathurthi,https://www.rbi.org.in/Scripts/HolidayMatrixDisplay.aspx?drRegionalOffice=0&drMonth=8&drYear=2025 (POST form),Reserve Bank of India,2026-09-28
2025,2025-08-27,8,27,239,Monsoon,Bhubaneswar,Odisha,East,Samvatsari (Paryushan),Jain,Religious,shared_date,3,0.3333333333333333,Ganesh Chaturthi/Samvatsari (Chaturthi Paksha)/Varasiddhi Vinayaka Vrata/Ganesh Puja/Vinayakar Chathurthi,https://www.rbi.org.in/Scripts/HolidayMatrixDisplay.aspx?drRegionalOffice=0&drMonth=8&drYear=2025 (POST form),Reserve Bank of India,2026-09-28
2025,2025-08-27,8,27,239,Monsoon,Chennai,Tamil Nadu,South,Chhath Puja,Hindu,Religious,shared_date,3,0.3333333333333333,Ganesh Chaturthi/Samvatsari (Chaturthi Paksha)/Varasiddhi Vinayaka Vrata/Ganesh Puja/Vinayakar Chathurthi,https://www.rbi.org.in/Scripts/HolidayMatrixDisplay.aspx?drRegionalOffice=0&drMonth=8&drYear=2025 (POST form),Reserve Bank of India,2026-09-28
2025,2025-08-27,8,27,239,Monsoon,Chennai,Tamil Nadu,South,Ganesh Chaturthi,Hindu,Religious,shared_date,3,0.3333333333333333,Ganesh Chaturthi/Samvatsari (Chaturthi Paksha)/Varasiddhi Vinayaka Vrata/Ganesh Puja/Vinayakar Chathurthi,https://www.rbi.org.in/Scripts/HolidayMatrixDisplay.aspx?drRegionalOffice=0&drMonth=8&drYear=2025 (POST form),Reserve Bank of India,2026-09-28
2025,2025-08-27,8,27,239,Monsoon,Chennai,Tamil Nadu,South,Samvatsari (Paryushan),Jain,Religious,shared_date,3,0.3333333333333333,Ganesh Chaturthi/Samvatsari (Chaturthi Paksha)/Varasiddhi Vinayaka Vrata/Ganesh Puja/Vinayakar Chathurthi,https://www.rbi.org.in/Scripts/HolidayMatrixDisplay.aspx?drRegionalOffice=0&drMonth=8&drYear=2025 (POST form),Reserve Bank of India,2026-09-28
2025,2025-08-27,8,27,239,Monsoon,Hyderabad,Telangana,South,Chhath Puja,Hindu,Religious,shared_date,3,0.3333333333333333,Ganesh Chaturthi/Samvatsari (Chaturthi Paksha)/Varasiddhi Vinayaka Vrata/Ganesh Puja/Vinayakar Chathurthi,https://www.rbi.org.in/Scripts/HolidayMatrixDisplay.aspx?drRegionalOffice=0&drMonth=8&drYear=2025 (POST form),Reserve Bank of India,2026-09-28
2025,2025-08-27,8,27,239,Monsoon,Hyderabad,Telangana,South,Ganesh Chaturthi,Hindu,Religious,shared_date,3,0.3333333333333333,Ganesh Chaturthi/Samvatsari (Chaturthi Paksha)/Varasiddhi Vinayaka Vrata/Ganesh Puja/Vinayakar Chathurthi,https://www.rbi.org.in/Scripts/HolidayMatrixDisplay.aspx?drRegionalOffice=0&drMonth=8&drYear=2025 (POST form),Reserve Bank of India,2026-09-28
2025,2025-08-27,8,27,239,Monsoon,Hyderabad,Telangana,South,Samvatsari (Paryushan),Jain,Religious,shared_date,3,0.3333333333333333,Ganesh Chaturthi/Samvatsari (Chaturthi Paksha)/Varasiddhi Vinayaka Vrata/Ganesh Puja/Vinayakar Chathurthi,https://www.rbi.org.in/Scripts/HolidayMatrixDisplay.aspx?drRegionalOffice=0&drMonth=8&drYear=2025 (POST form),Reserve Bank of India,2026-09-28
2025,2025-08-27,8,27,239,Monsoon,Mumbai,Maharashtra,West,Chhath Puja,Hindu,Religious,shared_date,3,0.3333333333333333,Ganesh Chaturthi/Samvatsari (Chaturthi Paksha)/Varasiddhi Vinayaka Vrata/Ganesh Puja/Vinayakar Chathurthi,https://www.rbi.org.in/Scripts/HolidayMatrixDisplay.aspx?drRegionalOffice=0&drMonth=8&drYear=2025 (POST form),Reserve Bank of India,2026-09-28
2025,2025-08-27,8,27,239,Monsoon,Mumbai,Maharashtra,West,Ganesh Chaturthi,Hindu,Religious,shared_date,3,0.3333333333333333,Ganesh Chaturthi/Samvatsari (Chaturthi Paksha)/Varasiddhi Vinayaka Vrata/Ganesh Puja/Vinayakar Chathurthi,https://www.rbi.org.in/Scripts/HolidayMatrixDisplay.aspx?drRegionalOffice=0&drMonth=8&drYear=2025 (POST form),Reserve Bank of India,2026-09-28
2025,2025-08-27,8,27,239,Monsoon,Mumbai,Maharashtra,West,Samvatsari (Paryushan),Jain,Religious,shared_date,3,0.3333333333333333,Ganesh Chaturthi/Samvatsari (Chaturthi Paksha)/Varasiddhi Vinayaka Vrata/Ganesh Puja/Vinayakar Chathurthi,https://www.rbi.org.in/Scripts/HolidayMatrixDisplay.aspx?drRegionalOffice=0&drMonth=8&drYear=2025 (POST form),Reserve Bank of India,2026-09-28
2025,2025-08-27,8,27,239,Monsoon,Nagpur,Maharashtra,West,Chhath Puja,Hindu,Religious,shared_date,3,0.3333333333333333,Ganesh Chaturthi/Samvatsari (Chaturthi Paksha)/Varasiddhi Vinayaka Vrata/Ganesh Puja/Vinayakar Chathurthi,https://www.rbi.org.in/Scripts/HolidayMatrixDisplay.aspx?drRegionalOffice=0&drMonth=8&drYear=2025 (POST form),Reserve Bank of India,2026-09-28
2025,2025-08-27,8,27,239,Monsoon,Nagpur,Maharashtra,West,Ganesh Chaturthi,Hindu,Religious,shared_date,3,0.3333333333333333,Ganesh Chaturthi/Samvatsari (Chaturthi Paksha)/Varasiddhi Vinayaka Vrata/Ganesh Puja/Vinayakar Chathurthi,https://www.rbi.org.in/Scripts/HolidayMatrixDisplay.aspx?drRegionalOffice=0&drMonth=8&drYear=2025 (POST form),Reserve Bank of India,2026-09-28
2025,2025-08-27,8,27,239,Monsoon,Nagpur,Maharashtra,West,Samvatsari (Paryushan),Jain,Religious,shared_date,3,0.3333333333333333,Ganesh Chaturthi/Samvatsari (Chaturthi Paksha)/Varasiddhi Vinayaka Vrata/Ganesh Puja/Vinayakar Chathurthi,https://www.rbi.org.in/Scripts/HolidayMatrixDisplay.aspx?drRegionalOffice=0&drMonth=8&drYear=2025 (POST form),Reserve Bank of India,2026-09-28
2025,2025-08-27,8,27,239,Monsoon,Panaji,Goa,West,Chhath Puja,Hindu,Religious,shared_date,3,0.3333333333333333,Ganesh Chaturthi/Samvatsari (Chaturthi Paksha)/Varasiddhi Vinayaka Vrata/Ganesh Puja/Vinayakar Chathurthi,https://www.rbi.org.in/Scripts/HolidayMatrixDisplay.aspx?drRegionalOffice=0&drMonth=8&drYear=2025 (POST form),Reserve Bank of India,2026-09-28
2025,2025-08-27,8,27,239,Monsoon,Panaji,Goa,West,Ganesh Chaturthi,Hindu,Religious,shared_date,3,0.3333333333333333,Ganesh Chaturthi/Samvatsari (Chaturthi Paksha)/Varasiddhi Vinayaka Vrata/Ganesh Puja/Vinayakar Chathurthi,https://www.rbi.org.in/Scripts/HolidayMatrixDisplay.aspx?drRegionalOffice=0&drMonth=8&drYear=2025 (POST form),Reserve Bank of India,2026-09-28
2025,2025-08-27,8,27,239,Monsoon,Panaji,Goa,West,Samvatsari (Paryushan),Jain,Religious,shared_date,3,0.3333333333333333,Ganesh Chaturthi/Samvatsari (Chaturthi Paksha)/Varasiddhi Vinayaka Vrata/Ganesh Puja/Vinayakar Chathurthi,https://www.rbi.org.in/Scripts/HolidayMatrixDisplay.aspx?drRegionalOffice=0&drMonth=8&drYear=2025 (POST form),Reserve Bank of India,2026-09-28
2025,2025-08-27,8,27,239,Monsoon,Vijayawada,Andhra Pradesh,South,Chhath Puja,Hindu,Religious,shared_date,3,0.3333333333333333,Ganesh Chaturthi/Samvatsari (Chaturthi Paksha)/Varasiddhi Vinayaka Vrata/Ganesh Puja/Vinayakar Chathurthi,https://www.rbi.org.in/Scripts/HolidayMatrixDisplay.aspx?drRegionalOffice=0&drMonth=8&drYear=2025 (POST form),Reserve Bank of India,2026-09-28
2025,2025-08-27,8,27,239,Monsoon,Vijayawada,Andhra Pradesh,South,Ganesh Chaturthi,Hindu,Religious,shared_date,3,0.3333333333333333,Ganesh Chaturthi/Samvatsari (Chaturthi Paksha)/Varasiddhi Vinayaka Vrata/Ganesh Puja/Vinayakar Chathurthi,https://www.rbi.org.in/Scripts/HolidayMatrixDisplay.aspx?drRegionalOffice=0&drMonth=8&drYear=2025 (POST form),Reserve Bank of India,2026-09-28
2025,2025-08-27,8,27,239,Monsoon,Vijayawada,Andhra Pradesh,South,Samvatsari (Paryushan),Jain,Religious,shared_date,3,0.3333333333333333,Ganesh Chaturthi/Samvatsari (Chaturthi Paksha)/Varasiddhi Vinayaka Vrata/Ganesh Puja/Vinayakar Chathurthi,https://www.rbi.org.in/Scripts/HolidayMatrixDisplay.aspx?drRegionalOffice=0&drMonth=8&drYear=2025 (POST form),Reserve Bank of India,2026-09-28
2025,2025-08-28,8,28,240,Monsoon,Bhubaneswar,Odisha,East,Ganesh Chaturthi,Hindu,Religious,shared_date,2,0.5,Ganesh Chaturthi (2nd Day)/Nuakhai,https://www.rbi.org.in/Scripts/HolidayMatrixDisplay.aspx?drRegionalOffice=0&drMonth=8&drYear=2025 (POST form),Reserve Bank of India,2026-09-28
2025,2025-08-28,8,28,240,Monsoon,Bhubaneswar,Odisha,East,Nuakhai,Hindu,Harvest,shared_date,2,0.5,Ganesh Chaturthi (2nd Day)/Nuakhai,https://www.rbi.org.in/Scripts/HolidayMatrixDisplay.aspx?drRegionalOffice=0&drMonth=8&drYear=2025 (POST form),Reserve Bank of India,2026-09-28
2025,2025-08-28,8,28,240,Monsoon,Panaji,Goa,West,Ganesh Chaturthi,Hindu,Religious,shared_date,2,0.5,Ganesh Chaturthi (2nd Day)/Nuakhai,https://www.rbi.org.in/Scripts/HolidayMatrixDisplay.aspx?drRegionalOffice=0&drMonth=8&drYear=2025 (POST form),Reserve Bank of India,2026-09-28
2025,2025-08-28,8,28,240,Monsoon,Panaji,Goa,West,Nuakhai,Hindu,Harvest,shared_date,2,0.5,Ganesh Chaturthi (2nd Day)/Nuakhai,https://www.rbi.org.in/Scripts/HolidayMatrixDisplay.aspx?drRegionalOffice=0&drMonth=8&drYear=2025 (POST form),Reserve Bank of India,2026-09-28
2025,2025-09-03,9,3,246,Monsoon,Ranchi,Jharkhand,East,Karma Puja,Tribal/Indigenous,Harvest,unique,1,1.0,Karma Puja,https://www.rbi.org.in/Scripts/HolidayMatrixDisplay.aspx?drRegionalOffice=0&drMonth=9&drYear=2025 (POST form),Reserve Bank of India,2026-09-28
2025,2025-09-04,9,4,247,Monsoon,Kochi,Kerala,South,Onam,Cultural (multi-faith),Harvest,unique,1,1.0,First Onam,https://www.rbi.org.in/Scripts/HolidayMatrixDisplay.aspx?drRegionalOffice=0&drMonth=9&drYear=2025 (POST form),Reserve Bank of India,2026-09-28
2025,2025-09-04,9,4,247,Monsoon,Thiruvananthapuram,Kerala,South,Onam,Cultural (multi-faith),Harvest,unique,1,1.0,First Onam,https://www.rbi.org.in/Scripts/HolidayMatrixDisplay.aspx?drRegionalOffice=0&drMonth=9&drYear=2025 (POST form),Reserve Bank of India,2026-09-28
2025,2025-09-05,9,5,248,Monsoon,Ahmedabad,Gujarat,West,Milad-un-Nabi,Muslim,Religious,shared_date,2,0.5,Id-E-Milad/Milad-un-Nabi or Id-e Milad (Birthday of Prophet Mohammad) (bara vafat)/Thiruvonam/Milad-i-Sherif,https://www.rbi.org.in/Scripts/HolidayMatrixDisplay.aspx?drRegionalOffice=0&drMonth=9&drYear=2025 (POST form),Reserve Bank of India,2026-09-28
2025,2025-09-05,9,5,248,Monsoon,Ahmedabad,Gujarat,West,Onam,Cultural (multi-faith),Harvest,shared_date,2,0.5,Id-E-Milad/Milad-un-Nabi or Id-e Milad (Birthday of Prophet Mohammad) (bara vafat)/Thiruvonam/Milad-i-Sherif,https://www.rbi.org.in/Scripts/HolidayMatrixDisplay.aspx?drRegionalOffice=0&drMonth=9&drYear=2025 (POST form),Reserve Bank of India,2026-09-28
2025,2025-09-05,9,5,248,Monsoon,Aizawl,Mizoram,North-East,Milad-un-Nabi,Muslim,Religious,shared_date,2,0.5,Id-E-Milad/Milad-un-Nabi or Id-e Milad (Birthday of Prophet Mohammad) (bara vafat)/Thiruvonam/Milad-i-Sherif,https://www.rbi.org.in/Scripts/HolidayMatrixDisplay.aspx?drRegionalOffice=0&drMonth=9&drYear=2025 (POST form),Reserve Bank of India,2026-09-28
2025,2025-09-05,9,5,248,Monsoon,Aizawl,Mizoram,North-East,Onam,Cultural (multi-faith),Harvest,shared_date,2,0.5,Id-E-Milad/Milad-un-Nabi or Id-e Milad (Birthday of Prophet Mohammad) (bara vafat)/Thiruvonam/Milad-i-Sherif,https://www.rbi.org.in/Scripts/HolidayMatrixDisplay.aspx?drRegionalOffice=0&drMonth=9&drYear=2025 (POST form),Reserve Bank of India,2026-09-28
2025,2025-09-05,9,5,248,Monsoon,Belapur,Maharashtra,West,Milad-un-Nabi,Muslim,Religious,shared_date,2,0.5,Id-E-Milad/Milad-un-Nabi or Id-e Milad (Birthday of Prophet Mohammad) (bara vafat)/Thiruvonam/Milad-i-Sherif,https://www.rbi.org.in/Scripts/HolidayMatrixDisplay.aspx?drRegionalOffice=0&drMonth=9&drYear=2025 (POST form),Reserve Bank of India,2026-09-28
2025,2025-09-05,9,5,248,Monsoon,Belapur,Maharashtra,West,Onam,Cultural (multi-faith),Harvest,shared_date,2,0.5,Id-E-Milad/Milad-un-Nabi or Id-e Milad (Birthday of Prophet Mohammad) (bara vafat)/Thiruvonam/Milad-i-Sherif,https://www.rbi.org.in/Scripts/HolidayMatrixDisplay.aspx?drRegionalOffice=0&drMonth=9&drYear=2025 (POST form),Reserve Bank of India,2026-09-28
2025,2025-09-05,9,5,248,Monsoon,Bengaluru,Karnataka,South,Milad-un-Nabi,Muslim,Religious,shared_date,2,0.5,Id-E-Milad/Milad-un-Nabi or Id-e Milad (Birthday of Prophet Mohammad) (bara vafat)/Thiruvonam/Milad-i-Sherif,https://www.rbi.org.in/Scripts/HolidayMatrixDisplay.aspx?drRegionalOffice=0&drMonth=9&drYear=2025 (POST form),Reserve Bank of India,2026-09-28
2025,2025-09-05,9,5,248,Monsoon,Bengaluru,Karnataka,South,Onam,Cultural (multi-faith),Harvest,shared_date,2,0.5,Id-E-Milad/Milad-un-Nabi or Id-e Milad (Birthday of Prophet Mohammad) (bara vafat)/Thiruvonam/Milad-i-Sherif,https://www.rbi.org.in/Scripts/HolidayMatrixDisplay.aspx?drRegionalOffice=0&drMonth=9&drYear=2025 (POST form),Reserve Bank of India,2026-09-28
2025,2025-09-05,9,5,248,Monsoon,Bhopal,Madhya Pradesh,Central,Milad-un-Nabi,Muslim,Religious,shared_date,2,0.5,Id-E-Milad/Milad-un-Nabi or Id-e Milad (Birthday of Prophet Mohammad) (bara vafat)/Thiruvonam/Milad-i-Sherif,https://www.rbi.org.in/Scripts/HolidayMatrixDisplay.aspx?drRegionalOffice=0&drMonth=9&drYear=2025 (POST form),Reserve Bank of India,2026-09-28
2025,2025-09-05,9,5,248,Monsoon,Bhopal,Madhya Pradesh,Central,Onam,Cultural (multi-faith),Harvest,shared_date,2,0.5,Id-E-Milad/Milad-un-Nabi or Id-e Milad (Birthday of Prophet Mohammad) (bara vafat)/Thiruvonam/Milad-i-Sherif,https://www.rbi.org.in/Scripts/HolidayMatrixDisplay.aspx?drRegionalOffice=0&drMonth=9&drYear=2025 (POST form),Reserve Bank of India,2026-09-28
2025,2025-09-05,9,5,248,Monsoon,Chennai,Tamil Nadu,South,Milad-un-Nabi,Muslim,Religious,shared_date,2,0.5,Id-E-Milad/Milad-un-Nabi or Id-e Milad (Birthday of Prophet Mohammad) (bara vafat)/Thiruvonam/Milad-i-Sherif,https://www.rbi.org.in/Scripts/HolidayMatrixDisplay.aspx?drRegionalOffice=0&drMonth=9&drYear=2025 (POST form),Reserve Bank of India,2026-09-28
2025,2025-09-05,9,5,248,Monsoon,Chennai,Tamil Nadu,South,Onam,Cultural (multi-faith),Harvest,shared_date,2,0.5,Id-E-Milad/Milad-un-Nabi or Id-e Milad (Birthday of Prophet Mohammad) (bara vafat)/Thiruvonam/Milad-i-Sherif,https://www.rbi.org.in/Scripts/HolidayMatrixDisplay.aspx?drRegionalOffice=0&drMonth=9&drYear=2025 (POST form),Reserve Bank of India,2026-09-28
2025,2025-09-05,9,5,248,Monsoon,Dehradun,Uttarakhand,North,Milad-un-Nabi,Muslim,Religious,shared_date,2,0.5,Id-E-Milad/Milad-un-Nabi or Id-e Milad (Birthday of Prophet Mohammad) (bara vafat)/Thiruvonam/Milad-i-Sherif,https://www.rbi.org.in/Scripts/HolidayMatrixDisplay.aspx?drRegionalOffice=0&drMonth=9&drYear=2025 (POST form),Reserve Bank of India,2026-09-28
2025,2025-09-05,9,5,248,Monsoon,Dehradun,Uttarakhand,North,Onam,Cultural (multi-faith),Harvest,shared_date,2,0.5,Id-E-Milad/Milad-un-Nabi or Id-e Milad (Birthday of Prophet Mohammad) (bara vafat)/Thiruvonam/Milad-i-Sherif,https://www.rbi.org.in/Scripts/HolidayMatrixDisplay.aspx?drRegionalOffice=0&drMonth=9&drYear=2025 (POST form),Reserve Bank of India,2026-09-28
2025,2025-09-05,9,5,248,Monsoon,Hyderabad,Telangana,South,Milad-un-Nabi,Muslim,Religious,shared_date,2,0.5,Id-E-Milad/Milad-un-Nabi or Id-e Milad (Birthday of Prophet Mohammad) (bara vafat)/Thiruvonam/Milad-i-Sherif,https://www.rbi.org.in/Scripts/HolidayMatrixDisplay.aspx?drRegionalOffice=0&drMonth=9&drYear=2025 (POST form),Reserve Bank of India,2026-09-28
2025,2025-09-05,9,5,248,Monsoon,Hyderabad,Telangana,South,Onam,Cultural (multi-faith),Harvest,shared_date,2,0.5,Id-E-Milad/Milad-un-Nabi or Id-e Milad (Birthday of Prophet Mohammad) (bara vafat)/Thiruvonam/Milad-i-Sherif,https://www.rbi.org.in/Scripts/HolidayMatrixDisplay.aspx?drRegionalOffice=0&drMonth=9&drYear=2025 (POST form),Reserve Bank of India,2026-09-28
2025,2025-09-05,9,5,248,Monsoon,Imphal,Manipur,North-East,Milad-un-Nabi,Muslim,Religious,shared_date,2,0.5,Id-E-Milad/Milad-un-Nabi or Id-e Milad (Birthday of Prophet Mohammad) (bara vafat)/Thiruvonam/Milad-i-Sherif,https://www.rbi.org.in/Scripts/HolidayMatrixDisplay.aspx?drRegionalOffice=0&drMonth=9&drYear=2025 (POST form),Reserve Bank of India,2026-09-28
2025,2025-09-05,9,5,248,Monsoon,Imphal,Manipur,North-East,Onam,Cultural (multi-faith),Harvest,shared_date,2,0.5,Id-E-Milad/Milad-un-Nabi or Id-e Milad (Birthday of Prophet Mohammad) (bara vafat)/Thiruvonam/Milad-i-Sherif,https://www.rbi.org.in/Scripts/HolidayMatrixDisplay.aspx?drRegionalOffice=0&drMonth=9&drYear=2025 (POST form),Reserve Bank of India,2026-09-28
2025,2025-09-05,9,5,248,Monsoon,Jammu,Jammu & Kashmir,North,Milad-un-Nabi,Muslim,Religious,shared_date,2,0.5,Id-E-Milad/Milad-un-Nabi or Id-e Milad (Birthday of Prophet Mohammad) (bara vafat)/Thiruvonam/Milad-i-Sherif,https://www.rbi.org.in/Scripts/HolidayMatrixDisplay.aspx?drRegionalOffice=0&drMonth=9&drYear=2025 (POST form),Reserve Bank of India,2026-09-28
2025,2025-09-05,9,5,248,Monsoon,Jammu,Jammu & Kashmir,North,Onam,Cultural (multi-faith),Harvest,shared_date,2,0.5,Id-E-Milad/Milad-un-Nabi or Id-e Milad (Birthday of Prophet Mohammad) (bara vafat)/Thiruvonam/Milad-i-Sherif,https://www.rbi.org.in/Scripts/HolidayMatrixDisplay.aspx?drRegionalOffice=0&drMonth=9&drYear=2025 (POST form),Reserve Bank of India,2026-09-28
2025,2025-09-05,9,5,248,Monsoon,Kanpur,Uttar Pradesh,North,Milad-un-Nabi,Muslim,Religious,shared_date,2,0.5,Id-E-Milad/Milad-un-Nabi or Id-e Milad (Birthday of Prophet Mohammad) (bara vafat)/Thiruvonam/Milad-i-Sherif,https://www.rbi.org.in/Scripts/HolidayMatrixDisplay.aspx?drRegionalOffice=0&drMonth=9&drYear=2025 (POST form),Reserve Bank of India,2026-09-28
2025,2025-09-05,9,5,248,Monsoon,Kanpur,Uttar Pradesh,North,Onam,Cultural (multi-faith),Harvest,shared_date,2,0.5,Id-E-Milad/Milad-un-Nabi or Id-e Milad (Birthday of Prophet Mohammad) (bara vafat)/Thiruvonam/Milad-i-Sherif,https://www.rbi.org.in/Scripts/HolidayMatrixDisplay.aspx?drRegionalOffice=0&drMonth=9&drYear=2025 (POST form),Reserve Bank of India,2026-09-28
2025,2025-09-05,9,5,248,Monsoon,Kochi,Kerala,South,Milad-un-Nabi,Muslim,Religious,shared_date,2,0.5,Id-E-Milad/Milad-un-Nabi or Id-e Milad (Birthday of Prophet Mohammad) (bara vafat)/Thiruvonam/Milad-i-Sherif,https://www.rbi.org.in/Scripts/HolidayMatrixDisplay.aspx?drRegionalOffice=0&drMonth=9&drYear=2025 (POST form),Reserve Bank of India,2026-09-28
2025,2025-09-05,9,5,248,Monsoon,Kochi,Kerala,South,Onam,Cultural (multi-faith),Harvest,shared_date,2,0.5,Id-E-Milad/Milad-un-Nabi or Id-e Milad (Birthday of Prophet Mohammad) (bara vafat)/Thiruvonam/Milad-i-Sherif,https://www.rbi.org.in/Scripts/HolidayMatrixDisplay.aspx?drRegionalOffice=0&drMonth=9&drYear=2025 (POST form),Reserve Bank of India,2026-09-28
2025,2025-09-05,9,5,248,Monsoon,Lucknow,Uttar Pradesh,North,Milad-un-Nabi,Muslim,Religious,shared_date,2,0.5,Id-E-Milad/Milad-un-Nabi or Id-e Milad (Birthday of Prophet Mohammad) (bara vafat)/Thiruvonam/Milad-i-Sherif,https://www.rbi.org.in/Scripts/HolidayMatrixDisplay.aspx?drRegionalOffice=0&drMonth=9&drYear=2025 (POST form),Reserve Bank of India,2026-09-28
2025,2025-09-05,9,5,248,Monsoon,Lucknow,Uttar Pradesh,North,Onam,Cultural (multi-faith),Harvest,shared_date,2,0.5,Id-E-Milad/Milad-un-Nabi or Id-e Milad (Birthday of Prophet Mohammad) (bara vafat)/Thiruvonam/Milad-i-Sherif,https://www.rbi.org.in/Scripts/HolidayMatrixDisplay.aspx?drRegionalOffice=0&drMonth=9&drYear=2025 (POST form),Reserve Bank of India,2026-09-28
2025,2025-09-05,9,5,248,Monsoon,Nagpur,Maharashtra,West,Milad-un-Nabi,Muslim,Religious,shared_date,2,0.5,Id-E-Milad/Milad-un-Nabi or Id-e Milad (Birthday of Prophet Mohammad) (bara vafat)/Thiruvonam/Milad-i-Sherif,https://www.rbi.org.in/Scripts/HolidayMatrixDisplay.aspx?drRegionalOffice=0&drMonth=9&drYear=2025 (POST form),Reserve Bank of India,2026-09-28
2025,2025-09-05,9,5,248,Monsoon,Nagpur,Maharashtra,West,Onam,Cultural (multi-faith),Harvest,shared_date,2,0.5,Id-E-Milad/Milad-un-Nabi or Id-e Milad (Birthday of Prophet Mohammad) (bara vafat)/Thiruvonam/Milad-i-Sherif,https://www.rbi.org.in/Scripts/HolidayMatrixDisplay.aspx?drRegionalOffice=0&drMonth=9&drYear=2025 (POST form),Reserve Bank of India,2026-09-28
2025,2025-09-05,9,5,248,Monsoon,New Delhi,Delhi,North,Milad-un-Nabi,Muslim,Religious,shared_date,2,0.5,Id-E-Milad/Milad-un-Nabi or Id-e Milad (Birthday of Prophet Mohammad) (bara vafat)/Thiruvonam/Milad-i-Sherif,https://www.rbi.org.in/Scripts/HolidayMatrixDisplay.aspx?drRegionalOffice=0&drMonth=9&drYear=2025 (POST form),Reserve Bank of India,2026-09-28
2025,2025-09-05,9,5,248,Monsoon,New Delhi,Delhi,North,Onam,Cultural (multi-faith),Harvest,shared_date,2,0.5,Id-E-Milad/Milad-un-Nabi or Id-e Milad (Birthday of Prophet Mohammad) (bara vafat)/Thiruvonam/Milad-i-Sherif,https://www.rbi.org.in/Scripts/HolidayMatrixDisplay.aspx?drRegionalOffice=0&drMonth=9&drYear=2025 (POST form),Reserve Bank of India,2026-09-28
2025,2025-09-05,9,5,248,Monsoon,Raipur,Chhattisgarh,Central,Milad-un-Nabi,Muslim,Religious,shared_date,2,0.5,Id-E-Milad/Milad-un-Nabi or Id-e Milad (Birthday of Prophet Mohammad) (bara vafat)/Thiruvonam/Milad-i-Sherif,https://www.rbi.org.in/Scripts/HolidayMatrixDisplay.aspx?drRegionalOffice=0&drMonth=9&drYear=2025 (POST form),Reserve Bank of India,2026-09-28
2025,2025-09-05,9,5,248,Monsoon,Raipur,Chhattisgarh,Central,Onam,Cultural (multi-faith),Harvest,shared_date,2,0.5,Id-E-Milad/Milad-un-Nabi or Id-e Milad (Birthday of Prophet Mohammad) (bara vafat)/Thiruvonam/Milad-i-Sherif,https://www.rbi.org.in/Scripts/HolidayMatrixDisplay.aspx?drRegionalOffice=0&drMonth=9&drYear=2025 (POST form),Reserve Bank of India,2026-09-28
2025,2025-09-05,9,5,248,Monsoon,Ranchi,Jharkhand,East,Milad-un-Nabi,Muslim,Religious,shared_date,2,0.5,Id-E-Milad/Milad-un-Nabi or Id-e Milad (Birthday of Prophet Mohammad) (bara vafat)/Thiruvonam/Milad-i-Sherif,https://www.rbi.org.in/Scripts/HolidayMatrixDisplay.aspx?drRegionalOffice=0&drMonth=9&drYear=2025 (POST form),Reserve Bank of India,2026-09-28
2025,2025-09-05,9,5,248,Monsoon,Ranchi,Jharkhand,East,Onam,Cultural (multi-faith),Harvest,shared_date,2,0.5,Id-E-Milad/Milad-un-Nabi or Id-e Milad (Birthday of Prophet Mohammad) (bara vafat)/Thiruvonam/Milad-i-Sherif,https://www.rbi.org.in/Scripts/HolidayMatrixDisplay.aspx?drRegionalOffice=0&drMonth=9&drYear=2025 (POST form),Reserve Bank of India,2026-09-28
2025,2025-09-05,9,5,248,Monsoon,Srinagar,Jammu & Kashmir,North,Milad-un-Nabi,Muslim,Religious,shared_date,2,0.5,Id-E-Milad/Milad-un-Nabi or Id-e Milad (Birthday of Prophet Mohammad) (bara vafat)/Thiruvonam/Milad-i-Sherif,https://www.rbi.org.in/Scripts/HolidayMatrixDisplay.aspx?drRegionalOffice=0&drMonth=9&drYear=2025 (POST form),Reserve Bank of India,2026-09-28
2025,2025-09-05,9,5,248,Monsoon,Srinagar,Jammu & Kashmir,North,Onam,Cultural (multi-faith),Harvest,shared_date,2,0.5,Id-E-Milad/Milad-un-Nabi or Id-e Milad (Birthday of Prophet Mohammad) (bara vafat)/Thiruvonam/Milad-i-Sherif,https://www.rbi.org.in/Scripts/HolidayMatrixDisplay.aspx?drRegionalOffice=0&drMonth=9&drYear=2025 (POST form),Reserve Bank of India,2026-09-28
2025,2025-09-05,9,5,248,Monsoon,Thiruvananthapuram,Kerala,South,Milad-un-Nabi,Muslim,Religious,shared_date,2,0.5,Id-E-Milad/Milad-un-Nabi or Id-e Milad (Birthday of Prophet Mohammad) (bara vafat)/Thiruvonam/Milad-i-Sherif,https://www.rbi.org.in/Scripts/HolidayMatrixDisplay.aspx?drRegionalOffice=0&drMonth=9&drYear=2025 (POST form),Reserve Bank of India,2026-09-28
2025,2025-09-05,9,5,248,Monsoon,Thiruvananthapuram,Kerala,South,Onam,Cultural (multi-faith),Harvest,shared_date,2,0.5,Id-E-Milad/Milad-un-Nabi or Id-e Milad (Birthday of Prophet Mohammad) (bara vafat)/Thiruvonam/Milad-i-Sherif,https://www.rbi.org.in/Scripts/HolidayMatrixDisplay.aspx?drRegionalOffice=0&drMonth=9&drYear=2025 (POST form),Reserve Bank of India,2026-09-28
2025,2025-09-05,9,5,248,Monsoon,Vijayawada,Andhra Pradesh,South,Milad-un-Nabi,Muslim,Religious,shared_date,2,0.5,Id-E-Milad/Milad-un-Nabi or Id-e Milad (Birthday of Prophet Mohammad) (bara vafat)/Thiruvonam/Milad-i-Sherif,https://www.rbi.org.in/Scripts/HolidayMatrixDisplay.aspx?drRegionalOffice=0&drMonth=9&drYear=2025 (POST form),Reserve Bank of India,2026-09-28
2025,2025-09-05,9,5,248,Monsoon,Vijayawada,Andhra Pradesh,South,Onam,Cultural (multi-faith),Harvest,shared_date,2,0.5,Id-E-Milad/Milad-un-Nabi or Id-e Milad (Birthday of Prophet Mohammad) (bara vafat)/Thiruvonam/Milad-i-Sherif,https://www.rbi.org.in/Scripts/HolidayMatrixDisplay.aspx?drRegionalOffice=0&drMonth=9&drYear=2025 (POST form),Reserve Bank of India,2026-09-28
2025,2025-09-06,9,6,249,Monsoon,Gangtok,Sikkim,North-East,Indra Jatra,Hindu,Religious,shared_date,2,0.5,Id-e-Milad (Milad-Un-Nabi)/Indrajatra,https://www.rbi.org.in/Scripts/HolidayMatrixDisplay.aspx?drRegionalOffice=0&drMonth=9&drYear=2025 (POST form),Reserve Bank of India,2026-09-28
2025,2025-09-06,9,6,249,Monsoon,Gangtok,Sikkim,North-East,Milad-un-Nabi,Muslim,Religious,shared_date,2,0.5,Id-e-Milad (Milad-Un-Nabi)/Indrajatra,https://www.rbi.org.in/Scripts/HolidayMatrixDisplay.aspx?drRegionalOffice=0&drMonth=9&drYear=2025 (POST form),Reserve Bank of India,2026-09-28
2025,2025-09-08,9,8,251,Monsoon,Mumbai,Maharashtra,West,Milad-un-Nabi,Muslim,Religious,unique,1,1.0,Id-E-Milad,https://www.rbi.org.in/Scripts/HolidayMatrixDisplay.aspx?drRegionalOffice=0&drMonth=9&drYear=2025 (POST form),Reserve Bank of India,2026-09-28
2025,2025-09-12,9,12,255,Monsoon,Jammu,Jammu & Kashmir,North,Milad-un-Nabi,Muslim,Religious,unique,1,1.0,Friday following Eid-i-Milad-ul-Nabi,https://www.rbi.org.in/Scripts/HolidayMatrixDisplay.aspx?drRegionalOffice=0&drMonth=9&drYear=2025 (POST form),Reserve Bank of India,2026-09-28
2025,2025-09-12,9,12,255,Monsoon,Srinagar,Jammu & Kashmir,North,Milad-un-Nabi,Muslim,Religious,unique,1,1.0,Friday following Eid-i-Milad-ul-Nabi,https://www.rbi.org.in/Scripts/HolidayMatrixDisplay.aspx?drRegionalOffice=0&drMonth=9&drYear=2025 (POST form),Reserve Bank of India,2026-09-28
2025,2025-09-18,9,18,261,Monsoon,Shillong,Meghalaya,North-East,Unitarian Anniversary Day,Christian,Commemoration,unique,1,1.0,Unitarian Anniversary Day,https://www.rbi.org.in/Scripts/HolidayMatrixDisplay.aspx?drRegionalOffice=0&drMonth=9&drYear=2025 (POST form),Reserve Bank of India,2026-09-28
2025,2025-09-22,9,22,265,Monsoon,Jaipur,Rajasthan,North,Navratri / Durga Puja / Dussehra,Hindu,Religious,unique,1,1.0,Navratra Sthapna,https://www.rbi.org.in/Scripts/HolidayMatrixDisplay.aspx?drRegionalOffice=0&drMonth=9&drYear=2025 (POST form),Reserve Bank of India,2026-09-28
2025,2025-09-29,9,29,272,Monsoon,Agartala,Tripura,North-East,Navratri / Durga Puja / Dussehra,Hindu,Religious,unique,1,1.0,Maha Saptami/Durga Puja,https://www.rbi.org.in/Scripts/HolidayMatrixDisplay.aspx?drRegionalOffice=0&drMonth=9&drYear=2025 (POST form),Reserve Bank of India,2026-09-28
2025,2025-09-29,9,29,272,Monsoon,Guwahati,Assam,North-East,Navratri / Durga Puja / Dussehra,Hindu,Religious,unique,1,1.0,Maha Saptami/Durga Puja,https://www.rbi.org.in/Scripts/HolidayMatrixDisplay.aspx?drRegionalOffice=0&drMonth=9&drYear=2025 (POST form),Reserve Bank of India,2026-09-28
2025,2025-09-29,9,29,272,Monsoon,Kolkata,West Bengal,East,Navratri / Durga Puja / Dussehra,Hindu,Religious,unique,1,1.0,Maha Saptami/Durga Puja,https://www.rbi.org.in/Scripts/HolidayMatrixDisplay.aspx?drRegionalOffice=0&drMonth=9&drYear=2025 (POST form),Reserve Bank of India,2026-09-28
2025,2025-09-30,9,30,273,Monsoon,Agartala,Tripura,North-East,Navratri / Durga Puja / Dussehra,Hindu,Religious,unique,1,1.0,Maha Ashtami/Durga Ashtami/Durga Puja,https://www.rbi.org.in/Scripts/HolidayMatrixDisplay.aspx?drRegionalOffice=0&drMonth=9&drYear=2025 (POST form),Reserve Bank of India,2026-09-28
2025,2025-09-30,9,30,273,Monsoon,Bhubaneswar,Odisha,East,Navratri / Durga Puja / Dussehra,Hindu,Religious,unique,1,1.0,Maha Ashtami/Durga Ashtami/Durga Puja,https://www.rbi.org.in/Scripts/HolidayMatrixDisplay.aspx?drRegionalOffice=0&drMonth=9&drYear=2025 (POST form),Reserve Bank of India,2026-09-28
2025,2025-09-30,9,30,273,Monsoon,Guwahati,Assam,North-East,Navratri / Durga Puja / Dussehra,Hindu,Religious,unique,1,1.0,Maha Ashtami/Durga Ashtami/Durga Puja,https://www.rbi.org.in/Scripts/HolidayMatrixDisplay.aspx?drRegionalOffice=0&drMonth=9&drYear=2025 (POST form),Reserve Bank of India,2026-09-28
2025,2025-09-30,9,30,273,Monsoon,Imphal,Manipur,North-East,Navratri / Durga Puja / Dussehra,Hindu,Religious,unique,1,1.0,Maha Ashtami/Durga Ashtami/Durga Puja,https://www.rbi.org.in/Scripts/HolidayMatrixDisplay.aspx?drRegionalOffice=0&drMonth=9&drYear=2025 (POST form),Reserve Bank of India,2026-09-28
2025,2025-09-30,9,30,273,Monsoon,Jaipur,Rajasthan,North,Navratri / Durga Puja / Dussehra,Hindu,Religious,unique,1,1.0,Maha Ashtami/Durga Ashtami/Durga Puja,https://www.rbi.org.in/Scripts/HolidayMatrixDisplay.aspx?drRegionalOffice=0&drMonth=9&drYear=2025 (POST form),Reserve Bank of India,2026-09-28
2025,2025-09-30,9,30,273,Monsoon,Kolkata,West Bengal,East,Navratri / Durga Puja / Dussehra,Hindu,Religious,unique,1,1.0,Maha Ashtami/Durga Ashtami/Durga Puja,https://www.rbi.org.in/Scripts/HolidayMatrixDisplay.aspx?drRegionalOffice=0&drMonth=9&drYear=2025 (POST form),Reserve Bank of India,2026-09-28
2025,2025-09-30,9,30,273,Monsoon,Patna,Bihar,East,Navratri / Durga Puja / Dussehra,Hindu,Religious,unique,1,1.0,Maha Ashtami/Durga Ashtami/Durga Puja,https://www.rbi.org.in/Scripts/HolidayMatrixDisplay.aspx?drRegionalOffice=0&drMonth=9&drYear=2025 (POST form),Reserve Bank of India,2026-09-28
2025,2025-09-30,9,30,273,Monsoon,Ranchi,Jharkhand,East,Navratri / Durga Puja / Dussehra,Hindu,Religious,unique,1,1.0,Maha Ashtami/Durga Ashtami/Durga Puja,https://www.rbi.org.in/Scripts/HolidayMatrixDisplay.aspx?drRegionalOffice=0&drMonth=9&drYear=2025 (POST form),Reserve Bank of India,2026-09-28
2025,2025-09-30,9,30,273,Monsoon,Thiruvananthapuram,Kerala,South,Navratri / Durga Puja / Dussehra,Hindu,Religious,unique,1,1.0,Maha Ashtami/Durga Ashtami/Durga Puja,https://www.rbi.org.in/Scripts/HolidayMatrixDisplay.aspx?drRegionalOffice=0&drMonth=9&drYear=2025 (POST form),Reserve Bank of India,2026-09-28
2025,2025-10-01,10,1,274,Post-monsoon,Agartala,Tripura,North-East,Navratri / Durga Puja / Dussehra,Hindu,Religious,unique,1,1.0,"Navaratri Ends/Maha Navami/Dussehra/Ayudhapooja, Vijayadasami/Durga Puja (Dasain)",https://www.rbi.org.in/Scripts/HolidayMatrixDisplay.aspx?drRegionalOffice=0&drMonth=10&drYear=2025 (POST form),Reserve Bank of India,2026-09-28
2025,2025-10-01,10,1,274,Post-monsoon,Bengaluru,Karnataka,South,Navratri / Durga Puja / Dussehra,Hindu,Religious,unique,1,1.0,"Navaratri Ends/Maha Navami/Dussehra/Ayudhapooja, Vijayadasami/Durga Puja (Dasain)",https://www.rbi.org.in/Scripts/HolidayMatrixDisplay.aspx?drRegionalOffice=0&drMonth=10&drYear=2025 (POST form),Reserve Bank of India,2026-09-28
2025,2025-10-01,10,1,274,Post-monsoon,Bhubaneswar,Odisha,East,Navratri / Durga Puja / Dussehra,Hindu,Religious,unique,1,1.0,"Navaratri Ends/Maha Navami/Dussehra/Ayudhapooja, Vijayadasami/Durga Puja (Dasain)",https://www.rbi.org.in/Scripts/HolidayMatrixDisplay.aspx?drRegionalOffice=0&drMonth=10&drYear=2025 (POST form),Reserve Bank of India,2026-09-28
2025,2025-10-01,10,1,274,Post-monsoon,Chennai,Tamil Nadu,South,Navratri / Durga Puja / Dussehra,Hindu,Religious,unique,1,1.0,"Navaratri Ends/Maha Navami/Dussehra/Ayudhapooja, Vijayadasami/Durga Puja (Dasain)",https://www.rbi.org.in/Scripts/HolidayMatrixDisplay.aspx?drRegionalOffice=0&drMonth=10&drYear=2025 (POST form),Reserve Bank of India,2026-09-28
2025,2025-10-01,10,1,274,Post-monsoon,Dehradun,Uttarakhand,North,Navratri / Durga Puja / Dussehra,Hindu,Religious,unique,1,1.0,"Navaratri Ends/Maha Navami/Dussehra/Ayudhapooja, Vijayadasami/Durga Puja (Dasain)",https://www.rbi.org.in/Scripts/HolidayMatrixDisplay.aspx?drRegionalOffice=0&drMonth=10&drYear=2025 (POST form),Reserve Bank of India,2026-09-28
2025,2025-10-01,10,1,274,Post-monsoon,Gangtok,Sikkim,North-East,Navratri / Durga Puja / Dussehra,Hindu,Religious,unique,1,1.0,"Navaratri Ends/Maha Navami/Dussehra/Ayudhapooja, Vijayadasami/Durga Puja (Dasain)",https://www.rbi.org.in/Scripts/HolidayMatrixDisplay.aspx?drRegionalOffice=0&drMonth=10&drYear=2025 (POST form),Reserve Bank of India,2026-09-28
2025,2025-10-01,10,1,274,Post-monsoon,Guwahati,Assam,North-East,Navratri / Durga Puja / Dussehra,Hindu,Religious,unique,1,1.0,"Navaratri Ends/Maha Navami/Dussehra/Ayudhapooja, Vijayadasami/Durga Puja (Dasain)",https://www.rbi.org.in/Scripts/HolidayMatrixDisplay.aspx?drRegionalOffice=0&drMonth=10&drYear=2025 (POST form),Reserve Bank of India,2026-09-28
2025,2025-10-01,10,1,274,Post-monsoon,Itanagar,Arunachal Pradesh,North-East,Navratri / Durga Puja / Dussehra,Hindu,Religious,unique,1,1.0,"Navaratri Ends/Maha Navami/Dussehra/Ayudhapooja, Vijayadasami/Durga Puja (Dasain)",https://www.rbi.org.in/Scripts/HolidayMatrixDisplay.aspx?drRegionalOffice=0&drMonth=10&drYear=2025 (POST form),Reserve Bank of India,2026-09-28
2025,2025-10-01,10,1,274,Post-monsoon,Kanpur,Uttar Pradesh,North,Navratri / Durga Puja / Dussehra,Hindu,Religious,unique,1,1.0,"Navaratri Ends/Maha Navami/Dussehra/Ayudhapooja, Vijayadasami/Durga Puja (Dasain)",https://www.rbi.org.in/Scripts/HolidayMatrixDisplay.aspx?drRegionalOffice=0&drMonth=10&drYear=2025 (POST form),Reserve Bank of India,2026-09-28
2025,2025-10-01,10,1,274,Post-monsoon,Kochi,Kerala,South,Navratri / Durga Puja / Dussehra,Hindu,Religious,unique,1,1.0,"Navaratri Ends/Maha Navami/Dussehra/Ayudhapooja, Vijayadasami/Durga Puja (Dasain)",https://www.rbi.org.in/Scripts/HolidayMatrixDisplay.aspx?drRegionalOffice=0&drMonth=10&drYear=2025 (POST form),Reserve Bank of India,2026-09-28
2025,2025-10-01,10,1,274,Post-monsoon,Kohima,Nagaland,North-East,Navratri / Durga Puja / Dussehra,Hindu,Religious,unique,1,1.0,"Navaratri Ends/Maha Navami/Dussehra/Ayudhapooja, Vijayadasami/Durga Puja (Dasain)",https://www.rbi.org.in/Scripts/HolidayMatrixDisplay.aspx?drRegionalOffice=0&drMonth=10&drYear=2025 (POST form),Reserve Bank of India,2026-09-28
2025,2025-10-01,10,1,274,Post-monsoon,Kolkata,West Bengal,East,Navratri / Durga Puja / Dussehra,Hindu,Religious,unique,1,1.0,"Navaratri Ends/Maha Navami/Dussehra/Ayudhapooja, Vijayadasami/Durga Puja (Dasain)",https://www.rbi.org.in/Scripts/HolidayMatrixDisplay.aspx?drRegionalOffice=0&drMonth=10&drYear=2025 (POST form),Reserve Bank of India,2026-09-28
2025,2025-10-01,10,1,274,Post-monsoon,Lucknow,Uttar Pradesh,North,Navratri / Durga Puja / Dussehra,Hindu,Religious,unique,1,1.0,"Navaratri Ends/Maha Navami/Dussehra/Ayudhapooja, Vijayadasami/Durga Puja (Dasain)",https://www.rbi.org.in/Scripts/HolidayMatrixDisplay.aspx?drRegionalOffice=0&drMonth=10&drYear=2025 (POST form),Reserve Bank of India,2026-09-28
2025,2025-10-01,10,1,274,Post-monsoon,Patna,Bihar,East,Navratri / Durga Puja / Dussehra,Hindu,Religious,unique,1,1.0,"Navaratri Ends/Maha Navami/Dussehra/Ayudhapooja, Vijayadasami/Durga Puja (Dasain)",https://www.rbi.org.in/Scripts/HolidayMatrixDisplay.aspx?drRegionalOffice=0&drMonth=10&drYear=2025 (POST form),Reserve Bank of India,2026-09-28
2025,2025-10-01,10,1,274,Post-monsoon,Ranchi,Jharkhand,East,Navratri / Durga Puja / Dussehra,Hindu,Religious,unique,1,1.0,"Navaratri Ends/Maha Navami/Dussehra/Ayudhapooja, Vijayadasami/Durga Puja (Dasain)",https://www.rbi.org.in/Scripts/HolidayMatrixDisplay.aspx?drRegionalOffice=0&drMonth=10&drYear=2025 (POST form),Reserve Bank of India,2026-09-28
2025,2025-10-01,10,1,274,Post-monsoon,Shillong,Meghalaya,North-East,Navratri / Durga Puja / Dussehra,Hindu,Religious,unique,1,1.0,"Navaratri Ends/Maha Navami/Dussehra/Ayudhapooja, Vijayadasami/Durga Puja (Dasain)",https://www.rbi.org.in/Scripts/HolidayMatrixDisplay.aspx?drRegionalOffice=0&drMonth=10&drYear=2025 (POST form),Reserve Bank of India,2026-09-28
2025,2025-10-01,10,1,274,Post-monsoon,Thiruvananthapuram,Kerala,South,Navratri / Durga Puja / Dussehra,Hindu,Religious,unique,1,1.0,"Navaratri Ends/Maha Navami/Dussehra/Ayudhapooja, Vijayadasami/Durga Puja (Dasain)",https://www.rbi.org.in/Scripts/HolidayMatrixDisplay.aspx?drRegionalOffice=0&drMonth=10&drYear=2025 (POST form),Reserve Bank of India,2026-09-28
2025,2025-10-02,10,2,275,Post-monsoon,Agartala,Tripura,North-East,Navratri / Durga Puja / Dussehra,Hindu,Religious,shared_date,3,0.3333333333333333,Mahatma Gandhi Jayanti/Dasara/Vijaya Dashami/Dussehra/Durga Puja (Dasain)/Janmotsav of Sri Sri Sankardeva,https://www.rbi.org.in/Scripts/HolidayMatrixDisplay.aspx?drRegionalOffice=0&drMonth=10&drYear=2025 (POST form),Reserve Bank of India,2026-09-28
2025,2025-10-02,10,2,275,Post-monsoon,Agartala,Tripura,North-East,Srimanta Sankardeva Tithi / Janmotsav,Hindu,Commemoration,shared_date,3,0.3333333333333333,Mahatma Gandhi Jayanti/Dasara/Vijaya Dashami/Dussehra/Durga Puja (Dasain)/Janmotsav of Sri Sri Sankardeva,https://www.rbi.org.in/Scripts/HolidayMatrixDisplay.aspx?drRegionalOffice=0&drMonth=10&drYear=2025 (POST form),Reserve Bank of India,2026-09-28
2025,2025-10-02,10,2,275,Post-monsoon,Ahmedabad,Gujarat,West,Navratri / Durga Puja / Dussehra,Hindu,Religious,shared_date,3,0.3333333333333333,Mahatma Gandhi Jayanti/Dasara/Vijaya Dashami/Dussehra/Durga Puja (Dasain)/Janmotsav of Sri Sri Sankardeva,https://www.rbi.org.in/Scripts/HolidayMatrixDisplay.aspx?drRegionalOffice=0&drMonth=10&drYear=2025 (POST form),Reserve Bank of India,2026-09-28
2025,2025-10-02,10,2,275,Post-monsoon,Ahmedabad,Gujarat,West,Srimanta Sankardeva Tithi / Janmotsav,Hindu,Commemoration,shared_date,3,0.3333333333333333,Mahatma Gandhi Jayanti/Dasara/Vijaya Dashami/Dussehra/Durga Puja (Dasain)/Janmotsav of Sri Sri Sankardeva,https://www.rbi.org.in/Scripts/HolidayMatrixDisplay.aspx?drRegionalOffice=0&drMonth=10&drYear=2025 (POST form),Reserve Bank of India,2026-09-28
2025,2025-10-02,10,2,275,Post-monsoon,Aizawl,Mizoram,North-East,Navratri / Durga Puja / Dussehra,Hindu,Religious,shared_date,3,0.3333333333333333,Mahatma Gandhi Jayanti/Dasara/Vijaya Dashami/Dussehra/Durga Puja (Dasain)/Janmotsav of Sri Sri Sankardeva,https://www.rbi.org.in/Scripts/HolidayMatrixDisplay.aspx?drRegionalOffice=0&drMonth=10&drYear=2025 (POST form),Reserve Bank of India,2026-09-28
2025,2025-10-02,10,2,275,Post-monsoon,Aizawl,Mizoram,North-East,Srimanta Sankardeva Tithi / Janmotsav,Hindu,Commemoration,shared_date,3,0.3333333333333333,Mahatma Gandhi Jayanti/Dasara/Vijaya Dashami/Dussehra/Durga Puja (Dasain)/Janmotsav of Sri Sri Sankardeva,https://www.rbi.org.in/Scripts/HolidayMatrixDisplay.aspx?drRegionalOffice=0&drMonth=10&drYear=2025 (POST form),Reserve Bank of India,2026-09-28
2025,2025-10-02,10,2,275,Post-monsoon,Belapur,Maharashtra,West,Navratri / Durga Puja / Dussehra,Hindu,Religious,shared_date,3,0.3333333333333333,Mahatma Gandhi Jayanti/Dasara/Vijaya Dashami/Dussehra/Durga Puja (Dasain)/Janmotsav of Sri Sri Sankardeva,https://www.rbi.org.in/Scripts/HolidayMatrixDisplay.aspx?drRegionalOffice=0&drMonth=10&drYear=2025 (POST form),Reserve Bank of India,2026-09-28
2025,2025-10-02,10,2,275,Post-monsoon,Belapur,Maharashtra,West,Srimanta Sankardeva Tithi / Janmotsav,Hindu,Commemoration,shared_date,3,0.3333333333333333,Mahatma Gandhi Jayanti/Dasara/Vijaya Dashami/Dussehra/Durga Puja (Dasain)/Janmotsav of Sri Sri Sankardeva,https://www.rbi.org.in/Scripts/HolidayMatrixDisplay.aspx?drRegionalOffice=0&drMonth=10&drYear=2025 (POST form),Reserve Bank of India,2026-09-28
2025,2025-10-02,10,2,275,Post-monsoon,Bengaluru,Karnataka,South,Navratri / Durga Puja / Dussehra,Hindu,Religious,shared_date,3,0.3333333333333333,Mahatma Gandhi Jayanti/Dasara/Vijaya Dashami/Dussehra/Durga Puja (Dasain)/Janmotsav of Sri Sri Sankardeva,https://www.rbi.org.in/Scripts/HolidayMatrixDisplay.aspx?drRegionalOffice=0&drMonth=10&drYear=2025 (POST form),Reserve Bank of India,2026-09-28
2025,2025-10-02,10,2,275,Post-monsoon,Bengaluru,Karnataka,South,Srimanta Sankardeva Tithi / Janmotsav,Hindu,Commemoration,shared_date,3,0.3333333333333333,Mahatma Gandhi Jayanti/Dasara/Vijaya Dashami/Dussehra/Durga Puja (Dasain)/Janmotsav of Sri Sri Sankardeva,https://www.rbi.org.in/Scripts/HolidayMatrixDisplay.aspx?drRegionalOffice=0&drMonth=10&drYear=2025 (POST form),Reserve Bank of India,2026-09-28
2025,2025-10-02,10,2,275,Post-monsoon,Bhopal,Madhya Pradesh,Central,Navratri / Durga Puja / Dussehra,Hindu,Religious,shared_date,3,0.3333333333333333,Mahatma Gandhi Jayanti/Dasara/Vijaya Dashami/Dussehra/Durga Puja (Dasain)/Janmotsav of Sri Sri Sankardeva,https://www.rbi.org.in/Scripts/HolidayMatrixDisplay.aspx?drRegionalOffice=0&drMonth=10&drYear=2025 (POST form),Reserve Bank of India,2026-09-28
2025,2025-10-02,10,2,275,Post-monsoon,Bhopal,Madhya Pradesh,Central,Srimanta Sankardeva Tithi / Janmotsav,Hindu,Commemoration,shared_date,3,0.3333333333333333,Mahatma Gandhi Jayanti/Dasara/Vijaya Dashami/Dussehra/Durga Puja (Dasain)/Janmotsav of Sri Sri Sankardeva,https://www.rbi.org.in/Scripts/HolidayMatrixDisplay.aspx?drRegionalOffice=0&drMonth=10&drYear=2025 (POST form),Reserve Bank of India,2026-09-28
2025,2025-10-02,10,2,275,Post-monsoon,Bhubaneswar,Odisha,East,Navratri / Durga Puja / Dussehra,Hindu,Religious,shared_date,3,0.3333333333333333,Mahatma Gandhi Jayanti/Dasara/Vijaya Dashami/Dussehra/Durga Puja (Dasain)/Janmotsav of Sri Sri Sankardeva,https://www.rbi.org.in/Scripts/HolidayMatrixDisplay.aspx?drRegionalOffice=0&drMonth=10&drYear=2025 (POST form),Reserve Bank of India,2026-09-28
2025,2025-10-02,10,2,275,Post-monsoon,Bhubaneswar,Odisha,East,Srimanta Sankardeva Tithi / Janmotsav,Hindu,Commemoration,shared_date,3,0.3333333333333333,Mahatma Gandhi Jayanti/Dasara/Vijaya Dashami/Dussehra/Durga Puja (Dasain)/Janmotsav of Sri Sri Sankardeva,https://www.rbi.org.in/Scripts/HolidayMatrixDisplay.aspx?drRegionalOffice=0&drMonth=10&drYear=2025 (POST form),Reserve Bank of India,2026-09-28
2025,2025-10-02,10,2,275,Post-monsoon,Chandigarh,Punjab-Haryana-Chandigarh,North,Navratri / Durga Puja / Dussehra,Hindu,Religious,shared_date,3,0.3333333333333333,Mahatma Gandhi Jayanti/Dasara/Vijaya Dashami/Dussehra/Durga Puja (Dasain)/Janmotsav of Sri Sri Sankardeva,https://www.rbi.org.in/Scripts/HolidayMatrixDisplay.aspx?drRegionalOffice=0&drMonth=10&drYear=2025 (POST form),Reserve Bank of India,2026-09-28
2025,2025-10-02,10,2,275,Post-monsoon,Chandigarh,Punjab-Haryana-Chandigarh,North,Srimanta Sankardeva Tithi / Janmotsav,Hindu,Commemoration,shared_date,3,0.3333333333333333,Mahatma Gandhi Jayanti/Dasara/Vijaya Dashami/Dussehra/Durga Puja (Dasain)/Janmotsav of Sri Sri Sankardeva,https://www.rbi.org.in/Scripts/HolidayMatrixDisplay.aspx?drRegionalOffice=0&drMonth=10&drYear=2025 (POST form),Reserve Bank of India,2026-09-28
2025,2025-10-02,10,2,275,Post-monsoon,Chennai,Tamil Nadu,South,Navratri / Durga Puja / Dussehra,Hindu,Religious,shared_date,3,0.3333333333333333,Mahatma Gandhi Jayanti/Dasara/Vijaya Dashami/Dussehra/Durga Puja (Dasain)/Janmotsav of Sri Sri Sankardeva,https://www.rbi.org.in/Scripts/HolidayMatrixDisplay.aspx?drRegionalOffice=0&drMonth=10&drYear=2025 (POST form),Reserve Bank of India,2026-09-28
2025,2025-10-02,10,2,275,Post-monsoon,Chennai,Tamil Nadu,South,Srimanta Sankardeva Tithi / Janmotsav,Hindu,Commemoration,shared_date,3,0.3333333333333333,Mahatma Gandhi Jayanti/Dasara/Vijaya Dashami/Dussehra/Durga Puja (Dasain)/Janmotsav of Sri Sri Sankardeva,https://www.rbi.org.in/Scripts/HolidayMatrixDisplay.aspx?drRegionalOffice=0&drMonth=10&drYear=2025 (POST form),Reserve Bank of India,2026-09-28
2025,2025-10-02,10,2,275,Post-monsoon,Dehradun,Uttarakhand,North,Navratri / Durga Puja / Dussehra,Hindu,Religious,shared_date,3,0.3333333333333333,Mahatma Gandhi Jayanti/Dasara/Vijaya Dashami/Dussehra/Durga Puja (Dasain)/Janmotsav of Sri Sri Sankardeva,https://www.rbi.org.in/Scripts/HolidayMatrixDisplay.aspx?drRegionalOffice=0&drMonth=10&drYear=2025 (POST form),Reserve Bank of India,2026-09-28
2025,2025-10-02,10,2,275,Post-monsoon,Dehradun,Uttarakhand,North,Srimanta Sankardeva Tithi / Janmotsav,Hindu,Commemoration,shared_date,3,0.3333333333333333,Mahatma Gandhi Jayanti/Dasara/Vijaya Dashami/Dussehra/Durga Puja (Dasain)/Janmotsav of Sri Sri Sankardeva,https://www.rbi.org.in/Scripts/HolidayMatrixDisplay.aspx?drRegionalOffice=0&drMonth=10&drYear=2025 (POST form),Reserve Bank of India,2026-09-28
2025,2025-10-02,10,2,275,Post-monsoon,Gangtok,Sikkim,North-East,Navratri / Durga Puja / Dussehra,Hindu,Religious,shared_date,3,0.3333333333333333,Mahatma Gandhi Jayanti/Dasara/Vijaya Dashami/Dussehra/Durga Puja (Dasain)/Janmotsav of Sri Sri Sankardeva,https://www.rbi.org.in/Scripts/HolidayMatrixDisplay.aspx?drRegionalOffice=0&drMonth=10&drYear=2025 (POST form),Reserve Bank of India,2026-09-28
2025,2025-10-02,10,2,275,Post-monsoon,Gangtok,Sikkim,North-East,Srimanta Sankardeva Tithi / Janmotsav,Hindu,Commemoration,shared_date,3,0.3333333333333333,Mahatma Gandhi Jayanti/Dasara/Vijaya Dashami/Dussehra/Durga Puja (Dasain)/Janmotsav of Sri Sri Sankardeva,https://www.rbi.org.in/Scripts/HolidayMatrixDisplay.aspx?drRegionalOffice=0&drMonth=10&drYear=2025 (POST form),Reserve Bank of India,2026-09-28
2025,2025-10-02,10,2,275,Post-monsoon,Guwahati,Assam,North-East,Navratri / Durga Puja / Dussehra,Hindu,Religious,shared_date,3,0.3333333333333333,Mahatma Gandhi Jayanti/Dasara/Vijaya Dashami/Dussehra/Durga Puja (Dasain)/Janmotsav of Sri Sri Sankardeva,https://www.rbi.org.in/Scripts/HolidayMatrixDisplay.aspx?drRegionalOffice=0&drMonth=10&drYear=2025 (POST form),Reserve Bank of India,2026-09-28
2025,2025-10-02,10,2,275,Post-monsoon,Guwahati,Assam,North-East,Srimanta Sankardeva Tithi / Janmotsav,Hindu,Commemoration,shared_date,3,0.3333333333333333,Mahatma Gandhi Jayanti/Dasara/Vijaya Dashami/Dussehra/Durga Puja (Dasain)/Janmotsav of Sri Sri Sankardeva,https://www.rbi.org.in/Scripts/HolidayMatrixDisplay.aspx?drRegionalOffice=0&drMonth=10&drYear=2025 (POST form),Reserve Bank of India,2026-09-28
2025,2025-10-02,10,2,275,Post-monsoon,Hyderabad,Telangana,South,Navratri / Durga Puja / Dussehra,Hindu,Religious,shared_date,3,0.3333333333333333,Mahatma Gandhi Jayanti/Dasara/Vijaya Dashami/Dussehra/Durga Puja (Dasain)/Janmotsav of Sri Sri Sankardeva,https://www.rbi.org.in/Scripts/HolidayMatrixDisplay.aspx?drRegionalOffice=0&drMonth=10&drYear=2025 (POST form),Reserve Bank of India,2026-09-28
2025,2025-10-02,10,2,275,Post-monsoon,Hyderabad,Telangana,South,Srimanta Sankardeva Tithi / Janmotsav,Hindu,Commemoration,shared_date,3,0.3333333333333333,Mahatma Gandhi Jayanti/Dasara/Vijaya Dashami/Dussehra/Durga Puja (Dasain)/Janmotsav of Sri Sri Sankardeva,https://www.rbi.org.in/Scripts/HolidayMatrixDisplay.aspx?drRegionalOffice=0&drMonth=10&drYear=2025 (POST form),Reserve Bank of India,2026-09-28
2025,2025-10-02,10,2,275,Post-monsoon,Imphal,Manipur,North-East,Navratri / Durga Puja / Dussehra,Hindu,Religious,shared_date,3,0.3333333333333333,Mahatma Gandhi Jayanti/Dasara/Vijaya Dashami/Dussehra/Durga Puja (Dasain)/Janmotsav of Sri Sri Sankardeva,https://www.rbi.org.in/Scripts/HolidayMatrixDisplay.aspx?drRegionalOffice=0&drMonth=10&drYear=2025 (POST form),Reserve Bank of India,2026-09-28
2025,2025-10-02,10,2,275,Post-monsoon,Imphal,Manipur,North-East,Srimanta Sankardeva Tithi / Janmotsav,Hindu,Commemoration,shared_date,3,0.3333333333333333,Mahatma Gandhi Jayanti/Dasara/Vijaya Dashami/Dussehra/Durga Puja (Dasain)/Janmotsav of Sri Sri Sankardeva,https://www.rbi.org.in/Scripts/HolidayMatrixDisplay.aspx?drRegionalOffice=0&drMonth=10&drYear=2025 (POST form),Reserve Bank of India,2026-09-28
2025,2025-10-02,10,2,275,Post-monsoon,Itanagar,Arunachal Pradesh,North-East,Navratri / Durga Puja / Dussehra,Hindu,Religious,shared_date,3,0.3333333333333333,Mahatma Gandhi Jayanti/Dasara/Vijaya Dashami/Dussehra/Durga Puja (Dasain)/Janmotsav of Sri Sri Sankardeva,https://www.rbi.org.in/Scripts/HolidayMatrixDisplay.aspx?drRegionalOffice=0&drMonth=10&drYear=2025 (POST form),Reserve Bank of India,2026-09-28
2025,2025-10-02,10,2,275,Post-monsoon,Itanagar,Arunachal Pradesh,North-East,Srimanta Sankardeva Tithi / Janmotsav,Hindu,Commemoration,shared_date,3,0.3333333333333333,Mahatma Gandhi Jayanti/Dasara/Vijaya Dashami/Dussehra/Durga Puja (Dasain)/Janmotsav of Sri Sri Sankardeva,https://www.rbi.org.in/Scripts/HolidayMatrixDisplay.aspx?drRegionalOffice=0&drMonth=10&drYear=2025 (POST form),Reserve Bank of India,2026-09-28
2025,2025-10-02,10,2,275,Post-monsoon,Jaipur,Rajasthan,North,Navratri / Durga Puja / Dussehra,Hindu,Religious,shared_date,3,0.3333333333333333,Mahatma Gandhi Jayanti/Dasara/Vijaya Dashami/Dussehra/Durga Puja (Dasain)/Janmotsav of Sri Sri Sankardeva,https://www.rbi.org.in/Scripts/HolidayMatrixDisplay.aspx?drRegionalOffice=0&drMonth=10&drYear=2025 (POST form),Reserve Bank of India,2026-09-28
2025,2025-10-02,10,2,275,Post-monsoon,Jaipur,Rajasthan,North,Srimanta Sankardeva Tithi / Janmotsav,Hindu,Commemoration,shared_date,3,0.3333333333333333,Mahatma Gandhi Jayanti/Dasara/Vijaya Dashami/Dussehra/Durga Puja (Dasain)/Janmotsav of Sri Sri Sankardeva,https://www.rbi.org.in/Scripts/HolidayMatrixDisplay.aspx?drRegionalOffice=0&drMonth=10&drYear=2025 (POST form),Reserve Bank of India,2026-09-28
2025,2025-10-02,10,2,275,Post-monsoon,Jammu,Jammu & Kashmir,North,Navratri / Durga Puja / Dussehra,Hindu,Religious,shared_date,3,0.3333333333333333,Mahatma Gandhi Jayanti/Dasara/Vijaya Dashami/Dussehra/Durga Puja (Dasain)/Janmotsav of Sri Sri Sankardeva,https://www.rbi.org.in/Scripts/HolidayMatrixDisplay.aspx?drRegionalOffice=0&drMonth=10&drYear=2025 (POST form),Reserve Bank of India,2026-09-28
2025,2025-10-02,10,2,275,Post-monsoon,Jammu,Jammu & Kashmir,North,Srimanta Sankardeva Tithi / Janmotsav,Hindu,Commemoration,shared_date,3,0.3333333333333333,Mahatma Gandhi Jayanti/Dasara/Vijaya Dashami/Dussehra/Durga Puja (Dasain)/Janmotsav of Sri Sri Sankardeva,https://www.rbi.org.in/Scripts/HolidayMatrixDisplay.aspx?drRegionalOffice=0&drMonth=10&drYear=2025 (POST form),Reserve Bank of India,2026-09-28
2025,2025-10-02,10,2,275,Post-monsoon,Kanpur,Uttar Pradesh,North,Navratri / Durga Puja / Dussehra,Hindu,Religious,shared_date,3,0.3333333333333333,Mahatma Gandhi Jayanti/Dasara/Vijaya Dashami/Dussehra/Durga Puja (Dasain)/Janmotsav of Sri Sri Sankardeva,https://www.rbi.org.in/Scripts/HolidayMatrixDisplay.aspx?drRegionalOffice=0&drMonth=10&drYear=2025 (POST form),Reserve Bank of India,2026-09-28
2025,2025-10-02,10,2,275,Post-monsoon,Kanpur,Uttar Pradesh,North,Srimanta Sankardeva Tithi / Janmotsav,Hindu,Commemoration,shared_date,3,0.3333333333333333,Mahatma Gandhi Jayanti/Dasara/Vijaya Dashami/Dussehra/Durga Puja (Dasain)/Janmotsav of Sri Sri Sankardeva,https://www.rbi.org.in/Scripts/HolidayMatrixDisplay.aspx?drRegionalOffice=0&drMonth=10&drYear=2025 (POST form),Reserve Bank of India,2026-09-28
2025,2025-10-02,10,2,275,Post-monsoon,Kochi,Kerala,South,Navratri / Durga Puja / Dussehra,Hindu,Religious,shared_date,3,0.3333333333333333,Mahatma Gandhi Jayanti/Dasara/Vijaya Dashami/Dussehra/Durga Puja (Dasain)/Janmotsav of Sri Sri Sankardeva,https://www.rbi.org.in/Scripts/HolidayMatrixDisplay.aspx?drRegionalOffice=0&drMonth=10&drYear=2025 (POST form),Reserve Bank of India,2026-09-28
2025,2025-10-02,10,2,275,Post-monsoon,Kochi,Kerala,South,Srimanta Sankardeva Tithi / Janmotsav,Hindu,Commemoration,shared_date,3,0.3333333333333333,Mahatma Gandhi Jayanti/Dasara/Vijaya Dashami/Dussehra/Durga Puja (Dasain)/Janmotsav of Sri Sri Sankardeva,https://www.rbi.org.in/Scripts/HolidayMatrixDisplay.aspx?drRegionalOffice=0&drMonth=10&drYear=2025 (POST form),Reserve Bank of India,2026-09-28
2025,2025-10-02,10,2,275,Post-monsoon,Kohima,Nagaland,North-East,Navratri / Durga Puja / Dussehra,Hindu,Religious,shared_date,3,0.3333333333333333,Mahatma Gandhi Jayanti/Dasara/Vijaya Dashami/Dussehra/Durga Puja (Dasain)/Janmotsav of Sri Sri Sankardeva,https://www.rbi.org.in/Scripts/HolidayMatrixDisplay.aspx?drRegionalOffice=0&drMonth=10&drYear=2025 (POST form),Reserve Bank of India,2026-09-28
2025,2025-10-02,10,2,275,Post-monsoon,Kohima,Nagaland,North-East,Srimanta Sankardeva Tithi / Janmotsav,Hindu,Commemoration,shared_date,3,0.3333333333333333,Mahatma Gandhi Jayanti/Dasara/Vijaya Dashami/Dussehra/Durga Puja (Dasain)/Janmotsav of Sri Sri Sankardeva,https://www.rbi.org.in/Scripts/HolidayMatrixDisplay.aspx?drRegionalOffice=0&drMonth=10&drYear=2025 (POST form),Reserve Bank of India,2026-09-28
2025,2025-10-02,10,2,275,Post-monsoon,Kolkata,West Bengal,East,Navratri / Durga Puja / Dussehra,Hindu,Religious,shared_date,3,0.3333333333333333,Mahatma Gandhi Jayanti/Dasara/Vijaya Dashami/Dussehra/Durga Puja (Dasain)/Janmotsav of Sri Sri Sankardeva,https://www.rbi.org.in/Scripts/HolidayMatrixDisplay.aspx?drRegionalOffice=0&drMonth=10&drYear=2025 (POST form),Reserve Bank of India,2026-09-28
2025,2025-10-02,10,2,275,Post-monsoon,Kolkata,West Bengal,East,Srimanta Sankardeva Tithi / Janmotsav,Hindu,Commemoration,shared_date,3,0.3333333333333333,Mahatma Gandhi Jayanti/Dasara/Vijaya Dashami/Dussehra/Durga Puja (Dasain)/Janmotsav of Sri Sri Sankardeva,https://www.rbi.org.in/Scripts/HolidayMatrixDisplay.aspx?drRegionalOffice=0&drMonth=10&drYear=2025 (POST form),Reserve Bank of India,2026-09-28
2025,2025-10-02,10,2,275,Post-monsoon,Lucknow,Uttar Pradesh,North,Navratri / Durga Puja / Dussehra,Hindu,Religious,shared_date,3,0.3333333333333333,Mahatma Gandhi Jayanti/Dasara/Vijaya Dashami/Dussehra/Durga Puja (Dasain)/Janmotsav of Sri Sri Sankardeva,https://www.rbi.org.in/Scripts/HolidayMatrixDisplay.aspx?drRegionalOffice=0&drMonth=10&drYear=2025 (POST form),Reserve Bank of India,2026-09-28
2025,2025-10-02,10,2,275,Post-monsoon,Lucknow,Uttar Pradesh,North,Srimanta Sankardeva Tithi / Janmotsav,Hindu,Commemoration,shared_date,3,0.3333333333333333,Mahatma Gandhi Jayanti/Dasara/Vijaya Dashami/Dussehra/Durga Puja (Dasain)/Janmotsav of Sri Sri Sankardeva,https://www.rbi.org.in/Scripts/HolidayMatrixDisplay.aspx?drRegionalOffice=0&drMonth=10&drYear=2025 (POST form),Reserve Bank of India,2026-09-28
2025,2025-10-02,10,2,275,Post-monsoon,Mumbai,Maharashtra,West,Navratri / Durga Puja / Dussehra,Hindu,Religious,shared_date,3,0.3333333333333333,Mahatma Gandhi Jayanti/Dasara/Vijaya Dashami/Dussehra/Durga Puja (Dasain)/Janmotsav of Sri Sri Sankardeva,https://www.rbi.org.in/Scripts/HolidayMatrixDisplay.aspx?drRegionalOffice=0&drMonth=10&drYear=2025 (POST form),Reserve Bank of India,2026-09-28
2025,2025-10-02,10,2,275,Post-monsoon,Mumbai,Maharashtra,West,Srimanta Sankardeva Tithi / Janmotsav,Hindu,Commemoration,shared_date,3,0.3333333333333333,Mahatma Gandhi Jayanti/Dasara/Vijaya Dashami/Dussehra/Durga Puja (Dasain)/Janmotsav of Sri Sri Sankardeva,https://www.rbi.org.in/Scripts/HolidayMatrixDisplay.aspx?drRegionalOffice=0&drMonth=10&drYear=2025 (POST form),Reserve Bank of India,2026-09-28
2025,2025-10-02,10,2,275,Post-monsoon,Nagpur,Maharashtra,West,Navratri / Durga Puja / Dussehra,Hindu,Religious,shared_date,3,0.3333333333333333,Mahatma Gandhi Jayanti/Dasara/Vijaya Dashami/Dussehra/Durga Puja (Dasain)/Janmotsav of Sri Sri Sankardeva,https://www.rbi.org.in/Scripts/HolidayMatrixDisplay.aspx?drRegionalOffice=0&drMonth=10&drYear=2025 (POST form),Reserve Bank of India,2026-09-28
2025,2025-10-02,10,2,275,Post-monsoon,Nagpur,Maharashtra,West,Srimanta Sankardeva Tithi / Janmotsav,Hindu,Commemoration,shared_date,3,0.3333333333333333,Mahatma Gandhi Jayanti/Dasara/Vijaya Dashami/Dussehra/Durga Puja (Dasain)/Janmotsav of Sri Sri Sankardeva,https://www.rbi.org.in/Scripts/HolidayMatrixDisplay.aspx?drRegionalOffice=0&drMonth=10&drYear=2025 (POST form),Reserve Bank of India,2026-09-28
2025,2025-10-02,10,2,275,Post-monsoon,New Delhi,Delhi,North,Navratri / Durga Puja / Dussehra,Hindu,Religious,shared_date,3,0.3333333333333333,Mahatma Gandhi Jayanti/Dasara/Vijaya Dashami/Dussehra/Durga Puja (Dasain)/Janmotsav of Sri Sri Sankardeva,https://www.rbi.org.in/Scripts/HolidayMatrixDisplay.aspx?drRegionalOffice=0&drMonth=10&drYear=2025 (POST form),Reserve Bank of India,2026-09-28
2025,2025-10-02,10,2,275,Post-monsoon,New Delhi,Delhi,North,Srimanta Sankardeva Tithi / Janmotsav,Hindu,Commemoration,shared_date,3,0.3333333333333333,Mahatma Gandhi Jayanti/Dasara/Vijaya Dashami/Dussehra/Durga Puja (Dasain)/Janmotsav of Sri Sri Sankardeva,https://www.rbi.org.in/Scripts/HolidayMatrixDisplay.aspx?drRegionalOffice=0&drMonth=10&drYear=2025 (POST form),Reserve Bank of India,2026-09-28
2025,2025-10-02,10,2,275,Post-monsoon,Panaji,Goa,West,Navratri / Durga Puja / Dussehra,Hindu,Religious,shared_date,3,0.3333333333333333,Mahatma Gandhi Jayanti/Dasara/Vijaya Dashami/Dussehra/Durga Puja (Dasain)/Janmotsav of Sri Sri Sankardeva,https://www.rbi.org.in/Scripts/HolidayMatrixDisplay.aspx?drRegionalOffice=0&drMonth=10&drYear=2025 (POST form),Reserve Bank of India,2026-09-28
2025,2025-10-02,10,2,275,Post-monsoon,Panaji,Goa,West,Srimanta Sankardeva Tithi / Janmotsav,Hindu,Commemoration,shared_date,3,0.3333333333333333,Mahatma Gandhi Jayanti/Dasara/Vijaya Dashami/Dussehra/Durga Puja (Dasain)/Janmotsav of Sri Sri Sankardeva,https://www.rbi.org.in/Scripts/HolidayMatrixDisplay.aspx?drRegionalOffice=0&drMonth=10&drYear=2025 (POST form),Reserve Bank of India,2026-09-28
2025,2025-10-02,10,2,275,Post-monsoon,Patna,Bihar,East,Navratri / Durga Puja / Dussehra,Hindu,Religious,shared_date,3,0.3333333333333333,Mahatma Gandhi Jayanti/Dasara/Vijaya Dashami/Dussehra/Durga Puja (Dasain)/Janmotsav of Sri Sri Sankardeva,https://www.rbi.org.in/Scripts/HolidayMatrixDisplay.aspx?drRegionalOffice=0&drMonth=10&drYear=2025 (POST form),Reserve Bank of India,2026-09-28
2025,2025-10-02,10,2,275,Post-monsoon,Patna,Bihar,East,Srimanta Sankardeva Tithi / Janmotsav,Hindu,Commemoration,shared_date,3,0.3333333333333333,Mahatma Gandhi Jayanti/Dasara/Vijaya Dashami/Dussehra/Durga Puja (Dasain)/Janmotsav of Sri Sri Sankardeva,https://www.rbi.org.in/Scripts/HolidayMatrixDisplay.aspx?drRegionalOffice=0&drMonth=10&drYear=2025 (POST form),Reserve Bank of India,2026-09-28
2025,2025-10-02,10,2,275,Post-monsoon,Raipur,Chhattisgarh,Central,Navratri / Durga Puja / Dussehra,Hindu,Religious,shared_date,3,0.3333333333333333,Mahatma Gandhi Jayanti/Dasara/Vijaya Dashami/Dussehra/Durga Puja (Dasain)/Janmotsav of Sri Sri Sankardeva,https://www.rbi.org.in/Scripts/HolidayMatrixDisplay.aspx?drRegionalOffice=0&drMonth=10&drYear=2025 (POST form),Reserve Bank of India,2026-09-28
2025,2025-10-02,10,2,275,Post-monsoon,Raipur,Chhattisgarh,Central,Srimanta Sankardeva Tithi / Janmotsav,Hindu,Commemoration,shared_date,3,0.3333333333333333,Mahatma Gandhi Jayanti/Dasara/Vijaya Dashami/Dussehra/Durga Puja (Dasain)/Janmotsav of Sri Sri Sankardeva,https://www.rbi.org.in/Scripts/HolidayMatrixDisplay.aspx?drRegionalOffice=0&drMonth=10&drYear=2025 (POST form),Reserve Bank of India,2026-09-28
2025,2025-10-02,10,2,275,Post-monsoon,Ranchi,Jharkhand,East,Navratri / Durga Puja / Dussehra,Hindu,Religious,shared_date,3,0.3333333333333333,Mahatma Gandhi Jayanti/Dasara/Vijaya Dashami/Dussehra/Durga Puja (Dasain)/Janmotsav of Sri Sri Sankardeva,https://www.rbi.org.in/Scripts/HolidayMatrixDisplay.aspx?drRegionalOffice=0&drMonth=10&drYear=2025 (POST form),Reserve Bank of India,2026-09-28
2025,2025-10-02,10,2,275,Post-monsoon,Ranchi,Jharkhand,East,Srimanta Sankardeva Tithi / Janmotsav,Hindu,Commemoration,shared_date,3,0.3333333333333333,Mahatma Gandhi Jayanti/Dasara/Vijaya Dashami/Dussehra/Durga Puja (Dasain)/Janmotsav of Sri Sri Sankardeva,https://www.rbi.org.in/Scripts/HolidayMatrixDisplay.aspx?drRegionalOffice=0&drMonth=10&drYear=2025 (POST form),Reserve Bank of India,2026-09-28
2025,2025-10-02,10,2,275,Post-monsoon,Shillong,Meghalaya,North-East,Navratri / Durga Puja / Dussehra,Hindu,Religious,shared_date,3,0.3333333333333333,Mahatma Gandhi Jayanti/Dasara/Vijaya Dashami/Dussehra/Durga Puja (Dasain)/Janmotsav of Sri Sri Sankardeva,https://www.rbi.org.in/Scripts/HolidayMatrixDisplay.aspx?drRegionalOffice=0&drMonth=10&drYear=2025 (POST form),Reserve Bank of India,2026-09-28
2025,2025-10-02,10,2,275,Post-monsoon,Shillong,Meghalaya,North-East,Srimanta Sankardeva Tithi / Janmotsav,Hindu,Commemoration,shared_date,3,0.3333333333333333,Mahatma Gandhi Jayanti/Dasara/Vijaya Dashami/Dussehra/Durga Puja (Dasain)/Janmotsav of Sri Sri Sankardeva,https://www.rbi.org.in/Scripts/HolidayMatrixDisplay.aspx?drRegionalOffice=0&drMonth=10&drYear=2025 (POST form),Reserve Bank of India,2026-09-28
2025,2025-10-02,10,2,275,Post-monsoon,Shimla,Himachal Pradesh,North,Navratri / Durga Puja / Dussehra,Hindu,Religious,shared_date,3,0.3333333333333333,Mahatma Gandhi Jayanti/Dasara/Vijaya Dashami/Dussehra/Durga Puja (Dasain)/Janmotsav of Sri Sri Sankardeva,https://www.rbi.org.in/Scripts/HolidayMatrixDisplay.aspx?drRegionalOffice=0&drMonth=10&drYear=2025 (POST form),Reserve Bank of India,2026-09-28
2025,2025-10-02,10,2,275,Post-monsoon,Shimla,Himachal Pradesh,North,Srimanta Sankardeva Tithi / Janmotsav,Hindu,Commemoration,shared_date,3,0.3333333333333333,Mahatma Gandhi Jayanti/Dasara/Vijaya Dashami/Dussehra/Durga Puja (Dasain)/Janmotsav of Sri Sri Sankardeva,https://www.rbi.org.in/Scripts/HolidayMatrixDisplay.aspx?drRegionalOffice=0&drMonth=10&drYear=2025 (POST form),Reserve Bank of India,2026-09-28
2025,2025-10-02,10,2,275,Post-monsoon,Srinagar,Jammu & Kashmir,North,Navratri / Durga Puja / Dussehra,Hindu,Religious,shared_date,3,0.3333333333333333,Mahatma Gandhi Jayanti/Dasara/Vijaya Dashami/Dussehra/Durga Puja (Dasain)/Janmotsav of Sri Sri Sankardeva,https://www.rbi.org.in/Scripts/HolidayMatrixDisplay.aspx?drRegionalOffice=0&drMonth=10&drYear=2025 (POST form),Reserve Bank of India,2026-09-28
2025,2025-10-02,10,2,275,Post-monsoon,Srinagar,Jammu & Kashmir,North,Srimanta Sankardeva Tithi / Janmotsav,Hindu,Commemoration,shared_date,3,0.3333333333333333,Mahatma Gandhi Jayanti/Dasara/Vijaya Dashami/Dussehra/Durga Puja (Dasain)/Janmotsav of Sri Sri Sankardeva,https://www.rbi.org.in/Scripts/HolidayMatrixDisplay.aspx?drRegionalOffice=0&drMonth=10&drYear=2025 (POST form),Reserve Bank of India,2026-09-28
2025,2025-10-02,10,2,275,Post-monsoon,Thiruvananthapuram,Kerala,South,Navratri / Durga Puja / Dussehra,Hindu,Religious,shared_date,3,0.3333333333333333,Mahatma Gandhi Jayanti/Dasara/Vijaya Dashami/Dussehra/Durga Puja (Dasain)/Janmotsav of Sri Sri Sankardeva,https://www.rbi.org.in/Scripts/HolidayMatrixDisplay.aspx?drRegionalOffice=0&drMonth=10&drYear=2025 (POST form),Reserve Bank of India,2026-09-28
2025,2025-10-02,10,2,275,Post-monsoon,Thiruvananthapuram,Kerala,South,Srimanta Sankardeva Tithi / Janmotsav,Hindu,Commemoration,shared_date,3,0.3333333333333333,Mahatma Gandhi Jayanti/Dasara/Vijaya Dashami/Dussehra/Durga Puja (Dasain)/Janmotsav of Sri Sri Sankardeva,https://www.rbi.org.in/Scripts/HolidayMatrixDisplay.aspx?drRegionalOffice=0&drMonth=10&drYear=2025 (POST form),Reserve Bank of India,2026-09-28
2025,2025-10-02,10,2,275,Post-monsoon,Vijayawada,Andhra Pradesh,South,Navratri / Durga Puja / Dussehra,Hindu,Religious,shared_date,3,0.3333333333333333,Mahatma Gandhi Jayanti/Dasara/Vijaya Dashami/Dussehra/Durga Puja (Dasain)/Janmotsav of Sri Sri Sankardeva,https://www.rbi.org.in/Scripts/HolidayMatrixDisplay.aspx?drRegionalOffice=0&drMonth=10&drYear=2025 (POST form),Reserve Bank of India,2026-09-28
2025,2025-10-02,10,2,275,Post-monsoon,Vijayawada,Andhra Pradesh,South,Srimanta Sankardeva Tithi / Janmotsav,Hindu,Commemoration,shared_date,3,0.3333333333333333,Mahatma Gandhi Jayanti/Dasara/Vijaya Dashami/Dussehra/Durga Puja (Dasain)/Janmotsav of Sri Sri Sankardeva,https://www.rbi.org.in/Scripts/HolidayMatrixDisplay.aspx?drRegionalOffice=0&drMonth=10&drYear=2025 (POST form),Reserve Bank of India,2026-09-28
2025,2025-10-03,10,3,276,Post-monsoon,Gangtok,Sikkim,North-East,Navratri / Durga Puja / Dussehra,Hindu,Religious,unique,1,1.0,Durga Puja (Dasain),https://www.rbi.org.in/Scripts/HolidayMatrixDisplay.aspx?drRegionalOffice=0&drMonth=10&drYear=2025 (POST form),Reserve Bank of India,2026-09-28
2025,2025-10-04,10,4,277,Post-monsoon,Gangtok,Sikkim,North-East,Navratri / Durga Puja / Dussehra,Hindu,Religious,unique,1,1.0,Durga Puja (Dasain),https://www.rbi.org.in/Scripts/HolidayMatrixDisplay.aspx?drRegionalOffice=0&drMonth=10&drYear=2025 (POST form),Reserve Bank of India,2026-09-28
2025,2025-10-06,10,6,279,Post-monsoon,Agartala,Tripura,North-East,Kojagari Lakshmi Puja,Hindu,Religious,unique,1,1.0,Lakshmi Puja,https://www.rbi.org.in/Scripts/HolidayMatrixDisplay.aspx?drRegionalOffice=0&drMonth=10&drYear=2025 (POST form),Reserve Bank of India,2026-09-28
2025,2025-10-06,10,6,279,Post-monsoon,Kolkata,West Bengal,East,Kojagari Lakshmi Puja,Hindu,Religious,unique,1,1.0,Lakshmi Puja,https://www.rbi.org.in/Scripts/HolidayMatrixDisplay.aspx?drRegionalOffice=0&drMonth=10&drYear=2025 (POST form),Reserve Bank of India,2026-09-28
2025,2025-10-07,10,7,280,Post-monsoon,Bengaluru,Karnataka,South,Kumar Purnima,Hindu,Religious,shared_date,2,0.5,Maharshi Valmiki Jayanti/Kumar Purnima,https://www.rbi.org.in/Scripts/HolidayMatrixDisplay.aspx?drRegionalOffice=0&drMonth=10&drYear=2025 (POST form),Reserve Bank of India,2026-09-28
2025,2025-10-07,10,7,280,Post-monsoon,Bengaluru,Karnataka,South,Valmiki Jayanti,Hindu,Commemoration,shared_date,2,0.5,Maharshi Valmiki Jayanti/Kumar Purnima,https://www.rbi.org.in/Scripts/HolidayMatrixDisplay.aspx?drRegionalOffice=0&drMonth=10&drYear=2025 (POST form),Reserve Bank of India,2026-09-28
2025,2025-10-07,10,7,280,Post-monsoon,Bhubaneswar,Odisha,East,Kumar Purnima,Hindu,Religious,shared_date,2,0.5,Maharshi Valmiki Jayanti/Kumar Purnima,https://www.rbi.org.in/Scripts/HolidayMatrixDisplay.aspx?drRegionalOffice=0&drMonth=10&drYear=2025 (POST form),Reserve Bank of India,2026-09-28
2025,2025-10-07,10,7,280,Post-monsoon,Bhubaneswar,Odisha,East,Valmiki Jayanti,Hindu,Commemoration,shared_date,2,0.5,Maharshi Valmiki Jayanti/Kumar Purnima,https://www.rbi.org.in/Scripts/HolidayMatrixDisplay.aspx?drRegionalOffice=0&drMonth=10&drYear=2025 (POST form),Reserve Bank of India,2026-09-28
2025,2025-10-07,10,7,280,Post-monsoon,Chandigarh,Punjab-Haryana-Chandigarh,North,Kumar Purnima,Hindu,Religious,shared_date,2,0.5,Maharshi Valmiki Jayanti/Kumar Purnima,https://www.rbi.org.in/Scripts/HolidayMatrixDisplay.aspx?drRegionalOffice=0&drMonth=10&drYear=2025 (POST form),Reserve Bank of India,2026-09-28
2025,2025-10-07,10,7,280,Post-monsoon,Chandigarh,Punjab-Haryana-Chandigarh,North,Valmiki Jayanti,Hindu,Commemoration,shared_date,2,0.5,Maharshi Valmiki Jayanti/Kumar Purnima,https://www.rbi.org.in/Scripts/HolidayMatrixDisplay.aspx?drRegionalOffice=0&drMonth=10&drYear=2025 (POST form),Reserve Bank of India,2026-09-28
2025,2025-10-07,10,7,280,Post-monsoon,Shimla,Himachal Pradesh,North,Kumar Purnima,Hindu,Religious,shared_date,2,0.5,Maharshi Valmiki Jayanti/Kumar Purnima,https://www.rbi.org.in/Scripts/HolidayMatrixDisplay.aspx?drRegionalOffice=0&drMonth=10&drYear=2025 (POST form),Reserve Bank of India,2026-09-28
2025,2025-10-07,10,7,280,Post-monsoon,Shimla,Himachal Pradesh,North,Valmiki Jayanti,Hindu,Commemoration,shared_date,2,0.5,Maharshi Valmiki Jayanti/Kumar Purnima,https://www.rbi.org.in/Scripts/HolidayMatrixDisplay.aspx?drRegionalOffice=0&drMonth=10&drYear=2025 (POST form),Reserve Bank of India,2026-09-28
2025,2025-10-10,10,10,283,Post-monsoon,Shimla,Himachal Pradesh,North,Karva Chauth,Hindu,Religious,unique,1,1.0,Karva Chauth,https://www.rbi.org.in/Scripts/HolidayMatrixDisplay.aspx?drRegionalOffice=0&drMonth=10&drYear=2025 (POST form),Reserve Bank of India,2026-09-28
2025,2025-10-18,10,18,291,Post-monsoon,Guwahati,Assam,North-East,Kati Bihu,Hindu,Harvest,unique,1,1.0,Kati Bihu,https://www.rbi.org.in/Scripts/HolidayMatrixDisplay.aspx?drRegionalOffice=0&drMonth=10&drYear=2025 (POST form),Reserve Bank of India,2026-09-28
2025,2025-10-20,10,20,293,Post-monsoon,Agartala,Tripura,North-East,Diwali (Deepavali),Hindu,Religious,unique,1,1.0,Diwali (Deepavali)/Naraka Chaturdashi/Kali Puja,https://www.rbi.org.in/Scripts/HolidayMatrixDisplay.aspx?drRegionalOffice=0&drMonth=10&drYear=2025 (POST form),Reserve Bank of India,2026-09-28
2025,2025-10-20,10,20,293,Post-monsoon,Ahmedabad,Gujarat,West,Diwali (Deepavali),Hindu,Religious,unique,1,1.0,Diwali (Deepavali)/Naraka Chaturdashi/Kali Puja,https://www.rbi.org.in/Scripts/HolidayMatrixDisplay.aspx?drRegionalOffice=0&drMonth=10&drYear=2025 (POST form),Reserve Bank of India,2026-09-28
2025,2025-10-20,10,20,293,Post-monsoon,Aizawl,Mizoram,North-East,Diwali (Deepavali),Hindu,Religious,unique,1,1.0,Diwali (Deepavali)/Naraka Chaturdashi/Kali Puja,https://www.rbi.org.in/Scripts/HolidayMatrixDisplay.aspx?drRegionalOffice=0&drMonth=10&drYear=2025 (POST form),Reserve Bank of India,2026-09-28
2025,2025-10-20,10,20,293,Post-monsoon,Bengaluru,Karnataka,South,Diwali (Deepavali),Hindu,Religious,unique,1,1.0,Diwali (Deepavali)/Naraka Chaturdashi/Kali Puja,https://www.rbi.org.in/Scripts/HolidayMatrixDisplay.aspx?drRegionalOffice=0&drMonth=10&drYear=2025 (POST form),Reserve Bank of India,2026-09-28
2025,2025-10-20,10,20,293,Post-monsoon,Bhopal,Madhya Pradesh,Central,Diwali (Deepavali),Hindu,Religious,unique,1,1.0,Diwali (Deepavali)/Naraka Chaturdashi/Kali Puja,https://www.rbi.org.in/Scripts/HolidayMatrixDisplay.aspx?drRegionalOffice=0&drMonth=10&drYear=2025 (POST form),Reserve Bank of India,2026-09-28
2025,2025-10-20,10,20,293,Post-monsoon,Bhubaneswar,Odisha,East,Diwali (Deepavali),Hindu,Religious,unique,1,1.0,Diwali (Deepavali)/Naraka Chaturdashi/Kali Puja,https://www.rbi.org.in/Scripts/HolidayMatrixDisplay.aspx?drRegionalOffice=0&drMonth=10&drYear=2025 (POST form),Reserve Bank of India,2026-09-28
2025,2025-10-20,10,20,293,Post-monsoon,Chandigarh,Punjab-Haryana-Chandigarh,North,Diwali (Deepavali),Hindu,Religious,unique,1,1.0,Diwali (Deepavali)/Naraka Chaturdashi/Kali Puja,https://www.rbi.org.in/Scripts/HolidayMatrixDisplay.aspx?drRegionalOffice=0&drMonth=10&drYear=2025 (POST form),Reserve Bank of India,2026-09-28
2025,2025-10-20,10,20,293,Post-monsoon,Chennai,Tamil Nadu,South,Diwali (Deepavali),Hindu,Religious,unique,1,1.0,Diwali (Deepavali)/Naraka Chaturdashi/Kali Puja,https://www.rbi.org.in/Scripts/HolidayMatrixDisplay.aspx?drRegionalOffice=0&drMonth=10&drYear=2025 (POST form),Reserve Bank of India,2026-09-28
2025,2025-10-20,10,20,293,Post-monsoon,Dehradun,Uttarakhand,North,Diwali (Deepavali),Hindu,Religious,unique,1,1.0,Diwali (Deepavali)/Naraka Chaturdashi/Kali Puja,https://www.rbi.org.in/Scripts/HolidayMatrixDisplay.aspx?drRegionalOffice=0&drMonth=10&drYear=2025 (POST form),Reserve Bank of India,2026-09-28
2025,2025-10-20,10,20,293,Post-monsoon,Gangtok,Sikkim,North-East,Diwali (Deepavali),Hindu,Religious,unique,1,1.0,Diwali (Deepavali)/Naraka Chaturdashi/Kali Puja,https://www.rbi.org.in/Scripts/HolidayMatrixDisplay.aspx?drRegionalOffice=0&drMonth=10&drYear=2025 (POST form),Reserve Bank of India,2026-09-28
2025,2025-10-20,10,20,293,Post-monsoon,Guwahati,Assam,North-East,Diwali (Deepavali),Hindu,Religious,unique,1,1.0,Diwali (Deepavali)/Naraka Chaturdashi/Kali Puja,https://www.rbi.org.in/Scripts/HolidayMatrixDisplay.aspx?drRegionalOffice=0&drMonth=10&drYear=2025 (POST form),Reserve Bank of India,2026-09-28
2025,2025-10-20,10,20,293,Post-monsoon,Hyderabad,Telangana,South,Diwali (Deepavali),Hindu,Religious,unique,1,1.0,Diwali (Deepavali)/Naraka Chaturdashi/Kali Puja,https://www.rbi.org.in/Scripts/HolidayMatrixDisplay.aspx?drRegionalOffice=0&drMonth=10&drYear=2025 (POST form),Reserve Bank of India,2026-09-28
2025,2025-10-20,10,20,293,Post-monsoon,Itanagar,Arunachal Pradesh,North-East,Diwali (Deepavali),Hindu,Religious,unique,1,1.0,Diwali (Deepavali)/Naraka Chaturdashi/Kali Puja,https://www.rbi.org.in/Scripts/HolidayMatrixDisplay.aspx?drRegionalOffice=0&drMonth=10&drYear=2025 (POST form),Reserve Bank of India,2026-09-28
2025,2025-10-20,10,20,293,Post-monsoon,Jaipur,Rajasthan,North,Diwali (Deepavali),Hindu,Religious,unique,1,1.0,Diwali (Deepavali)/Naraka Chaturdashi/Kali Puja,https://www.rbi.org.in/Scripts/HolidayMatrixDisplay.aspx?drRegionalOffice=0&drMonth=10&drYear=2025 (POST form),Reserve Bank of India,2026-09-28
2025,2025-10-20,10,20,293,Post-monsoon,Kanpur,Uttar Pradesh,North,Diwali (Deepavali),Hindu,Religious,unique,1,1.0,Diwali (Deepavali)/Naraka Chaturdashi/Kali Puja,https://www.rbi.org.in/Scripts/HolidayMatrixDisplay.aspx?drRegionalOffice=0&drMonth=10&drYear=2025 (POST form),Reserve Bank of India,2026-09-28
2025,2025-10-20,10,20,293,Post-monsoon,Kochi,Kerala,South,Diwali (Deepavali),Hindu,Religious,unique,1,1.0,Diwali (Deepavali)/Naraka Chaturdashi/Kali Puja,https://www.rbi.org.in/Scripts/HolidayMatrixDisplay.aspx?drRegionalOffice=0&drMonth=10&drYear=2025 (POST form),Reserve Bank of India,2026-09-28
2025,2025-10-20,10,20,293,Post-monsoon,Kohima,Nagaland,North-East,Diwali (Deepavali),Hindu,Religious,unique,1,1.0,Diwali (Deepavali)/Naraka Chaturdashi/Kali Puja,https://www.rbi.org.in/Scripts/HolidayMatrixDisplay.aspx?drRegionalOffice=0&drMonth=10&drYear=2025 (POST form),Reserve Bank of India,2026-09-28
2025,2025-10-20,10,20,293,Post-monsoon,Kolkata,West Bengal,East,Diwali (Deepavali),Hindu,Religious,unique,1,1.0,Diwali (Deepavali)/Naraka Chaturdashi/Kali Puja,https://www.rbi.org.in/Scripts/HolidayMatrixDisplay.aspx?drRegionalOffice=0&drMonth=10&drYear=2025 (POST form),Reserve Bank of India,2026-09-28
2025,2025-10-20,10,20,293,Post-monsoon,Lucknow,Uttar Pradesh,North,Diwali (Deepavali),Hindu,Religious,unique,1,1.0,Diwali (Deepavali)/Naraka Chaturdashi/Kali Puja,https://www.rbi.org.in/Scripts/HolidayMatrixDisplay.aspx?drRegionalOffice=0&drMonth=10&drYear=2025 (POST form),Reserve Bank of India,2026-09-28
2025,2025-10-20,10,20,293,Post-monsoon,New Delhi,Delhi,North,Diwali (Deepavali),Hindu,Religious,unique,1,1.0,Diwali (Deepavali)/Naraka Chaturdashi/Kali Puja,https://www.rbi.org.in/Scripts/HolidayMatrixDisplay.aspx?drRegionalOffice=0&drMonth=10&drYear=2025 (POST form),Reserve Bank of India,2026-09-28
2025,2025-10-20,10,20,293,Post-monsoon,Panaji,Goa,West,Diwali (Deepavali),Hindu,Religious,unique,1,1.0,Diwali (Deepavali)/Naraka Chaturdashi/Kali Puja,https://www.rbi.org.in/Scripts/HolidayMatrixDisplay.aspx?drRegionalOffice=0&drMonth=10&drYear=2025 (POST form),Reserve Bank of India,2026-09-28
2025,2025-10-20,10,20,293,Post-monsoon,Raipur,Chhattisgarh,Central,Diwali (Deepavali),Hindu,Religious,unique,1,1.0,Diwali (Deepavali)/Naraka Chaturdashi/Kali Puja,https://www.rbi.org.in/Scripts/HolidayMatrixDisplay.aspx?drRegionalOffice=0&drMonth=10&drYear=2025 (POST form),Reserve Bank of India,2026-09-28
2025,2025-10-20,10,20,293,Post-monsoon,Ranchi,Jharkhand,East,Diwali (Deepavali),Hindu,Religious,unique,1,1.0,Diwali (Deepavali)/Naraka Chaturdashi/Kali Puja,https://www.rbi.org.in/Scripts/HolidayMatrixDisplay.aspx?drRegionalOffice=0&drMonth=10&drYear=2025 (POST form),Reserve Bank of India,2026-09-28
2025,2025-10-20,10,20,293,Post-monsoon,Shillong,Meghalaya,North-East,Diwali (Deepavali),Hindu,Religious,unique,1,1.0,Diwali (Deepavali)/Naraka Chaturdashi/Kali Puja,https://www.rbi.org.in/Scripts/HolidayMatrixDisplay.aspx?drRegionalOffice=0&drMonth=10&drYear=2025 (POST form),Reserve Bank of India,2026-09-28
2025,2025-10-20,10,20,293,Post-monsoon,Shimla,Himachal Pradesh,North,Diwali (Deepavali),Hindu,Religious,unique,1,1.0,Diwali (Deepavali)/Naraka Chaturdashi/Kali Puja,https://www.rbi.org.in/Scripts/HolidayMatrixDisplay.aspx?drRegionalOffice=0&drMonth=10&drYear=2025 (POST form),Reserve Bank of India,2026-09-28
2025,2025-10-20,10,20,293,Post-monsoon,Thiruvananthapuram,Kerala,South,Diwali (Deepavali),Hindu,Religious,unique,1,1.0,Diwali (Deepavali)/Naraka Chaturdashi/Kali Puja,https://www.rbi.org.in/Scripts/HolidayMatrixDisplay.aspx?drRegionalOffice=0&drMonth=10&drYear=2025 (POST form),Reserve Bank of India,2026-09-28
2025,2025-10-20,10,20,293,Post-monsoon,Vijayawada,Andhra Pradesh,South,Diwali (Deepavali),Hindu,Religious,unique,1,1.0,Diwali (Deepavali)/Naraka Chaturdashi/Kali Puja,https://www.rbi.org.in/Scripts/HolidayMatrixDisplay.aspx?drRegionalOffice=0&drMonth=10&drYear=2025 (POST form),Reserve Bank of India,2026-09-28
2025,2025-10-21,10,21,294,Post-monsoon,Belapur,Maharashtra,West,Diwali (Deepavali),Hindu,Religious,unique,1,1.0,Diwali Amavasya (Laxmi Pujan)/Deepawali/Govardhan Pooja,https://www.rbi.org.in/Scripts/HolidayMatrixDisplay.aspx?drRegionalOffice=0&drMonth=10&drYear=2025 (POST form),Reserve Bank of India,2026-09-28
2025,2025-10-21,10,21,294,Post-monsoon,Bhopal,Madhya Pradesh,Central,Diwali (Deepavali),Hindu,Religious,unique,1,1.0,Diwali Amavasya (Laxmi Pujan)/Deepawali/Govardhan Pooja,https://www.rbi.org.in/Scripts/HolidayMatrixDisplay.aspx?drRegionalOffice=0&drMonth=10&drYear=2025 (POST form),Reserve Bank of India,2026-09-28
2025,2025-10-21,10,21,294,Post-monsoon,Gangtok,Sikkim,North-East,Diwali (Deepavali),Hindu,Religious,unique,1,1.0,Diwali Amavasya (Laxmi Pujan)/Deepawali/Govardhan Pooja,https://www.rbi.org.in/Scripts/HolidayMatrixDisplay.aspx?drRegionalOffice=0&drMonth=10&drYear=2025 (POST form),Reserve Bank of India,2026-09-28
2025,2025-10-21,10,21,294,Post-monsoon,Guwahati,Assam,North-East,Diwali (Deepavali),Hindu,Religious,unique,1,1.0,Diwali Amavasya (Laxmi Pujan)/Deepawali/Govardhan Pooja,https://www.rbi.org.in/Scripts/HolidayMatrixDisplay.aspx?drRegionalOffice=0&drMonth=10&drYear=2025 (POST form),Reserve Bank of India,2026-09-28
2025,2025-10-21,10,21,294,Post-monsoon,Imphal,Manipur,North-East,Diwali (Deepavali),Hindu,Religious,unique,1,1.0,Diwali Amavasya (Laxmi Pujan)/Deepawali/Govardhan Pooja,https://www.rbi.org.in/Scripts/HolidayMatrixDisplay.aspx?drRegionalOffice=0&drMonth=10&drYear=2025 (POST form),Reserve Bank of India,2026-09-28
2025,2025-10-21,10,21,294,Post-monsoon,Jammu,Jammu & Kashmir,North,Diwali (Deepavali),Hindu,Religious,unique,1,1.0,Diwali Amavasya (Laxmi Pujan)/Deepawali/Govardhan Pooja,https://www.rbi.org.in/Scripts/HolidayMatrixDisplay.aspx?drRegionalOffice=0&drMonth=10&drYear=2025 (POST form),Reserve Bank of India,2026-09-28
2025,2025-10-21,10,21,294,Post-monsoon,Mumbai,Maharashtra,West,Diwali (Deepavali),Hindu,Religious,unique,1,1.0,Diwali Amavasya (Laxmi Pujan)/Deepawali/Govardhan Pooja,https://www.rbi.org.in/Scripts/HolidayMatrixDisplay.aspx?drRegionalOffice=0&drMonth=10&drYear=2025 (POST form),Reserve Bank of India,2026-09-28
2025,2025-10-21,10,21,294,Post-monsoon,Nagpur,Maharashtra,West,Diwali (Deepavali),Hindu,Religious,unique,1,1.0,Diwali Amavasya (Laxmi Pujan)/Deepawali/Govardhan Pooja,https://www.rbi.org.in/Scripts/HolidayMatrixDisplay.aspx?drRegionalOffice=0&drMonth=10&drYear=2025 (POST form),Reserve Bank of India,2026-09-28
2025,2025-10-21,10,21,294,Post-monsoon,Raipur,Chhattisgarh,Central,Diwali (Deepavali),Hindu,Religious,unique,1,1.0,Diwali Amavasya (Laxmi Pujan)/Deepawali/Govardhan Pooja,https://www.rbi.org.in/Scripts/HolidayMatrixDisplay.aspx?drRegionalOffice=0&drMonth=10&drYear=2025 (POST form),Reserve Bank of India,2026-09-28
2025,2025-10-21,10,21,294,Post-monsoon,Srinagar,Jammu & Kashmir,North,Diwali (Deepavali),Hindu,Religious,unique,1,1.0,Diwali Amavasya (Laxmi Pujan)/Deepawali/Govardhan Pooja,https://www.rbi.org.in/Scripts/HolidayMatrixDisplay.aspx?drRegionalOffice=0&drMonth=10&drYear=2025 (POST form),Reserve Bank of India,2026-09-28
2025,2025-10-22,10,22,295,Post-monsoon,Ahmedabad,Gujarat,West,Diwali (Deepavali),Hindu,Religious,shared_date,2,0.5,"Diwali (Bali Pratipada)/Vikram Samvant New Year Day/Govardhan Pooja/Balipadyami, Laxmi Puja (Deepawali)",https://www.rbi.org.in/Scripts/HolidayMatrixDisplay.aspx?drRegionalOffice=0&drMonth=10&drYear=2025 (POST form),Reserve Bank of India,2026-09-28
2025,2025-10-22,10,22,295,Post-monsoon,Ahmedabad,Gujarat,West,Vikram Samvat New Year,Hindu,New Year,shared_date,2,0.5,"Diwali (Bali Pratipada)/Vikram Samvant New Year Day/Govardhan Pooja/Balipadyami, Laxmi Puja (Deepawali)",https://www.rbi.org.in/Scripts/HolidayMatrixDisplay.aspx?drRegionalOffice=0&drMonth=10&drYear=2025 (POST form),Reserve Bank of India,2026-09-28
2025,2025-10-22,10,22,295,Post-monsoon,Belapur,Maharashtra,West,Diwali (Deepavali),Hindu,Religious,shared_date,2,0.5,"Diwali (Bali Pratipada)/Vikram Samvant New Year Day/Govardhan Pooja/Balipadyami, Laxmi Puja (Deepawali)",https://www.rbi.org.in/Scripts/HolidayMatrixDisplay.aspx?drRegionalOffice=0&drMonth=10&drYear=2025 (POST form),Reserve Bank of India,2026-09-28
2025,2025-10-22,10,22,295,Post-monsoon,Belapur,Maharashtra,West,Vikram Samvat New Year,Hindu,New Year,shared_date,2,0.5,"Diwali (Bali Pratipada)/Vikram Samvant New Year Day/Govardhan Pooja/Balipadyami, Laxmi Puja (Deepawali)",https://www.rbi.org.in/Scripts/HolidayMatrixDisplay.aspx?drRegionalOffice=0&drMonth=10&drYear=2025 (POST form),Reserve Bank of India,2026-09-28
2025,2025-10-22,10,22,295,Post-monsoon,Bengaluru,Karnataka,South,Diwali (Deepavali),Hindu,Religious,shared_date,2,0.5,"Diwali (Bali Pratipada)/Vikram Samvant New Year Day/Govardhan Pooja/Balipadyami, Laxmi Puja (Deepawali)",https://www.rbi.org.in/Scripts/HolidayMatrixDisplay.aspx?drRegionalOffice=0&drMonth=10&drYear=2025 (POST form),Reserve Bank of India,2026-09-28
2025,2025-10-22,10,22,295,Post-monsoon,Bengaluru,Karnataka,South,Vikram Samvat New Year,Hindu,New Year,shared_date,2,0.5,"Diwali (Bali Pratipada)/Vikram Samvant New Year Day/Govardhan Pooja/Balipadyami, Laxmi Puja (Deepawali)",https://www.rbi.org.in/Scripts/HolidayMatrixDisplay.aspx?drRegionalOffice=0&drMonth=10&drYear=2025 (POST form),Reserve Bank of India,2026-09-28
2025,2025-10-22,10,22,295,Post-monsoon,Dehradun,Uttarakhand,North,Diwali (Deepavali),Hindu,Religious,shared_date,2,0.5,"Diwali (Bali Pratipada)/Vikram Samvant New Year Day/Govardhan Pooja/Balipadyami, Laxmi Puja (Deepawali)",https://www.rbi.org.in/Scripts/HolidayMatrixDisplay.aspx?drRegionalOffice=0&drMonth=10&drYear=2025 (POST form),Reserve Bank of India,2026-09-28
2025,2025-10-22,10,22,295,Post-monsoon,Dehradun,Uttarakhand,North,Vikram Samvat New Year,Hindu,New Year,shared_date,2,0.5,"Diwali (Bali Pratipada)/Vikram Samvant New Year Day/Govardhan Pooja/Balipadyami, Laxmi Puja (Deepawali)",https://www.rbi.org.in/Scripts/HolidayMatrixDisplay.aspx?drRegionalOffice=0&drMonth=10&drYear=2025 (POST form),Reserve Bank of India,2026-09-28
2025,2025-10-22,10,22,295,Post-monsoon,Gangtok,Sikkim,North-East,Diwali (Deepavali),Hindu,Religious,shared_date,2,0.5,"Diwali (Bali Pratipada)/Vikram Samvant New Year Day/Govardhan Pooja/Balipadyami, Laxmi Puja (Deepawali)",https://www.rbi.org.in/Scripts/HolidayMatrixDisplay.aspx?drRegionalOffice=0&drMonth=10&drYear=2025 (POST form),Reserve Bank of India,2026-09-28
2025,2025-10-22,10,22,295,Post-monsoon,Gangtok,Sikkim,North-East,Vikram Samvat New Year,Hindu,New Year,shared_date,2,0.5,"Diwali (Bali Pratipada)/Vikram Samvant New Year Day/Govardhan Pooja/Balipadyami, Laxmi Puja (Deepawali)",https://www.rbi.org.in/Scripts/HolidayMatrixDisplay.aspx?drRegionalOffice=0&drMonth=10&drYear=2025 (POST form),Reserve Bank of India,2026-09-28
2025,2025-10-22,10,22,295,Post-monsoon,Jaipur,Rajasthan,North,Diwali (Deepavali),Hindu,Religious,shared_date,2,0.5,"Diwali (Bali Pratipada)/Vikram Samvant New Year Day/Govardhan Pooja/Balipadyami, Laxmi Puja (Deepawali)",https://www.rbi.org.in/Scripts/HolidayMatrixDisplay.aspx?drRegionalOffice=0&drMonth=10&drYear=2025 (POST form),Reserve Bank of India,2026-09-28
2025,2025-10-22,10,22,295,Post-monsoon,Jaipur,Rajasthan,North,Vikram Samvat New Year,Hindu,New Year,shared_date,2,0.5,"Diwali (Bali Pratipada)/Vikram Samvant New Year Day/Govardhan Pooja/Balipadyami, Laxmi Puja (Deepawali)",https://www.rbi.org.in/Scripts/HolidayMatrixDisplay.aspx?drRegionalOffice=0&drMonth=10&drYear=2025 (POST form),Reserve Bank of India,2026-09-28
2025,2025-10-22,10,22,295,Post-monsoon,Kanpur,Uttar Pradesh,North,Diwali (Deepavali),Hindu,Religious,shared_date,2,0.5,"Diwali (Bali Pratipada)/Vikram Samvant New Year Day/Govardhan Pooja/Balipadyami, Laxmi Puja (Deepawali)",https://www.rbi.org.in/Scripts/HolidayMatrixDisplay.aspx?drRegionalOffice=0&drMonth=10&drYear=2025 (POST form),Reserve Bank of India,2026-09-28
2025,2025-10-22,10,22,295,Post-monsoon,Kanpur,Uttar Pradesh,North,Vikram Samvat New Year,Hindu,New Year,shared_date,2,0.5,"Diwali (Bali Pratipada)/Vikram Samvant New Year Day/Govardhan Pooja/Balipadyami, Laxmi Puja (Deepawali)",https://www.rbi.org.in/Scripts/HolidayMatrixDisplay.aspx?drRegionalOffice=0&drMonth=10&drYear=2025 (POST form),Reserve Bank of India,2026-09-28
2025,2025-10-22,10,22,295,Post-monsoon,Lucknow,Uttar Pradesh,North,Diwali (Deepavali),Hindu,Religious,shared_date,2,0.5,"Diwali (Bali Pratipada)/Vikram Samvant New Year Day/Govardhan Pooja/Balipadyami, Laxmi Puja (Deepawali)",https://www.rbi.org.in/Scripts/HolidayMatrixDisplay.aspx?drRegionalOffice=0&drMonth=10&drYear=2025 (POST form),Reserve Bank of India,2026-09-28
2025,2025-10-22,10,22,295,Post-monsoon,Lucknow,Uttar Pradesh,North,Vikram Samvat New Year,Hindu,New Year,shared_date,2,0.5,"Diwali (Bali Pratipada)/Vikram Samvant New Year Day/Govardhan Pooja/Balipadyami, Laxmi Puja (Deepawali)",https://www.rbi.org.in/Scripts/HolidayMatrixDisplay.aspx?drRegionalOffice=0&drMonth=10&drYear=2025 (POST form),Reserve Bank of India,2026-09-28
2025,2025-10-22,10,22,295,Post-monsoon,Mumbai,Maharashtra,West,Diwali (Deepavali),Hindu,Religious,shared_date,2,0.5,"Diwali (Bali Pratipada)/Vikram Samvant New Year Day/Govardhan Pooja/Balipadyami, Laxmi Puja (Deepawali)",https://www.rbi.org.in/Scripts/HolidayMatrixDisplay.aspx?drRegionalOffice=0&drMonth=10&drYear=2025 (POST form),Reserve Bank of India,2026-09-28
2025,2025-10-22,10,22,295,Post-monsoon,Mumbai,Maharashtra,West,Vikram Samvat New Year,Hindu,New Year,shared_date,2,0.5,"Diwali (Bali Pratipada)/Vikram Samvant New Year Day/Govardhan Pooja/Balipadyami, Laxmi Puja (Deepawali)",https://www.rbi.org.in/Scripts/HolidayMatrixDisplay.aspx?drRegionalOffice=0&drMonth=10&drYear=2025 (POST form),Reserve Bank of India,2026-09-28
2025,2025-10-22,10,22,295,Post-monsoon,Nagpur,Maharashtra,West,Diwali (Deepavali),Hindu,Religious,shared_date,2,0.5,"Diwali (Bali Pratipada)/Vikram Samvant New Year Day/Govardhan Pooja/Balipadyami, Laxmi Puja (Deepawali)",https://www.rbi.org.in/Scripts/HolidayMatrixDisplay.aspx?drRegionalOffice=0&drMonth=10&drYear=2025 (POST form),Reserve Bank of India,2026-09-28
2025,2025-10-22,10,22,295,Post-monsoon,Nagpur,Maharashtra,West,Vikram Samvat New Year,Hindu,New Year,shared_date,2,0.5,"Diwali (Bali Pratipada)/Vikram Samvant New Year Day/Govardhan Pooja/Balipadyami, Laxmi Puja (Deepawali)",https://www.rbi.org.in/Scripts/HolidayMatrixDisplay.aspx?drRegionalOffice=0&drMonth=10&drYear=2025 (POST form),Reserve Bank of India,2026-09-28
2025,2025-10-23,10,23,296,Post-monsoon,Ahmedabad,Gujarat,West,Bhai Dooj,Hindu,Religious,shared_date,3,0.3333333333333333,Bhai Bij/Bhaidooj/Chitragupt Jayanti/Laxmi Puja (Deepawali)/Bhratridwitiya/Ningol Chakkouba,https://www.rbi.org.in/Scripts/HolidayMatrixDisplay.aspx?drRegionalOffice=0&drMonth=10&drYear=2025 (POST form),Reserve Bank of India,2026-09-28
2025,2025-10-23,10,23,296,Post-monsoon,Ahmedabad,Gujarat,West,Diwali (Deepavali),Hindu,Religious,shared_date,3,0.3333333333333333,Bhai Bij/Bhaidooj/Chitragupt Jayanti/Laxmi Puja (Deepawali)/Bhratridwitiya/Ningol Chakkouba,https://www.rbi.org.in/Scripts/HolidayMatrixDisplay.aspx?drRegionalOffice=0&drMonth=10&drYear=2025 (POST form),Reserve Bank of India,2026-09-28
2025,2025-10-23,10,23,296,Post-monsoon,Ahmedabad,Gujarat,West,Ningol Chakkouba,Tribal/Indigenous,Cultural,shared_date,3,0.3333333333333333,Bhai Bij/Bhaidooj/Chitragupt Jayanti/Laxmi Puja (Deepawali)/Bhratridwitiya/Ningol Chakkouba,https://www.rbi.org.in/Scripts/HolidayMatrixDisplay.aspx?drRegionalOffice=0&drMonth=10&drYear=2025 (POST form),Reserve Bank of India,2026-09-28
2025,2025-10-23,10,23,296,Post-monsoon,Gangtok,Sikkim,North-East,Bhai Dooj,Hindu,Religious,shared_date,3,0.3333333333333333,Bhai Bij/Bhaidooj/Chitragupt Jayanti/Laxmi Puja (Deepawali)/Bhratridwitiya/Ningol Chakkouba,https://www.rbi.org.in/Scripts/HolidayMatrixDisplay.aspx?drRegionalOffice=0&drMonth=10&drYear=2025 (POST form),Reserve Bank of India,2026-09-28
2025,2025-10-23,10,23,296,Post-monsoon,Gangtok,Sikkim,North-East,Diwali (Deepavali),Hindu,Religious,shared_date,3,0.3333333333333333,Bhai Bij/Bhaidooj/Chitragupt Jayanti/Laxmi Puja (Deepawali)/Bhratridwitiya/Ningol Chakkouba,https://www.rbi.org.in/Scripts/HolidayMatrixDisplay.aspx?drRegionalOffice=0&drMonth=10&drYear=2025 (POST form),Reserve Bank of India,2026-09-28
2025,2025-10-23,10,23,296,Post-monsoon,Gangtok,Sikkim,North-East,Ningol Chakkouba,Tribal/Indigenous,Cultural,shared_date,3,0.3333333333333333,Bhai Bij/Bhaidooj/Chitragupt Jayanti/Laxmi Puja (Deepawali)/Bhratridwitiya/Ningol Chakkouba,https://www.rbi.org.in/Scripts/HolidayMatrixDisplay.aspx?drRegionalOffice=0&drMonth=10&drYear=2025 (POST form),Reserve Bank of India,2026-09-28
2025,2025-10-23,10,23,296,Post-monsoon,Imphal,Manipur,North-East,Bhai Dooj,Hindu,Religious,shared_date,3,0.3333333333333333,Bhai Bij/Bhaidooj/Chitragupt Jayanti/Laxmi Puja (Deepawali)/Bhratridwitiya/Ningol Chakkouba,https://www.rbi.org.in/Scripts/HolidayMatrixDisplay.aspx?drRegionalOffice=0&drMonth=10&drYear=2025 (POST form),Reserve Bank of India,2026-09-28
2025,2025-10-23,10,23,296,Post-monsoon,Imphal,Manipur,North-East,Diwali (Deepavali),Hindu,Religious,shared_date,3,0.3333333333333333,Bhai Bij/Bhaidooj/Chitragupt Jayanti/Laxmi Puja (Deepawali)/Bhratridwitiya/Ningol Chakkouba,https://www.rbi.org.in/Scripts/HolidayMatrixDisplay.aspx?drRegionalOffice=0&drMonth=10&drYear=2025 (POST form),Reserve Bank of India,2026-09-28
2025,2025-10-23,10,23,296,Post-monsoon,Imphal,Manipur,North-East,Ningol Chakkouba,Tribal/Indigenous,Cultural,shared_date,3,0.3333333333333333,Bhai Bij/Bhaidooj/Chitragupt Jayanti/Laxmi Puja (Deepawali)/Bhratridwitiya/Ningol Chakkouba,https://www.rbi.org.in/Scripts/HolidayMatrixDisplay.aspx?drRegionalOffice=0&drMonth=10&drYear=2025 (POST form),Reserve Bank of India,2026-09-28
2025,2025-10-23,10,23,296,Post-monsoon,Kanpur,Uttar Pradesh,North,Bhai Dooj,Hindu,Religious,shared_date,3,0.3333333333333333,Bhai Bij/Bhaidooj/Chitragupt Jayanti/Laxmi Puja (Deepawali)/Bhratridwitiya/Ningol Chakkouba,https://www.rbi.org.in/Scripts/HolidayMatrixDisplay.aspx?drRegionalOffice=0&drMonth=10&drYear=2025 (POST form),Reserve Bank of India,2026-09-28
2025,2025-10-23,10,23,296,Post-monsoon,Kanpur,Uttar Pradesh,North,Diwali (Deepavali),Hindu,Religious,shared_date,3,0.3333333333333333,Bhai Bij/Bhaidooj/Chitragupt Jayanti/Laxmi Puja (Deepawali)/Bhratridwitiya/Ningol Chakkouba,https://www.rbi.org.in/Scripts/HolidayMatrixDisplay.aspx?drRegionalOffice=0&drMonth=10&drYear=2025 (POST form),Reserve Bank of India,2026-09-28
2025,2025-10-23,10,23,296,Post-monsoon,Kanpur,Uttar Pradesh,North,Ningol Chakkouba,Tribal/Indigenous,Cultural,shared_date,3,0.3333333333333333,Bhai Bij/Bhaidooj/Chitragupt Jayanti/Laxmi Puja (Deepawali)/Bhratridwitiya/Ningol Chakkouba,https://www.rbi.org.in/Scripts/HolidayMatrixDisplay.aspx?drRegionalOffice=0&drMonth=10&drYear=2025 (POST form),Reserve Bank of India,2026-09-28
2025,2025-10-23,10,23,296,Post-monsoon,Kolkata,West Bengal,East,Bhai Dooj,Hindu,Religious,shared_date,3,0.3333333333333333,Bhai Bij/Bhaidooj/Chitragupt Jayanti/Laxmi Puja (Deepawali)/Bhratridwitiya/Ningol Chakkouba,https://www.rbi.org.in/Scripts/HolidayMatrixDisplay.aspx?drRegionalOffice=0&drMonth=10&drYear=2025 (POST form),Reserve Bank of India,2026-09-28
2025,2025-10-23,10,23,296,Post-monsoon,Kolkata,West Bengal,East,Diwali (Deepavali),Hindu,Religious,shared_date,3,0.3333333333333333,Bhai Bij/Bhaidooj/Chitragupt Jayanti/Laxmi Puja (Deepawali)/Bhratridwitiya/Ningol Chakkouba,https://www.rbi.org.in/Scripts/HolidayMatrixDisplay.aspx?drRegionalOffice=0&drMonth=10&drYear=2025 (POST form),Reserve Bank of India,2026-09-28
2025,2025-10-23,10,23,296,Post-monsoon,Kolkata,West Bengal,East,Ningol Chakkouba,Tribal/Indigenous,Cultural,shared_date,3,0.3333333333333333,Bhai Bij/Bhaidooj/Chitragupt Jayanti/Laxmi Puja (Deepawali)/Bhratridwitiya/Ningol Chakkouba,https://www.rbi.org.in/Scripts/HolidayMatrixDisplay.aspx?drRegionalOffice=0&drMonth=10&drYear=2025 (POST form),Reserve Bank of India,2026-09-28
2025,2025-10-23,10,23,296,Post-monsoon,Lucknow,Uttar Pradesh,North,Bhai Dooj,Hindu,Religious,shared_date,3,0.3333333333333333,Bhai Bij/Bhaidooj/Chitragupt Jayanti/Laxmi Puja (Deepawali)/Bhratridwitiya/Ningol Chakkouba,https://www.rbi.org.in/Scripts/HolidayMatrixDisplay.aspx?drRegionalOffice=0&drMonth=10&drYear=2025 (POST form),Reserve Bank of India,2026-09-28
2025,2025-10-23,10,23,296,Post-monsoon,Lucknow,Uttar Pradesh,North,Diwali (Deepavali),Hindu,Religious,shared_date,3,0.3333333333333333,Bhai Bij/Bhaidooj/Chitragupt Jayanti/Laxmi Puja (Deepawali)/Bhratridwitiya/Ningol Chakkouba,https://www.rbi.org.in/Scripts/HolidayMatrixDisplay.aspx?drRegionalOffice=0&drMonth=10&drYear=2025 (POST form),Reserve Bank of India,2026-09-28
2025,2025-10-23,10,23,296,Post-monsoon,Lucknow,Uttar Pradesh,North,Ningol Chakkouba,Tribal/Indigenous,Cultural,shared_date,3,0.3333333333333333,Bhai Bij/Bhaidooj/Chitragupt Jayanti/Laxmi Puja (Deepawali)/Bhratridwitiya/Ningol Chakkouba,https://www.rbi.org.in/Scripts/HolidayMatrixDisplay.aspx?drRegionalOffice=0&drMonth=10&drYear=2025 (POST form),Reserve Bank of India,2026-09-28
2025,2025-10-23,10,23,296,Post-monsoon,Shimla,Himachal Pradesh,North,Bhai Dooj,Hindu,Religious,shared_date,3,0.3333333333333333,Bhai Bij/Bhaidooj/Chitragupt Jayanti/Laxmi Puja (Deepawali)/Bhratridwitiya/Ningol Chakkouba,https://www.rbi.org.in/Scripts/HolidayMatrixDisplay.aspx?drRegionalOffice=0&drMonth=10&drYear=2025 (POST form),Reserve Bank of India,2026-09-28
2025,2025-10-23,10,23,296,Post-monsoon,Shimla,Himachal Pradesh,North,Diwali (Deepavali),Hindu,Religious,shared_date,3,0.3333333333333333,Bhai Bij/Bhaidooj/Chitragupt Jayanti/Laxmi Puja (Deepawali)/Bhratridwitiya/Ningol Chakkouba,https://www.rbi.org.in/Scripts/HolidayMatrixDisplay.aspx?drRegionalOffice=0&drMonth=10&drYear=2025 (POST form),Reserve Bank of India,2026-09-28
2025,2025-10-23,10,23,296,Post-monsoon,Shimla,Himachal Pradesh,North,Ningol Chakkouba,Tribal/Indigenous,Cultural,shared_date,3,0.3333333333333333,Bhai Bij/Bhaidooj/Chitragupt Jayanti/Laxmi Puja (Deepawali)/Bhratridwitiya/Ningol Chakkouba,https://www.rbi.org.in/Scripts/HolidayMatrixDisplay.aspx?drRegionalOffice=0&drMonth=10&drYear=2025 (POST form),Reserve Bank of India,2026-09-28
2025,2025-10-27,10,27,300,Post-monsoon,Kolkata,West Bengal,East,Chhath Puja,Hindu,Religious,unique,1,1.0,Chath Puja (Evening Puja),https://www.rbi.org.in/Scripts/HolidayMatrixDisplay.aspx?drRegionalOffice=0&drMonth=10&drYear=2025 (POST form),Reserve Bank of India,2026-09-28
2025,2025-10-27,10,27,300,Post-monsoon,Patna,Bihar,East,Chhath Puja,Hindu,Religious,unique,1,1.0,Chath Puja (Evening Puja),https://www.rbi.org.in/Scripts/HolidayMatrixDisplay.aspx?drRegionalOffice=0&drMonth=10&drYear=2025 (POST form),Reserve Bank of India,2026-09-28
2025,2025-10-27,10,27,300,Post-monsoon,Ranchi,Jharkhand,East,Chhath Puja,Hindu,Religious,unique,1,1.0,Chath Puja (Evening Puja),https://www.rbi.org.in/Scripts/HolidayMatrixDisplay.aspx?drRegionalOffice=0&drMonth=10&drYear=2025 (POST form),Reserve Bank of India,2026-09-28
2025,2025-10-28,10,28,301,Post-monsoon,Patna,Bihar,East,Chhath Puja,Hindu,Religious,unique,1,1.0,Chath Puja (Morning Puja),https://www.rbi.org.in/Scripts/HolidayMatrixDisplay.aspx?drRegionalOffice=0&drMonth=10&drYear=2025 (POST form),Reserve Bank of India,2026-09-28
2025,2025-10-28,10,28,301,Post-monsoon,Ranchi,Jharkhand,East,Chhath Puja,Hindu,Religious,unique,1,1.0,Chath Puja (Morning Puja),https://www.rbi.org.in/Scripts/HolidayMatrixDisplay.aspx?drRegionalOffice=0&drMonth=10&drYear=2025 (POST form),Reserve Bank of India,2026-09-28
2025,2025-11-01,11,1,305,Post-monsoon,Bengaluru,Karnataka,South,Igas-Bagwal,Hindu,Religious,shared_date,2,0.5,Kannada Rajyothsava/Igas-Bagwal,https://www.rbi.org.in/Scripts/HolidayMatrixDisplay.aspx?drRegionalOffice=0&drMonth=11&drYear=2025 (POST form),Reserve Bank of India,2026-09-28
2025,2025-11-01,11,1,305,Post-monsoon,Dehradun,Uttarakhand,North,Igas-Bagwal,Hindu,Religious,shared_date,2,0.5,Kannada Rajyothsava/Igas-Bagwal,https://www.rbi.org.in/Scripts/HolidayMatrixDisplay.aspx?drRegionalOffice=0&drMonth=11&drYear=2025 (POST form),Reserve Bank of India,2026-09-28
2025,2025-11-05,11,5,309,Post-monsoon,Aizawl,Mizoram,North-East,Guru Nanak Jayanti (Gurpurab),Sikh,Religious,shared_date,2,0.5,Guru Nanak Jayanti/Kartika Purnima/Rahas Purnima,https://www.rbi.org.in/Scripts/HolidayMatrixDisplay.aspx?drRegionalOffice=0&drMonth=11&drYear=2025 (POST form),Reserve Bank of India,2026-09-28
2025,2025-11-05,11,5,309,Post-monsoon,Aizawl,Mizoram,North-East,Kartika Purnima / Rahas Purnima,Hindu,Religious,shared_date,2,0.5,Guru Nanak Jayanti/Kartika Purnima/Rahas Purnima,https://www.rbi.org.in/Scripts/HolidayMatrixDisplay.aspx?drRegionalOffice=0&drMonth=11&drYear=2025 (POST form),Reserve Bank of India,2026-09-28
2025,2025-11-05,11,5,309,Post-monsoon,Belapur,Maharashtra,West,Guru Nanak Jayanti (Gurpurab),Sikh,Religious,shared_date,2,0.5,Guru Nanak Jayanti/Kartika Purnima/Rahas Purnima,https://www.rbi.org.in/Scripts/HolidayMatrixDisplay.aspx?drRegionalOffice=0&drMonth=11&drYear=2025 (POST form),Reserve Bank of India,2026-09-28
2025,2025-11-05,11,5,309,Post-monsoon,Belapur,Maharashtra,West,Kartika Purnima / Rahas Purnima,Hindu,Religious,shared_date,2,0.5,Guru Nanak Jayanti/Kartika Purnima/Rahas Purnima,https://www.rbi.org.in/Scripts/HolidayMatrixDisplay.aspx?drRegionalOffice=0&drMonth=11&drYear=2025 (POST form),Reserve Bank of India,2026-09-28
2025,2025-11-05,11,5,309,Post-monsoon,Bhopal,Madhya Pradesh,Central,Guru Nanak Jayanti (Gurpurab),Sikh,Religious,shared_date,2,0.5,Guru Nanak Jayanti/Kartika Purnima/Rahas Purnima,https://www.rbi.org.in/Scripts/HolidayMatrixDisplay.aspx?drRegionalOffice=0&drMonth=11&drYear=2025 (POST form),Reserve Bank of India,2026-09-28
2025,2025-11-05,11,5,309,Post-monsoon,Bhopal,Madhya Pradesh,Central,Kartika Purnima / Rahas Purnima,Hindu,Religious,shared_date,2,0.5,Guru Nanak Jayanti/Kartika Purnima/Rahas Purnima,https://www.rbi.org.in/Scripts/HolidayMatrixDisplay.aspx?drRegionalOffice=0&drMonth=11&drYear=2025 (POST form),Reserve Bank of India,2026-09-28
2025,2025-11-05,11,5,309,Post-monsoon,Bhubaneswar,Odisha,East,Guru Nanak Jayanti (Gurpurab),Sikh,Religious,shared_date,2,0.5,Guru Nanak Jayanti/Kartika Purnima/Rahas Purnima,https://www.rbi.org.in/Scripts/HolidayMatrixDisplay.aspx?drRegionalOffice=0&drMonth=11&drYear=2025 (POST form),Reserve Bank of India,2026-09-28
2025,2025-11-05,11,5,309,Post-monsoon,Bhubaneswar,Odisha,East,Kartika Purnima / Rahas Purnima,Hindu,Religious,shared_date,2,0.5,Guru Nanak Jayanti/Kartika Purnima/Rahas Purnima,https://www.rbi.org.in/Scripts/HolidayMatrixDisplay.aspx?drRegionalOffice=0&drMonth=11&drYear=2025 (POST form),Reserve Bank of India,2026-09-28
2025,2025-11-05,11,5,309,Post-monsoon,Chandigarh,Punjab-Haryana-Chandigarh,North,Guru Nanak Jayanti (Gurpurab),Sikh,Religious,shared_date,2,0.5,Guru Nanak Jayanti/Kartika Purnima/Rahas Purnima,https://www.rbi.org.in/Scripts/HolidayMatrixDisplay.aspx?drRegionalOffice=0&drMonth=11&drYear=2025 (POST form),Reserve Bank of India,2026-09-28
2025,2025-11-05,11,5,309,Post-monsoon,Chandigarh,Punjab-Haryana-Chandigarh,North,Kartika Purnima / Rahas Purnima,Hindu,Religious,shared_date,2,0.5,Guru Nanak Jayanti/Kartika Purnima/Rahas Purnima,https://www.rbi.org.in/Scripts/HolidayMatrixDisplay.aspx?drRegionalOffice=0&drMonth=11&drYear=2025 (POST form),Reserve Bank of India,2026-09-28
2025,2025-11-05,11,5,309,Post-monsoon,Dehradun,Uttarakhand,North,Guru Nanak Jayanti (Gurpurab),Sikh,Religious,shared_date,2,0.5,Guru Nanak Jayanti/Kartika Purnima/Rahas Purnima,https://www.rbi.org.in/Scripts/HolidayMatrixDisplay.aspx?drRegionalOffice=0&drMonth=11&drYear=2025 (POST form),Reserve Bank of India,2026-09-28
2025,2025-11-05,11,5,309,Post-monsoon,Dehradun,Uttarakhand,North,Kartika Purnima / Rahas Purnima,Hindu,Religious,shared_date,2,0.5,Guru Nanak Jayanti/Kartika Purnima/Rahas Purnima,https://www.rbi.org.in/Scripts/HolidayMatrixDisplay.aspx?drRegionalOffice=0&drMonth=11&drYear=2025 (POST form),Reserve Bank of India,2026-09-28
2025,2025-11-05,11,5,309,Post-monsoon,Hyderabad,Telangana,South,Guru Nanak Jayanti (Gurpurab),Sikh,Religious,shared_date,2,0.5,Guru Nanak Jayanti/Kartika Purnima/Rahas Purnima,https://www.rbi.org.in/Scripts/HolidayMatrixDisplay.aspx?drRegionalOffice=0&drMonth=11&drYear=2025 (POST form),Reserve Bank of India,2026-09-28
2025,2025-11-05,11,5,309,Post-monsoon,Hyderabad,Telangana,South,Kartika Purnima / Rahas Purnima,Hindu,Religious,shared_date,2,0.5,Guru Nanak Jayanti/Kartika Purnima/Rahas Purnima,https://www.rbi.org.in/Scripts/HolidayMatrixDisplay.aspx?drRegionalOffice=0&drMonth=11&drYear=2025 (POST form),Reserve Bank of India,2026-09-28
2025,2025-11-05,11,5,309,Post-monsoon,Itanagar,Arunachal Pradesh,North-East,Guru Nanak Jayanti (Gurpurab),Sikh,Religious,shared_date,2,0.5,Guru Nanak Jayanti/Kartika Purnima/Rahas Purnima,https://www.rbi.org.in/Scripts/HolidayMatrixDisplay.aspx?drRegionalOffice=0&drMonth=11&drYear=2025 (POST form),Reserve Bank of India,2026-09-28
2025,2025-11-05,11,5,309,Post-monsoon,Itanagar,Arunachal Pradesh,North-East,Kartika Purnima / Rahas Purnima,Hindu,Religious,shared_date,2,0.5,Guru Nanak Jayanti/Kartika Purnima/Rahas Purnima,https://www.rbi.org.in/Scripts/HolidayMatrixDisplay.aspx?drRegionalOffice=0&drMonth=11&drYear=2025 (POST form),Reserve Bank of India,2026-09-28
2025,2025-11-05,11,5,309,Post-monsoon,Jaipur,Rajasthan,North,Guru Nanak Jayanti (Gurpurab),Sikh,Religious,shared_date,2,0.5,Guru Nanak Jayanti/Kartika Purnima/Rahas Purnima,https://www.rbi.org.in/Scripts/HolidayMatrixDisplay.aspx?drRegionalOffice=0&drMonth=11&drYear=2025 (POST form),Reserve Bank of India,2026-09-28
2025,2025-11-05,11,5,309,Post-monsoon,Jaipur,Rajasthan,North,Kartika Purnima / Rahas Purnima,Hindu,Religious,shared_date,2,0.5,Guru Nanak Jayanti/Kartika Purnima/Rahas Purnima,https://www.rbi.org.in/Scripts/HolidayMatrixDisplay.aspx?drRegionalOffice=0&drMonth=11&drYear=2025 (POST form),Reserve Bank of India,2026-09-28
2025,2025-11-05,11,5,309,Post-monsoon,Jammu,Jammu & Kashmir,North,Guru Nanak Jayanti (Gurpurab),Sikh,Religious,shared_date,2,0.5,Guru Nanak Jayanti/Kartika Purnima/Rahas Purnima,https://www.rbi.org.in/Scripts/HolidayMatrixDisplay.aspx?drRegionalOffice=0&drMonth=11&drYear=2025 (POST form),Reserve Bank of India,2026-09-28
2025,2025-11-05,11,5,309,Post-monsoon,Jammu,Jammu & Kashmir,North,Kartika Purnima / Rahas Purnima,Hindu,Religious,shared_date,2,0.5,Guru Nanak Jayanti/Kartika Purnima/Rahas Purnima,https://www.rbi.org.in/Scripts/HolidayMatrixDisplay.aspx?drRegionalOffice=0&drMonth=11&drYear=2025 (POST form),Reserve Bank of India,2026-09-28
2025,2025-11-05,11,5,309,Post-monsoon,Kanpur,Uttar Pradesh,North,Guru Nanak Jayanti (Gurpurab),Sikh,Religious,shared_date,2,0.5,Guru Nanak Jayanti/Kartika Purnima/Rahas Purnima,https://www.rbi.org.in/Scripts/HolidayMatrixDisplay.aspx?drRegionalOffice=0&drMonth=11&drYear=2025 (POST form),Reserve Bank of India,2026-09-28
2025,2025-11-05,11,5,309,Post-monsoon,Kanpur,Uttar Pradesh,North,Kartika Purnima / Rahas Purnima,Hindu,Religious,shared_date,2,0.5,Guru Nanak Jayanti/Kartika Purnima/Rahas Purnima,https://www.rbi.org.in/Scripts/HolidayMatrixDisplay.aspx?drRegionalOffice=0&drMonth=11&drYear=2025 (POST form),Reserve Bank of India,2026-09-28
2025,2025-11-05,11,5,309,Post-monsoon,Kohima,Nagaland,North-East,Guru Nanak Jayanti (Gurpurab),Sikh,Religious,shared_date,2,0.5,Guru Nanak Jayanti/Kartika Purnima/Rahas Purnima,https://www.rbi.org.in/Scripts/HolidayMatrixDisplay.aspx?drRegionalOffice=0&drMonth=11&drYear=2025 (POST form),Reserve Bank of India,2026-09-28
2025,2025-11-05,11,5,309,Post-monsoon,Kohima,Nagaland,North-East,Kartika Purnima / Rahas Purnima,Hindu,Religious,shared_date,2,0.5,Guru Nanak Jayanti/Kartika Purnima/Rahas Purnima,https://www.rbi.org.in/Scripts/HolidayMatrixDisplay.aspx?drRegionalOffice=0&drMonth=11&drYear=2025 (POST form),Reserve Bank of India,2026-09-28
2025,2025-11-05,11,5,309,Post-monsoon,Kolkata,West Bengal,East,Guru Nanak Jayanti (Gurpurab),Sikh,Religious,shared_date,2,0.5,Guru Nanak Jayanti/Kartika Purnima/Rahas Purnima,https://www.rbi.org.in/Scripts/HolidayMatrixDisplay.aspx?drRegionalOffice=0&drMonth=11&drYear=2025 (POST form),Reserve Bank of India,2026-09-28
2025,2025-11-05,11,5,309,Post-monsoon,Kolkata,West Bengal,East,Kartika Purnima / Rahas Purnima,Hindu,Religious,shared_date,2,0.5,Guru Nanak Jayanti/Kartika Purnima/Rahas Purnima,https://www.rbi.org.in/Scripts/HolidayMatrixDisplay.aspx?drRegionalOffice=0&drMonth=11&drYear=2025 (POST form),Reserve Bank of India,2026-09-28
2025,2025-11-05,11,5,309,Post-monsoon,Lucknow,Uttar Pradesh,North,Guru Nanak Jayanti (Gurpurab),Sikh,Religious,shared_date,2,0.5,Guru Nanak Jayanti/Kartika Purnima/Rahas Purnima,https://www.rbi.org.in/Scripts/HolidayMatrixDisplay.aspx?drRegionalOffice=0&drMonth=11&drYear=2025 (POST form),Reserve Bank of India,2026-09-28
2025,2025-11-05,11,5,309,Post-monsoon,Lucknow,Uttar Pradesh,North,Kartika Purnima / Rahas Purnima,Hindu,Religious,shared_date,2,0.5,Guru Nanak Jayanti/Kartika Purnima/Rahas Purnima,https://www.rbi.org.in/Scripts/HolidayMatrixDisplay.aspx?drRegionalOffice=0&drMonth=11&drYear=2025 (POST form),Reserve Bank of India,2026-09-28
2025,2025-11-05,11,5,309,Post-monsoon,Mumbai,Maharashtra,West,Guru Nanak Jayanti (Gurpurab),Sikh,Religious,shared_date,2,0.5,Guru Nanak Jayanti/Kartika Purnima/Rahas Purnima,https://www.rbi.org.in/Scripts/HolidayMatrixDisplay.aspx?drRegionalOffice=0&drMonth=11&drYear=2025 (POST form),Reserve Bank of India,2026-09-28
2025,2025-11-05,11,5,309,Post-monsoon,Mumbai,Maharashtra,West,Kartika Purnima / Rahas Purnima,Hindu,Religious,shared_date,2,0.5,Guru Nanak Jayanti/Kartika Purnima/Rahas Purnima,https://www.rbi.org.in/Scripts/HolidayMatrixDisplay.aspx?drRegionalOffice=0&drMonth=11&drYear=2025 (POST form),Reserve Bank of India,2026-09-28
2025,2025-11-05,11,5,309,Post-monsoon,Nagpur,Maharashtra,West,Guru Nanak Jayanti (Gurpurab),Sikh,Religious,shared_date,2,0.5,Guru Nanak Jayanti/Kartika Purnima/Rahas Purnima,https://www.rbi.org.in/Scripts/HolidayMatrixDisplay.aspx?drRegionalOffice=0&drMonth=11&drYear=2025 (POST form),Reserve Bank of India,2026-09-28
2025,2025-11-05,11,5,309,Post-monsoon,Nagpur,Maharashtra,West,Kartika Purnima / Rahas Purnima,Hindu,Religious,shared_date,2,0.5,Guru Nanak Jayanti/Kartika Purnima/Rahas Purnima,https://www.rbi.org.in/Scripts/HolidayMatrixDisplay.aspx?drRegionalOffice=0&drMonth=11&drYear=2025 (POST form),Reserve Bank of India,2026-09-28
2025,2025-11-05,11,5,309,Post-monsoon,New Delhi,Delhi,North,Guru Nanak Jayanti (Gurpurab),Sikh,Religious,shared_date,2,0.5,Guru Nanak Jayanti/Kartika Purnima/Rahas Purnima,https://www.rbi.org.in/Scripts/HolidayMatrixDisplay.aspx?drRegionalOffice=0&drMonth=11&drYear=2025 (POST form),Reserve Bank of India,2026-09-28
2025,2025-11-05,11,5,309,Post-monsoon,New Delhi,Delhi,North,Kartika Purnima / Rahas Purnima,Hindu,Religious,shared_date,2,0.5,Guru Nanak Jayanti/Kartika Purnima/Rahas Purnima,https://www.rbi.org.in/Scripts/HolidayMatrixDisplay.aspx?drRegionalOffice=0&drMonth=11&drYear=2025 (POST form),Reserve Bank of India,2026-09-28
2025,2025-11-05,11,5,309,Post-monsoon,Raipur,Chhattisgarh,Central,Guru Nanak Jayanti (Gurpurab),Sikh,Religious,shared_date,2,0.5,Guru Nanak Jayanti/Kartika Purnima/Rahas Purnima,https://www.rbi.org.in/Scripts/HolidayMatrixDisplay.aspx?drRegionalOffice=0&drMonth=11&drYear=2025 (POST form),Reserve Bank of India,2026-09-28
2025,2025-11-05,11,5,309,Post-monsoon,Raipur,Chhattisgarh,Central,Kartika Purnima / Rahas Purnima,Hindu,Religious,shared_date,2,0.5,Guru Nanak Jayanti/Kartika Purnima/Rahas Purnima,https://www.rbi.org.in/Scripts/HolidayMatrixDisplay.aspx?drRegionalOffice=0&drMonth=11&drYear=2025 (POST form),Reserve Bank of India,2026-09-28
2025,2025-11-05,11,5,309,Post-monsoon,Ranchi,Jharkhand,East,Guru Nanak Jayanti (Gurpurab),Sikh,Religious,shared_date,2,0.5,Guru Nanak Jayanti/Kartika Purnima/Rahas Purnima,https://www.rbi.org.in/Scripts/HolidayMatrixDisplay.aspx?drRegionalOffice=0&drMonth=11&drYear=2025 (POST form),Reserve Bank of India,2026-09-28
2025,2025-11-05,11,5,309,Post-monsoon,Ranchi,Jharkhand,East,Kartika Purnima / Rahas Purnima,Hindu,Religious,shared_date,2,0.5,Guru Nanak Jayanti/Kartika Purnima/Rahas Purnima,https://www.rbi.org.in/Scripts/HolidayMatrixDisplay.aspx?drRegionalOffice=0&drMonth=11&drYear=2025 (POST form),Reserve Bank of India,2026-09-28
2025,2025-11-05,11,5,309,Post-monsoon,Shimla,Himachal Pradesh,North,Guru Nanak Jayanti (Gurpurab),Sikh,Religious,shared_date,2,0.5,Guru Nanak Jayanti/Kartika Purnima/Rahas Purnima,https://www.rbi.org.in/Scripts/HolidayMatrixDisplay.aspx?drRegionalOffice=0&drMonth=11&drYear=2025 (POST form),Reserve Bank of India,2026-09-28
2025,2025-11-05,11,5,309,Post-monsoon,Shimla,Himachal Pradesh,North,Kartika Purnima / Rahas Purnima,Hindu,Religious,shared_date,2,0.5,Guru Nanak Jayanti/Kartika Purnima/Rahas Purnima,https://www.rbi.org.in/Scripts/HolidayMatrixDisplay.aspx?drRegionalOffice=0&drMonth=11&drYear=2025 (POST form),Reserve Bank of India,2026-09-28
2025,2025-11-05,11,5,309,Post-monsoon,Srinagar,Jammu & Kashmir,North,Guru Nanak Jayanti (Gurpurab),Sikh,Religious,shared_date,2,0.5,Guru Nanak Jayanti/Kartika Purnima/Rahas Purnima,https://www.rbi.org.in/Scripts/HolidayMatrixDisplay.aspx?drRegionalOffice=0&drMonth=11&drYear=2025 (POST form),Reserve Bank of India,2026-09-28
2025,2025-11-05,11,5,309,Post-monsoon,Srinagar,Jammu & Kashmir,North,Kartika Purnima / Rahas Purnima,Hindu,Religious,shared_date,2,0.5,Guru Nanak Jayanti/Kartika Purnima/Rahas Purnima,https://www.rbi.org.in/Scripts/HolidayMatrixDisplay.aspx?drRegionalOffice=0&drMonth=11&drYear=2025 (POST form),Reserve Bank of India,2026-09-28
2025,2025-11-06,11,6,310,Post-monsoon,Patna,Bihar,East,Nongkrem Dance,Tribal/Indigenous,Religious,shared_date,2,0.5,"Nongkrem Dance/Bihar Legislative Assembly General Election, 2025",https://www.rbi.org.in/Scripts/HolidayMatrixDisplay.aspx?drRegionalOffice=0&drMonth=11&drYear=2025 (POST form),Reserve Bank of India,2026-09-28
2025,2025-11-06,11,6,310,Post-monsoon,Shillong,Meghalaya,North-East,Nongkrem Dance,Tribal/Indigenous,Religious,shared_date,2,0.5,"Nongkrem Dance/Bihar Legislative Assembly General Election, 2025",https://www.rbi.org.in/Scripts/HolidayMatrixDisplay.aspx?drRegionalOffice=0&drMonth=11&drYear=2025 (POST form),Reserve Bank of India,2026-09-28
2025,2025-11-07,11,7,311,Post-monsoon,Shillong,Meghalaya,North-East,Wangala,Tribal/Indigenous,Harvest,unique,1,1.0,Wangala Festival,https://www.rbi.org.in/Scripts/HolidayMatrixDisplay.aspx?drRegionalOffice=0&drMonth=11&drYear=2025 (POST form),Reserve Bank of India,2026-09-28
2025,2025-11-08,11,8,312,Post-monsoon,Bengaluru,Karnataka,South,Kanakadasa Jayanti,Hindu,Commemoration,unique,1,1.0,Kanakadasa Jayanthi,https://www.rbi.org.in/Scripts/HolidayMatrixDisplay.aspx?drRegionalOffice=0&drMonth=11&drYear=2025 (POST form),Reserve Bank of India,2026-09-28
2025,2025-12-01,12,1,335,Post-monsoon,Itanagar,Arunachal Pradesh,North-East,Indigenous Faith Day (Arunachal),Tribal/Indigenous,Commemoration,shared_date,2,0.5,State Inauguration Day/Indigenous Faith Day,https://www.rbi.org.in/Scripts/HolidayMatrixDisplay.aspx?drRegionalOffice=0&drMonth=12&drYear=2025 (POST form),Reserve Bank of India,2026-09-28
2025,2025-12-01,12,1,335,Post-monsoon,Kohima,Nagaland,North-East,Indigenous Faith Day (Arunachal),Tribal/Indigenous,Commemoration,shared_date,2,0.5,State Inauguration Day/Indigenous Faith Day,https://www.rbi.org.in/Scripts/HolidayMatrixDisplay.aspx?drRegionalOffice=0&drMonth=12&drYear=2025 (POST form),Reserve Bank of India,2026-09-28
2025,2025-12-03,12,3,337,Post-monsoon,Panaji,Goa,West,Feast of St. Francis Xavier,Christian,Religious,unique,1,1.0,Feast of St. Francis Xavier,https://www.rbi.org.in/Scripts/HolidayMatrixDisplay.aspx?drRegionalOffice=0&drMonth=12&drYear=2025 (POST form),Reserve Bank of India,2026-09-28
2025,2025-12-20,12,20,354,Post-monsoon,Gangtok,Sikkim,North-East,Losoong / Namsoong,Buddhist,New Year,unique,1,1.0,Losoong / Namsoong,https://www.rbi.org.in/Scripts/HolidayMatrixDisplay.aspx?drRegionalOffice=0&drMonth=12&drYear=2025 (POST form),Reserve Bank of India,2026-09-28
2025,2025-12-22,12,22,356,Post-monsoon,Gangtok,Sikkim,North-East,Losoong / Namsoong,Buddhist,New Year,unique,1,1.0,Losoong / Namsoong,https://www.rbi.org.in/Scripts/HolidayMatrixDisplay.aspx?drRegionalOffice=0&drMonth=12&drYear=2025 (POST form),Reserve Bank of India,2026-09-28
2025,2025-12-24,12,24,358,Post-monsoon,Aizawl,Mizoram,North-East,Christmas Eve,Christian,Religious,unique,1,1.0,Christmas Eve,https://www.rbi.org.in/Scripts/HolidayMatrixDisplay.aspx?drRegionalOffice=0&drMonth=12&drYear=2025 (POST form),Reserve Bank of India,2026-09-28
2025,2025-12-24,12,24,358,Post-monsoon,Kohima,Nagaland,North-East,Christmas Eve,Christian,Religious,unique,1,1.0,Christmas Eve,https://www.rbi.org.in/Scripts/HolidayMatrixDisplay.aspx?drRegionalOffice=0&drMonth=12&drYear=2025 (POST form),Reserve Bank of India,2026-09-28
2025,2025-12-24,12,24,358,Post-monsoon,Shillong,Meghalaya,North-East,Christmas Eve,Christian,Religious,unique,1,1.0,Christmas Eve,https://www.rbi.org.in/Scripts/HolidayMatrixDisplay.aspx?drRegionalOffice=0&drMonth=12&drYear=2025 (POST form),Reserve Bank of India,2026-09-28
2025,2025-12-25,12,25,359,Post-monsoon,Agartala,Tripura,North-East,Christmas,Christian,Religious,unique,1,1.0,Christmas,https://www.rbi.org.in/Scripts/HolidayMatrixDisplay.aspx?drRegionalOffice=0&drMonth=12&drYear=2025 (POST form),Reserve Bank of India,2026-09-28
2025,2025-12-25,12,25,359,Post-monsoon,Ahmedabad,Gujarat,West,Christmas,Christian,Religious,unique,1,1.0,Christmas,https://www.rbi.org.in/Scripts/HolidayMatrixDisplay.aspx?drRegionalOffice=0&drMonth=12&drYear=2025 (POST form),Reserve Bank of India,2026-09-28
2025,2025-12-25,12,25,359,Post-monsoon,Aizawl,Mizoram,North-East,Christmas,Christian,Religious,unique,1,1.0,Christmas,https://www.rbi.org.in/Scripts/HolidayMatrixDisplay.aspx?drRegionalOffice=0&drMonth=12&drYear=2025 (POST form),Reserve Bank of India,2026-09-28
2025,2025-12-25,12,25,359,Post-monsoon,Belapur,Maharashtra,West,Christmas,Christian,Religious,unique,1,1.0,Christmas,https://www.rbi.org.in/Scripts/HolidayMatrixDisplay.aspx?drRegionalOffice=0&drMonth=12&drYear=2025 (POST form),Reserve Bank of India,2026-09-28
2025,2025-12-25,12,25,359,Post-monsoon,Bengaluru,Karnataka,South,Christmas,Christian,Religious,unique,1,1.0,Christmas,https://www.rbi.org.in/Scripts/HolidayMatrixDisplay.aspx?drRegionalOffice=0&drMonth=12&drYear=2025 (POST form),Reserve Bank of India,2026-09-28
2025,2025-12-25,12,25,359,Post-monsoon,Bhopal,Madhya Pradesh,Central,Christmas,Christian,Religious,unique,1,1.0,Christmas,https://www.rbi.org.in/Scripts/HolidayMatrixDisplay.aspx?drRegionalOffice=0&drMonth=12&drYear=2025 (POST form),Reserve Bank of India,2026-09-28
2025,2025-12-25,12,25,359,Post-monsoon,Bhubaneswar,Odisha,East,Christmas,Christian,Religious,unique,1,1.0,Christmas,https://www.rbi.org.in/Scripts/HolidayMatrixDisplay.aspx?drRegionalOffice=0&drMonth=12&drYear=2025 (POST form),Reserve Bank of India,2026-09-28
2025,2025-12-25,12,25,359,Post-monsoon,Chandigarh,Punjab-Haryana-Chandigarh,North,Christmas,Christian,Religious,unique,1,1.0,Christmas,https://www.rbi.org.in/Scripts/HolidayMatrixDisplay.aspx?drRegionalOffice=0&drMonth=12&drYear=2025 (POST form),Reserve Bank of India,2026-09-28
2025,2025-12-25,12,25,359,Post-monsoon,Chennai,Tamil Nadu,South,Christmas,Christian,Religious,unique,1,1.0,Christmas,https://www.rbi.org.in/Scripts/HolidayMatrixDisplay.aspx?drRegionalOffice=0&drMonth=12&drYear=2025 (POST form),Reserve Bank of India,2026-09-28
2025,2025-12-25,12,25,359,Post-monsoon,Dehradun,Uttarakhand,North,Christmas,Christian,Religious,unique,1,1.0,Christmas,https://www.rbi.org.in/Scripts/HolidayMatrixDisplay.aspx?drRegionalOffice=0&drMonth=12&drYear=2025 (POST form),Reserve Bank of India,2026-09-28
2025,2025-12-25,12,25,359,Post-monsoon,Gangtok,Sikkim,North-East,Christmas,Christian,Religious,unique,1,1.0,Christmas,https://www.rbi.org.in/Scripts/HolidayMatrixDisplay.aspx?drRegionalOffice=0&drMonth=12&drYear=2025 (POST form),Reserve Bank of India,2026-09-28
2025,2025-12-25,12,25,359,Post-monsoon,Guwahati,Assam,North-East,Christmas,Christian,Religious,unique,1,1.0,Christmas,https://www.rbi.org.in/Scripts/HolidayMatrixDisplay.aspx?drRegionalOffice=0&drMonth=12&drYear=2025 (POST form),Reserve Bank of India,2026-09-28
2025,2025-12-25,12,25,359,Post-monsoon,Hyderabad,Telangana,South,Christmas,Christian,Religious,unique,1,1.0,Christmas,https://www.rbi.org.in/Scripts/HolidayMatrixDisplay.aspx?drRegionalOffice=0&drMonth=12&drYear=2025 (POST form),Reserve Bank of India,2026-09-28
2025,2025-12-25,12,25,359,Post-monsoon,Imphal,Manipur,North-East,Christmas,Christian,Religious,unique,1,1.0,Christmas,https://www.rbi.org.in/Scripts/HolidayMatrixDisplay.aspx?drRegionalOffice=0&drMonth=12&drYear=2025 (POST form),Reserve Bank of India,2026-09-28
2025,2025-12-25,12,25,359,Post-monsoon,Itanagar,Arunachal Pradesh,North-East,Christmas,Christian,Religious,unique,1,1.0,Christmas,https://www.rbi.org.in/Scripts/HolidayMatrixDisplay.aspx?drRegionalOffice=0&drMonth=12&drYear=2025 (POST form),Reserve Bank of India,2026-09-28
2025,2025-12-25,12,25,359,Post-monsoon,Jaipur,Rajasthan,North,Christmas,Christian,Religious,unique,1,1.0,Christmas,https://www.rbi.org.in/Scripts/HolidayMatrixDisplay.aspx?drRegionalOffice=0&drMonth=12&drYear=2025 (POST form),Reserve Bank of India,2026-09-28
2025,2025-12-25,12,25,359,Post-monsoon,Jammu,Jammu & Kashmir,North,Christmas,Christian,Religious,unique,1,1.0,Christmas,https://www.rbi.org.in/Scripts/HolidayMatrixDisplay.aspx?drRegionalOffice=0&drMonth=12&drYear=2025 (POST form),Reserve Bank of India,2026-09-28
2025,2025-12-25,12,25,359,Post-monsoon,Kanpur,Uttar Pradesh,North,Christmas,Christian,Religious,unique,1,1.0,Christmas,https://www.rbi.org.in/Scripts/HolidayMatrixDisplay.aspx?drRegionalOffice=0&drMonth=12&drYear=2025 (POST form),Reserve Bank of India,2026-09-28
2025,2025-12-25,12,25,359,Post-monsoon,Kochi,Kerala,South,Christmas,Christian,Religious,unique,1,1.0,Christmas,https://www.rbi.org.in/Scripts/HolidayMatrixDisplay.aspx?drRegionalOffice=0&drMonth=12&drYear=2025 (POST form),Reserve Bank of India,2026-09-28
2025,2025-12-25,12,25,359,Post-monsoon,Kohima,Nagaland,North-East,Christmas,Christian,Religious,unique,1,1.0,Christmas,https://www.rbi.org.in/Scripts/HolidayMatrixDisplay.aspx?drRegionalOffice=0&drMonth=12&drYear=2025 (POST form),Reserve Bank of India,2026-09-28
2025,2025-12-25,12,25,359,Post-monsoon,Kolkata,West Bengal,East,Christmas,Christian,Religious,unique,1,1.0,Christmas,https://www.rbi.org.in/Scripts/HolidayMatrixDisplay.aspx?drRegionalOffice=0&drMonth=12&drYear=2025 (POST form),Reserve Bank of India,2026-09-28
2025,2025-12-25,12,25,359,Post-monsoon,Lucknow,Uttar Pradesh,North,Christmas,Christian,Religious,unique,1,1.0,Christmas,https://www.rbi.org.in/Scripts/HolidayMatrixDisplay.aspx?drRegionalOffice=0&drMonth=12&drYear=2025 (POST form),Reserve Bank of India,2026-09-28
2025,2025-12-25,12,25,359,Post-monsoon,Mumbai,Maharashtra,West,Christmas,Christian,Religious,unique,1,1.0,Christmas,https://www.rbi.org.in/Scripts/HolidayMatrixDisplay.aspx?drRegionalOffice=0&drMonth=12&drYear=2025 (POST form),Reserve Bank of India,2026-09-28
2025,2025-12-25,12,25,359,Post-monsoon,Nagpur,Maharashtra,West,Christmas,Christian,Religious,unique,1,1.0,Christmas,https://www.rbi.org.in/Scripts/HolidayMatrixDisplay.aspx?drRegionalOffice=0&drMonth=12&drYear=2025 (POST form),Reserve Bank of India,2026-09-28
2025,2025-12-25,12,25,359,Post-monsoon,New Delhi,Delhi,North,Christmas,Christian,Religious,unique,1,1.0,Christmas,https://www.rbi.org.in/Scripts/HolidayMatrixDisplay.aspx?drRegionalOffice=0&drMonth=12&drYear=2025 (POST form),Reserve Bank of India,2026-09-28
2025,2025-12-25,12,25,359,Post-monsoon,Panaji,Goa,West,Christmas,Christian,Religious,unique,1,1.0,Christmas,https://www.rbi.org.in/Scripts/HolidayMatrixDisplay.aspx?drRegionalOffice=0&drMonth=12&drYear=2025 (POST form),Reserve Bank of India,2026-09-28
2025,2025-12-25,12,25,359,Post-monsoon,Patna,Bihar,East,Christmas,Christian,Religious,unique,1,1.0,Christmas,https://www.rbi.org.in/Scripts/HolidayMatrixDisplay.aspx?drRegionalOffice=0&drMonth=12&drYear=2025 (POST form),Reserve Bank of India,2026-09-28
2025,2025-12-25,12,25,359,Post-monsoon,Raipur,Chhattisgarh,Central,Christmas,Christian,Religious,unique,1,1.0,Christmas,https://www.rbi.org.in/Scripts/HolidayMatrixDisplay.aspx?drRegionalOffice=0&drMonth=12&drYear=2025 (POST form),Reserve Bank of India,2026-09-28
2025,2025-12-25,12,25,359,Post-monsoon,Ranchi,Jharkhand,East,Christmas,Christian,Religious,unique,1,1.0,Christmas,https://www.rbi.org.in/Scripts/HolidayMatrixDisplay.aspx?drRegionalOffice=0&drMonth=12&drYear=2025 (POST form),Reserve Bank of India,2026-09-28
2025,2025-12-25,12,25,359,Post-monsoon,Shillong,Meghalaya,North-East,Christmas,Christian,Religious,unique,1,1.0,Christmas,https://www.rbi.org.in/Scripts/HolidayMatrixDisplay.aspx?drRegionalOffice=0&drMonth=12&drYear=2025 (POST form),Reserve Bank of India,2026-09-28
2025,2025-12-25,12,25,359,Post-monsoon,Shimla,Himachal Pradesh,North,Christmas,Christian,Religious,unique,1,1.0,Christmas,https://www.rbi.org.in/Scripts/HolidayMatrixDisplay.aspx?drRegionalOffice=0&drMonth=12&drYear=2025 (POST form),Reserve Bank of India,2026-09-28
2025,2025-12-25,12,25,359,Post-monsoon,Srinagar,Jammu & Kashmir,North,Christmas,Christian,Religious,unique,1,1.0,Christmas,https://www.rbi.org.in/Scripts/HolidayMatrixDisplay.aspx?drRegionalOffice=0&drMonth=12&drYear=2025 (POST form),Reserve Bank of India,2026-09-28
2025,2025-12-25,12,25,359,Post-monsoon,Thiruvananthapuram,Kerala,South,Christmas,Christian,Religious,unique,1,1.0,Christmas,https://www.rbi.org.in/Scripts/HolidayMatrixDisplay.aspx?drRegionalOffice=0&drMonth=12&drYear=2025 (POST form),Reserve Bank of India,2026-09-28
2025,2025-12-25,12,25,359,Post-monsoon,Vijayawada,Andhra Pradesh,South,Christmas,Christian,Religious,unique,1,1.0,Christmas,https://www.rbi.org.in/Scripts/HolidayMatrixDisplay.aspx?drRegionalOffice=0&drMonth=12&drYear=2025 (POST form),Reserve Bank of India,2026-09-28
2025,2025-12-26,12,26,360,Post-monsoon,Aizawl,Mizoram,North-East,Christmas,Christian,Religious,unique,1,1.0,Christmas Celebration,https://www.rbi.org.in/Scripts/HolidayMatrixDisplay.aspx?drRegionalOffice=0&drMonth=12&drYear=2025 (POST form),Reserve Bank of India,2026-09-28
2025,2025-12-26,12,26,360,Post-monsoon,Kohima,Nagaland,North-East,Christmas,Christian,Religious,unique,1,1.0,Christmas Celebration,https://www.rbi.org.in/Scripts/HolidayMatrixDisplay.aspx?drRegionalOffice=0&drMonth=12&drYear=2025 (POST form),Reserve Bank of India,2026-09-28
2025,2025-12-26,12,26,360,Post-monsoon,Shillong,Meghalaya,North-East,Christmas,Christian,Religious,unique,1,1.0,Christmas Celebration,https://www.rbi.org.in/Scripts/HolidayMatrixDisplay.aspx?drRegionalOffice=0&drMonth=12&drYear=2025 (POST form),Reserve Bank of India,2026-09-28
2025,2025-12-27,12,27,361,Post-monsoon,Kohima,Nagaland,North-East,Christmas,Christian,Religious,unique,1,1.0,Christmas,https://www.rbi.org.in/Scripts/HolidayMatrixDisplay.aspx?drRegionalOffice=0&drMonth=12&drYear=2025 (POST form),Reserve Bank of India,2026-09-28
2025,2025-12-31,12,31,365,Post-monsoon,Aizawl,Mizoram,North-East,Imoinu Iratpa,Tribal/Indigenous,Religious,shared_date,2,0.5,New Year's Eve/Imoinu Iratpa,https://www.rbi.org.in/Scripts/HolidayMatrixDisplay.aspx?drRegionalOffice=0&drMonth=12&drYear=2025 (POST form),Reserve Bank of India,2026-09-28
2025,2025-12-31,12,31,365,Post-monsoon,Imphal,Manipur,North-East,Imoinu Iratpa,Tribal/Indigenous,Religious,shared_date,2,0.5,New Year's Eve/Imoinu Iratpa,https://www.rbi.org.in/Scripts/HolidayMatrixDisplay.aspx?drRegionalOffice=0&drMonth=12&drYear=2025 (POST form),Reserve Bank of India,2026-09-28
2026,2026-01-01,1,1,1,Winter,Aizawl,Mizoram,North-East,Gaan-Ngai,Tribal/Indigenous,Religious,shared_date,2,0.5,New Year’s Day/Gaan-Ngai,https://www.rbi.org.in/Scripts/HolidayMatrixDisplay.aspx?drRegionalOffice=0&drMonth=1&drYear=2026 (POST form),Reserve Bank of India,2026-09-28
2026,2026-01-01,1,1,1,Winter,Chennai,Tamil Nadu,South,Gaan-Ngai,Tribal/Indigenous,Religious,shared_date,2,0.5,New Year’s Day/Gaan-Ngai,https://www.rbi.org.in/Scripts/HolidayMatrixDisplay.aspx?drRegionalOffice=0&drMonth=1&drYear=2026 (POST form),Reserve Bank of India,2026-09-28
2026,2026-01-01,1,1,1,Winter,Gangtok,Sikkim,North-East,Gaan-Ngai,Tribal/Indigenous,Religious,shared_date,2,0.5,New Year’s Day/Gaan-Ngai,https://www.rbi.org.in/Scripts/HolidayMatrixDisplay.aspx?drRegionalOffice=0&drMonth=1&drYear=2026 (POST form),Reserve Bank of India,2026-09-28
2026,2026-01-01,1,1,1,Winter,Imphal,Manipur,North-East,Gaan-Ngai,Tribal/Indigenous,Religious,shared_date,2,0.5,New Year’s Day/Gaan-Ngai,https://www.rbi.org.in/Scripts/HolidayMatrixDisplay.aspx?drRegionalOffice=0&drMonth=1&drYear=2026 (POST form),Reserve Bank of India,2026-09-28
2026,2026-01-01,1,1,1,Winter,Itanagar,Arunachal Pradesh,North-East,Gaan-Ngai,Tribal/Indigenous,Religious,shared_date,2,0.5,New Year’s Day/Gaan-Ngai,https://www.rbi.org.in/Scripts/HolidayMatrixDisplay.aspx?drRegionalOffice=0&drMonth=1&drYear=2026 (POST form),Reserve Bank of India,2026-09-28
2026,2026-01-01,1,1,1,Winter,Kohima,Nagaland,North-East,Gaan-Ngai,Tribal/Indigenous,Religious,shared_date,2,0.5,New Year’s Day/Gaan-Ngai,https://www.rbi.org.in/Scripts/HolidayMatrixDisplay.aspx?drRegionalOffice=0&drMonth=1&drYear=2026 (POST form),Reserve Bank of India,2026-09-28
2026,2026-01-01,1,1,1,Winter,Kolkata,West Bengal,East,Gaan-Ngai,Tribal/Indigenous,Religious,shared_date,2,0.5,New Year’s Day/Gaan-Ngai,https://www.rbi.org.in/Scripts/HolidayMatrixDisplay.aspx?drRegionalOffice=0&drMonth=1&drYear=2026 (POST form),Reserve Bank of India,2026-09-28
2026,2026-01-01,1,1,1,Winter,Shillong,Meghalaya,North-East,Gaan-Ngai,Tribal/Indigenous,Religious,shared_date,2,0.5,New Year’s Day/Gaan-Ngai,https://www.rbi.org.in/Scripts/HolidayMatrixDisplay.aspx?drRegionalOffice=0&drMonth=1&drYear=2026 (POST form),Reserve Bank of India,2026-09-28
2026,2026-01-03,1,3,3,Winter,Kanpur,Uttar Pradesh,North,Birthday of Hazrat Ali,Muslim,Commemoration,unique,1,1.0,Birthday of Hazrat Ali,https://www.rbi.org.in/Scripts/HolidayMatrixDisplay.aspx?drRegionalOffice=0&drMonth=1&drYear=2026 (POST form),Reserve Bank of India,2026-09-28
2026,2026-01-03,1,3,3,Winter,Lucknow,Uttar Pradesh,North,Birthday of Hazrat Ali,Muslim,Commemoration,unique,1,1.0,Birthday of Hazrat Ali,https://www.rbi.org.in/Scripts/HolidayMatrixDisplay.aspx?drRegionalOffice=0&drMonth=1&drYear=2026 (POST form),Reserve Bank of India,2026-09-28
2026,2026-01-14,1,14,14,Winter,Ahmedabad,Gujarat,West,Magh Bihu,Cultural (multi-faith),Harvest,shared_date,2,0.5,Makar Sankranti/Magh Bihu,https://www.rbi.org.in/Scripts/HolidayMatrixDisplay.aspx?drRegionalOffice=0&drMonth=1&drYear=2026 (POST form),Reserve Bank of India,2026-09-28
2026,2026-01-14,1,14,14,Winter,Ahmedabad,Gujarat,West,Makar Sankranti,Hindu,Harvest,shared_date,2,0.5,Makar Sankranti/Magh Bihu,https://www.rbi.org.in/Scripts/HolidayMatrixDisplay.aspx?drRegionalOffice=0&drMonth=1&drYear=2026 (POST form),Reserve Bank of India,2026-09-28
2026,2026-01-14,1,14,14,Winter,Bhubaneswar,Odisha,East,Magh Bihu,Cultural (multi-faith),Harvest,shared_date,2,0.5,Makar Sankranti/Magh Bihu,https://www.rbi.org.in/Scripts/HolidayMatrixDisplay.aspx?drRegionalOffice=0&drMonth=1&drYear=2026 (POST form),Reserve Bank of India,2026-09-28
2026,2026-01-14,1,14,14,Winter,Bhubaneswar,Odisha,East,Makar Sankranti,Hindu,Harvest,shared_date,2,0.5,Makar Sankranti/Magh Bihu,https://www.rbi.org.in/Scripts/HolidayMatrixDisplay.aspx?drRegionalOffice=0&drMonth=1&drYear=2026 (POST form),Reserve Bank of India,2026-09-28
2026,2026-01-14,1,14,14,Winter,Guwahati,Assam,North-East,Magh Bihu,Cultural (multi-faith),Harvest,shared_date,2,0.5,Makar Sankranti/Magh Bihu,https://www.rbi.org.in/Scripts/HolidayMatrixDisplay.aspx?drRegionalOffice=0&drMonth=1&drYear=2026 (POST form),Reserve Bank of India,2026-09-28
2026,2026-01-14,1,14,14,Winter,Guwahati,Assam,North-East,Makar Sankranti,Hindu,Harvest,shared_date,2,0.5,Makar Sankranti/Magh Bihu,https://www.rbi.org.in/Scripts/HolidayMatrixDisplay.aspx?drRegionalOffice=0&drMonth=1&drYear=2026 (POST form),Reserve Bank of India,2026-09-28
2026,2026-01-14,1,14,14,Winter,Itanagar,Arunachal Pradesh,North-East,Magh Bihu,Cultural (multi-faith),Harvest,shared_date,2,0.5,Makar Sankranti/Magh Bihu,https://www.rbi.org.in/Scripts/HolidayMatrixDisplay.aspx?drRegionalOffice=0&drMonth=1&drYear=2026 (POST form),Reserve Bank of India,2026-09-28
2026,2026-01-14,1,14,14,Winter,Itanagar,Arunachal Pradesh,North-East,Makar Sankranti,Hindu,Harvest,shared_date,2,0.5,Makar Sankranti/Magh Bihu,https://www.rbi.org.in/Scripts/HolidayMatrixDisplay.aspx?drRegionalOffice=0&drMonth=1&drYear=2026 (POST form),Reserve Bank of India,2026-09-28
2026,2026-01-15,1,15,15,Winter,Belapur,Maharashtra,West,Makar Sankranti,Hindu,Harvest,shared_date,3,0.3333333333333333,Uttarayana Punyakala/Pongal/Maghe Sankranti/Makara Sankranti/Election to Municipal Corporations in Maharashtra,https://www.rbi.org.in/Scripts/HolidayMatrixDisplay.aspx?drRegionalOffice=0&drMonth=1&drYear=2026 (POST form),Reserve Bank of India,2026-09-28
2026,2026-01-15,1,15,15,Winter,Belapur,Maharashtra,West,Pongal,Hindu,Harvest,shared_date,3,0.3333333333333333,Uttarayana Punyakala/Pongal/Maghe Sankranti/Makara Sankranti/Election to Municipal Corporations in Maharashtra,https://www.rbi.org.in/Scripts/HolidayMatrixDisplay.aspx?drRegionalOffice=0&drMonth=1&drYear=2026 (POST form),Reserve Bank of India,2026-09-28
2026,2026-01-15,1,15,15,Winter,Bengaluru,Karnataka,South,Makar Sankranti,Hindu,Harvest,shared_date,3,0.3333333333333333,Uttarayana Punyakala/Pongal/Maghe Sankranti/Makara Sankranti/Election to Municipal Corporations in Maharashtra,https://www.rbi.org.in/Scripts/HolidayMatrixDisplay.aspx?drRegionalOffice=0&drMonth=1&drYear=2026 (POST form),Reserve Bank of India,2026-09-28
2026,2026-01-15,1,15,15,Winter,Bengaluru,Karnataka,South,Pongal,Hindu,Harvest,shared_date,3,0.3333333333333333,Uttarayana Punyakala/Pongal/Maghe Sankranti/Makara Sankranti/Election to Municipal Corporations in Maharashtra,https://www.rbi.org.in/Scripts/HolidayMatrixDisplay.aspx?drRegionalOffice=0&drMonth=1&drYear=2026 (POST form),Reserve Bank of India,2026-09-28
2026,2026-01-15,1,15,15,Winter,Chennai,Tamil Nadu,South,Makar Sankranti,Hindu,Harvest,shared_date,3,0.3333333333333333,Uttarayana Punyakala/Pongal/Maghe Sankranti/Makara Sankranti/Election to Municipal Corporations in Maharashtra,https://www.rbi.org.in/Scripts/HolidayMatrixDisplay.aspx?drRegionalOffice=0&drMonth=1&drYear=2026 (POST form),Reserve Bank of India,2026-09-28
2026,2026-01-15,1,15,15,Winter,Chennai,Tamil Nadu,South,Pongal,Hindu,Harvest,shared_date,3,0.3333333333333333,Uttarayana Punyakala/Pongal/Maghe Sankranti/Makara Sankranti/Election to Municipal Corporations in Maharashtra,https://www.rbi.org.in/Scripts/HolidayMatrixDisplay.aspx?drRegionalOffice=0&drMonth=1&drYear=2026 (POST form),Reserve Bank of India,2026-09-28
2026,2026-01-15,1,15,15,Winter,Gangtok,Sikkim,North-East,Makar Sankranti,Hindu,Harvest,shared_date,3,0.3333333333333333,Uttarayana Punyakala/Pongal/Maghe Sankranti/Makara Sankranti/Election to Municipal Corporations in Maharashtra,https://www.rbi.org.in/Scripts/HolidayMatrixDisplay.aspx?drRegionalOffice=0&drMonth=1&drYear=2026 (POST form),Reserve Bank of India,2026-09-28
2026,2026-01-15,1,15,15,Winter,Gangtok,Sikkim,North-East,Pongal,Hindu,Harvest,shared_date,3,0.3333333333333333,Uttarayana Punyakala/Pongal/Maghe Sankranti/Makara Sankranti/Election to Municipal Corporations in Maharashtra,https://www.rbi.org.in/Scripts/HolidayMatrixDisplay.aspx?drRegionalOffice=0&drMonth=1&drYear=2026 (POST form),Reserve Bank of India,2026-09-28
2026,2026-01-15,1,15,15,Winter,Hyderabad,Telangana,South,Makar Sankranti,Hindu,Harvest,shared_date,3,0.3333333333333333,Uttarayana Punyakala/Pongal/Maghe Sankranti/Makara Sankranti/Election to Municipal Corporations in Maharashtra,https://www.rbi.org.in/Scripts/HolidayMatrixDisplay.aspx?drRegionalOffice=0&drMonth=1&drYear=2026 (POST form),Reserve Bank of India,2026-09-28
2026,2026-01-15,1,15,15,Winter,Hyderabad,Telangana,South,Pongal,Hindu,Harvest,shared_date,3,0.3333333333333333,Uttarayana Punyakala/Pongal/Maghe Sankranti/Makara Sankranti/Election to Municipal Corporations in Maharashtra,https://www.rbi.org.in/Scripts/HolidayMatrixDisplay.aspx?drRegionalOffice=0&drMonth=1&drYear=2026 (POST form),Reserve Bank of India,2026-09-28
2026,2026-01-15,1,15,15,Winter,Kanpur,Uttar Pradesh,North,Makar Sankranti,Hindu,Harvest,shared_date,3,0.3333333333333333,Uttarayana Punyakala/Pongal/Maghe Sankranti/Makara Sankranti/Election to Municipal Corporations in Maharashtra,https://www.rbi.org.in/Scripts/HolidayMatrixDisplay.aspx?drRegionalOffice=0&drMonth=1&drYear=2026 (POST form),Reserve Bank of India,2026-09-28
2026,2026-01-15,1,15,15,Winter,Kanpur,Uttar Pradesh,North,Pongal,Hindu,Harvest,shared_date,3,0.3333333333333333,Uttarayana Punyakala/Pongal/Maghe Sankranti/Makara Sankranti/Election to Municipal Corporations in Maharashtra,https://www.rbi.org.in/Scripts/HolidayMatrixDisplay.aspx?drRegionalOffice=0&drMonth=1&drYear=2026 (POST form),Reserve Bank of India,2026-09-28
2026,2026-01-15,1,15,15,Winter,Lucknow,Uttar Pradesh,North,Makar Sankranti,Hindu,Harvest,shared_date,3,0.3333333333333333,Uttarayana Punyakala/Pongal/Maghe Sankranti/Makara Sankranti/Election to Municipal Corporations in Maharashtra,https://www.rbi.org.in/Scripts/HolidayMatrixDisplay.aspx?drRegionalOffice=0&drMonth=1&drYear=2026 (POST form),Reserve Bank of India,2026-09-28
2026,2026-01-15,1,15,15,Winter,Lucknow,Uttar Pradesh,North,Pongal,Hindu,Harvest,shared_date,3,0.3333333333333333,Uttarayana Punyakala/Pongal/Maghe Sankranti/Makara Sankranti/Election to Municipal Corporations in Maharashtra,https://www.rbi.org.in/Scripts/HolidayMatrixDisplay.aspx?drRegionalOffice=0&drMonth=1&drYear=2026 (POST form),Reserve Bank of India,2026-09-28
2026,2026-01-15,1,15,15,Winter,Mumbai,Maharashtra,West,Makar Sankranti,Hindu,Harvest,shared_date,3,0.3333333333333333,Uttarayana Punyakala/Pongal/Maghe Sankranti/Makara Sankranti/Election to Municipal Corporations in Maharashtra,https://www.rbi.org.in/Scripts/HolidayMatrixDisplay.aspx?drRegionalOffice=0&drMonth=1&drYear=2026 (POST form),Reserve Bank of India,2026-09-28
2026,2026-01-15,1,15,15,Winter,Mumbai,Maharashtra,West,Pongal,Hindu,Harvest,shared_date,3,0.3333333333333333,Uttarayana Punyakala/Pongal/Maghe Sankranti/Makara Sankranti/Election to Municipal Corporations in Maharashtra,https://www.rbi.org.in/Scripts/HolidayMatrixDisplay.aspx?drRegionalOffice=0&drMonth=1&drYear=2026 (POST form),Reserve Bank of India,2026-09-28
2026,2026-01-15,1,15,15,Winter,Nagpur,Maharashtra,West,Makar Sankranti,Hindu,Harvest,shared_date,3,0.3333333333333333,Uttarayana Punyakala/Pongal/Maghe Sankranti/Makara Sankranti/Election to Municipal Corporations in Maharashtra,https://www.rbi.org.in/Scripts/HolidayMatrixDisplay.aspx?drRegionalOffice=0&drMonth=1&drYear=2026 (POST form),Reserve Bank of India,2026-09-28
2026,2026-01-15,1,15,15,Winter,Nagpur,Maharashtra,West,Pongal,Hindu,Harvest,shared_date,3,0.3333333333333333,Uttarayana Punyakala/Pongal/Maghe Sankranti/Makara Sankranti/Election to Municipal Corporations in Maharashtra,https://www.rbi.org.in/Scripts/HolidayMatrixDisplay.aspx?drRegionalOffice=0&drMonth=1&drYear=2026 (POST form),Reserve Bank of India,2026-09-28
2026,2026-01-15,1,15,15,Winter,Vijayawada,Andhra Pradesh,South,Makar Sankranti,Hindu,Harvest,shared_date,3,0.3333333333333333,Uttarayana Punyakala/Pongal/Maghe Sankranti/Makara Sankranti/Election to Municipal Corporations in Maharashtra,https://www.rbi.org.in/Scripts/HolidayMatrixDisplay.aspx?drRegionalOffice=0&drMonth=1&drYear=2026 (POST form),Reserve Bank of India,2026-09-28
2026,2026-01-15,1,15,15,Winter,Vijayawada,Andhra Pradesh,South,Pongal,Hindu,Harvest,shared_date,3,0.3333333333333333,Uttarayana Punyakala/Pongal/Maghe Sankranti/Makara Sankranti/Election to Municipal Corporations in Maharashtra,https://www.rbi.org.in/Scripts/HolidayMatrixDisplay.aspx?drRegionalOffice=0&drMonth=1&drYear=2026 (POST form),Reserve Bank of India,2026-09-28
2026,2026-01-16,1,16,16,Winter,Chennai,Tamil Nadu,South,Pongal,Hindu,Harvest,unique,1,1.0,Thiruvalluvar Day/Kanuma,https://www.rbi.org.in/Scripts/HolidayMatrixDisplay.aspx?drRegionalOffice=0&drMonth=1&drYear=2026 (POST form),Reserve Bank of India,2026-09-28
2026,2026-01-16,1,16,16,Winter,Vijayawada,Andhra Pradesh,South,Pongal,Hindu,Harvest,unique,1,1.0,Thiruvalluvar Day/Kanuma,https://www.rbi.org.in/Scripts/HolidayMatrixDisplay.aspx?drRegionalOffice=0&drMonth=1&drYear=2026 (POST form),Reserve Bank of India,2026-09-28
2026,2026-01-17,1,17,17,Winter,Chennai,Tamil Nadu,South,Pongal,Hindu,Harvest,unique,1,1.0,Uzhavar Thirunal,https://www.rbi.org.in/Scripts/HolidayMatrixDisplay.aspx?drRegionalOffice=0&drMonth=1&drYear=2026 (POST form),Reserve Bank of India,2026-09-28
2026,2026-01-23,1,23,23,Winter,Agartala,Tripura,North-East,Saraswati Puja / Vasant Panchami,Hindu,Religious,shared_date,3,0.3333333333333333,Birthday of Netaji Subhas Chandra Bose/Saraswati Puja (Shree Panchami)/Vir Surendrasai Jayanti/Basanta Panchami,https://www.rbi.org.in/Scripts/HolidayMatrixDisplay.aspx?drRegionalOffice=0&drMonth=1&drYear=2026 (POST form),Reserve Bank of India,2026-09-28
2026,2026-01-23,1,23,23,Winter,Bhubaneswar,Odisha,East,Saraswati Puja / Vasant Panchami,Hindu,Religious,shared_date,3,0.3333333333333333,Birthday of Netaji Subhas Chandra Bose/Saraswati Puja (Shree Panchami)/Vir Surendrasai Jayanti/Basanta Panchami,https://www.rbi.org.in/Scripts/HolidayMatrixDisplay.aspx?drRegionalOffice=0&drMonth=1&drYear=2026 (POST form),Reserve Bank of India,2026-09-28
2026,2026-01-23,1,23,23,Winter,Kolkata,West Bengal,East,Saraswati Puja / Vasant Panchami,Hindu,Religious,shared_date,3,0.3333333333333333,Birthday of Netaji Subhas Chandra Bose/Saraswati Puja (Shree Panchami)/Vir Surendrasai Jayanti/Basanta Panchami,https://www.rbi.org.in/Scripts/HolidayMatrixDisplay.aspx?drRegionalOffice=0&drMonth=1&drYear=2026 (POST form),Reserve Bank of India,2026-09-28
2026,2026-02-18,2,18,49,Winter,Gangtok,Sikkim,North-East,Losar,Buddhist,New Year,unique,1,1.0,Losar,https://www.rbi.org.in/Scripts/HolidayMatrixDisplay.aspx?drRegionalOffice=0&drMonth=2&drYear=2026 (POST form),Reserve Bank of India,2026-09-28
2026,2026-03-02,3,2,61,Pre-monsoon,Kanpur,Uttar Pradesh,North,Holi,Hindu,Religious/Seasonal,unique,1,1.0,Holika Dahan,https://www.rbi.org.in/Scripts/HolidayMatrixDisplay.aspx?drRegionalOffice=0&drMonth=3&drYear=2026 (POST form),Reserve Bank of India,2026-09-28
2026,2026-03-02,3,2,61,Pre-monsoon,Lucknow,Uttar Pradesh,North,Holi,Hindu,Religious/Seasonal,unique,1,1.0,Holika Dahan,https://www.rbi.org.in/Scripts/HolidayMatrixDisplay.aspx?drRegionalOffice=0&drMonth=3&drYear=2026 (POST form),Reserve Bank of India,2026-09-28
2026,2026-03-03,3,3,62,Pre-monsoon,Belapur,Maharashtra,West,Attukal Pongala,Hindu,Religious,shared_date,2,0.5,Holi (Second Day)/Dol Jatra/Dhulandi/Holika Dahan/Attukal Pongala,https://www.rbi.org.in/Scripts/HolidayMatrixDisplay.aspx?drRegionalOffice=0&drMonth=3&drYear=2026 (POST form),Reserve Bank of India,2026-09-28
2026,2026-03-03,3,3,62,Pre-monsoon,Belapur,Maharashtra,West,Holi,Hindu,Religious/Seasonal,shared_date,2,0.5,Holi (Second Day)/Dol Jatra/Dhulandi/Holika Dahan/Attukal Pongala,https://www.rbi.org.in/Scripts/HolidayMatrixDisplay.aspx?drRegionalOffice=0&drMonth=3&drYear=2026 (POST form),Reserve Bank of India,2026-09-28
2026,2026-03-03,3,3,62,Pre-monsoon,Bhopal,Madhya Pradesh,Central,Attukal Pongala,Hindu,Religious,shared_date,2,0.5,Holi (Second Day)/Dol Jatra/Dhulandi/Holika Dahan/Attukal Pongala,https://www.rbi.org.in/Scripts/HolidayMatrixDisplay.aspx?drRegionalOffice=0&drMonth=3&drYear=2026 (POST form),Reserve Bank of India,2026-09-28
2026,2026-03-03,3,3,62,Pre-monsoon,Bhopal,Madhya Pradesh,Central,Holi,Hindu,Religious/Seasonal,shared_date,2,0.5,Holi (Second Day)/Dol Jatra/Dhulandi/Holika Dahan/Attukal Pongala,https://www.rbi.org.in/Scripts/HolidayMatrixDisplay.aspx?drRegionalOffice=0&drMonth=3&drYear=2026 (POST form),Reserve Bank of India,2026-09-28
2026,2026-03-03,3,3,62,Pre-monsoon,Dehradun,Uttarakhand,North,Attukal Pongala,Hindu,Religious,shared_date,2,0.5,Holi (Second Day)/Dol Jatra/Dhulandi/Holika Dahan/Attukal Pongala,https://www.rbi.org.in/Scripts/HolidayMatrixDisplay.aspx?drRegionalOffice=0&drMonth=3&drYear=2026 (POST form),Reserve Bank of India,2026-09-28
2026,2026-03-03,3,3,62,Pre-monsoon,Dehradun,Uttarakhand,North,Holi,Hindu,Religious/Seasonal,shared_date,2,0.5,Holi (Second Day)/Dol Jatra/Dhulandi/Holika Dahan/Attukal Pongala,https://www.rbi.org.in/Scripts/HolidayMatrixDisplay.aspx?drRegionalOffice=0&drMonth=3&drYear=2026 (POST form),Reserve Bank of India,2026-09-28
2026,2026-03-03,3,3,62,Pre-monsoon,Guwahati,Assam,North-East,Attukal Pongala,Hindu,Religious,shared_date,2,0.5,Holi (Second Day)/Dol Jatra/Dhulandi/Holika Dahan/Attukal Pongala,https://www.rbi.org.in/Scripts/HolidayMatrixDisplay.aspx?drRegionalOffice=0&drMonth=3&drYear=2026 (POST form),Reserve Bank of India,2026-09-28
2026,2026-03-03,3,3,62,Pre-monsoon,Guwahati,Assam,North-East,Holi,Hindu,Religious/Seasonal,shared_date,2,0.5,Holi (Second Day)/Dol Jatra/Dhulandi/Holika Dahan/Attukal Pongala,https://www.rbi.org.in/Scripts/HolidayMatrixDisplay.aspx?drRegionalOffice=0&drMonth=3&drYear=2026 (POST form),Reserve Bank of India,2026-09-28
2026,2026-03-03,3,3,62,Pre-monsoon,Hyderabad,Telangana,South,Attukal Pongala,Hindu,Religious,shared_date,2,0.5,Holi (Second Day)/Dol Jatra/Dhulandi/Holika Dahan/Attukal Pongala,https://www.rbi.org.in/Scripts/HolidayMatrixDisplay.aspx?drRegionalOffice=0&drMonth=3&drYear=2026 (POST form),Reserve Bank of India,2026-09-28
2026,2026-03-03,3,3,62,Pre-monsoon,Hyderabad,Telangana,South,Holi,Hindu,Religious/Seasonal,shared_date,2,0.5,Holi (Second Day)/Dol Jatra/Dhulandi/Holika Dahan/Attukal Pongala,https://www.rbi.org.in/Scripts/HolidayMatrixDisplay.aspx?drRegionalOffice=0&drMonth=3&drYear=2026 (POST form),Reserve Bank of India,2026-09-28
2026,2026-03-03,3,3,62,Pre-monsoon,Jaipur,Rajasthan,North,Attukal Pongala,Hindu,Religious,shared_date,2,0.5,Holi (Second Day)/Dol Jatra/Dhulandi/Holika Dahan/Attukal Pongala,https://www.rbi.org.in/Scripts/HolidayMatrixDisplay.aspx?drRegionalOffice=0&drMonth=3&drYear=2026 (POST form),Reserve Bank of India,2026-09-28
2026,2026-03-03,3,3,62,Pre-monsoon,Jaipur,Rajasthan,North,Holi,Hindu,Religious/Seasonal,shared_date,2,0.5,Holi (Second Day)/Dol Jatra/Dhulandi/Holika Dahan/Attukal Pongala,https://www.rbi.org.in/Scripts/HolidayMatrixDisplay.aspx?drRegionalOffice=0&drMonth=3&drYear=2026 (POST form),Reserve Bank of India,2026-09-28
2026,2026-03-03,3,3,62,Pre-monsoon,Kanpur,Uttar Pradesh,North,Attukal Pongala,Hindu,Religious,shared_date,2,0.5,Holi (Second Day)/Dol Jatra/Dhulandi/Holika Dahan/Attukal Pongala,https://www.rbi.org.in/Scripts/HolidayMatrixDisplay.aspx?drRegionalOffice=0&drMonth=3&drYear=2026 (POST form),Reserve Bank of India,2026-09-28
2026,2026-03-03,3,3,62,Pre-monsoon,Kanpur,Uttar Pradesh,North,Holi,Hindu,Religious/Seasonal,shared_date,2,0.5,Holi (Second Day)/Dol Jatra/Dhulandi/Holika Dahan/Attukal Pongala,https://www.rbi.org.in/Scripts/HolidayMatrixDisplay.aspx?drRegionalOffice=0&drMonth=3&drYear=2026 (POST form),Reserve Bank of India,2026-09-28
2026,2026-03-03,3,3,62,Pre-monsoon,Kolkata,West Bengal,East,Attukal Pongala,Hindu,Religious,shared_date,2,0.5,Holi (Second Day)/Dol Jatra/Dhulandi/Holika Dahan/Attukal Pongala,https://www.rbi.org.in/Scripts/HolidayMatrixDisplay.aspx?drRegionalOffice=0&drMonth=3&drYear=2026 (POST form),Reserve Bank of India,2026-09-28
2026,2026-03-03,3,3,62,Pre-monsoon,Kolkata,West Bengal,East,Holi,Hindu,Religious/Seasonal,shared_date,2,0.5,Holi (Second Day)/Dol Jatra/Dhulandi/Holika Dahan/Attukal Pongala,https://www.rbi.org.in/Scripts/HolidayMatrixDisplay.aspx?drRegionalOffice=0&drMonth=3&drYear=2026 (POST form),Reserve Bank of India,2026-09-28
2026,2026-03-03,3,3,62,Pre-monsoon,Lucknow,Uttar Pradesh,North,Attukal Pongala,Hindu,Religious,shared_date,2,0.5,Holi (Second Day)/Dol Jatra/Dhulandi/Holika Dahan/Attukal Pongala,https://www.rbi.org.in/Scripts/HolidayMatrixDisplay.aspx?drRegionalOffice=0&drMonth=3&drYear=2026 (POST form),Reserve Bank of India,2026-09-28
2026,2026-03-03,3,3,62,Pre-monsoon,Lucknow,Uttar Pradesh,North,Holi,Hindu,Religious/Seasonal,shared_date,2,0.5,Holi (Second Day)/Dol Jatra/Dhulandi/Holika Dahan/Attukal Pongala,https://www.rbi.org.in/Scripts/HolidayMatrixDisplay.aspx?drRegionalOffice=0&drMonth=3&drYear=2026 (POST form),Reserve Bank of India,2026-09-28
2026,2026-03-03,3,3,62,Pre-monsoon,Mumbai,Maharashtra,West,Attukal Pongala,Hindu,Religious,shared_date,2,0.5,Holi (Second Day)/Dol Jatra/Dhulandi/Holika Dahan/Attukal Pongala,https://www.rbi.org.in/Scripts/HolidayMatrixDisplay.aspx?drRegionalOffice=0&drMonth=3&drYear=2026 (POST form),Reserve Bank of India,2026-09-28
2026,2026-03-03,3,3,62,Pre-monsoon,Mumbai,Maharashtra,West,Holi,Hindu,Religious/Seasonal,shared_date,2,0.5,Holi (Second Day)/Dol Jatra/Dhulandi/Holika Dahan/Attukal Pongala,https://www.rbi.org.in/Scripts/HolidayMatrixDisplay.aspx?drRegionalOffice=0&drMonth=3&drYear=2026 (POST form),Reserve Bank of India,2026-09-28
2026,2026-03-03,3,3,62,Pre-monsoon,Nagpur,Maharashtra,West,Attukal Pongala,Hindu,Religious,shared_date,2,0.5,Holi (Second Day)/Dol Jatra/Dhulandi/Holika Dahan/Attukal Pongala,https://www.rbi.org.in/Scripts/HolidayMatrixDisplay.aspx?drRegionalOffice=0&drMonth=3&drYear=2026 (POST form),Reserve Bank of India,2026-09-28
2026,2026-03-03,3,3,62,Pre-monsoon,Nagpur,Maharashtra,West,Holi,Hindu,Religious/Seasonal,shared_date,2,0.5,Holi (Second Day)/Dol Jatra/Dhulandi/Holika Dahan/Attukal Pongala,https://www.rbi.org.in/Scripts/HolidayMatrixDisplay.aspx?drRegionalOffice=0&drMonth=3&drYear=2026 (POST form),Reserve Bank of India,2026-09-28
2026,2026-03-03,3,3,62,Pre-monsoon,Panaji,Goa,West,Attukal Pongala,Hindu,Religious,shared_date,2,0.5,Holi (Second Day)/Dol Jatra/Dhulandi/Holika Dahan/Attukal Pongala,https://www.rbi.org.in/Scripts/HolidayMatrixDisplay.aspx?drRegionalOffice=0&drMonth=3&drYear=2026 (POST form),Reserve Bank of India,2026-09-28
2026,2026-03-03,3,3,62,Pre-monsoon,Panaji,Goa,West,Holi,Hindu,Religious/Seasonal,shared_date,2,0.5,Holi (Second Day)/Dol Jatra/Dhulandi/Holika Dahan/Attukal Pongala,https://www.rbi.org.in/Scripts/HolidayMatrixDisplay.aspx?drRegionalOffice=0&drMonth=3&drYear=2026 (POST form),Reserve Bank of India,2026-09-28
2026,2026-03-03,3,3,62,Pre-monsoon,Patna,Bihar,East,Attukal Pongala,Hindu,Religious,shared_date,2,0.5,Holi (Second Day)/Dol Jatra/Dhulandi/Holika Dahan/Attukal Pongala,https://www.rbi.org.in/Scripts/HolidayMatrixDisplay.aspx?drRegionalOffice=0&drMonth=3&drYear=2026 (POST form),Reserve Bank of India,2026-09-28
2026,2026-03-03,3,3,62,Pre-monsoon,Patna,Bihar,East,Holi,Hindu,Religious/Seasonal,shared_date,2,0.5,Holi (Second Day)/Dol Jatra/Dhulandi/Holika Dahan/Attukal Pongala,https://www.rbi.org.in/Scripts/HolidayMatrixDisplay.aspx?drRegionalOffice=0&drMonth=3&drYear=2026 (POST form),Reserve Bank of India,2026-09-28
2026,2026-03-03,3,3,62,Pre-monsoon,Ranchi,Jharkhand,East,Attukal Pongala,Hindu,Religious,shared_date,2,0.5,Holi (Second Day)/Dol Jatra/Dhulandi/Holika Dahan/Attukal Pongala,https://www.rbi.org.in/Scripts/HolidayMatrixDisplay.aspx?drRegionalOffice=0&drMonth=3&drYear=2026 (POST form),Reserve Bank of India,2026-09-28
2026,2026-03-03,3,3,62,Pre-monsoon,Ranchi,Jharkhand,East,Holi,Hindu,Religious/Seasonal,shared_date,2,0.5,Holi (Second Day)/Dol Jatra/Dhulandi/Holika Dahan/Attukal Pongala,https://www.rbi.org.in/Scripts/HolidayMatrixDisplay.aspx?drRegionalOffice=0&drMonth=3&drYear=2026 (POST form),Reserve Bank of India,2026-09-28
2026,2026-03-03,3,3,62,Pre-monsoon,Thiruvananthapuram,Kerala,South,Attukal Pongala,Hindu,Religious,shared_date,2,0.5,Holi (Second Day)/Dol Jatra/Dhulandi/Holika Dahan/Attukal Pongala,https://www.rbi.org.in/Scripts/HolidayMatrixDisplay.aspx?drRegionalOffice=0&drMonth=3&drYear=2026 (POST form),Reserve Bank of India,2026-09-28
2026,2026-03-03,3,3,62,Pre-monsoon,Thiruvananthapuram,Kerala,South,Holi,Hindu,Religious/Seasonal,shared_date,2,0.5,Holi (Second Day)/Dol Jatra/Dhulandi/Holika Dahan/Attukal Pongala,https://www.rbi.org.in/Scripts/HolidayMatrixDisplay.aspx?drRegionalOffice=0&drMonth=3&drYear=2026 (POST form),Reserve Bank of India,2026-09-28
2026,2026-03-03,3,3,62,Pre-monsoon,Vijayawada,Andhra Pradesh,South,Attukal Pongala,Hindu,Religious,shared_date,2,0.5,Holi (Second Day)/Dol Jatra/Dhulandi/Holika Dahan/Attukal Pongala,https://www.rbi.org.in/Scripts/HolidayMatrixDisplay.aspx?drRegionalOffice=0&drMonth=3&drYear=2026 (POST form),Reserve Bank of India,2026-09-28
2026,2026-03-03,3,3,62,Pre-monsoon,Vijayawada,Andhra Pradesh,South,Holi,Hindu,Religious/Seasonal,shared_date,2,0.5,Holi (Second Day)/Dol Jatra/Dhulandi/Holika Dahan/Attukal Pongala,https://www.rbi.org.in/Scripts/HolidayMatrixDisplay.aspx?drRegionalOffice=0&drMonth=3&drYear=2026 (POST form),Reserve Bank of India,2026-09-28
2026,2026-03-04,3,4,63,Pre-monsoon,Agartala,Tripura,North-East,Holi,Hindu,Religious/Seasonal,shared_date,2,0.5,Holi/Holi 2nd Day – Dhuleti/Yaosang 2nd Day/Dol Jatra,https://www.rbi.org.in/Scripts/HolidayMatrixDisplay.aspx?drRegionalOffice=0&drMonth=3&drYear=2026 (POST form),Reserve Bank of India,2026-09-28
2026,2026-03-04,3,4,63,Pre-monsoon,Agartala,Tripura,North-East,Yaosang,Tribal/Indigenous,Religious/Seasonal,shared_date,2,0.5,Holi/Holi 2nd Day – Dhuleti/Yaosang 2nd Day/Dol Jatra,https://www.rbi.org.in/Scripts/HolidayMatrixDisplay.aspx?drRegionalOffice=0&drMonth=3&drYear=2026 (POST form),Reserve Bank of India,2026-09-28
2026,2026-03-04,3,4,63,Pre-monsoon,Ahmedabad,Gujarat,West,Holi,Hindu,Religious/Seasonal,shared_date,2,0.5,Holi/Holi 2nd Day – Dhuleti/Yaosang 2nd Day/Dol Jatra,https://www.rbi.org.in/Scripts/HolidayMatrixDisplay.aspx?drRegionalOffice=0&drMonth=3&drYear=2026 (POST form),Reserve Bank of India,2026-09-28
2026,2026-03-04,3,4,63,Pre-monsoon,Ahmedabad,Gujarat,West,Yaosang,Tribal/Indigenous,Religious/Seasonal,shared_date,2,0.5,Holi/Holi 2nd Day – Dhuleti/Yaosang 2nd Day/Dol Jatra,https://www.rbi.org.in/Scripts/HolidayMatrixDisplay.aspx?drRegionalOffice=0&drMonth=3&drYear=2026 (POST form),Reserve Bank of India,2026-09-28
2026,2026-03-04,3,4,63,Pre-monsoon,Aizawl,Mizoram,North-East,Holi,Hindu,Religious/Seasonal,shared_date,2,0.5,Holi/Holi 2nd Day – Dhuleti/Yaosang 2nd Day/Dol Jatra,https://www.rbi.org.in/Scripts/HolidayMatrixDisplay.aspx?drRegionalOffice=0&drMonth=3&drYear=2026 (POST form),Reserve Bank of India,2026-09-28
2026,2026-03-04,3,4,63,Pre-monsoon,Aizawl,Mizoram,North-East,Yaosang,Tribal/Indigenous,Religious/Seasonal,shared_date,2,0.5,Holi/Holi 2nd Day – Dhuleti/Yaosang 2nd Day/Dol Jatra,https://www.rbi.org.in/Scripts/HolidayMatrixDisplay.aspx?drRegionalOffice=0&drMonth=3&drYear=2026 (POST form),Reserve Bank of India,2026-09-28
2026,2026-03-04,3,4,63,Pre-monsoon,Bhopal,Madhya Pradesh,Central,Holi,Hindu,Religious/Seasonal,shared_date,2,0.5,Holi/Holi 2nd Day – Dhuleti/Yaosang 2nd Day/Dol Jatra,https://www.rbi.org.in/Scripts/HolidayMatrixDisplay.aspx?drRegionalOffice=0&drMonth=3&drYear=2026 (POST form),Reserve Bank of India,2026-09-28
2026,2026-03-04,3,4,63,Pre-monsoon,Bhopal,Madhya Pradesh,Central,Yaosang,Tribal/Indigenous,Religious/Seasonal,shared_date,2,0.5,Holi/Holi 2nd Day – Dhuleti/Yaosang 2nd Day/Dol Jatra,https://www.rbi.org.in/Scripts/HolidayMatrixDisplay.aspx?drRegionalOffice=0&drMonth=3&drYear=2026 (POST form),Reserve Bank of India,2026-09-28
2026,2026-03-04,3,4,63,Pre-monsoon,Bhubaneswar,Odisha,East,Holi,Hindu,Religious/Seasonal,shared_date,2,0.5,Holi/Holi 2nd Day – Dhuleti/Yaosang 2nd Day/Dol Jatra,https://www.rbi.org.in/Scripts/HolidayMatrixDisplay.aspx?drRegionalOffice=0&drMonth=3&drYear=2026 (POST form),Reserve Bank of India,2026-09-28
2026,2026-03-04,3,4,63,Pre-monsoon,Bhubaneswar,Odisha,East,Yaosang,Tribal/Indigenous,Religious/Seasonal,shared_date,2,0.5,Holi/Holi 2nd Day – Dhuleti/Yaosang 2nd Day/Dol Jatra,https://www.rbi.org.in/Scripts/HolidayMatrixDisplay.aspx?drRegionalOffice=0&drMonth=3&drYear=2026 (POST form),Reserve Bank of India,2026-09-28
2026,2026-03-04,3,4,63,Pre-monsoon,Chandigarh,Punjab-Haryana-Chandigarh,North,Holi,Hindu,Religious/Seasonal,shared_date,2,0.5,Holi/Holi 2nd Day – Dhuleti/Yaosang 2nd Day/Dol Jatra,https://www.rbi.org.in/Scripts/HolidayMatrixDisplay.aspx?drRegionalOffice=0&drMonth=3&drYear=2026 (POST form),Reserve Bank of India,2026-09-28
2026,2026-03-04,3,4,63,Pre-monsoon,Chandigarh,Punjab-Haryana-Chandigarh,North,Yaosang,Tribal/Indigenous,Religious/Seasonal,shared_date,2,0.5,Holi/Holi 2nd Day – Dhuleti/Yaosang 2nd Day/Dol Jatra,https://www.rbi.org.in/Scripts/HolidayMatrixDisplay.aspx?drRegionalOffice=0&drMonth=3&drYear=2026 (POST form),Reserve Bank of India,2026-09-28
2026,2026-03-04,3,4,63,Pre-monsoon,Dehradun,Uttarakhand,North,Holi,Hindu,Religious/Seasonal,shared_date,2,0.5,Holi/Holi 2nd Day – Dhuleti/Yaosang 2nd Day/Dol Jatra,https://www.rbi.org.in/Scripts/HolidayMatrixDisplay.aspx?drRegionalOffice=0&drMonth=3&drYear=2026 (POST form),Reserve Bank of India,2026-09-28
2026,2026-03-04,3,4,63,Pre-monsoon,Dehradun,Uttarakhand,North,Yaosang,Tribal/Indigenous,Religious/Seasonal,shared_date,2,0.5,Holi/Holi 2nd Day – Dhuleti/Yaosang 2nd Day/Dol Jatra,https://www.rbi.org.in/Scripts/HolidayMatrixDisplay.aspx?drRegionalOffice=0&drMonth=3&drYear=2026 (POST form),Reserve Bank of India,2026-09-28
2026,2026-03-04,3,4,63,Pre-monsoon,Gangtok,Sikkim,North-East,Holi,Hindu,Religious/Seasonal,shared_date,2,0.5,Holi/Holi 2nd Day – Dhuleti/Yaosang 2nd Day/Dol Jatra,https://www.rbi.org.in/Scripts/HolidayMatrixDisplay.aspx?drRegionalOffice=0&drMonth=3&drYear=2026 (POST form),Reserve Bank of India,2026-09-28
2026,2026-03-04,3,4,63,Pre-monsoon,Gangtok,Sikkim,North-East,Yaosang,Tribal/Indigenous,Religious/Seasonal,shared_date,2,0.5,Holi/Holi 2nd Day – Dhuleti/Yaosang 2nd Day/Dol Jatra,https://www.rbi.org.in/Scripts/HolidayMatrixDisplay.aspx?drRegionalOffice=0&drMonth=3&drYear=2026 (POST form),Reserve Bank of India,2026-09-28
2026,2026-03-04,3,4,63,Pre-monsoon,Guwahati,Assam,North-East,Holi,Hindu,Religious/Seasonal,shared_date,2,0.5,Holi/Holi 2nd Day – Dhuleti/Yaosang 2nd Day/Dol Jatra,https://www.rbi.org.in/Scripts/HolidayMatrixDisplay.aspx?drRegionalOffice=0&drMonth=3&drYear=2026 (POST form),Reserve Bank of India,2026-09-28
2026,2026-03-04,3,4,63,Pre-monsoon,Guwahati,Assam,North-East,Yaosang,Tribal/Indigenous,Religious/Seasonal,shared_date,2,0.5,Holi/Holi 2nd Day – Dhuleti/Yaosang 2nd Day/Dol Jatra,https://www.rbi.org.in/Scripts/HolidayMatrixDisplay.aspx?drRegionalOffice=0&drMonth=3&drYear=2026 (POST form),Reserve Bank of India,2026-09-28
2026,2026-03-04,3,4,63,Pre-monsoon,Imphal,Manipur,North-East,Holi,Hindu,Religious/Seasonal,shared_date,2,0.5,Holi/Holi 2nd Day – Dhuleti/Yaosang 2nd Day/Dol Jatra,https://www.rbi.org.in/Scripts/HolidayMatrixDisplay.aspx?drRegionalOffice=0&drMonth=3&drYear=2026 (POST form),Reserve Bank of India,2026-09-28
2026,2026-03-04,3,4,63,Pre-monsoon,Imphal,Manipur,North-East,Yaosang,Tribal/Indigenous,Religious/Seasonal,shared_date,2,0.5,Holi/Holi 2nd Day – Dhuleti/Yaosang 2nd Day/Dol Jatra,https://www.rbi.org.in/Scripts/HolidayMatrixDisplay.aspx?drRegionalOffice=0&drMonth=3&drYear=2026 (POST form),Reserve Bank of India,2026-09-28
2026,2026-03-04,3,4,63,Pre-monsoon,Itanagar,Arunachal Pradesh,North-East,Holi,Hindu,Religious/Seasonal,shared_date,2,0.5,Holi/Holi 2nd Day – Dhuleti/Yaosang 2nd Day/Dol Jatra,https://www.rbi.org.in/Scripts/HolidayMatrixDisplay.aspx?drRegionalOffice=0&drMonth=3&drYear=2026 (POST form),Reserve Bank of India,2026-09-28
2026,2026-03-04,3,4,63,Pre-monsoon,Itanagar,Arunachal Pradesh,North-East,Yaosang,Tribal/Indigenous,Religious/Seasonal,shared_date,2,0.5,Holi/Holi 2nd Day – Dhuleti/Yaosang 2nd Day/Dol Jatra,https://www.rbi.org.in/Scripts/HolidayMatrixDisplay.aspx?drRegionalOffice=0&drMonth=3&drYear=2026 (POST form),Reserve Bank of India,2026-09-28
2026,2026-03-04,3,4,63,Pre-monsoon,Jammu,Jammu & Kashmir,North,Holi,Hindu,Religious/Seasonal,shared_date,2,0.5,Holi/Holi 2nd Day – Dhuleti/Yaosang 2nd Day/Dol Jatra,https://www.rbi.org.in/Scripts/HolidayMatrixDisplay.aspx?drRegionalOffice=0&drMonth=3&drYear=2026 (POST form),Reserve Bank of India,2026-09-28
2026,2026-03-04,3,4,63,Pre-monsoon,Jammu,Jammu & Kashmir,North,Yaosang,Tribal/Indigenous,Religious/Seasonal,shared_date,2,0.5,Holi/Holi 2nd Day – Dhuleti/Yaosang 2nd Day/Dol Jatra,https://www.rbi.org.in/Scripts/HolidayMatrixDisplay.aspx?drRegionalOffice=0&drMonth=3&drYear=2026 (POST form),Reserve Bank of India,2026-09-28
2026,2026-03-04,3,4,63,Pre-monsoon,Kanpur,Uttar Pradesh,North,Holi,Hindu,Religious/Seasonal,shared_date,2,0.5,Holi/Holi 2nd Day – Dhuleti/Yaosang 2nd Day/Dol Jatra,https://www.rbi.org.in/Scripts/HolidayMatrixDisplay.aspx?drRegionalOffice=0&drMonth=3&drYear=2026 (POST form),Reserve Bank of India,2026-09-28
2026,2026-03-04,3,4,63,Pre-monsoon,Kanpur,Uttar Pradesh,North,Yaosang,Tribal/Indigenous,Religious/Seasonal,shared_date,2,0.5,Holi/Holi 2nd Day – Dhuleti/Yaosang 2nd Day/Dol Jatra,https://www.rbi.org.in/Scripts/HolidayMatrixDisplay.aspx?drRegionalOffice=0&drMonth=3&drYear=2026 (POST form),Reserve Bank of India,2026-09-28
2026,2026-03-04,3,4,63,Pre-monsoon,Kohima,Nagaland,North-East,Holi,Hindu,Religious/Seasonal,shared_date,2,0.5,Holi/Holi 2nd Day – Dhuleti/Yaosang 2nd Day/Dol Jatra,https://www.rbi.org.in/Scripts/HolidayMatrixDisplay.aspx?drRegionalOffice=0&drMonth=3&drYear=2026 (POST form),Reserve Bank of India,2026-09-28
2026,2026-03-04,3,4,63,Pre-monsoon,Kohima,Nagaland,North-East,Yaosang,Tribal/Indigenous,Religious/Seasonal,shared_date,2,0.5,Holi/Holi 2nd Day – Dhuleti/Yaosang 2nd Day/Dol Jatra,https://www.rbi.org.in/Scripts/HolidayMatrixDisplay.aspx?drRegionalOffice=0&drMonth=3&drYear=2026 (POST form),Reserve Bank of India,2026-09-28
2026,2026-03-04,3,4,63,Pre-monsoon,Lucknow,Uttar Pradesh,North,Holi,Hindu,Religious/Seasonal,shared_date,2,0.5,Holi/Holi 2nd Day – Dhuleti/Yaosang 2nd Day/Dol Jatra,https://www.rbi.org.in/Scripts/HolidayMatrixDisplay.aspx?drRegionalOffice=0&drMonth=3&drYear=2026 (POST form),Reserve Bank of India,2026-09-28
2026,2026-03-04,3,4,63,Pre-monsoon,Lucknow,Uttar Pradesh,North,Yaosang,Tribal/Indigenous,Religious/Seasonal,shared_date,2,0.5,Holi/Holi 2nd Day – Dhuleti/Yaosang 2nd Day/Dol Jatra,https://www.rbi.org.in/Scripts/HolidayMatrixDisplay.aspx?drRegionalOffice=0&drMonth=3&drYear=2026 (POST form),Reserve Bank of India,2026-09-28
2026,2026-03-04,3,4,63,Pre-monsoon,New Delhi,Delhi,North,Holi,Hindu,Religious/Seasonal,shared_date,2,0.5,Holi/Holi 2nd Day – Dhuleti/Yaosang 2nd Day/Dol Jatra,https://www.rbi.org.in/Scripts/HolidayMatrixDisplay.aspx?drRegionalOffice=0&drMonth=3&drYear=2026 (POST form),Reserve Bank of India,2026-09-28
2026,2026-03-04,3,4,63,Pre-monsoon,New Delhi,Delhi,North,Yaosang,Tribal/Indigenous,Religious/Seasonal,shared_date,2,0.5,Holi/Holi 2nd Day – Dhuleti/Yaosang 2nd Day/Dol Jatra,https://www.rbi.org.in/Scripts/HolidayMatrixDisplay.aspx?drRegionalOffice=0&drMonth=3&drYear=2026 (POST form),Reserve Bank of India,2026-09-28
2026,2026-03-04,3,4,63,Pre-monsoon,Patna,Bihar,East,Holi,Hindu,Religious/Seasonal,shared_date,2,0.5,Holi/Holi 2nd Day – Dhuleti/Yaosang 2nd Day/Dol Jatra,https://www.rbi.org.in/Scripts/HolidayMatrixDisplay.aspx?drRegionalOffice=0&drMonth=3&drYear=2026 (POST form),Reserve Bank of India,2026-09-28
2026,2026-03-04,3,4,63,Pre-monsoon,Patna,Bihar,East,Yaosang,Tribal/Indigenous,Religious/Seasonal,shared_date,2,0.5,Holi/Holi 2nd Day – Dhuleti/Yaosang 2nd Day/Dol Jatra,https://www.rbi.org.in/Scripts/HolidayMatrixDisplay.aspx?drRegionalOffice=0&drMonth=3&drYear=2026 (POST form),Reserve Bank of India,2026-09-28
2026,2026-03-04,3,4,63,Pre-monsoon,Raipur,Chhattisgarh,Central,Holi,Hindu,Religious/Seasonal,shared_date,2,0.5,Holi/Holi 2nd Day – Dhuleti/Yaosang 2nd Day/Dol Jatra,https://www.rbi.org.in/Scripts/HolidayMatrixDisplay.aspx?drRegionalOffice=0&drMonth=3&drYear=2026 (POST form),Reserve Bank of India,2026-09-28
2026,2026-03-04,3,4,63,Pre-monsoon,Raipur,Chhattisgarh,Central,Yaosang,Tribal/Indigenous,Religious/Seasonal,shared_date,2,0.5,Holi/Holi 2nd Day – Dhuleti/Yaosang 2nd Day/Dol Jatra,https://www.rbi.org.in/Scripts/HolidayMatrixDisplay.aspx?drRegionalOffice=0&drMonth=3&drYear=2026 (POST form),Reserve Bank of India,2026-09-28
2026,2026-03-04,3,4,63,Pre-monsoon,Ranchi,Jharkhand,East,Holi,Hindu,Religious/Seasonal,shared_date,2,0.5,Holi/Holi 2nd Day – Dhuleti/Yaosang 2nd Day/Dol Jatra,https://www.rbi.org.in/Scripts/HolidayMatrixDisplay.aspx?drRegionalOffice=0&drMonth=3&drYear=2026 (POST form),Reserve Bank of India,2026-09-28
2026,2026-03-04,3,4,63,Pre-monsoon,Ranchi,Jharkhand,East,Yaosang,Tribal/Indigenous,Religious/Seasonal,shared_date,2,0.5,Holi/Holi 2nd Day – Dhuleti/Yaosang 2nd Day/Dol Jatra,https://www.rbi.org.in/Scripts/HolidayMatrixDisplay.aspx?drRegionalOffice=0&drMonth=3&drYear=2026 (POST form),Reserve Bank of India,2026-09-28
2026,2026-03-04,3,4,63,Pre-monsoon,Shillong,Meghalaya,North-East,Holi,Hindu,Religious/Seasonal,shared_date,2,0.5,Holi/Holi 2nd Day – Dhuleti/Yaosang 2nd Day/Dol Jatra,https://www.rbi.org.in/Scripts/HolidayMatrixDisplay.aspx?drRegionalOffice=0&drMonth=3&drYear=2026 (POST form),Reserve Bank of India,2026-09-28
2026,2026-03-04,3,4,63,Pre-monsoon,Shillong,Meghalaya,North-East,Yaosang,Tribal/Indigenous,Religious/Seasonal,shared_date,2,0.5,Holi/Holi 2nd Day – Dhuleti/Yaosang 2nd Day/Dol Jatra,https://www.rbi.org.in/Scripts/HolidayMatrixDisplay.aspx?drRegionalOffice=0&drMonth=3&drYear=2026 (POST form),Reserve Bank of India,2026-09-28
2026,2026-03-04,3,4,63,Pre-monsoon,Shimla,Himachal Pradesh,North,Holi,Hindu,Religious/Seasonal,shared_date,2,0.5,Holi/Holi 2nd Day – Dhuleti/Yaosang 2nd Day/Dol Jatra,https://www.rbi.org.in/Scripts/HolidayMatrixDisplay.aspx?drRegionalOffice=0&drMonth=3&drYear=2026 (POST form),Reserve Bank of India,2026-09-28
2026,2026-03-04,3,4,63,Pre-monsoon,Shimla,Himachal Pradesh,North,Yaosang,Tribal/Indigenous,Religious/Seasonal,shared_date,2,0.5,Holi/Holi 2nd Day – Dhuleti/Yaosang 2nd Day/Dol Jatra,https://www.rbi.org.in/Scripts/HolidayMatrixDisplay.aspx?drRegionalOffice=0&drMonth=3&drYear=2026 (POST form),Reserve Bank of India,2026-09-28
2026,2026-03-13,3,13,72,Pre-monsoon,Aizawl,Mizoram,North-East,Chapchar Kut,Tribal/Indigenous,Seasonal,shared_date,2,0.5,Chapchar Kut/Jumat-ul-Vida,https://www.rbi.org.in/Scripts/HolidayMatrixDisplay.aspx?drRegionalOffice=0&drMonth=3&drYear=2026 (POST form),Reserve Bank of India,2026-09-28
2026,2026-03-13,3,13,72,Pre-monsoon,Aizawl,Mizoram,North-East,Jumat-ul-Vida,Muslim,Religious,shared_date,2,0.5,Chapchar Kut/Jumat-ul-Vida,https://www.rbi.org.in/Scripts/HolidayMatrixDisplay.aspx?drRegionalOffice=0&drMonth=3&drYear=2026 (POST form),Reserve Bank of India,2026-09-28
2026,2026-03-13,3,13,72,Pre-monsoon,Jammu,Jammu & Kashmir,North,Chapchar Kut,Tribal/Indigenous,Seasonal,shared_date,2,0.5,Chapchar Kut/Jumat-ul-Vida,https://www.rbi.org.in/Scripts/HolidayMatrixDisplay.aspx?drRegionalOffice=0&drMonth=3&drYear=2026 (POST form),Reserve Bank of India,2026-09-28
2026,2026-03-13,3,13,72,Pre-monsoon,Jammu,Jammu & Kashmir,North,Jumat-ul-Vida,Muslim,Religious,shared_date,2,0.5,Chapchar Kut/Jumat-ul-Vida,https://www.rbi.org.in/Scripts/HolidayMatrixDisplay.aspx?drRegionalOffice=0&drMonth=3&drYear=2026 (POST form),Reserve Bank of India,2026-09-28
2026,2026-03-13,3,13,72,Pre-monsoon,Srinagar,Jammu & Kashmir,North,Chapchar Kut,Tribal/Indigenous,Seasonal,shared_date,2,0.5,Chapchar Kut/Jumat-ul-Vida,https://www.rbi.org.in/Scripts/HolidayMatrixDisplay.aspx?drRegionalOffice=0&drMonth=3&drYear=2026 (POST form),Reserve Bank of India,2026-09-28
2026,2026-03-13,3,13,72,Pre-monsoon,Srinagar,Jammu & Kashmir,North,Jumat-ul-Vida,Muslim,Religious,shared_date,2,0.5,Chapchar Kut/Jumat-ul-Vida,https://www.rbi.org.in/Scripts/HolidayMatrixDisplay.aspx?drRegionalOffice=0&drMonth=3&drYear=2026 (POST form),Reserve Bank of India,2026-09-28
2026,2026-03-17,3,17,76,Pre-monsoon,Jammu,Jammu & Kashmir,North,Shab-e-Qadr,Muslim,Religious,unique,1,1.0,Shab-I-Qadr,https://www.rbi.org.in/Scripts/HolidayMatrixDisplay.aspx?drRegionalOffice=0&drMonth=3&drYear=2026 (POST form),Reserve Bank of India,2026-09-28
2026,2026-03-17,3,17,76,Pre-monsoon,Srinagar,Jammu & Kashmir,North,Shab-e-Qadr,Muslim,Religious,unique,1,1.0,Shab-I-Qadr,https://www.rbi.org.in/Scripts/HolidayMatrixDisplay.aspx?drRegionalOffice=0&drMonth=3&drYear=2026 (POST form),Reserve Bank of India,2026-09-28
2026,2026-03-19,3,19,78,Pre-monsoon,Belapur,Maharashtra,West,Chaitra Navratri (1st day),Hindu,Religious,shared_date,3,0.3333333333333333,Gudhi Padwa/Ugadi Festival/Telugu New Year's Day/Sajibu Nongmapanba (Cheiraoba)/1st Navratra,https://www.rbi.org.in/Scripts/HolidayMatrixDisplay.aspx?drRegionalOffice=0&drMonth=3&drYear=2026 (POST form),Reserve Bank of India,2026-09-28
2026,2026-03-19,3,19,78,Pre-monsoon,Belapur,Maharashtra,West,Cheiraoba (Meitei New Year),Tribal/Indigenous,New Year,shared_date,3,0.3333333333333333,Gudhi Padwa/Ugadi Festival/Telugu New Year's Day/Sajibu Nongmapanba (Cheiraoba)/1st Navratra,https://www.rbi.org.in/Scripts/HolidayMatrixDisplay.aspx?drRegionalOffice=0&drMonth=3&drYear=2026 (POST form),Reserve Bank of India,2026-09-28
2026,2026-03-19,3,19,78,Pre-monsoon,Belapur,Maharashtra,West,Gudi Padwa / Ugadi,Hindu,New Year,shared_date,3,0.3333333333333333,Gudhi Padwa/Ugadi Festival/Telugu New Year's Day/Sajibu Nongmapanba (Cheiraoba)/1st Navratra,https://www.rbi.org.in/Scripts/HolidayMatrixDisplay.aspx?drRegionalOffice=0&drMonth=3&drYear=2026 (POST form),Reserve Bank of India,2026-09-28
2026,2026-03-19,3,19,78,Pre-monsoon,Bengaluru,Karnataka,South,Chaitra Navratri (1st day),Hindu,Religious,shared_date,3,0.3333333333333333,Gudhi Padwa/Ugadi Festival/Telugu New Year's Day/Sajibu Nongmapanba (Cheiraoba)/1st Navratra,https://www.rbi.org.in/Scripts/HolidayMatrixDisplay.aspx?drRegionalOffice=0&drMonth=3&drYear=2026 (POST form),Reserve Bank of India,2026-09-28
2026,2026-03-19,3,19,78,Pre-monsoon,Bengaluru,Karnataka,South,Cheiraoba (Meitei New Year),Tribal/Indigenous,New Year,shared_date,3,0.3333333333333333,Gudhi Padwa/Ugadi Festival/Telugu New Year's Day/Sajibu Nongmapanba (Cheiraoba)/1st Navratra,https://www.rbi.org.in/Scripts/HolidayMatrixDisplay.aspx?drRegionalOffice=0&drMonth=3&drYear=2026 (POST form),Reserve Bank of India,2026-09-28
2026,2026-03-19,3,19,78,Pre-monsoon,Bengaluru,Karnataka,South,Gudi Padwa / Ugadi,Hindu,New Year,shared_date,3,0.3333333333333333,Gudhi Padwa/Ugadi Festival/Telugu New Year's Day/Sajibu Nongmapanba (Cheiraoba)/1st Navratra,https://www.rbi.org.in/Scripts/HolidayMatrixDisplay.aspx?drRegionalOffice=0&drMonth=3&drYear=2026 (POST form),Reserve Bank of India,2026-09-28
2026,2026-03-19,3,19,78,Pre-monsoon,Chennai,Tamil Nadu,South,Chaitra Navratri (1st day),Hindu,Religious,shared_date,3,0.3333333333333333,Gudhi Padwa/Ugadi Festival/Telugu New Year's Day/Sajibu Nongmapanba (Cheiraoba)/1st Navratra,https://www.rbi.org.in/Scripts/HolidayMatrixDisplay.aspx?drRegionalOffice=0&drMonth=3&drYear=2026 (POST form),Reserve Bank of India,2026-09-28
2026,2026-03-19,3,19,78,Pre-monsoon,Chennai,Tamil Nadu,South,Cheiraoba (Meitei New Year),Tribal/Indigenous,New Year,shared_date,3,0.3333333333333333,Gudhi Padwa/Ugadi Festival/Telugu New Year's Day/Sajibu Nongmapanba (Cheiraoba)/1st Navratra,https://www.rbi.org.in/Scripts/HolidayMatrixDisplay.aspx?drRegionalOffice=0&drMonth=3&drYear=2026 (POST form),Reserve Bank of India,2026-09-28
2026,2026-03-19,3,19,78,Pre-monsoon,Chennai,Tamil Nadu,South,Gudi Padwa / Ugadi,Hindu,New Year,shared_date,3,0.3333333333333333,Gudhi Padwa/Ugadi Festival/Telugu New Year's Day/Sajibu Nongmapanba (Cheiraoba)/1st Navratra,https://www.rbi.org.in/Scripts/HolidayMatrixDisplay.aspx?drRegionalOffice=0&drMonth=3&drYear=2026 (POST form),Reserve Bank of India,2026-09-28
2026,2026-03-19,3,19,78,Pre-monsoon,Hyderabad,Telangana,South,Chaitra Navratri (1st day),Hindu,Religious,shared_date,3,0.3333333333333333,Gudhi Padwa/Ugadi Festival/Telugu New Year's Day/Sajibu Nongmapanba (Cheiraoba)/1st Navratra,https://www.rbi.org.in/Scripts/HolidayMatrixDisplay.aspx?drRegionalOffice=0&drMonth=3&drYear=2026 (POST form),Reserve Bank of India,2026-09-28
2026,2026-03-19,3,19,78,Pre-monsoon,Hyderabad,Telangana,South,Cheiraoba (Meitei New Year),Tribal/Indigenous,New Year,shared_date,3,0.3333333333333333,Gudhi Padwa/Ugadi Festival/Telugu New Year's Day/Sajibu Nongmapanba (Cheiraoba)/1st Navratra,https://www.rbi.org.in/Scripts/HolidayMatrixDisplay.aspx?drRegionalOffice=0&drMonth=3&drYear=2026 (POST form),Reserve Bank of India,2026-09-28
2026,2026-03-19,3,19,78,Pre-monsoon,Hyderabad,Telangana,South,Gudi Padwa / Ugadi,Hindu,New Year,shared_date,3,0.3333333333333333,Gudhi Padwa/Ugadi Festival/Telugu New Year's Day/Sajibu Nongmapanba (Cheiraoba)/1st Navratra,https://www.rbi.org.in/Scripts/HolidayMatrixDisplay.aspx?drRegionalOffice=0&drMonth=3&drYear=2026 (POST form),Reserve Bank of India,2026-09-28
2026,2026-03-19,3,19,78,Pre-monsoon,Imphal,Manipur,North-East,Chaitra Navratri (1st day),Hindu,Religious,shared_date,3,0.3333333333333333,Gudhi Padwa/Ugadi Festival/Telugu New Year's Day/Sajibu Nongmapanba (Cheiraoba)/1st Navratra,https://www.rbi.org.in/Scripts/HolidayMatrixDisplay.aspx?drRegionalOffice=0&drMonth=3&drYear=2026 (POST form),Reserve Bank of India,2026-09-28
2026,2026-03-19,3,19,78,Pre-monsoon,Imphal,Manipur,North-East,Cheiraoba (Meitei New Year),Tribal/Indigenous,New Year,shared_date,3,0.3333333333333333,Gudhi Padwa/Ugadi Festival/Telugu New Year's Day/Sajibu Nongmapanba (Cheiraoba)/1st Navratra,https://www.rbi.org.in/Scripts/HolidayMatrixDisplay.aspx?drRegionalOffice=0&drMonth=3&drYear=2026 (POST form),Reserve Bank of India,2026-09-28
2026,2026-03-19,3,19,78,Pre-monsoon,Imphal,Manipur,North-East,Gudi Padwa / Ugadi,Hindu,New Year,shared_date,3,0.3333333333333333,Gudhi Padwa/Ugadi Festival/Telugu New Year's Day/Sajibu Nongmapanba (Cheiraoba)/1st Navratra,https://www.rbi.org.in/Scripts/HolidayMatrixDisplay.aspx?drRegionalOffice=0&drMonth=3&drYear=2026 (POST form),Reserve Bank of India,2026-09-28
2026,2026-03-19,3,19,78,Pre-monsoon,Jammu,Jammu & Kashmir,North,Chaitra Navratri (1st day),Hindu,Religious,shared_date,3,0.3333333333333333,Gudhi Padwa/Ugadi Festival/Telugu New Year's Day/Sajibu Nongmapanba (Cheiraoba)/1st Navratra,https://www.rbi.org.in/Scripts/HolidayMatrixDisplay.aspx?drRegionalOffice=0&drMonth=3&drYear=2026 (POST form),Reserve Bank of India,2026-09-28
2026,2026-03-19,3,19,78,Pre-monsoon,Jammu,Jammu & Kashmir,North,Cheiraoba (Meitei New Year),Tribal/Indigenous,New Year,shared_date,3,0.3333333333333333,Gudhi Padwa/Ugadi Festival/Telugu New Year's Day/Sajibu Nongmapanba (Cheiraoba)/1st Navratra,https://www.rbi.org.in/Scripts/HolidayMatrixDisplay.aspx?drRegionalOffice=0&drMonth=3&drYear=2026 (POST form),Reserve Bank of India,2026-09-28
2026,2026-03-19,3,19,78,Pre-monsoon,Jammu,Jammu & Kashmir,North,Gudi Padwa / Ugadi,Hindu,New Year,shared_date,3,0.3333333333333333,Gudhi Padwa/Ugadi Festival/Telugu New Year's Day/Sajibu Nongmapanba (Cheiraoba)/1st Navratra,https://www.rbi.org.in/Scripts/HolidayMatrixDisplay.aspx?drRegionalOffice=0&drMonth=3&drYear=2026 (POST form),Reserve Bank of India,2026-09-28
2026,2026-03-19,3,19,78,Pre-monsoon,Mumbai,Maharashtra,West,Chaitra Navratri (1st day),Hindu,Religious,shared_date,3,0.3333333333333333,Gudhi Padwa/Ugadi Festival/Telugu New Year's Day/Sajibu Nongmapanba (Cheiraoba)/1st Navratra,https://www.rbi.org.in/Scripts/HolidayMatrixDisplay.aspx?drRegionalOffice=0&drMonth=3&drYear=2026 (POST form),Reserve Bank of India,2026-09-28
2026,2026-03-19,3,19,78,Pre-monsoon,Mumbai,Maharashtra,West,Cheiraoba (Meitei New Year),Tribal/Indigenous,New Year,shared_date,3,0.3333333333333333,Gudhi Padwa/Ugadi Festival/Telugu New Year's Day/Sajibu Nongmapanba (Cheiraoba)/1st Navratra,https://www.rbi.org.in/Scripts/HolidayMatrixDisplay.aspx?drRegionalOffice=0&drMonth=3&drYear=2026 (POST form),Reserve Bank of India,2026-09-28
2026,2026-03-19,3,19,78,Pre-monsoon,Mumbai,Maharashtra,West,Gudi Padwa / Ugadi,Hindu,New Year,shared_date,3,0.3333333333333333,Gudhi Padwa/Ugadi Festival/Telugu New Year's Day/Sajibu Nongmapanba (Cheiraoba)/1st Navratra,https://www.rbi.org.in/Scripts/HolidayMatrixDisplay.aspx?drRegionalOffice=0&drMonth=3&drYear=2026 (POST form),Reserve Bank of India,2026-09-28
2026,2026-03-19,3,19,78,Pre-monsoon,Nagpur,Maharashtra,West,Chaitra Navratri (1st day),Hindu,Religious,shared_date,3,0.3333333333333333,Gudhi Padwa/Ugadi Festival/Telugu New Year's Day/Sajibu Nongmapanba (Cheiraoba)/1st Navratra,https://www.rbi.org.in/Scripts/HolidayMatrixDisplay.aspx?drRegionalOffice=0&drMonth=3&drYear=2026 (POST form),Reserve Bank of India,2026-09-28
2026,2026-03-19,3,19,78,Pre-monsoon,Nagpur,Maharashtra,West,Cheiraoba (Meitei New Year),Tribal/Indigenous,New Year,shared_date,3,0.3333333333333333,Gudhi Padwa/Ugadi Festival/Telugu New Year's Day/Sajibu Nongmapanba (Cheiraoba)/1st Navratra,https://www.rbi.org.in/Scripts/HolidayMatrixDisplay.aspx?drRegionalOffice=0&drMonth=3&drYear=2026 (POST form),Reserve Bank of India,2026-09-28
2026,2026-03-19,3,19,78,Pre-monsoon,Nagpur,Maharashtra,West,Gudi Padwa / Ugadi,Hindu,New Year,shared_date,3,0.3333333333333333,Gudhi Padwa/Ugadi Festival/Telugu New Year's Day/Sajibu Nongmapanba (Cheiraoba)/1st Navratra,https://www.rbi.org.in/Scripts/HolidayMatrixDisplay.aspx?drRegionalOffice=0&drMonth=3&drYear=2026 (POST form),Reserve Bank of India,2026-09-28
2026,2026-03-19,3,19,78,Pre-monsoon,Panaji,Goa,West,Chaitra Navratri (1st day),Hindu,Religious,shared_date,3,0.3333333333333333,Gudhi Padwa/Ugadi Festival/Telugu New Year's Day/Sajibu Nongmapanba (Cheiraoba)/1st Navratra,https://www.rbi.org.in/Scripts/HolidayMatrixDisplay.aspx?drRegionalOffice=0&drMonth=3&drYear=2026 (POST form),Reserve Bank of India,2026-09-28
2026,2026-03-19,3,19,78,Pre-monsoon,Panaji,Goa,West,Cheiraoba (Meitei New Year),Tribal/Indigenous,New Year,shared_date,3,0.3333333333333333,Gudhi Padwa/Ugadi Festival/Telugu New Year's Day/Sajibu Nongmapanba (Cheiraoba)/1st Navratra,https://www.rbi.org.in/Scripts/HolidayMatrixDisplay.aspx?drRegionalOffice=0&drMonth=3&drYear=2026 (POST form),Reserve Bank of India,2026-09-28
2026,2026-03-19,3,19,78,Pre-monsoon,Panaji,Goa,West,Gudi Padwa / Ugadi,Hindu,New Year,shared_date,3,0.3333333333333333,Gudhi Padwa/Ugadi Festival/Telugu New Year's Day/Sajibu Nongmapanba (Cheiraoba)/1st Navratra,https://www.rbi.org.in/Scripts/HolidayMatrixDisplay.aspx?drRegionalOffice=0&drMonth=3&drYear=2026 (POST form),Reserve Bank of India,2026-09-28
2026,2026-03-19,3,19,78,Pre-monsoon,Srinagar,Jammu & Kashmir,North,Chaitra Navratri (1st day),Hindu,Religious,shared_date,3,0.3333333333333333,Gudhi Padwa/Ugadi Festival/Telugu New Year's Day/Sajibu Nongmapanba (Cheiraoba)/1st Navratra,https://www.rbi.org.in/Scripts/HolidayMatrixDisplay.aspx?drRegionalOffice=0&drMonth=3&drYear=2026 (POST form),Reserve Bank of India,2026-09-28
2026,2026-03-19,3,19,78,Pre-monsoon,Srinagar,Jammu & Kashmir,North,Cheiraoba (Meitei New Year),Tribal/Indigenous,New Year,shared_date,3,0.3333333333333333,Gudhi Padwa/Ugadi Festival/Telugu New Year's Day/Sajibu Nongmapanba (Cheiraoba)/1st Navratra,https://www.rbi.org.in/Scripts/HolidayMatrixDisplay.aspx?drRegionalOffice=0&drMonth=3&drYear=2026 (POST form),Reserve Bank of India,2026-09-28
2026,2026-03-19,3,19,78,Pre-monsoon,Srinagar,Jammu & Kashmir,North,Gudi Padwa / Ugadi,Hindu,New Year,shared_date,3,0.3333333333333333,Gudhi Padwa/Ugadi Festival/Telugu New Year's Day/Sajibu Nongmapanba (Cheiraoba)/1st Navratra,https://www.rbi.org.in/Scripts/HolidayMatrixDisplay.aspx?drRegionalOffice=0&drMonth=3&drYear=2026 (POST form),Reserve Bank of India,2026-09-28
2026,2026-03-19,3,19,78,Pre-monsoon,Vijayawada,Andhra Pradesh,South,Chaitra Navratri (1st day),Hindu,Religious,shared_date,3,0.3333333333333333,Gudhi Padwa/Ugadi Festival/Telugu New Year's Day/Sajibu Nongmapanba (Cheiraoba)/1st Navratra,https://www.rbi.org.in/Scripts/HolidayMatrixDisplay.aspx?drRegionalOffice=0&drMonth=3&drYear=2026 (POST form),Reserve Bank of India,2026-09-28
2026,2026-03-19,3,19,78,Pre-monsoon,Vijayawada,Andhra Pradesh,South,Cheiraoba (Meitei New Year),Tribal/Indigenous,New Year,shared_date,3,0.3333333333333333,Gudhi Padwa/Ugadi Festival/Telugu New Year's Day/Sajibu Nongmapanba (Cheiraoba)/1st Navratra,https://www.rbi.org.in/Scripts/HolidayMatrixDisplay.aspx?drRegionalOffice=0&drMonth=3&drYear=2026 (POST form),Reserve Bank of India,2026-09-28
2026,2026-03-19,3,19,78,Pre-monsoon,Vijayawada,Andhra Pradesh,South,Gudi Padwa / Ugadi,Hindu,New Year,shared_date,3,0.3333333333333333,Gudhi Padwa/Ugadi Festival/Telugu New Year's Day/Sajibu Nongmapanba (Cheiraoba)/1st Navratra,https://www.rbi.org.in/Scripts/HolidayMatrixDisplay.aspx?drRegionalOffice=0&drMonth=3&drYear=2026 (POST form),Reserve Bank of India,2026-09-28
2026,2026-03-20,3,20,79,Pre-monsoon,Kochi,Kerala,South,Eid-ul-Fitr,Muslim,Religious,unique,1,1.0,Eid-Ul-Fitr (Ramzan),https://www.rbi.org.in/Scripts/HolidayMatrixDisplay.aspx?drRegionalOffice=0&drMonth=3&drYear=2026 (POST form),Reserve Bank of India,2026-09-28
2026,2026-03-20,3,20,79,Pre-monsoon,Thiruvananthapuram,Kerala,South,Eid-ul-Fitr,Muslim,Religious,unique,1,1.0,Eid-Ul-Fitr (Ramzan),https://www.rbi.org.in/Scripts/HolidayMatrixDisplay.aspx?drRegionalOffice=0&drMonth=3&drYear=2026 (POST form),Reserve Bank of India,2026-09-28
2026,2026-03-21,3,21,80,Pre-monsoon,Agartala,Tripura,North-East,Eid-ul-Fitr,Muslim,Religious,shared_date,2,0.5,Ramzan-Id (Id-Ul-Fitr) (Shawal-1)/Khutub-E-Ramzan/Sarhul,https://www.rbi.org.in/Scripts/HolidayMatrixDisplay.aspx?drRegionalOffice=0&drMonth=3&drYear=2026 (POST form),Reserve Bank of India,2026-09-28
2026,2026-03-21,3,21,80,Pre-monsoon,Agartala,Tripura,North-East,Sarhul,Tribal/Indigenous,Seasonal,shared_date,2,0.5,Ramzan-Id (Id-Ul-Fitr) (Shawal-1)/Khutub-E-Ramzan/Sarhul,https://www.rbi.org.in/Scripts/HolidayMatrixDisplay.aspx?drRegionalOffice=0&drMonth=3&drYear=2026 (POST form),Reserve Bank of India,2026-09-28
2026,2026-03-21,3,21,80,Pre-monsoon,Ahmedabad,Gujarat,West,Eid-ul-Fitr,Muslim,Religious,shared_date,2,0.5,Ramzan-Id (Id-Ul-Fitr) (Shawal-1)/Khutub-E-Ramzan/Sarhul,https://www.rbi.org.in/Scripts/HolidayMatrixDisplay.aspx?drRegionalOffice=0&drMonth=3&drYear=2026 (POST form),Reserve Bank of India,2026-09-28
2026,2026-03-21,3,21,80,Pre-monsoon,Ahmedabad,Gujarat,West,Sarhul,Tribal/Indigenous,Seasonal,shared_date,2,0.5,Ramzan-Id (Id-Ul-Fitr) (Shawal-1)/Khutub-E-Ramzan/Sarhul,https://www.rbi.org.in/Scripts/HolidayMatrixDisplay.aspx?drRegionalOffice=0&drMonth=3&drYear=2026 (POST form),Reserve Bank of India,2026-09-28
2026,2026-03-21,3,21,80,Pre-monsoon,Aizawl,Mizoram,North-East,Eid-ul-Fitr,Muslim,Religious,shared_date,2,0.5,Ramzan-Id (Id-Ul-Fitr) (Shawal-1)/Khutub-E-Ramzan/Sarhul,https://www.rbi.org.in/Scripts/HolidayMatrixDisplay.aspx?drRegionalOffice=0&drMonth=3&drYear=2026 (POST form),Reserve Bank of India,2026-09-28
2026,2026-03-21,3,21,80,Pre-monsoon,Aizawl,Mizoram,North-East,Sarhul,Tribal/Indigenous,Seasonal,shared_date,2,0.5,Ramzan-Id (Id-Ul-Fitr) (Shawal-1)/Khutub-E-Ramzan/Sarhul,https://www.rbi.org.in/Scripts/HolidayMatrixDisplay.aspx?drRegionalOffice=0&drMonth=3&drYear=2026 (POST form),Reserve Bank of India,2026-09-28
2026,2026-03-21,3,21,80,Pre-monsoon,Belapur,Maharashtra,West,Eid-ul-Fitr,Muslim,Religious,shared_date,2,0.5,Ramzan-Id (Id-Ul-Fitr) (Shawal-1)/Khutub-E-Ramzan/Sarhul,https://www.rbi.org.in/Scripts/HolidayMatrixDisplay.aspx?drRegionalOffice=0&drMonth=3&drYear=2026 (POST form),Reserve Bank of India,2026-09-28
2026,2026-03-21,3,21,80,Pre-monsoon,Belapur,Maharashtra,West,Sarhul,Tribal/Indigenous,Seasonal,shared_date,2,0.5,Ramzan-Id (Id-Ul-Fitr) (Shawal-1)/Khutub-E-Ramzan/Sarhul,https://www.rbi.org.in/Scripts/HolidayMatrixDisplay.aspx?drRegionalOffice=0&drMonth=3&drYear=2026 (POST form),Reserve Bank of India,2026-09-28
2026,2026-03-21,3,21,80,Pre-monsoon,Bengaluru,Karnataka,South,Eid-ul-Fitr,Muslim,Religious,shared_date,2,0.5,Ramzan-Id (Id-Ul-Fitr) (Shawal-1)/Khutub-E-Ramzan/Sarhul,https://www.rbi.org.in/Scripts/HolidayMatrixDisplay.aspx?drRegionalOffice=0&drMonth=3&drYear=2026 (POST form),Reserve Bank of India,2026-09-28
2026,2026-03-21,3,21,80,Pre-monsoon,Bengaluru,Karnataka,South,Sarhul,Tribal/Indigenous,Seasonal,shared_date,2,0.5,Ramzan-Id (Id-Ul-Fitr) (Shawal-1)/Khutub-E-Ramzan/Sarhul,https://www.rbi.org.in/Scripts/HolidayMatrixDisplay.aspx?drRegionalOffice=0&drMonth=3&drYear=2026 (POST form),Reserve Bank of India,2026-09-28
2026,2026-03-21,3,21,80,Pre-monsoon,Bhopal,Madhya Pradesh,Central,Eid-ul-Fitr,Muslim,Religious,shared_date,2,0.5,Ramzan-Id (Id-Ul-Fitr) (Shawal-1)/Khutub-E-Ramzan/Sarhul,https://www.rbi.org.in/Scripts/HolidayMatrixDisplay.aspx?drRegionalOffice=0&drMonth=3&drYear=2026 (POST form),Reserve Bank of India,2026-09-28
2026,2026-03-21,3,21,80,Pre-monsoon,Bhopal,Madhya Pradesh,Central,Sarhul,Tribal/Indigenous,Seasonal,shared_date,2,0.5,Ramzan-Id (Id-Ul-Fitr) (Shawal-1)/Khutub-E-Ramzan/Sarhul,https://www.rbi.org.in/Scripts/HolidayMatrixDisplay.aspx?drRegionalOffice=0&drMonth=3&drYear=2026 (POST form),Reserve Bank of India,2026-09-28
2026,2026-03-21,3,21,80,Pre-monsoon,Bhubaneswar,Odisha,East,Eid-ul-Fitr,Muslim,Religious,shared_date,2,0.5,Ramzan-Id (Id-Ul-Fitr) (Shawal-1)/Khutub-E-Ramzan/Sarhul,https://www.rbi.org.in/Scripts/HolidayMatrixDisplay.aspx?drRegionalOffice=0&drMonth=3&drYear=2026 (POST form),Reserve Bank of India,2026-09-28
2026,2026-03-21,3,21,80,Pre-monsoon,Bhubaneswar,Odisha,East,Sarhul,Tribal/Indigenous,Seasonal,shared_date,2,0.5,Ramzan-Id (Id-Ul-Fitr) (Shawal-1)/Khutub-E-Ramzan/Sarhul,https://www.rbi.org.in/Scripts/HolidayMatrixDisplay.aspx?drRegionalOffice=0&drMonth=3&drYear=2026 (POST form),Reserve Bank of India,2026-09-28
2026,2026-03-21,3,21,80,Pre-monsoon,Chandigarh,Punjab-Haryana-Chandigarh,North,Eid-ul-Fitr,Muslim,Religious,shared_date,2,0.5,Ramzan-Id (Id-Ul-Fitr) (Shawal-1)/Khutub-E-Ramzan/Sarhul,https://www.rbi.org.in/Scripts/HolidayMatrixDisplay.aspx?drRegionalOffice=0&drMonth=3&drYear=2026 (POST form),Reserve Bank of India,2026-09-28
2026,2026-03-21,3,21,80,Pre-monsoon,Chandigarh,Punjab-Haryana-Chandigarh,North,Sarhul,Tribal/Indigenous,Seasonal,shared_date,2,0.5,Ramzan-Id (Id-Ul-Fitr) (Shawal-1)/Khutub-E-Ramzan/Sarhul,https://www.rbi.org.in/Scripts/HolidayMatrixDisplay.aspx?drRegionalOffice=0&drMonth=3&drYear=2026 (POST form),Reserve Bank of India,2026-09-28
2026,2026-03-21,3,21,80,Pre-monsoon,Chennai,Tamil Nadu,South,Eid-ul-Fitr,Muslim,Religious,shared_date,2,0.5,Ramzan-Id (Id-Ul-Fitr) (Shawal-1)/Khutub-E-Ramzan/Sarhul,https://www.rbi.org.in/Scripts/HolidayMatrixDisplay.aspx?drRegionalOffice=0&drMonth=3&drYear=2026 (POST form),Reserve Bank of India,2026-09-28
2026,2026-03-21,3,21,80,Pre-monsoon,Chennai,Tamil Nadu,South,Sarhul,Tribal/Indigenous,Seasonal,shared_date,2,0.5,Ramzan-Id (Id-Ul-Fitr) (Shawal-1)/Khutub-E-Ramzan/Sarhul,https://www.rbi.org.in/Scripts/HolidayMatrixDisplay.aspx?drRegionalOffice=0&drMonth=3&drYear=2026 (POST form),Reserve Bank of India,2026-09-28
2026,2026-03-21,3,21,80,Pre-monsoon,Dehradun,Uttarakhand,North,Eid-ul-Fitr,Muslim,Religious,shared_date,2,0.5,Ramzan-Id (Id-Ul-Fitr) (Shawal-1)/Khutub-E-Ramzan/Sarhul,https://www.rbi.org.in/Scripts/HolidayMatrixDisplay.aspx?drRegionalOffice=0&drMonth=3&drYear=2026 (POST form),Reserve Bank of India,2026-09-28
2026,2026-03-21,3,21,80,Pre-monsoon,Dehradun,Uttarakhand,North,Sarhul,Tribal/Indigenous,Seasonal,shared_date,2,0.5,Ramzan-Id (Id-Ul-Fitr) (Shawal-1)/Khutub-E-Ramzan/Sarhul,https://www.rbi.org.in/Scripts/HolidayMatrixDisplay.aspx?drRegionalOffice=0&drMonth=3&drYear=2026 (POST form),Reserve Bank of India,2026-09-28
2026,2026-03-21,3,21,80,Pre-monsoon,Gangtok,Sikkim,North-East,Eid-ul-Fitr,Muslim,Religious,shared_date,2,0.5,Ramzan-Id (Id-Ul-Fitr) (Shawal-1)/Khutub-E-Ramzan/Sarhul,https://www.rbi.org.in/Scripts/HolidayMatrixDisplay.aspx?drRegionalOffice=0&drMonth=3&drYear=2026 (POST form),Reserve Bank of India,2026-09-28
2026,2026-03-21,3,21,80,Pre-monsoon,Gangtok,Sikkim,North-East,Sarhul,Tribal/Indigenous,Seasonal,shared_date,2,0.5,Ramzan-Id (Id-Ul-Fitr) (Shawal-1)/Khutub-E-Ramzan/Sarhul,https://www.rbi.org.in/Scripts/HolidayMatrixDisplay.aspx?drRegionalOffice=0&drMonth=3&drYear=2026 (POST form),Reserve Bank of India,2026-09-28
2026,2026-03-21,3,21,80,Pre-monsoon,Guwahati,Assam,North-East,Eid-ul-Fitr,Muslim,Religious,shared_date,2,0.5,Ramzan-Id (Id-Ul-Fitr) (Shawal-1)/Khutub-E-Ramzan/Sarhul,https://www.rbi.org.in/Scripts/HolidayMatrixDisplay.aspx?drRegionalOffice=0&drMonth=3&drYear=2026 (POST form),Reserve Bank of India,2026-09-28
2026,2026-03-21,3,21,80,Pre-monsoon,Guwahati,Assam,North-East,Sarhul,Tribal/Indigenous,Seasonal,shared_date,2,0.5,Ramzan-Id (Id-Ul-Fitr) (Shawal-1)/Khutub-E-Ramzan/Sarhul,https://www.rbi.org.in/Scripts/HolidayMatrixDisplay.aspx?drRegionalOffice=0&drMonth=3&drYear=2026 (POST form),Reserve Bank of India,2026-09-28
2026,2026-03-21,3,21,80,Pre-monsoon,Hyderabad,Telangana,South,Eid-ul-Fitr,Muslim,Religious,shared_date,2,0.5,Ramzan-Id (Id-Ul-Fitr) (Shawal-1)/Khutub-E-Ramzan/Sarhul,https://www.rbi.org.in/Scripts/HolidayMatrixDisplay.aspx?drRegionalOffice=0&drMonth=3&drYear=2026 (POST form),Reserve Bank of India,2026-09-28
2026,2026-03-21,3,21,80,Pre-monsoon,Hyderabad,Telangana,South,Sarhul,Tribal/Indigenous,Seasonal,shared_date,2,0.5,Ramzan-Id (Id-Ul-Fitr) (Shawal-1)/Khutub-E-Ramzan/Sarhul,https://www.rbi.org.in/Scripts/HolidayMatrixDisplay.aspx?drRegionalOffice=0&drMonth=3&drYear=2026 (POST form),Reserve Bank of India,2026-09-28
2026,2026-03-21,3,21,80,Pre-monsoon,Imphal,Manipur,North-East,Eid-ul-Fitr,Muslim,Religious,shared_date,2,0.5,Ramzan-Id (Id-Ul-Fitr) (Shawal-1)/Khutub-E-Ramzan/Sarhul,https://www.rbi.org.in/Scripts/HolidayMatrixDisplay.aspx?drRegionalOffice=0&drMonth=3&drYear=2026 (POST form),Reserve Bank of India,2026-09-28
2026,2026-03-21,3,21,80,Pre-monsoon,Imphal,Manipur,North-East,Sarhul,Tribal/Indigenous,Seasonal,shared_date,2,0.5,Ramzan-Id (Id-Ul-Fitr) (Shawal-1)/Khutub-E-Ramzan/Sarhul,https://www.rbi.org.in/Scripts/HolidayMatrixDisplay.aspx?drRegionalOffice=0&drMonth=3&drYear=2026 (POST form),Reserve Bank of India,2026-09-28
2026,2026-03-21,3,21,80,Pre-monsoon,Itanagar,Arunachal Pradesh,North-East,Eid-ul-Fitr,Muslim,Religious,shared_date,2,0.5,Ramzan-Id (Id-Ul-Fitr) (Shawal-1)/Khutub-E-Ramzan/Sarhul,https://www.rbi.org.in/Scripts/HolidayMatrixDisplay.aspx?drRegionalOffice=0&drMonth=3&drYear=2026 (POST form),Reserve Bank of India,2026-09-28
2026,2026-03-21,3,21,80,Pre-monsoon,Itanagar,Arunachal Pradesh,North-East,Sarhul,Tribal/Indigenous,Seasonal,shared_date,2,0.5,Ramzan-Id (Id-Ul-Fitr) (Shawal-1)/Khutub-E-Ramzan/Sarhul,https://www.rbi.org.in/Scripts/HolidayMatrixDisplay.aspx?drRegionalOffice=0&drMonth=3&drYear=2026 (POST form),Reserve Bank of India,2026-09-28
2026,2026-03-21,3,21,80,Pre-monsoon,Jaipur,Rajasthan,North,Eid-ul-Fitr,Muslim,Religious,shared_date,2,0.5,Ramzan-Id (Id-Ul-Fitr) (Shawal-1)/Khutub-E-Ramzan/Sarhul,https://www.rbi.org.in/Scripts/HolidayMatrixDisplay.aspx?drRegionalOffice=0&drMonth=3&drYear=2026 (POST form),Reserve Bank of India,2026-09-28
2026,2026-03-21,3,21,80,Pre-monsoon,Jaipur,Rajasthan,North,Sarhul,Tribal/Indigenous,Seasonal,shared_date,2,0.5,Ramzan-Id (Id-Ul-Fitr) (Shawal-1)/Khutub-E-Ramzan/Sarhul,https://www.rbi.org.in/Scripts/HolidayMatrixDisplay.aspx?drRegionalOffice=0&drMonth=3&drYear=2026 (POST form),Reserve Bank of India,2026-09-28
2026,2026-03-21,3,21,80,Pre-monsoon,Jammu,Jammu & Kashmir,North,Eid-ul-Fitr,Muslim,Religious,shared_date,2,0.5,Ramzan-Id (Id-Ul-Fitr) (Shawal-1)/Khutub-E-Ramzan/Sarhul,https://www.rbi.org.in/Scripts/HolidayMatrixDisplay.aspx?drRegionalOffice=0&drMonth=3&drYear=2026 (POST form),Reserve Bank of India,2026-09-28
2026,2026-03-21,3,21,80,Pre-monsoon,Jammu,Jammu & Kashmir,North,Sarhul,Tribal/Indigenous,Seasonal,shared_date,2,0.5,Ramzan-Id (Id-Ul-Fitr) (Shawal-1)/Khutub-E-Ramzan/Sarhul,https://www.rbi.org.in/Scripts/HolidayMatrixDisplay.aspx?drRegionalOffice=0&drMonth=3&drYear=2026 (POST form),Reserve Bank of India,2026-09-28
2026,2026-03-21,3,21,80,Pre-monsoon,Kanpur,Uttar Pradesh,North,Eid-ul-Fitr,Muslim,Religious,shared_date,2,0.5,Ramzan-Id (Id-Ul-Fitr) (Shawal-1)/Khutub-E-Ramzan/Sarhul,https://www.rbi.org.in/Scripts/HolidayMatrixDisplay.aspx?drRegionalOffice=0&drMonth=3&drYear=2026 (POST form),Reserve Bank of India,2026-09-28
2026,2026-03-21,3,21,80,Pre-monsoon,Kanpur,Uttar Pradesh,North,Sarhul,Tribal/Indigenous,Seasonal,shared_date,2,0.5,Ramzan-Id (Id-Ul-Fitr) (Shawal-1)/Khutub-E-Ramzan/Sarhul,https://www.rbi.org.in/Scripts/HolidayMatrixDisplay.aspx?drRegionalOffice=0&drMonth=3&drYear=2026 (POST form),Reserve Bank of India,2026-09-28
2026,2026-03-21,3,21,80,Pre-monsoon,Kohima,Nagaland,North-East,Eid-ul-Fitr,Muslim,Religious,shared_date,2,0.5,Ramzan-Id (Id-Ul-Fitr) (Shawal-1)/Khutub-E-Ramzan/Sarhul,https://www.rbi.org.in/Scripts/HolidayMatrixDisplay.aspx?drRegionalOffice=0&drMonth=3&drYear=2026 (POST form),Reserve Bank of India,2026-09-28
2026,2026-03-21,3,21,80,Pre-monsoon,Kohima,Nagaland,North-East,Sarhul,Tribal/Indigenous,Seasonal,shared_date,2,0.5,Ramzan-Id (Id-Ul-Fitr) (Shawal-1)/Khutub-E-Ramzan/Sarhul,https://www.rbi.org.in/Scripts/HolidayMatrixDisplay.aspx?drRegionalOffice=0&drMonth=3&drYear=2026 (POST form),Reserve Bank of India,2026-09-28
2026,2026-03-21,3,21,80,Pre-monsoon,Kolkata,West Bengal,East,Eid-ul-Fitr,Muslim,Religious,shared_date,2,0.5,Ramzan-Id (Id-Ul-Fitr) (Shawal-1)/Khutub-E-Ramzan/Sarhul,https://www.rbi.org.in/Scripts/HolidayMatrixDisplay.aspx?drRegionalOffice=0&drMonth=3&drYear=2026 (POST form),Reserve Bank of India,2026-09-28
2026,2026-03-21,3,21,80,Pre-monsoon,Kolkata,West Bengal,East,Sarhul,Tribal/Indigenous,Seasonal,shared_date,2,0.5,Ramzan-Id (Id-Ul-Fitr) (Shawal-1)/Khutub-E-Ramzan/Sarhul,https://www.rbi.org.in/Scripts/HolidayMatrixDisplay.aspx?drRegionalOffice=0&drMonth=3&drYear=2026 (POST form),Reserve Bank of India,2026-09-28
2026,2026-03-21,3,21,80,Pre-monsoon,Lucknow,Uttar Pradesh,North,Eid-ul-Fitr,Muslim,Religious,shared_date,2,0.5,Ramzan-Id (Id-Ul-Fitr) (Shawal-1)/Khutub-E-Ramzan/Sarhul,https://www.rbi.org.in/Scripts/HolidayMatrixDisplay.aspx?drRegionalOffice=0&drMonth=3&drYear=2026 (POST form),Reserve Bank of India,2026-09-28
2026,2026-03-21,3,21,80,Pre-monsoon,Lucknow,Uttar Pradesh,North,Sarhul,Tribal/Indigenous,Seasonal,shared_date,2,0.5,Ramzan-Id (Id-Ul-Fitr) (Shawal-1)/Khutub-E-Ramzan/Sarhul,https://www.rbi.org.in/Scripts/HolidayMatrixDisplay.aspx?drRegionalOffice=0&drMonth=3&drYear=2026 (POST form),Reserve Bank of India,2026-09-28
2026,2026-03-21,3,21,80,Pre-monsoon,Mumbai,Maharashtra,West,Eid-ul-Fitr,Muslim,Religious,shared_date,2,0.5,Ramzan-Id (Id-Ul-Fitr) (Shawal-1)/Khutub-E-Ramzan/Sarhul,https://www.rbi.org.in/Scripts/HolidayMatrixDisplay.aspx?drRegionalOffice=0&drMonth=3&drYear=2026 (POST form),Reserve Bank of India,2026-09-28
2026,2026-03-21,3,21,80,Pre-monsoon,Mumbai,Maharashtra,West,Sarhul,Tribal/Indigenous,Seasonal,shared_date,2,0.5,Ramzan-Id (Id-Ul-Fitr) (Shawal-1)/Khutub-E-Ramzan/Sarhul,https://www.rbi.org.in/Scripts/HolidayMatrixDisplay.aspx?drRegionalOffice=0&drMonth=3&drYear=2026 (POST form),Reserve Bank of India,2026-09-28
2026,2026-03-21,3,21,80,Pre-monsoon,Nagpur,Maharashtra,West,Eid-ul-Fitr,Muslim,Religious,shared_date,2,0.5,Ramzan-Id (Id-Ul-Fitr) (Shawal-1)/Khutub-E-Ramzan/Sarhul,https://www.rbi.org.in/Scripts/HolidayMatrixDisplay.aspx?drRegionalOffice=0&drMonth=3&drYear=2026 (POST form),Reserve Bank of India,2026-09-28
2026,2026-03-21,3,21,80,Pre-monsoon,Nagpur,Maharashtra,West,Sarhul,Tribal/Indigenous,Seasonal,shared_date,2,0.5,Ramzan-Id (Id-Ul-Fitr) (Shawal-1)/Khutub-E-Ramzan/Sarhul,https://www.rbi.org.in/Scripts/HolidayMatrixDisplay.aspx?drRegionalOffice=0&drMonth=3&drYear=2026 (POST form),Reserve Bank of India,2026-09-28
2026,2026-03-21,3,21,80,Pre-monsoon,New Delhi,Delhi,North,Eid-ul-Fitr,Muslim,Religious,shared_date,2,0.5,Ramzan-Id (Id-Ul-Fitr) (Shawal-1)/Khutub-E-Ramzan/Sarhul,https://www.rbi.org.in/Scripts/HolidayMatrixDisplay.aspx?drRegionalOffice=0&drMonth=3&drYear=2026 (POST form),Reserve Bank of India,2026-09-28
2026,2026-03-21,3,21,80,Pre-monsoon,New Delhi,Delhi,North,Sarhul,Tribal/Indigenous,Seasonal,shared_date,2,0.5,Ramzan-Id (Id-Ul-Fitr) (Shawal-1)/Khutub-E-Ramzan/Sarhul,https://www.rbi.org.in/Scripts/HolidayMatrixDisplay.aspx?drRegionalOffice=0&drMonth=3&drYear=2026 (POST form),Reserve Bank of India,2026-09-28
2026,2026-03-21,3,21,80,Pre-monsoon,Panaji,Goa,West,Eid-ul-Fitr,Muslim,Religious,shared_date,2,0.5,Ramzan-Id (Id-Ul-Fitr) (Shawal-1)/Khutub-E-Ramzan/Sarhul,https://www.rbi.org.in/Scripts/HolidayMatrixDisplay.aspx?drRegionalOffice=0&drMonth=3&drYear=2026 (POST form),Reserve Bank of India,2026-09-28
2026,2026-03-21,3,21,80,Pre-monsoon,Panaji,Goa,West,Sarhul,Tribal/Indigenous,Seasonal,shared_date,2,0.5,Ramzan-Id (Id-Ul-Fitr) (Shawal-1)/Khutub-E-Ramzan/Sarhul,https://www.rbi.org.in/Scripts/HolidayMatrixDisplay.aspx?drRegionalOffice=0&drMonth=3&drYear=2026 (POST form),Reserve Bank of India,2026-09-28
2026,2026-03-21,3,21,80,Pre-monsoon,Patna,Bihar,East,Eid-ul-Fitr,Muslim,Religious,shared_date,2,0.5,Ramzan-Id (Id-Ul-Fitr) (Shawal-1)/Khutub-E-Ramzan/Sarhul,https://www.rbi.org.in/Scripts/HolidayMatrixDisplay.aspx?drRegionalOffice=0&drMonth=3&drYear=2026 (POST form),Reserve Bank of India,2026-09-28
2026,2026-03-21,3,21,80,Pre-monsoon,Patna,Bihar,East,Sarhul,Tribal/Indigenous,Seasonal,shared_date,2,0.5,Ramzan-Id (Id-Ul-Fitr) (Shawal-1)/Khutub-E-Ramzan/Sarhul,https://www.rbi.org.in/Scripts/HolidayMatrixDisplay.aspx?drRegionalOffice=0&drMonth=3&drYear=2026 (POST form),Reserve Bank of India,2026-09-28
2026,2026-03-21,3,21,80,Pre-monsoon,Raipur,Chhattisgarh,Central,Eid-ul-Fitr,Muslim,Religious,shared_date,2,0.5,Ramzan-Id (Id-Ul-Fitr) (Shawal-1)/Khutub-E-Ramzan/Sarhul,https://www.rbi.org.in/Scripts/HolidayMatrixDisplay.aspx?drRegionalOffice=0&drMonth=3&drYear=2026 (POST form),Reserve Bank of India,2026-09-28
2026,2026-03-21,3,21,80,Pre-monsoon,Raipur,Chhattisgarh,Central,Sarhul,Tribal/Indigenous,Seasonal,shared_date,2,0.5,Ramzan-Id (Id-Ul-Fitr) (Shawal-1)/Khutub-E-Ramzan/Sarhul,https://www.rbi.org.in/Scripts/HolidayMatrixDisplay.aspx?drRegionalOffice=0&drMonth=3&drYear=2026 (POST form),Reserve Bank of India,2026-09-28
2026,2026-03-21,3,21,80,Pre-monsoon,Ranchi,Jharkhand,East,Eid-ul-Fitr,Muslim,Religious,shared_date,2,0.5,Ramzan-Id (Id-Ul-Fitr) (Shawal-1)/Khutub-E-Ramzan/Sarhul,https://www.rbi.org.in/Scripts/HolidayMatrixDisplay.aspx?drRegionalOffice=0&drMonth=3&drYear=2026 (POST form),Reserve Bank of India,2026-09-28
2026,2026-03-21,3,21,80,Pre-monsoon,Ranchi,Jharkhand,East,Sarhul,Tribal/Indigenous,Seasonal,shared_date,2,0.5,Ramzan-Id (Id-Ul-Fitr) (Shawal-1)/Khutub-E-Ramzan/Sarhul,https://www.rbi.org.in/Scripts/HolidayMatrixDisplay.aspx?drRegionalOffice=0&drMonth=3&drYear=2026 (POST form),Reserve Bank of India,2026-09-28
2026,2026-03-21,3,21,80,Pre-monsoon,Shillong,Meghalaya,North-East,Eid-ul-Fitr,Muslim,Religious,shared_date,2,0.5,Ramzan-Id (Id-Ul-Fitr) (Shawal-1)/Khutub-E-Ramzan/Sarhul,https://www.rbi.org.in/Scripts/HolidayMatrixDisplay.aspx?drRegionalOffice=0&drMonth=3&drYear=2026 (POST form),Reserve Bank of India,2026-09-28
2026,2026-03-21,3,21,80,Pre-monsoon,Shillong,Meghalaya,North-East,Sarhul,Tribal/Indigenous,Seasonal,shared_date,2,0.5,Ramzan-Id (Id-Ul-Fitr) (Shawal-1)/Khutub-E-Ramzan/Sarhul,https://www.rbi.org.in/Scripts/HolidayMatrixDisplay.aspx?drRegionalOffice=0&drMonth=3&drYear=2026 (POST form),Reserve Bank of India,2026-09-28
2026,2026-03-21,3,21,80,Pre-monsoon,Srinagar,Jammu & Kashmir,North,Eid-ul-Fitr,Muslim,Religious,shared_date,2,0.5,Ramzan-Id (Id-Ul-Fitr) (Shawal-1)/Khutub-E-Ramzan/Sarhul,https://www.rbi.org.in/Scripts/HolidayMatrixDisplay.aspx?drRegionalOffice=0&drMonth=3&drYear=2026 (POST form),Reserve Bank of India,2026-09-28
2026,2026-03-21,3,21,80,Pre-monsoon,Srinagar,Jammu & Kashmir,North,Sarhul,Tribal/Indigenous,Seasonal,shared_date,2,0.5,Ramzan-Id (Id-Ul-Fitr) (Shawal-1)/Khutub-E-Ramzan/Sarhul,https://www.rbi.org.in/Scripts/HolidayMatrixDisplay.aspx?drRegionalOffice=0&drMonth=3&drYear=2026 (POST form),Reserve Bank of India,2026-09-28
2026,2026-03-21,3,21,80,Pre-monsoon,Vijayawada,Andhra Pradesh,South,Eid-ul-Fitr,Muslim,Religious,shared_date,2,0.5,Ramzan-Id (Id-Ul-Fitr) (Shawal-1)/Khutub-E-Ramzan/Sarhul,https://www.rbi.org.in/Scripts/HolidayMatrixDisplay.aspx?drRegionalOffice=0&drMonth=3&drYear=2026 (POST form),Reserve Bank of India,2026-09-28
2026,2026-03-21,3,21,80,Pre-monsoon,Vijayawada,Andhra Pradesh,South,Sarhul,Tribal/Indigenous,Seasonal,shared_date,2,0.5,Ramzan-Id (Id-Ul-Fitr) (Shawal-1)/Khutub-E-Ramzan/Sarhul,https://www.rbi.org.in/Scripts/HolidayMatrixDisplay.aspx?drRegionalOffice=0&drMonth=3&drYear=2026 (POST form),Reserve Bank of India,2026-09-28
2026,2026-03-26,3,26,85,Pre-monsoon,Ahmedabad,Gujarat,West,Ram Navami,Hindu,Religious,unique,1,1.0,Shree Ram Navami,https://www.rbi.org.in/Scripts/HolidayMatrixDisplay.aspx?drRegionalOffice=0&drMonth=3&drYear=2026 (POST form),Reserve Bank of India,2026-09-28
2026,2026-03-26,3,26,85,Pre-monsoon,Aizawl,Mizoram,North-East,Ram Navami,Hindu,Religious,unique,1,1.0,Shree Ram Navami,https://www.rbi.org.in/Scripts/HolidayMatrixDisplay.aspx?drRegionalOffice=0&drMonth=3&drYear=2026 (POST form),Reserve Bank of India,2026-09-28
2026,2026-03-26,3,26,85,Pre-monsoon,Belapur,Maharashtra,West,Ram Navami,Hindu,Religious,unique,1,1.0,Shree Ram Navami,https://www.rbi.org.in/Scripts/HolidayMatrixDisplay.aspx?drRegionalOffice=0&drMonth=3&drYear=2026 (POST form),Reserve Bank of India,2026-09-28
2026,2026-03-26,3,26,85,Pre-monsoon,Chandigarh,Punjab-Haryana-Chandigarh,North,Ram Navami,Hindu,Religious,unique,1,1.0,Shree Ram Navami,https://www.rbi.org.in/Scripts/HolidayMatrixDisplay.aspx?drRegionalOffice=0&drMonth=3&drYear=2026 (POST form),Reserve Bank of India,2026-09-28
2026,2026-03-26,3,26,85,Pre-monsoon,Dehradun,Uttarakhand,North,Ram Navami,Hindu,Religious,unique,1,1.0,Shree Ram Navami,https://www.rbi.org.in/Scripts/HolidayMatrixDisplay.aspx?drRegionalOffice=0&drMonth=3&drYear=2026 (POST form),Reserve Bank of India,2026-09-28
2026,2026-03-26,3,26,85,Pre-monsoon,Jaipur,Rajasthan,North,Ram Navami,Hindu,Religious,unique,1,1.0,Shree Ram Navami,https://www.rbi.org.in/Scripts/HolidayMatrixDisplay.aspx?drRegionalOffice=0&drMonth=3&drYear=2026 (POST form),Reserve Bank of India,2026-09-28
2026,2026-03-26,3,26,85,Pre-monsoon,Kanpur,Uttar Pradesh,North,Ram Navami,Hindu,Religious,unique,1,1.0,Shree Ram Navami,https://www.rbi.org.in/Scripts/HolidayMatrixDisplay.aspx?drRegionalOffice=0&drMonth=3&drYear=2026 (POST form),Reserve Bank of India,2026-09-28
2026,2026-03-26,3,26,85,Pre-monsoon,Kolkata,West Bengal,East,Ram Navami,Hindu,Religious,unique,1,1.0,Shree Ram Navami,https://www.rbi.org.in/Scripts/HolidayMatrixDisplay.aspx?drRegionalOffice=0&drMonth=3&drYear=2026 (POST form),Reserve Bank of India,2026-09-28
2026,2026-03-26,3,26,85,Pre-monsoon,Lucknow,Uttar Pradesh,North,Ram Navami,Hindu,Religious,unique,1,1.0,Shree Ram Navami,https://www.rbi.org.in/Scripts/HolidayMatrixDisplay.aspx?drRegionalOffice=0&drMonth=3&drYear=2026 (POST form),Reserve Bank of India,2026-09-28
2026,2026-03-26,3,26,85,Pre-monsoon,Mumbai,Maharashtra,West,Ram Navami,Hindu,Religious,unique,1,1.0,Shree Ram Navami,https://www.rbi.org.in/Scripts/HolidayMatrixDisplay.aspx?drRegionalOffice=0&drMonth=3&drYear=2026 (POST form),Reserve Bank of India,2026-09-28
2026,2026-03-26,3,26,85,Pre-monsoon,Nagpur,Maharashtra,West,Ram Navami,Hindu,Religious,unique,1,1.0,Shree Ram Navami,https://www.rbi.org.in/Scripts/HolidayMatrixDisplay.aspx?drRegionalOffice=0&drMonth=3&drYear=2026 (POST form),Reserve Bank of India,2026-09-28
2026,2026-03-26,3,26,85,Pre-monsoon,Shimla,Himachal Pradesh,North,Ram Navami,Hindu,Religious,unique,1,1.0,Shree Ram Navami,https://www.rbi.org.in/Scripts/HolidayMatrixDisplay.aspx?drRegionalOffice=0&drMonth=3&drYear=2026 (POST form),Reserve Bank of India,2026-09-28
2026,2026-03-27,3,27,86,Pre-monsoon,Bhopal,Madhya Pradesh,Central,Ram Navami,Hindu,Religious,unique,1,1.0,Shree Ram Navami (Chaite Dasain),https://www.rbi.org.in/Scripts/HolidayMatrixDisplay.aspx?drRegionalOffice=0&drMonth=3&drYear=2026 (POST form),Reserve Bank of India,2026-09-28
2026,2026-03-27,3,27,86,Pre-monsoon,Bhubaneswar,Odisha,East,Ram Navami,Hindu,Religious,unique,1,1.0,Shree Ram Navami (Chaite Dasain),https://www.rbi.org.in/Scripts/HolidayMatrixDisplay.aspx?drRegionalOffice=0&drMonth=3&drYear=2026 (POST form),Reserve Bank of India,2026-09-28
2026,2026-03-27,3,27,86,Pre-monsoon,Gangtok,Sikkim,North-East,Ram Navami,Hindu,Religious,unique,1,1.0,Shree Ram Navami (Chaite Dasain),https://www.rbi.org.in/Scripts/HolidayMatrixDisplay.aspx?drRegionalOffice=0&drMonth=3&drYear=2026 (POST form),Reserve Bank of India,2026-09-28
2026,2026-03-27,3,27,86,Pre-monsoon,Hyderabad,Telangana,South,Ram Navami,Hindu,Religious,unique,1,1.0,Shree Ram Navami (Chaite Dasain),https://www.rbi.org.in/Scripts/HolidayMatrixDisplay.aspx?drRegionalOffice=0&drMonth=3&drYear=2026 (POST form),Reserve Bank of India,2026-09-28
2026,2026-03-27,3,27,86,Pre-monsoon,Patna,Bihar,East,Ram Navami,Hindu,Religious,unique,1,1.0,Shree Ram Navami (Chaite Dasain),https://www.rbi.org.in/Scripts/HolidayMatrixDisplay.aspx?drRegionalOffice=0&drMonth=3&drYear=2026 (POST form),Reserve Bank of India,2026-09-28
2026,2026-03-27,3,27,86,Pre-monsoon,Ranchi,Jharkhand,East,Ram Navami,Hindu,Religious,unique,1,1.0,Shree Ram Navami (Chaite Dasain),https://www.rbi.org.in/Scripts/HolidayMatrixDisplay.aspx?drRegionalOffice=0&drMonth=3&drYear=2026 (POST form),Reserve Bank of India,2026-09-28
2026,2026-03-27,3,27,86,Pre-monsoon,Vijayawada,Andhra Pradesh,South,Ram Navami,Hindu,Religious,unique,1,1.0,Shree Ram Navami (Chaite Dasain),https://www.rbi.org.in/Scripts/HolidayMatrixDisplay.aspx?drRegionalOffice=0&drMonth=3&drYear=2026 (POST form),Reserve Bank of India,2026-09-28
2026,2026-03-30,3,30,89,Pre-monsoon,Bengaluru,Karnataka,South,Mahavir Jayanti,Jain,Religious,unique,1,1.0,Mahavir Jayanti,https://www.rbi.org.in/Scripts/HolidayMatrixDisplay.aspx?drRegionalOffice=0&drMonth=3&drYear=2026 (POST form),Reserve Bank of India,2026-09-28
2026,2026-03-30,3,30,89,Pre-monsoon,Bhopal,Madhya Pradesh,Central,Mahavir Jayanti,Jain,Religious,unique,1,1.0,Mahavir Jayanti,https://www.rbi.org.in/Scripts/HolidayMatrixDisplay.aspx?drRegionalOffice=0&drMonth=3&drYear=2026 (POST form),Reserve Bank of India,2026-09-28
2026,2026-03-31,3,31,90,Pre-monsoon,Ahmedabad,Gujarat,West,Mahavir Jayanti,Jain,Religious,unique,1,1.0,Mahavir Janmakalyanak/Mahavir Jayanti,https://www.rbi.org.in/Scripts/HolidayMatrixDisplay.aspx?drRegionalOffice=0&drMonth=3&drYear=2026 (POST form),Reserve Bank of India,2026-09-28
2026,2026-03-31,3,31,90,Pre-monsoon,Belapur,Maharashtra,West,Mahavir Jayanti,Jain,Religious,unique,1,1.0,Mahavir Janmakalyanak/Mahavir Jayanti,https://www.rbi.org.in/Scripts/HolidayMatrixDisplay.aspx?drRegionalOffice=0&drMonth=3&drYear=2026 (POST form),Reserve Bank of India,2026-09-28
2026,2026-03-31,3,31,90,Pre-monsoon,Chennai,Tamil Nadu,South,Mahavir Jayanti,Jain,Religious,unique,1,1.0,Mahavir Janmakalyanak/Mahavir Jayanti,https://www.rbi.org.in/Scripts/HolidayMatrixDisplay.aspx?drRegionalOffice=0&drMonth=3&drYear=2026 (POST form),Reserve Bank of India,2026-09-28
2026,2026-03-31,3,31,90,Pre-monsoon,Jaipur,Rajasthan,North,Mahavir Jayanti,Jain,Religious,unique,1,1.0,Mahavir Janmakalyanak/Mahavir Jayanti,https://www.rbi.org.in/Scripts/HolidayMatrixDisplay.aspx?drRegionalOffice=0&drMonth=3&drYear=2026 (POST form),Reserve Bank of India,2026-09-28
2026,2026-03-31,3,31,90,Pre-monsoon,Kanpur,Uttar Pradesh,North,Mahavir Jayanti,Jain,Religious,unique,1,1.0,Mahavir Janmakalyanak/Mahavir Jayanti,https://www.rbi.org.in/Scripts/HolidayMatrixDisplay.aspx?drRegionalOffice=0&drMonth=3&drYear=2026 (POST form),Reserve Bank of India,2026-09-28
2026,2026-03-31,3,31,90,Pre-monsoon,Kolkata,West Bengal,East,Mahavir Jayanti,Jain,Religious,unique,1,1.0,Mahavir Janmakalyanak/Mahavir Jayanti,https://www.rbi.org.in/Scripts/HolidayMatrixDisplay.aspx?drRegionalOffice=0&drMonth=3&drYear=2026 (POST form),Reserve Bank of India,2026-09-28
2026,2026-03-31,3,31,90,Pre-monsoon,Lucknow,Uttar Pradesh,North,Mahavir Jayanti,Jain,Religious,unique,1,1.0,Mahavir Janmakalyanak/Mahavir Jayanti,https://www.rbi.org.in/Scripts/HolidayMatrixDisplay.aspx?drRegionalOffice=0&drMonth=3&drYear=2026 (POST form),Reserve Bank of India,2026-09-28
2026,2026-03-31,3,31,90,Pre-monsoon,Mumbai,Maharashtra,West,Mahavir Jayanti,Jain,Religious,unique,1,1.0,Mahavir Janmakalyanak/Mahavir Jayanti,https://www.rbi.org.in/Scripts/HolidayMatrixDisplay.aspx?drRegionalOffice=0&drMonth=3&drYear=2026 (POST form),Reserve Bank of India,2026-09-28
2026,2026-03-31,3,31,90,Pre-monsoon,Nagpur,Maharashtra,West,Mahavir Jayanti,Jain,Religious,unique,1,1.0,Mahavir Janmakalyanak/Mahavir Jayanti,https://www.rbi.org.in/Scripts/HolidayMatrixDisplay.aspx?drRegionalOffice=0&drMonth=3&drYear=2026 (POST form),Reserve Bank of India,2026-09-28
2026,2026-03-31,3,31,90,Pre-monsoon,New Delhi,Delhi,North,Mahavir Jayanti,Jain,Religious,unique,1,1.0,Mahavir Janmakalyanak/Mahavir Jayanti,https://www.rbi.org.in/Scripts/HolidayMatrixDisplay.aspx?drRegionalOffice=0&drMonth=3&drYear=2026 (POST form),Reserve Bank of India,2026-09-28
2026,2026-03-31,3,31,90,Pre-monsoon,Patna,Bihar,East,Mahavir Jayanti,Jain,Religious,unique,1,1.0,Mahavir Janmakalyanak/Mahavir Jayanti,https://www.rbi.org.in/Scripts/HolidayMatrixDisplay.aspx?drRegionalOffice=0&drMonth=3&drYear=2026 (POST form),Reserve Bank of India,2026-09-28
2026,2026-03-31,3,31,90,Pre-monsoon,Raipur,Chhattisgarh,Central,Mahavir Jayanti,Jain,Religious,unique,1,1.0,Mahavir Janmakalyanak/Mahavir Jayanti,https://www.rbi.org.in/Scripts/HolidayMatrixDisplay.aspx?drRegionalOffice=0&drMonth=3&drYear=2026 (POST form),Reserve Bank of India,2026-09-28
2026,2026-03-31,3,31,90,Pre-monsoon,Ranchi,Jharkhand,East,Mahavir Jayanti,Jain,Religious,unique,1,1.0,Mahavir Janmakalyanak/Mahavir Jayanti,https://www.rbi.org.in/Scripts/HolidayMatrixDisplay.aspx?drRegionalOffice=0&drMonth=3&drYear=2026 (POST form),Reserve Bank of India,2026-09-28
2026,2026-04-02,4,2,92,Pre-monsoon,Kochi,Kerala,South,Maundy Thursday,Christian,Religious,unique,1,1.0,Maundy Thursday,https://www.rbi.org.in/Scripts/HolidayMatrixDisplay.aspx?drRegionalOffice=0&drMonth=4&drYear=2026 (POST form),Reserve Bank of India,2026-09-28
2026,2026-04-02,4,2,92,Pre-monsoon,Thiruvananthapuram,Kerala,South,Maundy Thursday,Christian,Religious,unique,1,1.0,Maundy Thursday,https://www.rbi.org.in/Scripts/HolidayMatrixDisplay.aspx?drRegionalOffice=0&drMonth=4&drYear=2026 (POST form),Reserve Bank of India,2026-09-28
2026,2026-04-03,4,3,93,Pre-monsoon,Ahmedabad,Gujarat,West,Good Friday,Christian,Religious,unique,1,1.0,Good Friday,https://www.rbi.org.in/Scripts/HolidayMatrixDisplay.aspx?drRegionalOffice=0&drMonth=4&drYear=2026 (POST form),Reserve Bank of India,2026-09-28
2026,2026-04-03,4,3,93,Pre-monsoon,Aizawl,Mizoram,North-East,Good Friday,Christian,Religious,unique,1,1.0,Good Friday,https://www.rbi.org.in/Scripts/HolidayMatrixDisplay.aspx?drRegionalOffice=0&drMonth=4&drYear=2026 (POST form),Reserve Bank of India,2026-09-28
2026,2026-04-03,4,3,93,Pre-monsoon,Belapur,Maharashtra,West,Good Friday,Christian,Religious,unique,1,1.0,Good Friday,https://www.rbi.org.in/Scripts/HolidayMatrixDisplay.aspx?drRegionalOffice=0&drMonth=4&drYear=2026 (POST form),Reserve Bank of India,2026-09-28
2026,2026-04-03,4,3,93,Pre-monsoon,Bengaluru,Karnataka,South,Good Friday,Christian,Religious,unique,1,1.0,Good Friday,https://www.rbi.org.in/Scripts/HolidayMatrixDisplay.aspx?drRegionalOffice=0&drMonth=4&drYear=2026 (POST form),Reserve Bank of India,2026-09-28
2026,2026-04-03,4,3,93,Pre-monsoon,Bhopal,Madhya Pradesh,Central,Good Friday,Christian,Religious,unique,1,1.0,Good Friday,https://www.rbi.org.in/Scripts/HolidayMatrixDisplay.aspx?drRegionalOffice=0&drMonth=4&drYear=2026 (POST form),Reserve Bank of India,2026-09-28
2026,2026-04-03,4,3,93,Pre-monsoon,Bhubaneswar,Odisha,East,Good Friday,Christian,Religious,unique,1,1.0,Good Friday,https://www.rbi.org.in/Scripts/HolidayMatrixDisplay.aspx?drRegionalOffice=0&drMonth=4&drYear=2026 (POST form),Reserve Bank of India,2026-09-28
2026,2026-04-03,4,3,93,Pre-monsoon,Chennai,Tamil Nadu,South,Good Friday,Christian,Religious,unique,1,1.0,Good Friday,https://www.rbi.org.in/Scripts/HolidayMatrixDisplay.aspx?drRegionalOffice=0&drMonth=4&drYear=2026 (POST form),Reserve Bank of India,2026-09-28
2026,2026-04-03,4,3,93,Pre-monsoon,Dehradun,Uttarakhand,North,Good Friday,Christian,Religious,unique,1,1.0,Good Friday,https://www.rbi.org.in/Scripts/HolidayMatrixDisplay.aspx?drRegionalOffice=0&drMonth=4&drYear=2026 (POST form),Reserve Bank of India,2026-09-28
2026,2026-04-03,4,3,93,Pre-monsoon,Gangtok,Sikkim,North-East,Good Friday,Christian,Religious,unique,1,1.0,Good Friday,https://www.rbi.org.in/Scripts/HolidayMatrixDisplay.aspx?drRegionalOffice=0&drMonth=4&drYear=2026 (POST form),Reserve Bank of India,2026-09-28
2026,2026-04-03,4,3,93,Pre-monsoon,Hyderabad,Telangana,South,Good Friday,Christian,Religious,unique,1,1.0,Good Friday,https://www.rbi.org.in/Scripts/HolidayMatrixDisplay.aspx?drRegionalOffice=0&drMonth=4&drYear=2026 (POST form),Reserve Bank of India,2026-09-28
2026,2026-04-03,4,3,93,Pre-monsoon,Imphal,Manipur,North-East,Good Friday,Christian,Religious,unique,1,1.0,Good Friday,https://www.rbi.org.in/Scripts/HolidayMatrixDisplay.aspx?drRegionalOffice=0&drMonth=4&drYear=2026 (POST form),Reserve Bank of India,2026-09-28
2026,2026-04-03,4,3,93,Pre-monsoon,Itanagar,Arunachal Pradesh,North-East,Good Friday,Christian,Religious,unique,1,1.0,Good Friday,https://www.rbi.org.in/Scripts/HolidayMatrixDisplay.aspx?drRegionalOffice=0&drMonth=4&drYear=2026 (POST form),Reserve Bank of India,2026-09-28
2026,2026-04-03,4,3,93,Pre-monsoon,Kanpur,Uttar Pradesh,North,Good Friday,Christian,Religious,unique,1,1.0,Good Friday,https://www.rbi.org.in/Scripts/HolidayMatrixDisplay.aspx?drRegionalOffice=0&drMonth=4&drYear=2026 (POST form),Reserve Bank of India,2026-09-28
2026,2026-04-03,4,3,93,Pre-monsoon,Kochi,Kerala,South,Good Friday,Christian,Religious,unique,1,1.0,Good Friday,https://www.rbi.org.in/Scripts/HolidayMatrixDisplay.aspx?drRegionalOffice=0&drMonth=4&drYear=2026 (POST form),Reserve Bank of India,2026-09-28
2026,2026-04-03,4,3,93,Pre-monsoon,Kohima,Nagaland,North-East,Good Friday,Christian,Religious,unique,1,1.0,Good Friday,https://www.rbi.org.in/Scripts/HolidayMatrixDisplay.aspx?drRegionalOffice=0&drMonth=4&drYear=2026 (POST form),Reserve Bank of India,2026-09-28
2026,2026-04-03,4,3,93,Pre-monsoon,Kolkata,West Bengal,East,Good Friday,Christian,Religious,unique,1,1.0,Good Friday,https://www.rbi.org.in/Scripts/HolidayMatrixDisplay.aspx?drRegionalOffice=0&drMonth=4&drYear=2026 (POST form),Reserve Bank of India,2026-09-28
2026,2026-04-03,4,3,93,Pre-monsoon,Lucknow,Uttar Pradesh,North,Good Friday,Christian,Religious,unique,1,1.0,Good Friday,https://www.rbi.org.in/Scripts/HolidayMatrixDisplay.aspx?drRegionalOffice=0&drMonth=4&drYear=2026 (POST form),Reserve Bank of India,2026-09-28
2026,2026-04-03,4,3,93,Pre-monsoon,Mumbai,Maharashtra,West,Good Friday,Christian,Religious,unique,1,1.0,Good Friday,https://www.rbi.org.in/Scripts/HolidayMatrixDisplay.aspx?drRegionalOffice=0&drMonth=4&drYear=2026 (POST form),Reserve Bank of India,2026-09-28
2026,2026-04-03,4,3,93,Pre-monsoon,Nagpur,Maharashtra,West,Good Friday,Christian,Religious,unique,1,1.0,Good Friday,https://www.rbi.org.in/Scripts/HolidayMatrixDisplay.aspx?drRegionalOffice=0&drMonth=4&drYear=2026 (POST form),Reserve Bank of India,2026-09-28
2026,2026-04-03,4,3,93,Pre-monsoon,New Delhi,Delhi,North,Good Friday,Christian,Religious,unique,1,1.0,Good Friday,https://www.rbi.org.in/Scripts/HolidayMatrixDisplay.aspx?drRegionalOffice=0&drMonth=4&drYear=2026 (POST form),Reserve Bank of India,2026-09-28
2026,2026-04-03,4,3,93,Pre-monsoon,Panaji,Goa,West,Good Friday,Christian,Religious,unique,1,1.0,Good Friday,https://www.rbi.org.in/Scripts/HolidayMatrixDisplay.aspx?drRegionalOffice=0&drMonth=4&drYear=2026 (POST form),Reserve Bank of India,2026-09-28
2026,2026-04-03,4,3,93,Pre-monsoon,Patna,Bihar,East,Good Friday,Christian,Religious,unique,1,1.0,Good Friday,https://www.rbi.org.in/Scripts/HolidayMatrixDisplay.aspx?drRegionalOffice=0&drMonth=4&drYear=2026 (POST form),Reserve Bank of India,2026-09-28
2026,2026-04-03,4,3,93,Pre-monsoon,Raipur,Chhattisgarh,Central,Good Friday,Christian,Religious,unique,1,1.0,Good Friday,https://www.rbi.org.in/Scripts/HolidayMatrixDisplay.aspx?drRegionalOffice=0&drMonth=4&drYear=2026 (POST form),Reserve Bank of India,2026-09-28
2026,2026-04-03,4,3,93,Pre-monsoon,Ranchi,Jharkhand,East,Good Friday,Christian,Religious,unique,1,1.0,Good Friday,https://www.rbi.org.in/Scripts/HolidayMatrixDisplay.aspx?drRegionalOffice=0&drMonth=4&drYear=2026 (POST form),Reserve Bank of India,2026-09-28
2026,2026-04-03,4,3,93,Pre-monsoon,Shillong,Meghalaya,North-East,Good Friday,Christian,Religious,unique,1,1.0,Good Friday,https://www.rbi.org.in/Scripts/HolidayMatrixDisplay.aspx?drRegionalOffice=0&drMonth=4&drYear=2026 (POST form),Reserve Bank of India,2026-09-28
2026,2026-04-03,4,3,93,Pre-monsoon,Shimla,Himachal Pradesh,North,Good Friday,Christian,Religious,unique,1,1.0,Good Friday,https://www.rbi.org.in/Scripts/HolidayMatrixDisplay.aspx?drRegionalOffice=0&drMonth=4&drYear=2026 (POST form),Reserve Bank of India,2026-09-28
2026,2026-04-03,4,3,93,Pre-monsoon,Thiruvananthapuram,Kerala,South,Good Friday,Christian,Religious,unique,1,1.0,Good Friday,https://www.rbi.org.in/Scripts/HolidayMatrixDisplay.aspx?drRegionalOffice=0&drMonth=4&drYear=2026 (POST form),Reserve Bank of India,2026-09-28
2026,2026-04-03,4,3,93,Pre-monsoon,Vijayawada,Andhra Pradesh,South,Good Friday,Christian,Religious,unique,1,1.0,Good Friday,https://www.rbi.org.in/Scripts/HolidayMatrixDisplay.aspx?drRegionalOffice=0&drMonth=4&drYear=2026 (POST form),Reserve Bank of India,2026-09-28
2026,2026-04-13,4,13,103,Pre-monsoon,Shillong,Meghalaya,North-East,Shad Suk Mynsiem,Tribal/Indigenous,Seasonal,unique,1,1.0,Shad Suk Mynsiem,https://www.rbi.org.in/Scripts/HolidayMatrixDisplay.aspx?drRegionalOffice=0&drMonth=4&drYear=2026 (POST form),Reserve Bank of India,2026-09-28
2026,2026-04-14,4,14,104,Pre-monsoon,Agartala,Tripura,North-East,Baisakhi (Vaisakhi),Sikh,Harvest,shared_date,7,0.14285714285714285,Dr. Babasaheb Ambedkar Jayanti/Maha Vishuva Sankranti/Biju/Buisu Festival/Tamil New Year's Day/Bohag Bihu/Cheiraoba/Baisakhi,https://www.rbi.org.in/Scripts/HolidayMatrixDisplay.aspx?drRegionalOffice=0&drMonth=4&drYear=2026 (POST form),Reserve Bank of India,2026-09-28
2026,2026-04-14,4,14,104,Pre-monsoon,Agartala,Tripura,North-East,Biju / Buisu,Tribal/Indigenous,New Year,shared_date,7,0.14285714285714285,Dr. Babasaheb Ambedkar Jayanti/Maha Vishuva Sankranti/Biju/Buisu Festival/Tamil New Year's Day/Bohag Bihu/Cheiraoba/Baisakhi,https://www.rbi.org.in/Scripts/HolidayMatrixDisplay.aspx?drRegionalOffice=0&drMonth=4&drYear=2026 (POST form),Reserve Bank of India,2026-09-28
2026,2026-04-14,4,14,104,Pre-monsoon,Agartala,Tripura,North-East,Bohag Bihu,Cultural (multi-faith),New Year,shared_date,7,0.14285714285714285,Dr. Babasaheb Ambedkar Jayanti/Maha Vishuva Sankranti/Biju/Buisu Festival/Tamil New Year's Day/Bohag Bihu/Cheiraoba/Baisakhi,https://www.rbi.org.in/Scripts/HolidayMatrixDisplay.aspx?drRegionalOffice=0&drMonth=4&drYear=2026 (POST form),Reserve Bank of India,2026-09-28
2026,2026-04-14,4,14,104,Pre-monsoon,Agartala,Tripura,North-East,Cheiraoba (Meitei New Year),Tribal/Indigenous,New Year,shared_date,7,0.14285714285714285,Dr. Babasaheb Ambedkar Jayanti/Maha Vishuva Sankranti/Biju/Buisu Festival/Tamil New Year's Day/Bohag Bihu/Cheiraoba/Baisakhi,https://www.rbi.org.in/Scripts/HolidayMatrixDisplay.aspx?drRegionalOffice=0&drMonth=4&drYear=2026 (POST form),Reserve Bank of India,2026-09-28
2026,2026-04-14,4,14,104,Pre-monsoon,Agartala,Tripura,North-East,Maha Vishuva Sankranti (Odia New Year),Hindu,New Year,shared_date,7,0.14285714285714285,Dr. Babasaheb Ambedkar Jayanti/Maha Vishuva Sankranti/Biju/Buisu Festival/Tamil New Year's Day/Bohag Bihu/Cheiraoba/Baisakhi,https://www.rbi.org.in/Scripts/HolidayMatrixDisplay.aspx?drRegionalOffice=0&drMonth=4&drYear=2026 (POST form),Reserve Bank of India,2026-09-28
2026,2026-04-14,4,14,104,Pre-monsoon,Agartala,Tripura,North-East,Tamil New Year (Puthandu),Hindu,New Year,shared_date,7,0.14285714285714285,Dr. Babasaheb Ambedkar Jayanti/Maha Vishuva Sankranti/Biju/Buisu Festival/Tamil New Year's Day/Bohag Bihu/Cheiraoba/Baisakhi,https://www.rbi.org.in/Scripts/HolidayMatrixDisplay.aspx?drRegionalOffice=0&drMonth=4&drYear=2026 (POST form),Reserve Bank of India,2026-09-28
2026,2026-04-14,4,14,104,Pre-monsoon,Ahmedabad,Gujarat,West,Baisakhi (Vaisakhi),Sikh,Harvest,shared_date,7,0.14285714285714285,Dr. Babasaheb Ambedkar Jayanti/Maha Vishuva Sankranti/Biju/Buisu Festival/Tamil New Year's Day/Bohag Bihu/Cheiraoba/Baisakhi,https://www.rbi.org.in/Scripts/HolidayMatrixDisplay.aspx?drRegionalOffice=0&drMonth=4&drYear=2026 (POST form),Reserve Bank of India,2026-09-28
2026,2026-04-14,4,14,104,Pre-monsoon,Ahmedabad,Gujarat,West,Biju / Buisu,Tribal/Indigenous,New Year,shared_date,7,0.14285714285714285,Dr. Babasaheb Ambedkar Jayanti/Maha Vishuva Sankranti/Biju/Buisu Festival/Tamil New Year's Day/Bohag Bihu/Cheiraoba/Baisakhi,https://www.rbi.org.in/Scripts/HolidayMatrixDisplay.aspx?drRegionalOffice=0&drMonth=4&drYear=2026 (POST form),Reserve Bank of India,2026-09-28
2026,2026-04-14,4,14,104,Pre-monsoon,Ahmedabad,Gujarat,West,Bohag Bihu,Cultural (multi-faith),New Year,shared_date,7,0.14285714285714285,Dr. Babasaheb Ambedkar Jayanti/Maha Vishuva Sankranti/Biju/Buisu Festival/Tamil New Year's Day/Bohag Bihu/Cheiraoba/Baisakhi,https://www.rbi.org.in/Scripts/HolidayMatrixDisplay.aspx?drRegionalOffice=0&drMonth=4&drYear=2026 (POST form),Reserve Bank of India,2026-09-28
2026,2026-04-14,4,14,104,Pre-monsoon,Ahmedabad,Gujarat,West,Cheiraoba (Meitei New Year),Tribal/Indigenous,New Year,shared_date,7,0.14285714285714285,Dr. Babasaheb Ambedkar Jayanti/Maha Vishuva Sankranti/Biju/Buisu Festival/Tamil New Year's Day/Bohag Bihu/Cheiraoba/Baisakhi,https://www.rbi.org.in/Scripts/HolidayMatrixDisplay.aspx?drRegionalOffice=0&drMonth=4&drYear=2026 (POST form),Reserve Bank of India,2026-09-28
2026,2026-04-14,4,14,104,Pre-monsoon,Ahmedabad,Gujarat,West,Maha Vishuva Sankranti (Odia New Year),Hindu,New Year,shared_date,7,0.14285714285714285,Dr. Babasaheb Ambedkar Jayanti/Maha Vishuva Sankranti/Biju/Buisu Festival/Tamil New Year's Day/Bohag Bihu/Cheiraoba/Baisakhi,https://www.rbi.org.in/Scripts/HolidayMatrixDisplay.aspx?drRegionalOffice=0&drMonth=4&drYear=2026 (POST form),Reserve Bank of India,2026-09-28
2026,2026-04-14,4,14,104,Pre-monsoon,Ahmedabad,Gujarat,West,Tamil New Year (Puthandu),Hindu,New Year,shared_date,7,0.14285714285714285,Dr. Babasaheb Ambedkar Jayanti/Maha Vishuva Sankranti/Biju/Buisu Festival/Tamil New Year's Day/Bohag Bihu/Cheiraoba/Baisakhi,https://www.rbi.org.in/Scripts/HolidayMatrixDisplay.aspx?drRegionalOffice=0&drMonth=4&drYear=2026 (POST form),Reserve Bank of India,2026-09-28
2026,2026-04-14,4,14,104,Pre-monsoon,Aizawl,Mizoram,North-East,Baisakhi (Vaisakhi),Sikh,Harvest,shared_date,7,0.14285714285714285,Dr. Babasaheb Ambedkar Jayanti/Maha Vishuva Sankranti/Biju/Buisu Festival/Tamil New Year's Day/Bohag Bihu/Cheiraoba/Baisakhi,https://www.rbi.org.in/Scripts/HolidayMatrixDisplay.aspx?drRegionalOffice=0&drMonth=4&drYear=2026 (POST form),Reserve Bank of India,2026-09-28
2026,2026-04-14,4,14,104,Pre-monsoon,Aizawl,Mizoram,North-East,Biju / Buisu,Tribal/Indigenous,New Year,shared_date,7,0.14285714285714285,Dr. Babasaheb Ambedkar Jayanti/Maha Vishuva Sankranti/Biju/Buisu Festival/Tamil New Year's Day/Bohag Bihu/Cheiraoba/Baisakhi,https://www.rbi.org.in/Scripts/HolidayMatrixDisplay.aspx?drRegionalOffice=0&drMonth=4&drYear=2026 (POST form),Reserve Bank of India,2026-09-28
2026,2026-04-14,4,14,104,Pre-monsoon,Aizawl,Mizoram,North-East,Bohag Bihu,Cultural (multi-faith),New Year,shared_date,7,0.14285714285714285,Dr. Babasaheb Ambedkar Jayanti/Maha Vishuva Sankranti/Biju/Buisu Festival/Tamil New Year's Day/Bohag Bihu/Cheiraoba/Baisakhi,https://www.rbi.org.in/Scripts/HolidayMatrixDisplay.aspx?drRegionalOffice=0&drMonth=4&drYear=2026 (POST form),Reserve Bank of India,2026-09-28
2026,2026-04-14,4,14,104,Pre-monsoon,Aizawl,Mizoram,North-East,Cheiraoba (Meitei New Year),Tribal/Indigenous,New Year,shared_date,7,0.14285714285714285,Dr. Babasaheb Ambedkar Jayanti/Maha Vishuva Sankranti/Biju/Buisu Festival/Tamil New Year's Day/Bohag Bihu/Cheiraoba/Baisakhi,https://www.rbi.org.in/Scripts/HolidayMatrixDisplay.aspx?drRegionalOffice=0&drMonth=4&drYear=2026 (POST form),Reserve Bank of India,2026-09-28
2026,2026-04-14,4,14,104,Pre-monsoon,Aizawl,Mizoram,North-East,Maha Vishuva Sankranti (Odia New Year),Hindu,New Year,shared_date,7,0.14285714285714285,Dr. Babasaheb Ambedkar Jayanti/Maha Vishuva Sankranti/Biju/Buisu Festival/Tamil New Year's Day/Bohag Bihu/Cheiraoba/Baisakhi,https://www.rbi.org.in/Scripts/HolidayMatrixDisplay.aspx?drRegionalOffice=0&drMonth=4&drYear=2026 (POST form),Reserve Bank of India,2026-09-28
2026,2026-04-14,4,14,104,Pre-monsoon,Aizawl,Mizoram,North-East,Tamil New Year (Puthandu),Hindu,New Year,shared_date,7,0.14285714285714285,Dr. Babasaheb Ambedkar Jayanti/Maha Vishuva Sankranti/Biju/Buisu Festival/Tamil New Year's Day/Bohag Bihu/Cheiraoba/Baisakhi,https://www.rbi.org.in/Scripts/HolidayMatrixDisplay.aspx?drRegionalOffice=0&drMonth=4&drYear=2026 (POST form),Reserve Bank of India,2026-09-28
2026,2026-04-14,4,14,104,Pre-monsoon,Belapur,Maharashtra,West,Baisakhi (Vaisakhi),Sikh,Harvest,shared_date,7,0.14285714285714285,Dr. Babasaheb Ambedkar Jayanti/Maha Vishuva Sankranti/Biju/Buisu Festival/Tamil New Year's Day/Bohag Bihu/Cheiraoba/Baisakhi,https://www.rbi.org.in/Scripts/HolidayMatrixDisplay.aspx?drRegionalOffice=0&drMonth=4&drYear=2026 (POST form),Reserve Bank of India,2026-09-28
2026,2026-04-14,4,14,104,Pre-monsoon,Belapur,Maharashtra,West,Biju / Buisu,Tribal/Indigenous,New Year,shared_date,7,0.14285714285714285,Dr. Babasaheb Ambedkar Jayanti/Maha Vishuva Sankranti/Biju/Buisu Festival/Tamil New Year's Day/Bohag Bihu/Cheiraoba/Baisakhi,https://www.rbi.org.in/Scripts/HolidayMatrixDisplay.aspx?drRegionalOffice=0&drMonth=4&drYear=2026 (POST form),Reserve Bank of India,2026-09-28
2026,2026-04-14,4,14,104,Pre-monsoon,Belapur,Maharashtra,West,Bohag Bihu,Cultural (multi-faith),New Year,shared_date,7,0.14285714285714285,Dr. Babasaheb Ambedkar Jayanti/Maha Vishuva Sankranti/Biju/Buisu Festival/Tamil New Year's Day/Bohag Bihu/Cheiraoba/Baisakhi,https://www.rbi.org.in/Scripts/HolidayMatrixDisplay.aspx?drRegionalOffice=0&drMonth=4&drYear=2026 (POST form),Reserve Bank of India,2026-09-28
2026,2026-04-14,4,14,104,Pre-monsoon,Belapur,Maharashtra,West,Cheiraoba (Meitei New Year),Tribal/Indigenous,New Year,shared_date,7,0.14285714285714285,Dr. Babasaheb Ambedkar Jayanti/Maha Vishuva Sankranti/Biju/Buisu Festival/Tamil New Year's Day/Bohag Bihu/Cheiraoba/Baisakhi,https://www.rbi.org.in/Scripts/HolidayMatrixDisplay.aspx?drRegionalOffice=0&drMonth=4&drYear=2026 (POST form),Reserve Bank of India,2026-09-28
2026,2026-04-14,4,14,104,Pre-monsoon,Belapur,Maharashtra,West,Maha Vishuva Sankranti (Odia New Year),Hindu,New Year,shared_date,7,0.14285714285714285,Dr. Babasaheb Ambedkar Jayanti/Maha Vishuva Sankranti/Biju/Buisu Festival/Tamil New Year's Day/Bohag Bihu/Cheiraoba/Baisakhi,https://www.rbi.org.in/Scripts/HolidayMatrixDisplay.aspx?drRegionalOffice=0&drMonth=4&drYear=2026 (POST form),Reserve Bank of India,2026-09-28
2026,2026-04-14,4,14,104,Pre-monsoon,Belapur,Maharashtra,West,Tamil New Year (Puthandu),Hindu,New Year,shared_date,7,0.14285714285714285,Dr. Babasaheb Ambedkar Jayanti/Maha Vishuva Sankranti/Biju/Buisu Festival/Tamil New Year's Day/Bohag Bihu/Cheiraoba/Baisakhi,https://www.rbi.org.in/Scripts/HolidayMatrixDisplay.aspx?drRegionalOffice=0&drMonth=4&drYear=2026 (POST form),Reserve Bank of India,2026-09-28
2026,2026-04-14,4,14,104,Pre-monsoon,Bengaluru,Karnataka,South,Baisakhi (Vaisakhi),Sikh,Harvest,shared_date,7,0.14285714285714285,Dr. Babasaheb Ambedkar Jayanti/Maha Vishuva Sankranti/Biju/Buisu Festival/Tamil New Year's Day/Bohag Bihu/Cheiraoba/Baisakhi,https://www.rbi.org.in/Scripts/HolidayMatrixDisplay.aspx?drRegionalOffice=0&drMonth=4&drYear=2026 (POST form),Reserve Bank of India,2026-09-28
2026,2026-04-14,4,14,104,Pre-monsoon,Bengaluru,Karnataka,South,Biju / Buisu,Tribal/Indigenous,New Year,shared_date,7,0.14285714285714285,Dr. Babasaheb Ambedkar Jayanti/Maha Vishuva Sankranti/Biju/Buisu Festival/Tamil New Year's Day/Bohag Bihu/Cheiraoba/Baisakhi,https://www.rbi.org.in/Scripts/HolidayMatrixDisplay.aspx?drRegionalOffice=0&drMonth=4&drYear=2026 (POST form),Reserve Bank of India,2026-09-28
2026,2026-04-14,4,14,104,Pre-monsoon,Bengaluru,Karnataka,South,Bohag Bihu,Cultural (multi-faith),New Year,shared_date,7,0.14285714285714285,Dr. Babasaheb Ambedkar Jayanti/Maha Vishuva Sankranti/Biju/Buisu Festival/Tamil New Year's Day/Bohag Bihu/Cheiraoba/Baisakhi,https://www.rbi.org.in/Scripts/HolidayMatrixDisplay.aspx?drRegionalOffice=0&drMonth=4&drYear=2026 (POST form),Reserve Bank of India,2026-09-28
2026,2026-04-14,4,14,104,Pre-monsoon,Bengaluru,Karnataka,South,Cheiraoba (Meitei New Year),Tribal/Indigenous,New Year,shared_date,7,0.14285714285714285,Dr. Babasaheb Ambedkar Jayanti/Maha Vishuva Sankranti/Biju/Buisu Festival/Tamil New Year's Day/Bohag Bihu/Cheiraoba/Baisakhi,https://www.rbi.org.in/Scripts/HolidayMatrixDisplay.aspx?drRegionalOffice=0&drMonth=4&drYear=2026 (POST form),Reserve Bank of India,2026-09-28
2026,2026-04-14,4,14,104,Pre-monsoon,Bengaluru,Karnataka,South,Maha Vishuva Sankranti (Odia New Year),Hindu,New Year,shared_date,7,0.14285714285714285,Dr. Babasaheb Ambedkar Jayanti/Maha Vishuva Sankranti/Biju/Buisu Festival/Tamil New Year's Day/Bohag Bihu/Cheiraoba/Baisakhi,https://www.rbi.org.in/Scripts/HolidayMatrixDisplay.aspx?drRegionalOffice=0&drMonth=4&drYear=2026 (POST form),Reserve Bank of India,2026-09-28
2026,2026-04-14,4,14,104,Pre-monsoon,Bengaluru,Karnataka,South,Tamil New Year (Puthandu),Hindu,New Year,shared_date,7,0.14285714285714285,Dr. Babasaheb Ambedkar Jayanti/Maha Vishuva Sankranti/Biju/Buisu Festival/Tamil New Year's Day/Bohag Bihu/Cheiraoba/Baisakhi,https://www.rbi.org.in/Scripts/HolidayMatrixDisplay.aspx?drRegionalOffice=0&drMonth=4&drYear=2026 (POST form),Reserve Bank of India,2026-09-28
2026,2026-04-14,4,14,104,Pre-monsoon,Bhopal,Madhya Pradesh,Central,Baisakhi (Vaisakhi),Sikh,Harvest,shared_date,7,0.14285714285714285,Dr. Babasaheb Ambedkar Jayanti/Maha Vishuva Sankranti/Biju/Buisu Festival/Tamil New Year's Day/Bohag Bihu/Cheiraoba/Baisakhi,https://www.rbi.org.in/Scripts/HolidayMatrixDisplay.aspx?drRegionalOffice=0&drMonth=4&drYear=2026 (POST form),Reserve Bank of India,2026-09-28
2026,2026-04-14,4,14,104,Pre-monsoon,Bhopal,Madhya Pradesh,Central,Biju / Buisu,Tribal/Indigenous,New Year,shared_date,7,0.14285714285714285,Dr. Babasaheb Ambedkar Jayanti/Maha Vishuva Sankranti/Biju/Buisu Festival/Tamil New Year's Day/Bohag Bihu/Cheiraoba/Baisakhi,https://www.rbi.org.in/Scripts/HolidayMatrixDisplay.aspx?drRegionalOffice=0&drMonth=4&drYear=2026 (POST form),Reserve Bank of India,2026-09-28
2026,2026-04-14,4,14,104,Pre-monsoon,Bhopal,Madhya Pradesh,Central,Bohag Bihu,Cultural (multi-faith),New Year,shared_date,7,0.14285714285714285,Dr. Babasaheb Ambedkar Jayanti/Maha Vishuva Sankranti/Biju/Buisu Festival/Tamil New Year's Day/Bohag Bihu/Cheiraoba/Baisakhi,https://www.rbi.org.in/Scripts/HolidayMatrixDisplay.aspx?drRegionalOffice=0&drMonth=4&drYear=2026 (POST form),Reserve Bank of India,2026-09-28
2026,2026-04-14,4,14,104,Pre-monsoon,Bhopal,Madhya Pradesh,Central,Cheiraoba (Meitei New Year),Tribal/Indigenous,New Year,shared_date,7,0.14285714285714285,Dr. Babasaheb Ambedkar Jayanti/Maha Vishuva Sankranti/Biju/Buisu Festival/Tamil New Year's Day/Bohag Bihu/Cheiraoba/Baisakhi,https://www.rbi.org.in/Scripts/HolidayMatrixDisplay.aspx?drRegionalOffice=0&drMonth=4&drYear=2026 (POST form),Reserve Bank of India,2026-09-28
2026,2026-04-14,4,14,104,Pre-monsoon,Bhopal,Madhya Pradesh,Central,Maha Vishuva Sankranti (Odia New Year),Hindu,New Year,shared_date,7,0.14285714285714285,Dr. Babasaheb Ambedkar Jayanti/Maha Vishuva Sankranti/Biju/Buisu Festival/Tamil New Year's Day/Bohag Bihu/Cheiraoba/Baisakhi,https://www.rbi.org.in/Scripts/HolidayMatrixDisplay.aspx?drRegionalOffice=0&drMonth=4&drYear=2026 (POST form),Reserve Bank of India,2026-09-28
2026,2026-04-14,4,14,104,Pre-monsoon,Bhopal,Madhya Pradesh,Central,Tamil New Year (Puthandu),Hindu,New Year,shared_date,7,0.14285714285714285,Dr. Babasaheb Ambedkar Jayanti/Maha Vishuva Sankranti/Biju/Buisu Festival/Tamil New Year's Day/Bohag Bihu/Cheiraoba/Baisakhi,https://www.rbi.org.in/Scripts/HolidayMatrixDisplay.aspx?drRegionalOffice=0&drMonth=4&drYear=2026 (POST form),Reserve Bank of India,2026-09-28
2026,2026-04-14,4,14,104,Pre-monsoon,Bhubaneswar,Odisha,East,Baisakhi (Vaisakhi),Sikh,Harvest,shared_date,7,0.14285714285714285,Dr. Babasaheb Ambedkar Jayanti/Maha Vishuva Sankranti/Biju/Buisu Festival/Tamil New Year's Day/Bohag Bihu/Cheiraoba/Baisakhi,https://www.rbi.org.in/Scripts/HolidayMatrixDisplay.aspx?drRegionalOffice=0&drMonth=4&drYear=2026 (POST form),Reserve Bank of India,2026-09-28
2026,2026-04-14,4,14,104,Pre-monsoon,Bhubaneswar,Odisha,East,Biju / Buisu,Tribal/Indigenous,New Year,shared_date,7,0.14285714285714285,Dr. Babasaheb Ambedkar Jayanti/Maha Vishuva Sankranti/Biju/Buisu Festival/Tamil New Year's Day/Bohag Bihu/Cheiraoba/Baisakhi,https://www.rbi.org.in/Scripts/HolidayMatrixDisplay.aspx?drRegionalOffice=0&drMonth=4&drYear=2026 (POST form),Reserve Bank of India,2026-09-28
2026,2026-04-14,4,14,104,Pre-monsoon,Bhubaneswar,Odisha,East,Bohag Bihu,Cultural (multi-faith),New Year,shared_date,7,0.14285714285714285,Dr. Babasaheb Ambedkar Jayanti/Maha Vishuva Sankranti/Biju/Buisu Festival/Tamil New Year's Day/Bohag Bihu/Cheiraoba/Baisakhi,https://www.rbi.org.in/Scripts/HolidayMatrixDisplay.aspx?drRegionalOffice=0&drMonth=4&drYear=2026 (POST form),Reserve Bank of India,2026-09-28
2026,2026-04-14,4,14,104,Pre-monsoon,Bhubaneswar,Odisha,East,Cheiraoba (Meitei New Year),Tribal/Indigenous,New Year,shared_date,7,0.14285714285714285,Dr. Babasaheb Ambedkar Jayanti/Maha Vishuva Sankranti/Biju/Buisu Festival/Tamil New Year's Day/Bohag Bihu/Cheiraoba/Baisakhi,https://www.rbi.org.in/Scripts/HolidayMatrixDisplay.aspx?drRegionalOffice=0&drMonth=4&drYear=2026 (POST form),Reserve Bank of India,2026-09-28
2026,2026-04-14,4,14,104,Pre-monsoon,Bhubaneswar,Odisha,East,Maha Vishuva Sankranti (Odia New Year),Hindu,New Year,shared_date,7,0.14285714285714285,Dr. Babasaheb Ambedkar Jayanti/Maha Vishuva Sankranti/Biju/Buisu Festival/Tamil New Year's Day/Bohag Bihu/Cheiraoba/Baisakhi,https://www.rbi.org.in/Scripts/HolidayMatrixDisplay.aspx?drRegionalOffice=0&drMonth=4&drYear=2026 (POST form),Reserve Bank of India,2026-09-28
2026,2026-04-14,4,14,104,Pre-monsoon,Bhubaneswar,Odisha,East,Tamil New Year (Puthandu),Hindu,New Year,shared_date,7,0.14285714285714285,Dr. Babasaheb Ambedkar Jayanti/Maha Vishuva Sankranti/Biju/Buisu Festival/Tamil New Year's Day/Bohag Bihu/Cheiraoba/Baisakhi,https://www.rbi.org.in/Scripts/HolidayMatrixDisplay.aspx?drRegionalOffice=0&drMonth=4&drYear=2026 (POST form),Reserve Bank of India,2026-09-28
2026,2026-04-14,4,14,104,Pre-monsoon,Chandigarh,Punjab-Haryana-Chandigarh,North,Baisakhi (Vaisakhi),Sikh,Harvest,shared_date,7,0.14285714285714285,Dr. Babasaheb Ambedkar Jayanti/Maha Vishuva Sankranti/Biju/Buisu Festival/Tamil New Year's Day/Bohag Bihu/Cheiraoba/Baisakhi,https://www.rbi.org.in/Scripts/HolidayMatrixDisplay.aspx?drRegionalOffice=0&drMonth=4&drYear=2026 (POST form),Reserve Bank of India,2026-09-28
2026,2026-04-14,4,14,104,Pre-monsoon,Chandigarh,Punjab-Haryana-Chandigarh,North,Biju / Buisu,Tribal/Indigenous,New Year,shared_date,7,0.14285714285714285,Dr. Babasaheb Ambedkar Jayanti/Maha Vishuva Sankranti/Biju/Buisu Festival/Tamil New Year's Day/Bohag Bihu/Cheiraoba/Baisakhi,https://www.rbi.org.in/Scripts/HolidayMatrixDisplay.aspx?drRegionalOffice=0&drMonth=4&drYear=2026 (POST form),Reserve Bank of India,2026-09-28
2026,2026-04-14,4,14,104,Pre-monsoon,Chandigarh,Punjab-Haryana-Chandigarh,North,Bohag Bihu,Cultural (multi-faith),New Year,shared_date,7,0.14285714285714285,Dr. Babasaheb Ambedkar Jayanti/Maha Vishuva Sankranti/Biju/Buisu Festival/Tamil New Year's Day/Bohag Bihu/Cheiraoba/Baisakhi,https://www.rbi.org.in/Scripts/HolidayMatrixDisplay.aspx?drRegionalOffice=0&drMonth=4&drYear=2026 (POST form),Reserve Bank of India,2026-09-28
2026,2026-04-14,4,14,104,Pre-monsoon,Chandigarh,Punjab-Haryana-Chandigarh,North,Cheiraoba (Meitei New Year),Tribal/Indigenous,New Year,shared_date,7,0.14285714285714285,Dr. Babasaheb Ambedkar Jayanti/Maha Vishuva Sankranti/Biju/Buisu Festival/Tamil New Year's Day/Bohag Bihu/Cheiraoba/Baisakhi,https://www.rbi.org.in/Scripts/HolidayMatrixDisplay.aspx?drRegionalOffice=0&drMonth=4&drYear=2026 (POST form),Reserve Bank of India,2026-09-28
2026,2026-04-14,4,14,104,Pre-monsoon,Chandigarh,Punjab-Haryana-Chandigarh,North,Maha Vishuva Sankranti (Odia New Year),Hindu,New Year,shared_date,7,0.14285714285714285,Dr. Babasaheb Ambedkar Jayanti/Maha Vishuva Sankranti/Biju/Buisu Festival/Tamil New Year's Day/Bohag Bihu/Cheiraoba/Baisakhi,https://www.rbi.org.in/Scripts/HolidayMatrixDisplay.aspx?drRegionalOffice=0&drMonth=4&drYear=2026 (POST form),Reserve Bank of India,2026-09-28
2026,2026-04-14,4,14,104,Pre-monsoon,Chandigarh,Punjab-Haryana-Chandigarh,North,Tamil New Year (Puthandu),Hindu,New Year,shared_date,7,0.14285714285714285,Dr. Babasaheb Ambedkar Jayanti/Maha Vishuva Sankranti/Biju/Buisu Festival/Tamil New Year's Day/Bohag Bihu/Cheiraoba/Baisakhi,https://www.rbi.org.in/Scripts/HolidayMatrixDisplay.aspx?drRegionalOffice=0&drMonth=4&drYear=2026 (POST form),Reserve Bank of India,2026-09-28
2026,2026-04-14,4,14,104,Pre-monsoon,Chennai,Tamil Nadu,South,Baisakhi (Vaisakhi),Sikh,Harvest,shared_date,7,0.14285714285714285,Dr. Babasaheb Ambedkar Jayanti/Maha Vishuva Sankranti/Biju/Buisu Festival/Tamil New Year's Day/Bohag Bihu/Cheiraoba/Baisakhi,https://www.rbi.org.in/Scripts/HolidayMatrixDisplay.aspx?drRegionalOffice=0&drMonth=4&drYear=2026 (POST form),Reserve Bank of India,2026-09-28
2026,2026-04-14,4,14,104,Pre-monsoon,Chennai,Tamil Nadu,South,Biju / Buisu,Tribal/Indigenous,New Year,shared_date,7,0.14285714285714285,Dr. Babasaheb Ambedkar Jayanti/Maha Vishuva Sankranti/Biju/Buisu Festival/Tamil New Year's Day/Bohag Bihu/Cheiraoba/Baisakhi,https://www.rbi.org.in/Scripts/HolidayMatrixDisplay.aspx?drRegionalOffice=0&drMonth=4&drYear=2026 (POST form),Reserve Bank of India,2026-09-28
2026,2026-04-14,4,14,104,Pre-monsoon,Chennai,Tamil Nadu,South,Bohag Bihu,Cultural (multi-faith),New Year,shared_date,7,0.14285714285714285,Dr. Babasaheb Ambedkar Jayanti/Maha Vishuva Sankranti/Biju/Buisu Festival/Tamil New Year's Day/Bohag Bihu/Cheiraoba/Baisakhi,https://www.rbi.org.in/Scripts/HolidayMatrixDisplay.aspx?drRegionalOffice=0&drMonth=4&drYear=2026 (POST form),Reserve Bank of India,2026-09-28
2026,2026-04-14,4,14,104,Pre-monsoon,Chennai,Tamil Nadu,South,Cheiraoba (Meitei New Year),Tribal/Indigenous,New Year,shared_date,7,0.14285714285714285,Dr. Babasaheb Ambedkar Jayanti/Maha Vishuva Sankranti/Biju/Buisu Festival/Tamil New Year's Day/Bohag Bihu/Cheiraoba/Baisakhi,https://www.rbi.org.in/Scripts/HolidayMatrixDisplay.aspx?drRegionalOffice=0&drMonth=4&drYear=2026 (POST form),Reserve Bank of India,2026-09-28
2026,2026-04-14,4,14,104,Pre-monsoon,Chennai,Tamil Nadu,South,Maha Vishuva Sankranti (Odia New Year),Hindu,New Year,shared_date,7,0.14285714285714285,Dr. Babasaheb Ambedkar Jayanti/Maha Vishuva Sankranti/Biju/Buisu Festival/Tamil New Year's Day/Bohag Bihu/Cheiraoba/Baisakhi,https://www.rbi.org.in/Scripts/HolidayMatrixDisplay.aspx?drRegionalOffice=0&drMonth=4&drYear=2026 (POST form),Reserve Bank of India,2026-09-28
2026,2026-04-14,4,14,104,Pre-monsoon,Chennai,Tamil Nadu,South,Tamil New Year (Puthandu),Hindu,New Year,shared_date,7,0.14285714285714285,Dr. Babasaheb Ambedkar Jayanti/Maha Vishuva Sankranti/Biju/Buisu Festival/Tamil New Year's Day/Bohag Bihu/Cheiraoba/Baisakhi,https://www.rbi.org.in/Scripts/HolidayMatrixDisplay.aspx?drRegionalOffice=0&drMonth=4&drYear=2026 (POST form),Reserve Bank of India,2026-09-28
2026,2026-04-14,4,14,104,Pre-monsoon,Dehradun,Uttarakhand,North,Baisakhi (Vaisakhi),Sikh,Harvest,shared_date,7,0.14285714285714285,Dr. Babasaheb Ambedkar Jayanti/Maha Vishuva Sankranti/Biju/Buisu Festival/Tamil New Year's Day/Bohag Bihu/Cheiraoba/Baisakhi,https://www.rbi.org.in/Scripts/HolidayMatrixDisplay.aspx?drRegionalOffice=0&drMonth=4&drYear=2026 (POST form),Reserve Bank of India,2026-09-28
2026,2026-04-14,4,14,104,Pre-monsoon,Dehradun,Uttarakhand,North,Biju / Buisu,Tribal/Indigenous,New Year,shared_date,7,0.14285714285714285,Dr. Babasaheb Ambedkar Jayanti/Maha Vishuva Sankranti/Biju/Buisu Festival/Tamil New Year's Day/Bohag Bihu/Cheiraoba/Baisakhi,https://www.rbi.org.in/Scripts/HolidayMatrixDisplay.aspx?drRegionalOffice=0&drMonth=4&drYear=2026 (POST form),Reserve Bank of India,2026-09-28
2026,2026-04-14,4,14,104,Pre-monsoon,Dehradun,Uttarakhand,North,Bohag Bihu,Cultural (multi-faith),New Year,shared_date,7,0.14285714285714285,Dr. Babasaheb Ambedkar Jayanti/Maha Vishuva Sankranti/Biju/Buisu Festival/Tamil New Year's Day/Bohag Bihu/Cheiraoba/Baisakhi,https://www.rbi.org.in/Scripts/HolidayMatrixDisplay.aspx?drRegionalOffice=0&drMonth=4&drYear=2026 (POST form),Reserve Bank of India,2026-09-28
2026,2026-04-14,4,14,104,Pre-monsoon,Dehradun,Uttarakhand,North,Cheiraoba (Meitei New Year),Tribal/Indigenous,New Year,shared_date,7,0.14285714285714285,Dr. Babasaheb Ambedkar Jayanti/Maha Vishuva Sankranti/Biju/Buisu Festival/Tamil New Year's Day/Bohag Bihu/Cheiraoba/Baisakhi,https://www.rbi.org.in/Scripts/HolidayMatrixDisplay.aspx?drRegionalOffice=0&drMonth=4&drYear=2026 (POST form),Reserve Bank of India,2026-09-28
2026,2026-04-14,4,14,104,Pre-monsoon,Dehradun,Uttarakhand,North,Maha Vishuva Sankranti (Odia New Year),Hindu,New Year,shared_date,7,0.14285714285714285,Dr. Babasaheb Ambedkar Jayanti/Maha Vishuva Sankranti/Biju/Buisu Festival/Tamil New Year's Day/Bohag Bihu/Cheiraoba/Baisakhi,https://www.rbi.org.in/Scripts/HolidayMatrixDisplay.aspx?drRegionalOffice=0&drMonth=4&drYear=2026 (POST form),Reserve Bank of India,2026-09-28
2026,2026-04-14,4,14,104,Pre-monsoon,Dehradun,Uttarakhand,North,Tamil New Year (Puthandu),Hindu,New Year,shared_date,7,0.14285714285714285,Dr. Babasaheb Ambedkar Jayanti/Maha Vishuva Sankranti/Biju/Buisu Festival/Tamil New Year's Day/Bohag Bihu/Cheiraoba/Baisakhi,https://www.rbi.org.in/Scripts/HolidayMatrixDisplay.aspx?drRegionalOffice=0&drMonth=4&drYear=2026 (POST form),Reserve Bank of India,2026-09-28
2026,2026-04-14,4,14,104,Pre-monsoon,Gangtok,Sikkim,North-East,Baisakhi (Vaisakhi),Sikh,Harvest,shared_date,7,0.14285714285714285,Dr. Babasaheb Ambedkar Jayanti/Maha Vishuva Sankranti/Biju/Buisu Festival/Tamil New Year's Day/Bohag Bihu/Cheiraoba/Baisakhi,https://www.rbi.org.in/Scripts/HolidayMatrixDisplay.aspx?drRegionalOffice=0&drMonth=4&drYear=2026 (POST form),Reserve Bank of India,2026-09-28
2026,2026-04-14,4,14,104,Pre-monsoon,Gangtok,Sikkim,North-East,Biju / Buisu,Tribal/Indigenous,New Year,shared_date,7,0.14285714285714285,Dr. Babasaheb Ambedkar Jayanti/Maha Vishuva Sankranti/Biju/Buisu Festival/Tamil New Year's Day/Bohag Bihu/Cheiraoba/Baisakhi,https://www.rbi.org.in/Scripts/HolidayMatrixDisplay.aspx?drRegionalOffice=0&drMonth=4&drYear=2026 (POST form),Reserve Bank of India,2026-09-28
2026,2026-04-14,4,14,104,Pre-monsoon,Gangtok,Sikkim,North-East,Bohag Bihu,Cultural (multi-faith),New Year,shared_date,7,0.14285714285714285,Dr. Babasaheb Ambedkar Jayanti/Maha Vishuva Sankranti/Biju/Buisu Festival/Tamil New Year's Day/Bohag Bihu/Cheiraoba/Baisakhi,https://www.rbi.org.in/Scripts/HolidayMatrixDisplay.aspx?drRegionalOffice=0&drMonth=4&drYear=2026 (POST form),Reserve Bank of India,2026-09-28
2026,2026-04-14,4,14,104,Pre-monsoon,Gangtok,Sikkim,North-East,Cheiraoba (Meitei New Year),Tribal/Indigenous,New Year,shared_date,7,0.14285714285714285,Dr. Babasaheb Ambedkar Jayanti/Maha Vishuva Sankranti/Biju/Buisu Festival/Tamil New Year's Day/Bohag Bihu/Cheiraoba/Baisakhi,https://www.rbi.org.in/Scripts/HolidayMatrixDisplay.aspx?drRegionalOffice=0&drMonth=4&drYear=2026 (POST form),Reserve Bank of India,2026-09-28
2026,2026-04-14,4,14,104,Pre-monsoon,Gangtok,Sikkim,North-East,Maha Vishuva Sankranti (Odia New Year),Hindu,New Year,shared_date,7,0.14285714285714285,Dr. Babasaheb Ambedkar Jayanti/Maha Vishuva Sankranti/Biju/Buisu Festival/Tamil New Year's Day/Bohag Bihu/Cheiraoba/Baisakhi,https://www.rbi.org.in/Scripts/HolidayMatrixDisplay.aspx?drRegionalOffice=0&drMonth=4&drYear=2026 (POST form),Reserve Bank of India,2026-09-28
2026,2026-04-14,4,14,104,Pre-monsoon,Gangtok,Sikkim,North-East,Tamil New Year (Puthandu),Hindu,New Year,shared_date,7,0.14285714285714285,Dr. Babasaheb Ambedkar Jayanti/Maha Vishuva Sankranti/Biju/Buisu Festival/Tamil New Year's Day/Bohag Bihu/Cheiraoba/Baisakhi,https://www.rbi.org.in/Scripts/HolidayMatrixDisplay.aspx?drRegionalOffice=0&drMonth=4&drYear=2026 (POST form),Reserve Bank of India,2026-09-28
2026,2026-04-14,4,14,104,Pre-monsoon,Guwahati,Assam,North-East,Baisakhi (Vaisakhi),Sikh,Harvest,shared_date,7,0.14285714285714285,Dr. Babasaheb Ambedkar Jayanti/Maha Vishuva Sankranti/Biju/Buisu Festival/Tamil New Year's Day/Bohag Bihu/Cheiraoba/Baisakhi,https://www.rbi.org.in/Scripts/HolidayMatrixDisplay.aspx?drRegionalOffice=0&drMonth=4&drYear=2026 (POST form),Reserve Bank of India,2026-09-28
2026,2026-04-14,4,14,104,Pre-monsoon,Guwahati,Assam,North-East,Biju / Buisu,Tribal/Indigenous,New Year,shared_date,7,0.14285714285714285,Dr. Babasaheb Ambedkar Jayanti/Maha Vishuva Sankranti/Biju/Buisu Festival/Tamil New Year's Day/Bohag Bihu/Cheiraoba/Baisakhi,https://www.rbi.org.in/Scripts/HolidayMatrixDisplay.aspx?drRegionalOffice=0&drMonth=4&drYear=2026 (POST form),Reserve Bank of India,2026-09-28
2026,2026-04-14,4,14,104,Pre-monsoon,Guwahati,Assam,North-East,Bohag Bihu,Cultural (multi-faith),New Year,shared_date,7,0.14285714285714285,Dr. Babasaheb Ambedkar Jayanti/Maha Vishuva Sankranti/Biju/Buisu Festival/Tamil New Year's Day/Bohag Bihu/Cheiraoba/Baisakhi,https://www.rbi.org.in/Scripts/HolidayMatrixDisplay.aspx?drRegionalOffice=0&drMonth=4&drYear=2026 (POST form),Reserve Bank of India,2026-09-28
2026,2026-04-14,4,14,104,Pre-monsoon,Guwahati,Assam,North-East,Cheiraoba (Meitei New Year),Tribal/Indigenous,New Year,shared_date,7,0.14285714285714285,Dr. Babasaheb Ambedkar Jayanti/Maha Vishuva Sankranti/Biju/Buisu Festival/Tamil New Year's Day/Bohag Bihu/Cheiraoba/Baisakhi,https://www.rbi.org.in/Scripts/HolidayMatrixDisplay.aspx?drRegionalOffice=0&drMonth=4&drYear=2026 (POST form),Reserve Bank of India,2026-09-28
2026,2026-04-14,4,14,104,Pre-monsoon,Guwahati,Assam,North-East,Maha Vishuva Sankranti (Odia New Year),Hindu,New Year,shared_date,7,0.14285714285714285,Dr. Babasaheb Ambedkar Jayanti/Maha Vishuva Sankranti/Biju/Buisu Festival/Tamil New Year's Day/Bohag Bihu/Cheiraoba/Baisakhi,https://www.rbi.org.in/Scripts/HolidayMatrixDisplay.aspx?drRegionalOffice=0&drMonth=4&drYear=2026 (POST form),Reserve Bank of India,2026-09-28
2026,2026-04-14,4,14,104,Pre-monsoon,Guwahati,Assam,North-East,Tamil New Year (Puthandu),Hindu,New Year,shared_date,7,0.14285714285714285,Dr. Babasaheb Ambedkar Jayanti/Maha Vishuva Sankranti/Biju/Buisu Festival/Tamil New Year's Day/Bohag Bihu/Cheiraoba/Baisakhi,https://www.rbi.org.in/Scripts/HolidayMatrixDisplay.aspx?drRegionalOffice=0&drMonth=4&drYear=2026 (POST form),Reserve Bank of India,2026-09-28
2026,2026-04-14,4,14,104,Pre-monsoon,Hyderabad,Telangana,South,Baisakhi (Vaisakhi),Sikh,Harvest,shared_date,7,0.14285714285714285,Dr. Babasaheb Ambedkar Jayanti/Maha Vishuva Sankranti/Biju/Buisu Festival/Tamil New Year's Day/Bohag Bihu/Cheiraoba/Baisakhi,https://www.rbi.org.in/Scripts/HolidayMatrixDisplay.aspx?drRegionalOffice=0&drMonth=4&drYear=2026 (POST form),Reserve Bank of India,2026-09-28
2026,2026-04-14,4,14,104,Pre-monsoon,Hyderabad,Telangana,South,Biju / Buisu,Tribal/Indigenous,New Year,shared_date,7,0.14285714285714285,Dr. Babasaheb Ambedkar Jayanti/Maha Vishuva Sankranti/Biju/Buisu Festival/Tamil New Year's Day/Bohag Bihu/Cheiraoba/Baisakhi,https://www.rbi.org.in/Scripts/HolidayMatrixDisplay.aspx?drRegionalOffice=0&drMonth=4&drYear=2026 (POST form),Reserve Bank of India,2026-09-28
2026,2026-04-14,4,14,104,Pre-monsoon,Hyderabad,Telangana,South,Bohag Bihu,Cultural (multi-faith),New Year,shared_date,7,0.14285714285714285,Dr. Babasaheb Ambedkar Jayanti/Maha Vishuva Sankranti/Biju/Buisu Festival/Tamil New Year's Day/Bohag Bihu/Cheiraoba/Baisakhi,https://www.rbi.org.in/Scripts/HolidayMatrixDisplay.aspx?drRegionalOffice=0&drMonth=4&drYear=2026 (POST form),Reserve Bank of India,2026-09-28
2026,2026-04-14,4,14,104,Pre-monsoon,Hyderabad,Telangana,South,Cheiraoba (Meitei New Year),Tribal/Indigenous,New Year,shared_date,7,0.14285714285714285,Dr. Babasaheb Ambedkar Jayanti/Maha Vishuva Sankranti/Biju/Buisu Festival/Tamil New Year's Day/Bohag Bihu/Cheiraoba/Baisakhi,https://www.rbi.org.in/Scripts/HolidayMatrixDisplay.aspx?drRegionalOffice=0&drMonth=4&drYear=2026 (POST form),Reserve Bank of India,2026-09-28
2026,2026-04-14,4,14,104,Pre-monsoon,Hyderabad,Telangana,South,Maha Vishuva Sankranti (Odia New Year),Hindu,New Year,shared_date,7,0.14285714285714285,Dr. Babasaheb Ambedkar Jayanti/Maha Vishuva Sankranti/Biju/Buisu Festival/Tamil New Year's Day/Bohag Bihu/Cheiraoba/Baisakhi,https://www.rbi.org.in/Scripts/HolidayMatrixDisplay.aspx?drRegionalOffice=0&drMonth=4&drYear=2026 (POST form),Reserve Bank of India,2026-09-28
2026,2026-04-14,4,14,104,Pre-monsoon,Hyderabad,Telangana,South,Tamil New Year (Puthandu),Hindu,New Year,shared_date,7,0.14285714285714285,Dr. Babasaheb Ambedkar Jayanti/Maha Vishuva Sankranti/Biju/Buisu Festival/Tamil New Year's Day/Bohag Bihu/Cheiraoba/Baisakhi,https://www.rbi.org.in/Scripts/HolidayMatrixDisplay.aspx?drRegionalOffice=0&drMonth=4&drYear=2026 (POST form),Reserve Bank of India,2026-09-28
2026,2026-04-14,4,14,104,Pre-monsoon,Imphal,Manipur,North-East,Baisakhi (Vaisakhi),Sikh,Harvest,shared_date,7,0.14285714285714285,Dr. Babasaheb Ambedkar Jayanti/Maha Vishuva Sankranti/Biju/Buisu Festival/Tamil New Year's Day/Bohag Bihu/Cheiraoba/Baisakhi,https://www.rbi.org.in/Scripts/HolidayMatrixDisplay.aspx?drRegionalOffice=0&drMonth=4&drYear=2026 (POST form),Reserve Bank of India,2026-09-28
2026,2026-04-14,4,14,104,Pre-monsoon,Imphal,Manipur,North-East,Biju / Buisu,Tribal/Indigenous,New Year,shared_date,7,0.14285714285714285,Dr. Babasaheb Ambedkar Jayanti/Maha Vishuva Sankranti/Biju/Buisu Festival/Tamil New Year's Day/Bohag Bihu/Cheiraoba/Baisakhi,https://www.rbi.org.in/Scripts/HolidayMatrixDisplay.aspx?drRegionalOffice=0&drMonth=4&drYear=2026 (POST form),Reserve Bank of India,2026-09-28
2026,2026-04-14,4,14,104,Pre-monsoon,Imphal,Manipur,North-East,Bohag Bihu,Cultural (multi-faith),New Year,shared_date,7,0.14285714285714285,Dr. Babasaheb Ambedkar Jayanti/Maha Vishuva Sankranti/Biju/Buisu Festival/Tamil New Year's Day/Bohag Bihu/Cheiraoba/Baisakhi,https://www.rbi.org.in/Scripts/HolidayMatrixDisplay.aspx?drRegionalOffice=0&drMonth=4&drYear=2026 (POST form),Reserve Bank of India,2026-09-28
2026,2026-04-14,4,14,104,Pre-monsoon,Imphal,Manipur,North-East,Cheiraoba (Meitei New Year),Tribal/Indigenous,New Year,shared_date,7,0.14285714285714285,Dr. Babasaheb Ambedkar Jayanti/Maha Vishuva Sankranti/Biju/Buisu Festival/Tamil New Year's Day/Bohag Bihu/Cheiraoba/Baisakhi,https://www.rbi.org.in/Scripts/HolidayMatrixDisplay.aspx?drRegionalOffice=0&drMonth=4&drYear=2026 (POST form),Reserve Bank of India,2026-09-28
2026,2026-04-14,4,14,104,Pre-monsoon,Imphal,Manipur,North-East,Maha Vishuva Sankranti (Odia New Year),Hindu,New Year,shared_date,7,0.14285714285714285,Dr. Babasaheb Ambedkar Jayanti/Maha Vishuva Sankranti/Biju/Buisu Festival/Tamil New Year's Day/Bohag Bihu/Cheiraoba/Baisakhi,https://www.rbi.org.in/Scripts/HolidayMatrixDisplay.aspx?drRegionalOffice=0&drMonth=4&drYear=2026 (POST form),Reserve Bank of India,2026-09-28
2026,2026-04-14,4,14,104,Pre-monsoon,Imphal,Manipur,North-East,Tamil New Year (Puthandu),Hindu,New Year,shared_date,7,0.14285714285714285,Dr. Babasaheb Ambedkar Jayanti/Maha Vishuva Sankranti/Biju/Buisu Festival/Tamil New Year's Day/Bohag Bihu/Cheiraoba/Baisakhi,https://www.rbi.org.in/Scripts/HolidayMatrixDisplay.aspx?drRegionalOffice=0&drMonth=4&drYear=2026 (POST form),Reserve Bank of India,2026-09-28
2026,2026-04-14,4,14,104,Pre-monsoon,Itanagar,Arunachal Pradesh,North-East,Baisakhi (Vaisakhi),Sikh,Harvest,shared_date,7,0.14285714285714285,Dr. Babasaheb Ambedkar Jayanti/Maha Vishuva Sankranti/Biju/Buisu Festival/Tamil New Year's Day/Bohag Bihu/Cheiraoba/Baisakhi,https://www.rbi.org.in/Scripts/HolidayMatrixDisplay.aspx?drRegionalOffice=0&drMonth=4&drYear=2026 (POST form),Reserve Bank of India,2026-09-28
2026,2026-04-14,4,14,104,Pre-monsoon,Itanagar,Arunachal Pradesh,North-East,Biju / Buisu,Tribal/Indigenous,New Year,shared_date,7,0.14285714285714285,Dr. Babasaheb Ambedkar Jayanti/Maha Vishuva Sankranti/Biju/Buisu Festival/Tamil New Year's Day/Bohag Bihu/Cheiraoba/Baisakhi,https://www.rbi.org.in/Scripts/HolidayMatrixDisplay.aspx?drRegionalOffice=0&drMonth=4&drYear=2026 (POST form),Reserve Bank of India,2026-09-28
2026,2026-04-14,4,14,104,Pre-monsoon,Itanagar,Arunachal Pradesh,North-East,Bohag Bihu,Cultural (multi-faith),New Year,shared_date,7,0.14285714285714285,Dr. Babasaheb Ambedkar Jayanti/Maha Vishuva Sankranti/Biju/Buisu Festival/Tamil New Year's Day/Bohag Bihu/Cheiraoba/Baisakhi,https://www.rbi.org.in/Scripts/HolidayMatrixDisplay.aspx?drRegionalOffice=0&drMonth=4&drYear=2026 (POST form),Reserve Bank of India,2026-09-28
2026,2026-04-14,4,14,104,Pre-monsoon,Itanagar,Arunachal Pradesh,North-East,Cheiraoba (Meitei New Year),Tribal/Indigenous,New Year,shared_date,7,0.14285714285714285,Dr. Babasaheb Ambedkar Jayanti/Maha Vishuva Sankranti/Biju/Buisu Festival/Tamil New Year's Day/Bohag Bihu/Cheiraoba/Baisakhi,https://www.rbi.org.in/Scripts/HolidayMatrixDisplay.aspx?drRegionalOffice=0&drMonth=4&drYear=2026 (POST form),Reserve Bank of India,2026-09-28
2026,2026-04-14,4,14,104,Pre-monsoon,Itanagar,Arunachal Pradesh,North-East,Maha Vishuva Sankranti (Odia New Year),Hindu,New Year,shared_date,7,0.14285714285714285,Dr. Babasaheb Ambedkar Jayanti/Maha Vishuva Sankranti/Biju/Buisu Festival/Tamil New Year's Day/Bohag Bihu/Cheiraoba/Baisakhi,https://www.rbi.org.in/Scripts/HolidayMatrixDisplay.aspx?drRegionalOffice=0&drMonth=4&drYear=2026 (POST form),Reserve Bank of India,2026-09-28
2026,2026-04-14,4,14,104,Pre-monsoon,Itanagar,Arunachal Pradesh,North-East,Tamil New Year (Puthandu),Hindu,New Year,shared_date,7,0.14285714285714285,Dr. Babasaheb Ambedkar Jayanti/Maha Vishuva Sankranti/Biju/Buisu Festival/Tamil New Year's Day/Bohag Bihu/Cheiraoba/Baisakhi,https://www.rbi.org.in/Scripts/HolidayMatrixDisplay.aspx?drRegionalOffice=0&drMonth=4&drYear=2026 (POST form),Reserve Bank of India,2026-09-28
2026,2026-04-14,4,14,104,Pre-monsoon,Jaipur,Rajasthan,North,Baisakhi (Vaisakhi),Sikh,Harvest,shared_date,7,0.14285714285714285,Dr. Babasaheb Ambedkar Jayanti/Maha Vishuva Sankranti/Biju/Buisu Festival/Tamil New Year's Day/Bohag Bihu/Cheiraoba/Baisakhi,https://www.rbi.org.in/Scripts/HolidayMatrixDisplay.aspx?drRegionalOffice=0&drMonth=4&drYear=2026 (POST form),Reserve Bank of India,2026-09-28
2026,2026-04-14,4,14,104,Pre-monsoon,Jaipur,Rajasthan,North,Biju / Buisu,Tribal/Indigenous,New Year,shared_date,7,0.14285714285714285,Dr. Babasaheb Ambedkar Jayanti/Maha Vishuva Sankranti/Biju/Buisu Festival/Tamil New Year's Day/Bohag Bihu/Cheiraoba/Baisakhi,https://www.rbi.org.in/Scripts/HolidayMatrixDisplay.aspx?drRegionalOffice=0&drMonth=4&drYear=2026 (POST form),Reserve Bank of India,2026-09-28
2026,2026-04-14,4,14,104,Pre-monsoon,Jaipur,Rajasthan,North,Bohag Bihu,Cultural (multi-faith),New Year,shared_date,7,0.14285714285714285,Dr. Babasaheb Ambedkar Jayanti/Maha Vishuva Sankranti/Biju/Buisu Festival/Tamil New Year's Day/Bohag Bihu/Cheiraoba/Baisakhi,https://www.rbi.org.in/Scripts/HolidayMatrixDisplay.aspx?drRegionalOffice=0&drMonth=4&drYear=2026 (POST form),Reserve Bank of India,2026-09-28
2026,2026-04-14,4,14,104,Pre-monsoon,Jaipur,Rajasthan,North,Cheiraoba (Meitei New Year),Tribal/Indigenous,New Year,shared_date,7,0.14285714285714285,Dr. Babasaheb Ambedkar Jayanti/Maha Vishuva Sankranti/Biju/Buisu Festival/Tamil New Year's Day/Bohag Bihu/Cheiraoba/Baisakhi,https://www.rbi.org.in/Scripts/HolidayMatrixDisplay.aspx?drRegionalOffice=0&drMonth=4&drYear=2026 (POST form),Reserve Bank of India,2026-09-28
2026,2026-04-14,4,14,104,Pre-monsoon,Jaipur,Rajasthan,North,Maha Vishuva Sankranti (Odia New Year),Hindu,New Year,shared_date,7,0.14285714285714285,Dr. Babasaheb Ambedkar Jayanti/Maha Vishuva Sankranti/Biju/Buisu Festival/Tamil New Year's Day/Bohag Bihu/Cheiraoba/Baisakhi,https://www.rbi.org.in/Scripts/HolidayMatrixDisplay.aspx?drRegionalOffice=0&drMonth=4&drYear=2026 (POST form),Reserve Bank of India,2026-09-28
2026,2026-04-14,4,14,104,Pre-monsoon,Jaipur,Rajasthan,North,Tamil New Year (Puthandu),Hindu,New Year,shared_date,7,0.14285714285714285,Dr. Babasaheb Ambedkar Jayanti/Maha Vishuva Sankranti/Biju/Buisu Festival/Tamil New Year's Day/Bohag Bihu/Cheiraoba/Baisakhi,https://www.rbi.org.in/Scripts/HolidayMatrixDisplay.aspx?drRegionalOffice=0&drMonth=4&drYear=2026 (POST form),Reserve Bank of India,2026-09-28
2026,2026-04-14,4,14,104,Pre-monsoon,Jammu,Jammu & Kashmir,North,Baisakhi (Vaisakhi),Sikh,Harvest,shared_date,7,0.14285714285714285,Dr. Babasaheb Ambedkar Jayanti/Maha Vishuva Sankranti/Biju/Buisu Festival/Tamil New Year's Day/Bohag Bihu/Cheiraoba/Baisakhi,https://www.rbi.org.in/Scripts/HolidayMatrixDisplay.aspx?drRegionalOffice=0&drMonth=4&drYear=2026 (POST form),Reserve Bank of India,2026-09-28
2026,2026-04-14,4,14,104,Pre-monsoon,Jammu,Jammu & Kashmir,North,Biju / Buisu,Tribal/Indigenous,New Year,shared_date,7,0.14285714285714285,Dr. Babasaheb Ambedkar Jayanti/Maha Vishuva Sankranti/Biju/Buisu Festival/Tamil New Year's Day/Bohag Bihu/Cheiraoba/Baisakhi,https://www.rbi.org.in/Scripts/HolidayMatrixDisplay.aspx?drRegionalOffice=0&drMonth=4&drYear=2026 (POST form),Reserve Bank of India,2026-09-28
2026,2026-04-14,4,14,104,Pre-monsoon,Jammu,Jammu & Kashmir,North,Bohag Bihu,Cultural (multi-faith),New Year,shared_date,7,0.14285714285714285,Dr. Babasaheb Ambedkar Jayanti/Maha Vishuva Sankranti/Biju/Buisu Festival/Tamil New Year's Day/Bohag Bihu/Cheiraoba/Baisakhi,https://www.rbi.org.in/Scripts/HolidayMatrixDisplay.aspx?drRegionalOffice=0&drMonth=4&drYear=2026 (POST form),Reserve Bank of India,2026-09-28
2026,2026-04-14,4,14,104,Pre-monsoon,Jammu,Jammu & Kashmir,North,Cheiraoba (Meitei New Year),Tribal/Indigenous,New Year,shared_date,7,0.14285714285714285,Dr. Babasaheb Ambedkar Jayanti/Maha Vishuva Sankranti/Biju/Buisu Festival/Tamil New Year's Day/Bohag Bihu/Cheiraoba/Baisakhi,https://www.rbi.org.in/Scripts/HolidayMatrixDisplay.aspx?drRegionalOffice=0&drMonth=4&drYear=2026 (POST form),Reserve Bank of India,2026-09-28
2026,2026-04-14,4,14,104,Pre-monsoon,Jammu,Jammu & Kashmir,North,Maha Vishuva Sankranti (Odia New Year),Hindu,New Year,shared_date,7,0.14285714285714285,Dr. Babasaheb Ambedkar Jayanti/Maha Vishuva Sankranti/Biju/Buisu Festival/Tamil New Year's Day/Bohag Bihu/Cheiraoba/Baisakhi,https://www.rbi.org.in/Scripts/HolidayMatrixDisplay.aspx?drRegionalOffice=0&drMonth=4&drYear=2026 (POST form),Reserve Bank of India,2026-09-28
2026,2026-04-14,4,14,104,Pre-monsoon,Jammu,Jammu & Kashmir,North,Tamil New Year (Puthandu),Hindu,New Year,shared_date,7,0.14285714285714285,Dr. Babasaheb Ambedkar Jayanti/Maha Vishuva Sankranti/Biju/Buisu Festival/Tamil New Year's Day/Bohag Bihu/Cheiraoba/Baisakhi,https://www.rbi.org.in/Scripts/HolidayMatrixDisplay.aspx?drRegionalOffice=0&drMonth=4&drYear=2026 (POST form),Reserve Bank of India,2026-09-28
2026,2026-04-14,4,14,104,Pre-monsoon,Kanpur,Uttar Pradesh,North,Baisakhi (Vaisakhi),Sikh,Harvest,shared_date,7,0.14285714285714285,Dr. Babasaheb Ambedkar Jayanti/Maha Vishuva Sankranti/Biju/Buisu Festival/Tamil New Year's Day/Bohag Bihu/Cheiraoba/Baisakhi,https://www.rbi.org.in/Scripts/HolidayMatrixDisplay.aspx?drRegionalOffice=0&drMonth=4&drYear=2026 (POST form),Reserve Bank of India,2026-09-28
2026,2026-04-14,4,14,104,Pre-monsoon,Kanpur,Uttar Pradesh,North,Biju / Buisu,Tribal/Indigenous,New Year,shared_date,7,0.14285714285714285,Dr. Babasaheb Ambedkar Jayanti/Maha Vishuva Sankranti/Biju/Buisu Festival/Tamil New Year's Day/Bohag Bihu/Cheiraoba/Baisakhi,https://www.rbi.org.in/Scripts/HolidayMatrixDisplay.aspx?drRegionalOffice=0&drMonth=4&drYear=2026 (POST form),Reserve Bank of India,2026-09-28
2026,2026-04-14,4,14,104,Pre-monsoon,Kanpur,Uttar Pradesh,North,Bohag Bihu,Cultural (multi-faith),New Year,shared_date,7,0.14285714285714285,Dr. Babasaheb Ambedkar Jayanti/Maha Vishuva Sankranti/Biju/Buisu Festival/Tamil New Year's Day/Bohag Bihu/Cheiraoba/Baisakhi,https://www.rbi.org.in/Scripts/HolidayMatrixDisplay.aspx?drRegionalOffice=0&drMonth=4&drYear=2026 (POST form),Reserve Bank of India,2026-09-28
2026,2026-04-14,4,14,104,Pre-monsoon,Kanpur,Uttar Pradesh,North,Cheiraoba (Meitei New Year),Tribal/Indigenous,New Year,shared_date,7,0.14285714285714285,Dr. Babasaheb Ambedkar Jayanti/Maha Vishuva Sankranti/Biju/Buisu Festival/Tamil New Year's Day/Bohag Bihu/Cheiraoba/Baisakhi,https://www.rbi.org.in/Scripts/HolidayMatrixDisplay.aspx?drRegionalOffice=0&drMonth=4&drYear=2026 (POST form),Reserve Bank of India,2026-09-28
2026,2026-04-14,4,14,104,Pre-monsoon,Kanpur,Uttar Pradesh,North,Maha Vishuva Sankranti (Odia New Year),Hindu,New Year,shared_date,7,0.14285714285714285,Dr. Babasaheb Ambedkar Jayanti/Maha Vishuva Sankranti/Biju/Buisu Festival/Tamil New Year's Day/Bohag Bihu/Cheiraoba/Baisakhi,https://www.rbi.org.in/Scripts/HolidayMatrixDisplay.aspx?drRegionalOffice=0&drMonth=4&drYear=2026 (POST form),Reserve Bank of India,2026-09-28
2026,2026-04-14,4,14,104,Pre-monsoon,Kanpur,Uttar Pradesh,North,Tamil New Year (Puthandu),Hindu,New Year,shared_date,7,0.14285714285714285,Dr. Babasaheb Ambedkar Jayanti/Maha Vishuva Sankranti/Biju/Buisu Festival/Tamil New Year's Day/Bohag Bihu/Cheiraoba/Baisakhi,https://www.rbi.org.in/Scripts/HolidayMatrixDisplay.aspx?drRegionalOffice=0&drMonth=4&drYear=2026 (POST form),Reserve Bank of India,2026-09-28
2026,2026-04-14,4,14,104,Pre-monsoon,Kochi,Kerala,South,Baisakhi (Vaisakhi),Sikh,Harvest,shared_date,7,0.14285714285714285,Dr. Babasaheb Ambedkar Jayanti/Maha Vishuva Sankranti/Biju/Buisu Festival/Tamil New Year's Day/Bohag Bihu/Cheiraoba/Baisakhi,https://www.rbi.org.in/Scripts/HolidayMatrixDisplay.aspx?drRegionalOffice=0&drMonth=4&drYear=2026 (POST form),Reserve Bank of India,2026-09-28
2026,2026-04-14,4,14,104,Pre-monsoon,Kochi,Kerala,South,Biju / Buisu,Tribal/Indigenous,New Year,shared_date,7,0.14285714285714285,Dr. Babasaheb Ambedkar Jayanti/Maha Vishuva Sankranti/Biju/Buisu Festival/Tamil New Year's Day/Bohag Bihu/Cheiraoba/Baisakhi,https://www.rbi.org.in/Scripts/HolidayMatrixDisplay.aspx?drRegionalOffice=0&drMonth=4&drYear=2026 (POST form),Reserve Bank of India,2026-09-28
2026,2026-04-14,4,14,104,Pre-monsoon,Kochi,Kerala,South,Bohag Bihu,Cultural (multi-faith),New Year,shared_date,7,0.14285714285714285,Dr. Babasaheb Ambedkar Jayanti/Maha Vishuva Sankranti/Biju/Buisu Festival/Tamil New Year's Day/Bohag Bihu/Cheiraoba/Baisakhi,https://www.rbi.org.in/Scripts/HolidayMatrixDisplay.aspx?drRegionalOffice=0&drMonth=4&drYear=2026 (POST form),Reserve Bank of India,2026-09-28
2026,2026-04-14,4,14,104,Pre-monsoon,Kochi,Kerala,South,Cheiraoba (Meitei New Year),Tribal/Indigenous,New Year,shared_date,7,0.14285714285714285,Dr. Babasaheb Ambedkar Jayanti/Maha Vishuva Sankranti/Biju/Buisu Festival/Tamil New Year's Day/Bohag Bihu/Cheiraoba/Baisakhi,https://www.rbi.org.in/Scripts/HolidayMatrixDisplay.aspx?drRegionalOffice=0&drMonth=4&drYear=2026 (POST form),Reserve Bank of India,2026-09-28
2026,2026-04-14,4,14,104,Pre-monsoon,Kochi,Kerala,South,Maha Vishuva Sankranti (Odia New Year),Hindu,New Year,shared_date,7,0.14285714285714285,Dr. Babasaheb Ambedkar Jayanti/Maha Vishuva Sankranti/Biju/Buisu Festival/Tamil New Year's Day/Bohag Bihu/Cheiraoba/Baisakhi,https://www.rbi.org.in/Scripts/HolidayMatrixDisplay.aspx?drRegionalOffice=0&drMonth=4&drYear=2026 (POST form),Reserve Bank of India,2026-09-28
2026,2026-04-14,4,14,104,Pre-monsoon,Kochi,Kerala,South,Tamil New Year (Puthandu),Hindu,New Year,shared_date,7,0.14285714285714285,Dr. Babasaheb Ambedkar Jayanti/Maha Vishuva Sankranti/Biju/Buisu Festival/Tamil New Year's Day/Bohag Bihu/Cheiraoba/Baisakhi,https://www.rbi.org.in/Scripts/HolidayMatrixDisplay.aspx?drRegionalOffice=0&drMonth=4&drYear=2026 (POST form),Reserve Bank of India,2026-09-28
2026,2026-04-14,4,14,104,Pre-monsoon,Kolkata,West Bengal,East,Baisakhi (Vaisakhi),Sikh,Harvest,shared_date,7,0.14285714285714285,Dr. Babasaheb Ambedkar Jayanti/Maha Vishuva Sankranti/Biju/Buisu Festival/Tamil New Year's Day/Bohag Bihu/Cheiraoba/Baisakhi,https://www.rbi.org.in/Scripts/HolidayMatrixDisplay.aspx?drRegionalOffice=0&drMonth=4&drYear=2026 (POST form),Reserve Bank of India,2026-09-28
2026,2026-04-14,4,14,104,Pre-monsoon,Kolkata,West Bengal,East,Biju / Buisu,Tribal/Indigenous,New Year,shared_date,7,0.14285714285714285,Dr. Babasaheb Ambedkar Jayanti/Maha Vishuva Sankranti/Biju/Buisu Festival/Tamil New Year's Day/Bohag Bihu/Cheiraoba/Baisakhi,https://www.rbi.org.in/Scripts/HolidayMatrixDisplay.aspx?drRegionalOffice=0&drMonth=4&drYear=2026 (POST form),Reserve Bank of India,2026-09-28
2026,2026-04-14,4,14,104,Pre-monsoon,Kolkata,West Bengal,East,Bohag Bihu,Cultural (multi-faith),New Year,shared_date,7,0.14285714285714285,Dr. Babasaheb Ambedkar Jayanti/Maha Vishuva Sankranti/Biju/Buisu Festival/Tamil New Year's Day/Bohag Bihu/Cheiraoba/Baisakhi,https://www.rbi.org.in/Scripts/HolidayMatrixDisplay.aspx?drRegionalOffice=0&drMonth=4&drYear=2026 (POST form),Reserve Bank of India,2026-09-28
2026,2026-04-14,4,14,104,Pre-monsoon,Kolkata,West Bengal,East,Cheiraoba (Meitei New Year),Tribal/Indigenous,New Year,shared_date,7,0.14285714285714285,Dr. Babasaheb Ambedkar Jayanti/Maha Vishuva Sankranti/Biju/Buisu Festival/Tamil New Year's Day/Bohag Bihu/Cheiraoba/Baisakhi,https://www.rbi.org.in/Scripts/HolidayMatrixDisplay.aspx?drRegionalOffice=0&drMonth=4&drYear=2026 (POST form),Reserve Bank of India,2026-09-28
2026,2026-04-14,4,14,104,Pre-monsoon,Kolkata,West Bengal,East,Maha Vishuva Sankranti (Odia New Year),Hindu,New Year,shared_date,7,0.14285714285714285,Dr. Babasaheb Ambedkar Jayanti/Maha Vishuva Sankranti/Biju/Buisu Festival/Tamil New Year's Day/Bohag Bihu/Cheiraoba/Baisakhi,https://www.rbi.org.in/Scripts/HolidayMatrixDisplay.aspx?drRegionalOffice=0&drMonth=4&drYear=2026 (POST form),Reserve Bank of India,2026-09-28
2026,2026-04-14,4,14,104,Pre-monsoon,Kolkata,West Bengal,East,Tamil New Year (Puthandu),Hindu,New Year,shared_date,7,0.14285714285714285,Dr. Babasaheb Ambedkar Jayanti/Maha Vishuva Sankranti/Biju/Buisu Festival/Tamil New Year's Day/Bohag Bihu/Cheiraoba/Baisakhi,https://www.rbi.org.in/Scripts/HolidayMatrixDisplay.aspx?drRegionalOffice=0&drMonth=4&drYear=2026 (POST form),Reserve Bank of India,2026-09-28
2026,2026-04-14,4,14,104,Pre-monsoon,Lucknow,Uttar Pradesh,North,Baisakhi (Vaisakhi),Sikh,Harvest,shared_date,7,0.14285714285714285,Dr. Babasaheb Ambedkar Jayanti/Maha Vishuva Sankranti/Biju/Buisu Festival/Tamil New Year's Day/Bohag Bihu/Cheiraoba/Baisakhi,https://www.rbi.org.in/Scripts/HolidayMatrixDisplay.aspx?drRegionalOffice=0&drMonth=4&drYear=2026 (POST form),Reserve Bank of India,2026-09-28
2026,2026-04-14,4,14,104,Pre-monsoon,Lucknow,Uttar Pradesh,North,Biju / Buisu,Tribal/Indigenous,New Year,shared_date,7,0.14285714285714285,Dr. Babasaheb Ambedkar Jayanti/Maha Vishuva Sankranti/Biju/Buisu Festival/Tamil New Year's Day/Bohag Bihu/Cheiraoba/Baisakhi,https://www.rbi.org.in/Scripts/HolidayMatrixDisplay.aspx?drRegionalOffice=0&drMonth=4&drYear=2026 (POST form),Reserve Bank of India,2026-09-28
2026,2026-04-14,4,14,104,Pre-monsoon,Lucknow,Uttar Pradesh,North,Bohag Bihu,Cultural (multi-faith),New Year,shared_date,7,0.14285714285714285,Dr. Babasaheb Ambedkar Jayanti/Maha Vishuva Sankranti/Biju/Buisu Festival/Tamil New Year's Day/Bohag Bihu/Cheiraoba/Baisakhi,https://www.rbi.org.in/Scripts/HolidayMatrixDisplay.aspx?drRegionalOffice=0&drMonth=4&drYear=2026 (POST form),Reserve Bank of India,2026-09-28
2026,2026-04-14,4,14,104,Pre-monsoon,Lucknow,Uttar Pradesh,North,Cheiraoba (Meitei New Year),Tribal/Indigenous,New Year,shared_date,7,0.14285714285714285,Dr. Babasaheb Ambedkar Jayanti/Maha Vishuva Sankranti/Biju/Buisu Festival/Tamil New Year's Day/Bohag Bihu/Cheiraoba/Baisakhi,https://www.rbi.org.in/Scripts/HolidayMatrixDisplay.aspx?drRegionalOffice=0&drMonth=4&drYear=2026 (POST form),Reserve Bank of India,2026-09-28
2026,2026-04-14,4,14,104,Pre-monsoon,Lucknow,Uttar Pradesh,North,Maha Vishuva Sankranti (Odia New Year),Hindu,New Year,shared_date,7,0.14285714285714285,Dr. Babasaheb Ambedkar Jayanti/Maha Vishuva Sankranti/Biju/Buisu Festival/Tamil New Year's Day/Bohag Bihu/Cheiraoba/Baisakhi,https://www.rbi.org.in/Scripts/HolidayMatrixDisplay.aspx?drRegionalOffice=0&drMonth=4&drYear=2026 (POST form),Reserve Bank of India,2026-09-28
2026,2026-04-14,4,14,104,Pre-monsoon,Lucknow,Uttar Pradesh,North,Tamil New Year (Puthandu),Hindu,New Year,shared_date,7,0.14285714285714285,Dr. Babasaheb Ambedkar Jayanti/Maha Vishuva Sankranti/Biju/Buisu Festival/Tamil New Year's Day/Bohag Bihu/Cheiraoba/Baisakhi,https://www.rbi.org.in/Scripts/HolidayMatrixDisplay.aspx?drRegionalOffice=0&drMonth=4&drYear=2026 (POST form),Reserve Bank of India,2026-09-28
2026,2026-04-14,4,14,104,Pre-monsoon,Mumbai,Maharashtra,West,Baisakhi (Vaisakhi),Sikh,Harvest,shared_date,7,0.14285714285714285,Dr. Babasaheb Ambedkar Jayanti/Maha Vishuva Sankranti/Biju/Buisu Festival/Tamil New Year's Day/Bohag Bihu/Cheiraoba/Baisakhi,https://www.rbi.org.in/Scripts/HolidayMatrixDisplay.aspx?drRegionalOffice=0&drMonth=4&drYear=2026 (POST form),Reserve Bank of India,2026-09-28
2026,2026-04-14,4,14,104,Pre-monsoon,Mumbai,Maharashtra,West,Biju / Buisu,Tribal/Indigenous,New Year,shared_date,7,0.14285714285714285,Dr. Babasaheb Ambedkar Jayanti/Maha Vishuva Sankranti/Biju/Buisu Festival/Tamil New Year's Day/Bohag Bihu/Cheiraoba/Baisakhi,https://www.rbi.org.in/Scripts/HolidayMatrixDisplay.aspx?drRegionalOffice=0&drMonth=4&drYear=2026 (POST form),Reserve Bank of India,2026-09-28
2026,2026-04-14,4,14,104,Pre-monsoon,Mumbai,Maharashtra,West,Bohag Bihu,Cultural (multi-faith),New Year,shared_date,7,0.14285714285714285,Dr. Babasaheb Ambedkar Jayanti/Maha Vishuva Sankranti/Biju/Buisu Festival/Tamil New Year's Day/Bohag Bihu/Cheiraoba/Baisakhi,https://www.rbi.org.in/Scripts/HolidayMatrixDisplay.aspx?drRegionalOffice=0&drMonth=4&drYear=2026 (POST form),Reserve Bank of India,2026-09-28
2026,2026-04-14,4,14,104,Pre-monsoon,Mumbai,Maharashtra,West,Cheiraoba (Meitei New Year),Tribal/Indigenous,New Year,shared_date,7,0.14285714285714285,Dr. Babasaheb Ambedkar Jayanti/Maha Vishuva Sankranti/Biju/Buisu Festival/Tamil New Year's Day/Bohag Bihu/Cheiraoba/Baisakhi,https://www.rbi.org.in/Scripts/HolidayMatrixDisplay.aspx?drRegionalOffice=0&drMonth=4&drYear=2026 (POST form),Reserve Bank of India,2026-09-28
2026,2026-04-14,4,14,104,Pre-monsoon,Mumbai,Maharashtra,West,Maha Vishuva Sankranti (Odia New Year),Hindu,New Year,shared_date,7,0.14285714285714285,Dr. Babasaheb Ambedkar Jayanti/Maha Vishuva Sankranti/Biju/Buisu Festival/Tamil New Year's Day/Bohag Bihu/Cheiraoba/Baisakhi,https://www.rbi.org.in/Scripts/HolidayMatrixDisplay.aspx?drRegionalOffice=0&drMonth=4&drYear=2026 (POST form),Reserve Bank of India,2026-09-28
2026,2026-04-14,4,14,104,Pre-monsoon,Mumbai,Maharashtra,West,Tamil New Year (Puthandu),Hindu,New Year,shared_date,7,0.14285714285714285,Dr. Babasaheb Ambedkar Jayanti/Maha Vishuva Sankranti/Biju/Buisu Festival/Tamil New Year's Day/Bohag Bihu/Cheiraoba/Baisakhi,https://www.rbi.org.in/Scripts/HolidayMatrixDisplay.aspx?drRegionalOffice=0&drMonth=4&drYear=2026 (POST form),Reserve Bank of India,2026-09-28
2026,2026-04-14,4,14,104,Pre-monsoon,Nagpur,Maharashtra,West,Baisakhi (Vaisakhi),Sikh,Harvest,shared_date,7,0.14285714285714285,Dr. Babasaheb Ambedkar Jayanti/Maha Vishuva Sankranti/Biju/Buisu Festival/Tamil New Year's Day/Bohag Bihu/Cheiraoba/Baisakhi,https://www.rbi.org.in/Scripts/HolidayMatrixDisplay.aspx?drRegionalOffice=0&drMonth=4&drYear=2026 (POST form),Reserve Bank of India,2026-09-28
2026,2026-04-14,4,14,104,Pre-monsoon,Nagpur,Maharashtra,West,Biju / Buisu,Tribal/Indigenous,New Year,shared_date,7,0.14285714285714285,Dr. Babasaheb Ambedkar Jayanti/Maha Vishuva Sankranti/Biju/Buisu Festival/Tamil New Year's Day/Bohag Bihu/Cheiraoba/Baisakhi,https://www.rbi.org.in/Scripts/HolidayMatrixDisplay.aspx?drRegionalOffice=0&drMonth=4&drYear=2026 (POST form),Reserve Bank of India,2026-09-28
2026,2026-04-14,4,14,104,Pre-monsoon,Nagpur,Maharashtra,West,Bohag Bihu,Cultural (multi-faith),New Year,shared_date,7,0.14285714285714285,Dr. Babasaheb Ambedkar Jayanti/Maha Vishuva Sankranti/Biju/Buisu Festival/Tamil New Year's Day/Bohag Bihu/Cheiraoba/Baisakhi,https://www.rbi.org.in/Scripts/HolidayMatrixDisplay.aspx?drRegionalOffice=0&drMonth=4&drYear=2026 (POST form),Reserve Bank of India,2026-09-28
2026,2026-04-14,4,14,104,Pre-monsoon,Nagpur,Maharashtra,West,Cheiraoba (Meitei New Year),Tribal/Indigenous,New Year,shared_date,7,0.14285714285714285,Dr. Babasaheb Ambedkar Jayanti/Maha Vishuva Sankranti/Biju/Buisu Festival/Tamil New Year's Day/Bohag Bihu/Cheiraoba/Baisakhi,https://www.rbi.org.in/Scripts/HolidayMatrixDisplay.aspx?drRegionalOffice=0&drMonth=4&drYear=2026 (POST form),Reserve Bank of India,2026-09-28
2026,2026-04-14,4,14,104,Pre-monsoon,Nagpur,Maharashtra,West,Maha Vishuva Sankranti (Odia New Year),Hindu,New Year,shared_date,7,0.14285714285714285,Dr. Babasaheb Ambedkar Jayanti/Maha Vishuva Sankranti/Biju/Buisu Festival/Tamil New Year's Day/Bohag Bihu/Cheiraoba/Baisakhi,https://www.rbi.org.in/Scripts/HolidayMatrixDisplay.aspx?drRegionalOffice=0&drMonth=4&drYear=2026 (POST form),Reserve Bank of India,2026-09-28
2026,2026-04-14,4,14,104,Pre-monsoon,Nagpur,Maharashtra,West,Tamil New Year (Puthandu),Hindu,New Year,shared_date,7,0.14285714285714285,Dr. Babasaheb Ambedkar Jayanti/Maha Vishuva Sankranti/Biju/Buisu Festival/Tamil New Year's Day/Bohag Bihu/Cheiraoba/Baisakhi,https://www.rbi.org.in/Scripts/HolidayMatrixDisplay.aspx?drRegionalOffice=0&drMonth=4&drYear=2026 (POST form),Reserve Bank of India,2026-09-28
2026,2026-04-14,4,14,104,Pre-monsoon,New Delhi,Delhi,North,Baisakhi (Vaisakhi),Sikh,Harvest,shared_date,7,0.14285714285714285,Dr. Babasaheb Ambedkar Jayanti/Maha Vishuva Sankranti/Biju/Buisu Festival/Tamil New Year's Day/Bohag Bihu/Cheiraoba/Baisakhi,https://www.rbi.org.in/Scripts/HolidayMatrixDisplay.aspx?drRegionalOffice=0&drMonth=4&drYear=2026 (POST form),Reserve Bank of India,2026-09-28
2026,2026-04-14,4,14,104,Pre-monsoon,New Delhi,Delhi,North,Biju / Buisu,Tribal/Indigenous,New Year,shared_date,7,0.14285714285714285,Dr. Babasaheb Ambedkar Jayanti/Maha Vishuva Sankranti/Biju/Buisu Festival/Tamil New Year's Day/Bohag Bihu/Cheiraoba/Baisakhi,https://www.rbi.org.in/Scripts/HolidayMatrixDisplay.aspx?drRegionalOffice=0&drMonth=4&drYear=2026 (POST form),Reserve Bank of India,2026-09-28
2026,2026-04-14,4,14,104,Pre-monsoon,New Delhi,Delhi,North,Bohag Bihu,Cultural (multi-faith),New Year,shared_date,7,0.14285714285714285,Dr. Babasaheb Ambedkar Jayanti/Maha Vishuva Sankranti/Biju/Buisu Festival/Tamil New Year's Day/Bohag Bihu/Cheiraoba/Baisakhi,https://www.rbi.org.in/Scripts/HolidayMatrixDisplay.aspx?drRegionalOffice=0&drMonth=4&drYear=2026 (POST form),Reserve Bank of India,2026-09-28
2026,2026-04-14,4,14,104,Pre-monsoon,New Delhi,Delhi,North,Cheiraoba (Meitei New Year),Tribal/Indigenous,New Year,shared_date,7,0.14285714285714285,Dr. Babasaheb Ambedkar Jayanti/Maha Vishuva Sankranti/Biju/Buisu Festival/Tamil New Year's Day/Bohag Bihu/Cheiraoba/Baisakhi,https://www.rbi.org.in/Scripts/HolidayMatrixDisplay.aspx?drRegionalOffice=0&drMonth=4&drYear=2026 (POST form),Reserve Bank of India,2026-09-28
2026,2026-04-14,4,14,104,Pre-monsoon,New Delhi,Delhi,North,Maha Vishuva Sankranti (Odia New Year),Hindu,New Year,shared_date,7,0.14285714285714285,Dr. Babasaheb Ambedkar Jayanti/Maha Vishuva Sankranti/Biju/Buisu Festival/Tamil New Year's Day/Bohag Bihu/Cheiraoba/Baisakhi,https://www.rbi.org.in/Scripts/HolidayMatrixDisplay.aspx?drRegionalOffice=0&drMonth=4&drYear=2026 (POST form),Reserve Bank of India,2026-09-28
2026,2026-04-14,4,14,104,Pre-monsoon,New Delhi,Delhi,North,Tamil New Year (Puthandu),Hindu,New Year,shared_date,7,0.14285714285714285,Dr. Babasaheb Ambedkar Jayanti/Maha Vishuva Sankranti/Biju/Buisu Festival/Tamil New Year's Day/Bohag Bihu/Cheiraoba/Baisakhi,https://www.rbi.org.in/Scripts/HolidayMatrixDisplay.aspx?drRegionalOffice=0&drMonth=4&drYear=2026 (POST form),Reserve Bank of India,2026-09-28
2026,2026-04-14,4,14,104,Pre-monsoon,Panaji,Goa,West,Baisakhi (Vaisakhi),Sikh,Harvest,shared_date,7,0.14285714285714285,Dr. Babasaheb Ambedkar Jayanti/Maha Vishuva Sankranti/Biju/Buisu Festival/Tamil New Year's Day/Bohag Bihu/Cheiraoba/Baisakhi,https://www.rbi.org.in/Scripts/HolidayMatrixDisplay.aspx?drRegionalOffice=0&drMonth=4&drYear=2026 (POST form),Reserve Bank of India,2026-09-28
2026,2026-04-14,4,14,104,Pre-monsoon,Panaji,Goa,West,Biju / Buisu,Tribal/Indigenous,New Year,shared_date,7,0.14285714285714285,Dr. Babasaheb Ambedkar Jayanti/Maha Vishuva Sankranti/Biju/Buisu Festival/Tamil New Year's Day/Bohag Bihu/Cheiraoba/Baisakhi,https://www.rbi.org.in/Scripts/HolidayMatrixDisplay.aspx?drRegionalOffice=0&drMonth=4&drYear=2026 (POST form),Reserve Bank of India,2026-09-28
2026,2026-04-14,4,14,104,Pre-monsoon,Panaji,Goa,West,Bohag Bihu,Cultural (multi-faith),New Year,shared_date,7,0.14285714285714285,Dr. Babasaheb Ambedkar Jayanti/Maha Vishuva Sankranti/Biju/Buisu Festival/Tamil New Year's Day/Bohag Bihu/Cheiraoba/Baisakhi,https://www.rbi.org.in/Scripts/HolidayMatrixDisplay.aspx?drRegionalOffice=0&drMonth=4&drYear=2026 (POST form),Reserve Bank of India,2026-09-28
2026,2026-04-14,4,14,104,Pre-monsoon,Panaji,Goa,West,Cheiraoba (Meitei New Year),Tribal/Indigenous,New Year,shared_date,7,0.14285714285714285,Dr. Babasaheb Ambedkar Jayanti/Maha Vishuva Sankranti/Biju/Buisu Festival/Tamil New Year's Day/Bohag Bihu/Cheiraoba/Baisakhi,https://www.rbi.org.in/Scripts/HolidayMatrixDisplay.aspx?drRegionalOffice=0&drMonth=4&drYear=2026 (POST form),Reserve Bank of India,2026-09-28
2026,2026-04-14,4,14,104,Pre-monsoon,Panaji,Goa,West,Maha Vishuva Sankranti (Odia New Year),Hindu,New Year,shared_date,7,0.14285714285714285,Dr. Babasaheb Ambedkar Jayanti/Maha Vishuva Sankranti/Biju/Buisu Festival/Tamil New Year's Day/Bohag Bihu/Cheiraoba/Baisakhi,https://www.rbi.org.in/Scripts/HolidayMatrixDisplay.aspx?drRegionalOffice=0&drMonth=4&drYear=2026 (POST form),Reserve Bank of India,2026-09-28
2026,2026-04-14,4,14,104,Pre-monsoon,Panaji,Goa,West,Tamil New Year (Puthandu),Hindu,New Year,shared_date,7,0.14285714285714285,Dr. Babasaheb Ambedkar Jayanti/Maha Vishuva Sankranti/Biju/Buisu Festival/Tamil New Year's Day/Bohag Bihu/Cheiraoba/Baisakhi,https://www.rbi.org.in/Scripts/HolidayMatrixDisplay.aspx?drRegionalOffice=0&drMonth=4&drYear=2026 (POST form),Reserve Bank of India,2026-09-28
2026,2026-04-14,4,14,104,Pre-monsoon,Patna,Bihar,East,Baisakhi (Vaisakhi),Sikh,Harvest,shared_date,7,0.14285714285714285,Dr. Babasaheb Ambedkar Jayanti/Maha Vishuva Sankranti/Biju/Buisu Festival/Tamil New Year's Day/Bohag Bihu/Cheiraoba/Baisakhi,https://www.rbi.org.in/Scripts/HolidayMatrixDisplay.aspx?drRegionalOffice=0&drMonth=4&drYear=2026 (POST form),Reserve Bank of India,2026-09-28
2026,2026-04-14,4,14,104,Pre-monsoon,Patna,Bihar,East,Biju / Buisu,Tribal/Indigenous,New Year,shared_date,7,0.14285714285714285,Dr. Babasaheb Ambedkar Jayanti/Maha Vishuva Sankranti/Biju/Buisu Festival/Tamil New Year's Day/Bohag Bihu/Cheiraoba/Baisakhi,https://www.rbi.org.in/Scripts/HolidayMatrixDisplay.aspx?drRegionalOffice=0&drMonth=4&drYear=2026 (POST form),Reserve Bank of India,2026-09-28
2026,2026-04-14,4,14,104,Pre-monsoon,Patna,Bihar,East,Bohag Bihu,Cultural (multi-faith),New Year,shared_date,7,0.14285714285714285,Dr. Babasaheb Ambedkar Jayanti/Maha Vishuva Sankranti/Biju/Buisu Festival/Tamil New Year's Day/Bohag Bihu/Cheiraoba/Baisakhi,https://www.rbi.org.in/Scripts/HolidayMatrixDisplay.aspx?drRegionalOffice=0&drMonth=4&drYear=2026 (POST form),Reserve Bank of India,2026-09-28
2026,2026-04-14,4,14,104,Pre-monsoon,Patna,Bihar,East,Cheiraoba (Meitei New Year),Tribal/Indigenous,New Year,shared_date,7,0.14285714285714285,Dr. Babasaheb Ambedkar Jayanti/Maha Vishuva Sankranti/Biju/Buisu Festival/Tamil New Year's Day/Bohag Bihu/Cheiraoba/Baisakhi,https://www.rbi.org.in/Scripts/HolidayMatrixDisplay.aspx?drRegionalOffice=0&drMonth=4&drYear=2026 (POST form),Reserve Bank of India,2026-09-28
2026,2026-04-14,4,14,104,Pre-monsoon,Patna,Bihar,East,Maha Vishuva Sankranti (Odia New Year),Hindu,New Year,shared_date,7,0.14285714285714285,Dr. Babasaheb Ambedkar Jayanti/Maha Vishuva Sankranti/Biju/Buisu Festival/Tamil New Year's Day/Bohag Bihu/Cheiraoba/Baisakhi,https://www.rbi.org.in/Scripts/HolidayMatrixDisplay.aspx?drRegionalOffice=0&drMonth=4&drYear=2026 (POST form),Reserve Bank of India,2026-09-28
2026,2026-04-14,4,14,104,Pre-monsoon,Patna,Bihar,East,Tamil New Year (Puthandu),Hindu,New Year,shared_date,7,0.14285714285714285,Dr. Babasaheb Ambedkar Jayanti/Maha Vishuva Sankranti/Biju/Buisu Festival/Tamil New Year's Day/Bohag Bihu/Cheiraoba/Baisakhi,https://www.rbi.org.in/Scripts/HolidayMatrixDisplay.aspx?drRegionalOffice=0&drMonth=4&drYear=2026 (POST form),Reserve Bank of India,2026-09-28
2026,2026-04-14,4,14,104,Pre-monsoon,Ranchi,Jharkhand,East,Baisakhi (Vaisakhi),Sikh,Harvest,shared_date,7,0.14285714285714285,Dr. Babasaheb Ambedkar Jayanti/Maha Vishuva Sankranti/Biju/Buisu Festival/Tamil New Year's Day/Bohag Bihu/Cheiraoba/Baisakhi,https://www.rbi.org.in/Scripts/HolidayMatrixDisplay.aspx?drRegionalOffice=0&drMonth=4&drYear=2026 (POST form),Reserve Bank of India,2026-09-28
2026,2026-04-14,4,14,104,Pre-monsoon,Ranchi,Jharkhand,East,Biju / Buisu,Tribal/Indigenous,New Year,shared_date,7,0.14285714285714285,Dr. Babasaheb Ambedkar Jayanti/Maha Vishuva Sankranti/Biju/Buisu Festival/Tamil New Year's Day/Bohag Bihu/Cheiraoba/Baisakhi,https://www.rbi.org.in/Scripts/HolidayMatrixDisplay.aspx?drRegionalOffice=0&drMonth=4&drYear=2026 (POST form),Reserve Bank of India,2026-09-28
2026,2026-04-14,4,14,104,Pre-monsoon,Ranchi,Jharkhand,East,Bohag Bihu,Cultural (multi-faith),New Year,shared_date,7,0.14285714285714285,Dr. Babasaheb Ambedkar Jayanti/Maha Vishuva Sankranti/Biju/Buisu Festival/Tamil New Year's Day/Bohag Bihu/Cheiraoba/Baisakhi,https://www.rbi.org.in/Scripts/HolidayMatrixDisplay.aspx?drRegionalOffice=0&drMonth=4&drYear=2026 (POST form),Reserve Bank of India,2026-09-28
2026,2026-04-14,4,14,104,Pre-monsoon,Ranchi,Jharkhand,East,Cheiraoba (Meitei New Year),Tribal/Indigenous,New Year,shared_date,7,0.14285714285714285,Dr. Babasaheb Ambedkar Jayanti/Maha Vishuva Sankranti/Biju/Buisu Festival/Tamil New Year's Day/Bohag Bihu/Cheiraoba/Baisakhi,https://www.rbi.org.in/Scripts/HolidayMatrixDisplay.aspx?drRegionalOffice=0&drMonth=4&drYear=2026 (POST form),Reserve Bank of India,2026-09-28
2026,2026-04-14,4,14,104,Pre-monsoon,Ranchi,Jharkhand,East,Maha Vishuva Sankranti (Odia New Year),Hindu,New Year,shared_date,7,0.14285714285714285,Dr. Babasaheb Ambedkar Jayanti/Maha Vishuva Sankranti/Biju/Buisu Festival/Tamil New Year's Day/Bohag Bihu/Cheiraoba/Baisakhi,https://www.rbi.org.in/Scripts/HolidayMatrixDisplay.aspx?drRegionalOffice=0&drMonth=4&drYear=2026 (POST form),Reserve Bank of India,2026-09-28
2026,2026-04-14,4,14,104,Pre-monsoon,Ranchi,Jharkhand,East,Tamil New Year (Puthandu),Hindu,New Year,shared_date,7,0.14285714285714285,Dr. Babasaheb Ambedkar Jayanti/Maha Vishuva Sankranti/Biju/Buisu Festival/Tamil New Year's Day/Bohag Bihu/Cheiraoba/Baisakhi,https://www.rbi.org.in/Scripts/HolidayMatrixDisplay.aspx?drRegionalOffice=0&drMonth=4&drYear=2026 (POST form),Reserve Bank of India,2026-09-28
2026,2026-04-14,4,14,104,Pre-monsoon,Shimla,Himachal Pradesh,North,Baisakhi (Vaisakhi),Sikh,Harvest,shared_date,7,0.14285714285714285,Dr. Babasaheb Ambedkar Jayanti/Maha Vishuva Sankranti/Biju/Buisu Festival/Tamil New Year's Day/Bohag Bihu/Cheiraoba/Baisakhi,https://www.rbi.org.in/Scripts/HolidayMatrixDisplay.aspx?drRegionalOffice=0&drMonth=4&drYear=2026 (POST form),Reserve Bank of India,2026-09-28
2026,2026-04-14,4,14,104,Pre-monsoon,Shimla,Himachal Pradesh,North,Biju / Buisu,Tribal/Indigenous,New Year,shared_date,7,0.14285714285714285,Dr. Babasaheb Ambedkar Jayanti/Maha Vishuva Sankranti/Biju/Buisu Festival/Tamil New Year's Day/Bohag Bihu/Cheiraoba/Baisakhi,https://www.rbi.org.in/Scripts/HolidayMatrixDisplay.aspx?drRegionalOffice=0&drMonth=4&drYear=2026 (POST form),Reserve Bank of India,2026-09-28
2026,2026-04-14,4,14,104,Pre-monsoon,Shimla,Himachal Pradesh,North,Bohag Bihu,Cultural (multi-faith),New Year,shared_date,7,0.14285714285714285,Dr. Babasaheb Ambedkar Jayanti/Maha Vishuva Sankranti/Biju/Buisu Festival/Tamil New Year's Day/Bohag Bihu/Cheiraoba/Baisakhi,https://www.rbi.org.in/Scripts/HolidayMatrixDisplay.aspx?drRegionalOffice=0&drMonth=4&drYear=2026 (POST form),Reserve Bank of India,2026-09-28
2026,2026-04-14,4,14,104,Pre-monsoon,Shimla,Himachal Pradesh,North,Cheiraoba (Meitei New Year),Tribal/Indigenous,New Year,shared_date,7,0.14285714285714285,Dr. Babasaheb Ambedkar Jayanti/Maha Vishuva Sankranti/Biju/Buisu Festival/Tamil New Year's Day/Bohag Bihu/Cheiraoba/Baisakhi,https://www.rbi.org.in/Scripts/HolidayMatrixDisplay.aspx?drRegionalOffice=0&drMonth=4&drYear=2026 (POST form),Reserve Bank of India,2026-09-28
2026,2026-04-14,4,14,104,Pre-monsoon,Shimla,Himachal Pradesh,North,Maha Vishuva Sankranti (Odia New Year),Hindu,New Year,shared_date,7,0.14285714285714285,Dr. Babasaheb Ambedkar Jayanti/Maha Vishuva Sankranti/Biju/Buisu Festival/Tamil New Year's Day/Bohag Bihu/Cheiraoba/Baisakhi,https://www.rbi.org.in/Scripts/HolidayMatrixDisplay.aspx?drRegionalOffice=0&drMonth=4&drYear=2026 (POST form),Reserve Bank of India,2026-09-28
2026,2026-04-14,4,14,104,Pre-monsoon,Shimla,Himachal Pradesh,North,Tamil New Year (Puthandu),Hindu,New Year,shared_date,7,0.14285714285714285,Dr. Babasaheb Ambedkar Jayanti/Maha Vishuva Sankranti/Biju/Buisu Festival/Tamil New Year's Day/Bohag Bihu/Cheiraoba/Baisakhi,https://www.rbi.org.in/Scripts/HolidayMatrixDisplay.aspx?drRegionalOffice=0&drMonth=4&drYear=2026 (POST form),Reserve Bank of India,2026-09-28
2026,2026-04-14,4,14,104,Pre-monsoon,Srinagar,Jammu & Kashmir,North,Baisakhi (Vaisakhi),Sikh,Harvest,shared_date,7,0.14285714285714285,Dr. Babasaheb Ambedkar Jayanti/Maha Vishuva Sankranti/Biju/Buisu Festival/Tamil New Year's Day/Bohag Bihu/Cheiraoba/Baisakhi,https://www.rbi.org.in/Scripts/HolidayMatrixDisplay.aspx?drRegionalOffice=0&drMonth=4&drYear=2026 (POST form),Reserve Bank of India,2026-09-28
2026,2026-04-14,4,14,104,Pre-monsoon,Srinagar,Jammu & Kashmir,North,Biju / Buisu,Tribal/Indigenous,New Year,shared_date,7,0.14285714285714285,Dr. Babasaheb Ambedkar Jayanti/Maha Vishuva Sankranti/Biju/Buisu Festival/Tamil New Year's Day/Bohag Bihu/Cheiraoba/Baisakhi,https://www.rbi.org.in/Scripts/HolidayMatrixDisplay.aspx?drRegionalOffice=0&drMonth=4&drYear=2026 (POST form),Reserve Bank of India,2026-09-28
2026,2026-04-14,4,14,104,Pre-monsoon,Srinagar,Jammu & Kashmir,North,Bohag Bihu,Cultural (multi-faith),New Year,shared_date,7,0.14285714285714285,Dr. Babasaheb Ambedkar Jayanti/Maha Vishuva Sankranti/Biju/Buisu Festival/Tamil New Year's Day/Bohag Bihu/Cheiraoba/Baisakhi,https://www.rbi.org.in/Scripts/HolidayMatrixDisplay.aspx?drRegionalOffice=0&drMonth=4&drYear=2026 (POST form),Reserve Bank of India,2026-09-28
2026,2026-04-14,4,14,104,Pre-monsoon,Srinagar,Jammu & Kashmir,North,Cheiraoba (Meitei New Year),Tribal/Indigenous,New Year,shared_date,7,0.14285714285714285,Dr. Babasaheb Ambedkar Jayanti/Maha Vishuva Sankranti/Biju/Buisu Festival/Tamil New Year's Day/Bohag Bihu/Cheiraoba/Baisakhi,https://www.rbi.org.in/Scripts/HolidayMatrixDisplay.aspx?drRegionalOffice=0&drMonth=4&drYear=2026 (POST form),Reserve Bank of India,2026-09-28
2026,2026-04-14,4,14,104,Pre-monsoon,Srinagar,Jammu & Kashmir,North,Maha Vishuva Sankranti (Odia New Year),Hindu,New Year,shared_date,7,0.14285714285714285,Dr. Babasaheb Ambedkar Jayanti/Maha Vishuva Sankranti/Biju/Buisu Festival/Tamil New Year's Day/Bohag Bihu/Cheiraoba/Baisakhi,https://www.rbi.org.in/Scripts/HolidayMatrixDisplay.aspx?drRegionalOffice=0&drMonth=4&drYear=2026 (POST form),Reserve Bank of India,2026-09-28
2026,2026-04-14,4,14,104,Pre-monsoon,Srinagar,Jammu & Kashmir,North,Tamil New Year (Puthandu),Hindu,New Year,shared_date,7,0.14285714285714285,Dr. Babasaheb Ambedkar Jayanti/Maha Vishuva Sankranti/Biju/Buisu Festival/Tamil New Year's Day/Bohag Bihu/Cheiraoba/Baisakhi,https://www.rbi.org.in/Scripts/HolidayMatrixDisplay.aspx?drRegionalOffice=0&drMonth=4&drYear=2026 (POST form),Reserve Bank of India,2026-09-28
2026,2026-04-14,4,14,104,Pre-monsoon,Thiruvananthapuram,Kerala,South,Baisakhi (Vaisakhi),Sikh,Harvest,shared_date,7,0.14285714285714285,Dr. Babasaheb Ambedkar Jayanti/Maha Vishuva Sankranti/Biju/Buisu Festival/Tamil New Year's Day/Bohag Bihu/Cheiraoba/Baisakhi,https://www.rbi.org.in/Scripts/HolidayMatrixDisplay.aspx?drRegionalOffice=0&drMonth=4&drYear=2026 (POST form),Reserve Bank of India,2026-09-28
2026,2026-04-14,4,14,104,Pre-monsoon,Thiruvananthapuram,Kerala,South,Biju / Buisu,Tribal/Indigenous,New Year,shared_date,7,0.14285714285714285,Dr. Babasaheb Ambedkar Jayanti/Maha Vishuva Sankranti/Biju/Buisu Festival/Tamil New Year's Day/Bohag Bihu/Cheiraoba/Baisakhi,https://www.rbi.org.in/Scripts/HolidayMatrixDisplay.aspx?drRegionalOffice=0&drMonth=4&drYear=2026 (POST form),Reserve Bank of India,2026-09-28
2026,2026-04-14,4,14,104,Pre-monsoon,Thiruvananthapuram,Kerala,South,Bohag Bihu,Cultural (multi-faith),New Year,shared_date,7,0.14285714285714285,Dr. Babasaheb Ambedkar Jayanti/Maha Vishuva Sankranti/Biju/Buisu Festival/Tamil New Year's Day/Bohag Bihu/Cheiraoba/Baisakhi,https://www.rbi.org.in/Scripts/HolidayMatrixDisplay.aspx?drRegionalOffice=0&drMonth=4&drYear=2026 (POST form),Reserve Bank of India,2026-09-28
2026,2026-04-14,4,14,104,Pre-monsoon,Thiruvananthapuram,Kerala,South,Cheiraoba (Meitei New Year),Tribal/Indigenous,New Year,shared_date,7,0.14285714285714285,Dr. Babasaheb Ambedkar Jayanti/Maha Vishuva Sankranti/Biju/Buisu Festival/Tamil New Year's Day/Bohag Bihu/Cheiraoba/Baisakhi,https://www.rbi.org.in/Scripts/HolidayMatrixDisplay.aspx?drRegionalOffice=0&drMonth=4&drYear=2026 (POST form),Reserve Bank of India,2026-09-28
2026,2026-04-14,4,14,104,Pre-monsoon,Thiruvananthapuram,Kerala,South,Maha Vishuva Sankranti (Odia New Year),Hindu,New Year,shared_date,7,0.14285714285714285,Dr. Babasaheb Ambedkar Jayanti/Maha Vishuva Sankranti/Biju/Buisu Festival/Tamil New Year's Day/Bohag Bihu/Cheiraoba/Baisakhi,https://www.rbi.org.in/Scripts/HolidayMatrixDisplay.aspx?drRegionalOffice=0&drMonth=4&drYear=2026 (POST form),Reserve Bank of India,2026-09-28
2026,2026-04-14,4,14,104,Pre-monsoon,Thiruvananthapuram,Kerala,South,Tamil New Year (Puthandu),Hindu,New Year,shared_date,7,0.14285714285714285,Dr. Babasaheb Ambedkar Jayanti/Maha Vishuva Sankranti/Biju/Buisu Festival/Tamil New Year's Day/Bohag Bihu/Cheiraoba/Baisakhi,https://www.rbi.org.in/Scripts/HolidayMatrixDisplay.aspx?drRegionalOffice=0&drMonth=4&drYear=2026 (POST form),Reserve Bank of India,2026-09-28
2026,2026-04-14,4,14,104,Pre-monsoon,Vijayawada,Andhra Pradesh,South,Baisakhi (Vaisakhi),Sikh,Harvest,shared_date,7,0.14285714285714285,Dr. Babasaheb Ambedkar Jayanti/Maha Vishuva Sankranti/Biju/Buisu Festival/Tamil New Year's Day/Bohag Bihu/Cheiraoba/Baisakhi,https://www.rbi.org.in/Scripts/HolidayMatrixDisplay.aspx?drRegionalOffice=0&drMonth=4&drYear=2026 (POST form),Reserve Bank of India,2026-09-28
2026,2026-04-14,4,14,104,Pre-monsoon,Vijayawada,Andhra Pradesh,South,Biju / Buisu,Tribal/Indigenous,New Year,shared_date,7,0.14285714285714285,Dr. Babasaheb Ambedkar Jayanti/Maha Vishuva Sankranti/Biju/Buisu Festival/Tamil New Year's Day/Bohag Bihu/Cheiraoba/Baisakhi,https://www.rbi.org.in/Scripts/HolidayMatrixDisplay.aspx?drRegionalOffice=0&drMonth=4&drYear=2026 (POST form),Reserve Bank of India,2026-09-28
2026,2026-04-14,4,14,104,Pre-monsoon,Vijayawada,Andhra Pradesh,South,Bohag Bihu,Cultural (multi-faith),New Year,shared_date,7,0.14285714285714285,Dr. Babasaheb Ambedkar Jayanti/Maha Vishuva Sankranti/Biju/Buisu Festival/Tamil New Year's Day/Bohag Bihu/Cheiraoba/Baisakhi,https://www.rbi.org.in/Scripts/HolidayMatrixDisplay.aspx?drRegionalOffice=0&drMonth=4&drYear=2026 (POST form),Reserve Bank of India,2026-09-28
2026,2026-04-14,4,14,104,Pre-monsoon,Vijayawada,Andhra Pradesh,South,Cheiraoba (Meitei New Year),Tribal/Indigenous,New Year,shared_date,7,0.14285714285714285,Dr. Babasaheb Ambedkar Jayanti/Maha Vishuva Sankranti/Biju/Buisu Festival/Tamil New Year's Day/Bohag Bihu/Cheiraoba/Baisakhi,https://www.rbi.org.in/Scripts/HolidayMatrixDisplay.aspx?drRegionalOffice=0&drMonth=4&drYear=2026 (POST form),Reserve Bank of India,2026-09-28
2026,2026-04-14,4,14,104,Pre-monsoon,Vijayawada,Andhra Pradesh,South,Maha Vishuva Sankranti (Odia New Year),Hindu,New Year,shared_date,7,0.14285714285714285,Dr. Babasaheb Ambedkar Jayanti/Maha Vishuva Sankranti/Biju/Buisu Festival/Tamil New Year's Day/Bohag Bihu/Cheiraoba/Baisakhi,https://www.rbi.org.in/Scripts/HolidayMatrixDisplay.aspx?drRegionalOffice=0&drMonth=4&drYear=2026 (POST form),Reserve Bank of India,2026-09-28
2026,2026-04-14,4,14,104,Pre-monsoon,Vijayawada,Andhra Pradesh,South,Tamil New Year (Puthandu),Hindu,New Year,shared_date,7,0.14285714285714285,Dr. Babasaheb Ambedkar Jayanti/Maha Vishuva Sankranti/Biju/Buisu Festival/Tamil New Year's Day/Bohag Bihu/Cheiraoba/Baisakhi,https://www.rbi.org.in/Scripts/HolidayMatrixDisplay.aspx?drRegionalOffice=0&drMonth=4&drYear=2026 (POST form),Reserve Bank of India,2026-09-28
2026,2026-04-15,4,15,105,Pre-monsoon,Agartala,Tripura,North-East,Bengali New Year (Pohela Boishakh),Cultural (multi-faith),New Year,shared_date,4,0.25,Bengali New Year’s Day (Nababarsha)/Bohag Bihu/Vishu/Himachal Day,https://www.rbi.org.in/Scripts/HolidayMatrixDisplay.aspx?drRegionalOffice=0&drMonth=4&drYear=2026 (POST form),Reserve Bank of India,2026-09-28
2026,2026-04-15,4,15,105,Pre-monsoon,Agartala,Tripura,North-East,Bohag Bihu,Cultural (multi-faith),New Year,shared_date,4,0.25,Bengali New Year’s Day (Nababarsha)/Bohag Bihu/Vishu/Himachal Day,https://www.rbi.org.in/Scripts/HolidayMatrixDisplay.aspx?drRegionalOffice=0&drMonth=4&drYear=2026 (POST form),Reserve Bank of India,2026-09-28
2026,2026-04-15,4,15,105,Pre-monsoon,Agartala,Tripura,North-East,Vishu,Hindu,New Year,shared_date,4,0.25,Bengali New Year’s Day (Nababarsha)/Bohag Bihu/Vishu/Himachal Day,https://www.rbi.org.in/Scripts/HolidayMatrixDisplay.aspx?drRegionalOffice=0&drMonth=4&drYear=2026 (POST form),Reserve Bank of India,2026-09-28
2026,2026-04-15,4,15,105,Pre-monsoon,Guwahati,Assam,North-East,Bengali New Year (Pohela Boishakh),Cultural (multi-faith),New Year,shared_date,4,0.25,Bengali New Year’s Day (Nababarsha)/Bohag Bihu/Vishu/Himachal Day,https://www.rbi.org.in/Scripts/HolidayMatrixDisplay.aspx?drRegionalOffice=0&drMonth=4&drYear=2026 (POST form),Reserve Bank of India,2026-09-28
2026,2026-04-15,4,15,105,Pre-monsoon,Guwahati,Assam,North-East,Bohag Bihu,Cultural (multi-faith),New Year,shared_date,4,0.25,Bengali New Year’s Day (Nababarsha)/Bohag Bihu/Vishu/Himachal Day,https://www.rbi.org.in/Scripts/HolidayMatrixDisplay.aspx?drRegionalOffice=0&drMonth=4&drYear=2026 (POST form),Reserve Bank of India,2026-09-28
2026,2026-04-15,4,15,105,Pre-monsoon,Guwahati,Assam,North-East,Vishu,Hindu,New Year,shared_date,4,0.25,Bengali New Year’s Day (Nababarsha)/Bohag Bihu/Vishu/Himachal Day,https://www.rbi.org.in/Scripts/HolidayMatrixDisplay.aspx?drRegionalOffice=0&drMonth=4&drYear=2026 (POST form),Reserve Bank of India,2026-09-28
2026,2026-04-15,4,15,105,Pre-monsoon,Itanagar,Arunachal Pradesh,North-East,Bengali New Year (Pohela Boishakh),Cultural (multi-faith),New Year,shared_date,4,0.25,Bengali New Year’s Day (Nababarsha)/Bohag Bihu/Vishu/Himachal Day,https://www.rbi.org.in/Scripts/HolidayMatrixDisplay.aspx?drRegionalOffice=0&drMonth=4&drYear=2026 (POST form),Reserve Bank of India,2026-09-28
2026,2026-04-15,4,15,105,Pre-monsoon,Itanagar,Arunachal Pradesh,North-East,Bohag Bihu,Cultural (multi-faith),New Year,shared_date,4,0.25,Bengali New Year’s Day (Nababarsha)/Bohag Bihu/Vishu/Himachal Day,https://www.rbi.org.in/Scripts/HolidayMatrixDisplay.aspx?drRegionalOffice=0&drMonth=4&drYear=2026 (POST form),Reserve Bank of India,2026-09-28
2026,2026-04-15,4,15,105,Pre-monsoon,Itanagar,Arunachal Pradesh,North-East,Vishu,Hindu,New Year,shared_date,4,0.25,Bengali New Year’s Day (Nababarsha)/Bohag Bihu/Vishu/Himachal Day,https://www.rbi.org.in/Scripts/HolidayMatrixDisplay.aspx?drRegionalOffice=0&drMonth=4&drYear=2026 (POST form),Reserve Bank of India,2026-09-28
2026,2026-04-15,4,15,105,Pre-monsoon,Kochi,Kerala,South,Bengali New Year (Pohela Boishakh),Cultural (multi-faith),New Year,shared_date,4,0.25,Bengali New Year’s Day (Nababarsha)/Bohag Bihu/Vishu/Himachal Day,https://www.rbi.org.in/Scripts/HolidayMatrixDisplay.aspx?drRegionalOffice=0&drMonth=4&drYear=2026 (POST form),Reserve Bank of India,2026-09-28
2026,2026-04-15,4,15,105,Pre-monsoon,Kochi,Kerala,South,Bohag Bihu,Cultural (multi-faith),New Year,shared_date,4,0.25,Bengali New Year’s Day (Nababarsha)/Bohag Bihu/Vishu/Himachal Day,https://www.rbi.org.in/Scripts/HolidayMatrixDisplay.aspx?drRegionalOffice=0&drMonth=4&drYear=2026 (POST form),Reserve Bank of India,2026-09-28
2026,2026-04-15,4,15,105,Pre-monsoon,Kochi,Kerala,South,Vishu,Hindu,New Year,shared_date,4,0.25,Bengali New Year’s Day (Nababarsha)/Bohag Bihu/Vishu/Himachal Day,https://www.rbi.org.in/Scripts/HolidayMatrixDisplay.aspx?drRegionalOffice=0&drMonth=4&drYear=2026 (POST form),Reserve Bank of India,2026-09-28
2026,2026-04-15,4,15,105,Pre-monsoon,Kolkata,West Bengal,East,Bengali New Year (Pohela Boishakh),Cultural (multi-faith),New Year,shared_date,4,0.25,Bengali New Year’s Day (Nababarsha)/Bohag Bihu/Vishu/Himachal Day,https://www.rbi.org.in/Scripts/HolidayMatrixDisplay.aspx?drRegionalOffice=0&drMonth=4&drYear=2026 (POST form),Reserve Bank of India,2026-09-28
2026,2026-04-15,4,15,105,Pre-monsoon,Kolkata,West Bengal,East,Bohag Bihu,Cultural (multi-faith),New Year,shared_date,4,0.25,Bengali New Year’s Day (Nababarsha)/Bohag Bihu/Vishu/Himachal Day,https://www.rbi.org.in/Scripts/HolidayMatrixDisplay.aspx?drRegionalOffice=0&drMonth=4&drYear=2026 (POST form),Reserve Bank of India,2026-09-28
2026,2026-04-15,4,15,105,Pre-monsoon,Kolkata,West Bengal,East,Vishu,Hindu,New Year,shared_date,4,0.25,Bengali New Year’s Day (Nababarsha)/Bohag Bihu/Vishu/Himachal Day,https://www.rbi.org.in/Scripts/HolidayMatrixDisplay.aspx?drRegionalOffice=0&drMonth=4&drYear=2026 (POST form),Reserve Bank of India,2026-09-28
2026,2026-04-15,4,15,105,Pre-monsoon,Shimla,Himachal Pradesh,North,Bengali New Year (Pohela Boishakh),Cultural (multi-faith),New Year,shared_date,4,0.25,Bengali New Year’s Day (Nababarsha)/Bohag Bihu/Vishu/Himachal Day,https://www.rbi.org.in/Scripts/HolidayMatrixDisplay.aspx?drRegionalOffice=0&drMonth=4&drYear=2026 (POST form),Reserve Bank of India,2026-09-28
2026,2026-04-15,4,15,105,Pre-monsoon,Shimla,Himachal Pradesh,North,Bohag Bihu,Cultural (multi-faith),New Year,shared_date,4,0.25,Bengali New Year’s Day (Nababarsha)/Bohag Bihu/Vishu/Himachal Day,https://www.rbi.org.in/Scripts/HolidayMatrixDisplay.aspx?drRegionalOffice=0&drMonth=4&drYear=2026 (POST form),Reserve Bank of India,2026-09-28
2026,2026-04-15,4,15,105,Pre-monsoon,Shimla,Himachal Pradesh,North,Vishu,Hindu,New Year,shared_date,4,0.25,Bengali New Year’s Day (Nababarsha)/Bohag Bihu/Vishu/Himachal Day,https://www.rbi.org.in/Scripts/HolidayMatrixDisplay.aspx?drRegionalOffice=0&drMonth=4&drYear=2026 (POST form),Reserve Bank of India,2026-09-28
2026,2026-04-15,4,15,105,Pre-monsoon,Thiruvananthapuram,Kerala,South,Bengali New Year (Pohela Boishakh),Cultural (multi-faith),New Year,shared_date,4,0.25,Bengali New Year’s Day (Nababarsha)/Bohag Bihu/Vishu/Himachal Day,https://www.rbi.org.in/Scripts/HolidayMatrixDisplay.aspx?drRegionalOffice=0&drMonth=4&drYear=2026 (POST form),Reserve Bank of India,2026-09-28
2026,2026-04-15,4,15,105,Pre-monsoon,Thiruvananthapuram,Kerala,South,Bohag Bihu,Cultural (multi-faith),New Year,shared_date,4,0.25,Bengali New Year’s Day (Nababarsha)/Bohag Bihu/Vishu/Himachal Day,https://www.rbi.org.in/Scripts/HolidayMatrixDisplay.aspx?drRegionalOffice=0&drMonth=4&drYear=2026 (POST form),Reserve Bank of India,2026-09-28
2026,2026-04-15,4,15,105,Pre-monsoon,Thiruvananthapuram,Kerala,South,Vishu,Hindu,New Year,shared_date,4,0.25,Bengali New Year’s Day (Nababarsha)/Bohag Bihu/Vishu/Himachal Day,https://www.rbi.org.in/Scripts/HolidayMatrixDisplay.aspx?drRegionalOffice=0&drMonth=4&drYear=2026 (POST form),Reserve Bank of India,2026-09-28
2026,2026-04-16,4,16,106,Pre-monsoon,Guwahati,Assam,North-East,Bohag Bihu,Cultural (multi-faith),New Year,unique,1,1.0,Bohag Bihu,https://www.rbi.org.in/Scripts/HolidayMatrixDisplay.aspx?drRegionalOffice=0&drMonth=4&drYear=2026 (POST form),Reserve Bank of India,2026-09-28
2026,2026-04-20,4,20,110,Pre-monsoon,Bengaluru,Karnataka,South,Akshaya Tritiya,Hindu,Religious,shared_date,2,0.5,Basava Jayanti / Akshaya Tritiya,https://www.rbi.org.in/Scripts/HolidayMatrixDisplay.aspx?drRegionalOffice=0&drMonth=4&drYear=2026 (POST form),Reserve Bank of India,2026-09-28
2026,2026-04-20,4,20,110,Pre-monsoon,Bengaluru,Karnataka,South,Basava Jayanti,Hindu,Commemoration,shared_date,2,0.5,Basava Jayanti / Akshaya Tritiya,https://www.rbi.org.in/Scripts/HolidayMatrixDisplay.aspx?drRegionalOffice=0&drMonth=4&drYear=2026 (POST form),Reserve Bank of India,2026-09-28
2026,2026-04-21,4,21,111,Pre-monsoon,Agartala,Tripura,North-East,Garia Puja,Tribal/Indigenous,Religious,shared_date,2,0.5,"Garia Puja/General Election to Aizawl Municipal Corporation, 2026",https://www.rbi.org.in/Scripts/HolidayMatrixDisplay.aspx?drRegionalOffice=0&drMonth=4&drYear=2026 (POST form),Reserve Bank of India,2026-09-28
2026,2026-04-21,4,21,111,Pre-monsoon,Aizawl,Mizoram,North-East,Garia Puja,Tribal/Indigenous,Religious,shared_date,2,0.5,"Garia Puja/General Election to Aizawl Municipal Corporation, 2026",https://www.rbi.org.in/Scripts/HolidayMatrixDisplay.aspx?drRegionalOffice=0&drMonth=4&drYear=2026 (POST form),Reserve Bank of India,2026-09-28
2026,2026-05-01,5,1,121,Pre-monsoon,Agartala,Tripura,North-East,Buddha Purnima,Buddhist,Religious,shared_date,4,0.25,Maharashtra Din/Buddha Pournima/May Day (Labour Day)/Birth Anniversary of Pandit Raghunath Murmu,https://www.rbi.org.in/Scripts/HolidayMatrixDisplay.aspx?drRegionalOffice=0&drMonth=5&drYear=2026 (POST form),Reserve Bank of India,2026-09-28
2026,2026-05-01,5,1,121,Pre-monsoon,Aizawl,Mizoram,North-East,Buddha Purnima,Buddhist,Religious,shared_date,4,0.25,Maharashtra Din/Buddha Pournima/May Day (Labour Day)/Birth Anniversary of Pandit Raghunath Murmu,https://www.rbi.org.in/Scripts/HolidayMatrixDisplay.aspx?drRegionalOffice=0&drMonth=5&drYear=2026 (POST form),Reserve Bank of India,2026-09-28
2026,2026-05-01,5,1,121,Pre-monsoon,Belapur,Maharashtra,West,Buddha Purnima,Buddhist,Religious,shared_date,4,0.25,Maharashtra Din/Buddha Pournima/May Day (Labour Day)/Birth Anniversary of Pandit Raghunath Murmu,https://www.rbi.org.in/Scripts/HolidayMatrixDisplay.aspx?drRegionalOffice=0&drMonth=5&drYear=2026 (POST form),Reserve Bank of India,2026-09-28
2026,2026-05-01,5,1,121,Pre-monsoon,Bengaluru,Karnataka,South,Buddha Purnima,Buddhist,Religious,shared_date,4,0.25,Maharashtra Din/Buddha Pournima/May Day (Labour Day)/Birth Anniversary of Pandit Raghunath Murmu,https://www.rbi.org.in/Scripts/HolidayMatrixDisplay.aspx?drRegionalOffice=0&drMonth=5&drYear=2026 (POST form),Reserve Bank of India,2026-09-28
2026,2026-05-01,5,1,121,Pre-monsoon,Bhopal,Madhya Pradesh,Central,Buddha Purnima,Buddhist,Religious,shared_date,4,0.25,Maharashtra Din/Buddha Pournima/May Day (Labour Day)/Birth Anniversary of Pandit Raghunath Murmu,https://www.rbi.org.in/Scripts/HolidayMatrixDisplay.aspx?drRegionalOffice=0&drMonth=5&drYear=2026 (POST form),Reserve Bank of India,2026-09-28
2026,2026-05-01,5,1,121,Pre-monsoon,Chandigarh,Punjab-Haryana-Chandigarh,North,Buddha Purnima,Buddhist,Religious,shared_date,4,0.25,Maharashtra Din/Buddha Pournima/May Day (Labour Day)/Birth Anniversary of Pandit Raghunath Murmu,https://www.rbi.org.in/Scripts/HolidayMatrixDisplay.aspx?drRegionalOffice=0&drMonth=5&drYear=2026 (POST form),Reserve Bank of India,2026-09-28
2026,2026-05-01,5,1,121,Pre-monsoon,Chennai,Tamil Nadu,South,Buddha Purnima,Buddhist,Religious,shared_date,4,0.25,Maharashtra Din/Buddha Pournima/May Day (Labour Day)/Birth Anniversary of Pandit Raghunath Murmu,https://www.rbi.org.in/Scripts/HolidayMatrixDisplay.aspx?drRegionalOffice=0&drMonth=5&drYear=2026 (POST form),Reserve Bank of India,2026-09-28
2026,2026-05-01,5,1,121,Pre-monsoon,Dehradun,Uttarakhand,North,Buddha Purnima,Buddhist,Religious,shared_date,4,0.25,Maharashtra Din/Buddha Pournima/May Day (Labour Day)/Birth Anniversary of Pandit Raghunath Murmu,https://www.rbi.org.in/Scripts/HolidayMatrixDisplay.aspx?drRegionalOffice=0&drMonth=5&drYear=2026 (POST form),Reserve Bank of India,2026-09-28
2026,2026-05-01,5,1,121,Pre-monsoon,Guwahati,Assam,North-East,Buddha Purnima,Buddhist,Religious,shared_date,4,0.25,Maharashtra Din/Buddha Pournima/May Day (Labour Day)/Birth Anniversary of Pandit Raghunath Murmu,https://www.rbi.org.in/Scripts/HolidayMatrixDisplay.aspx?drRegionalOffice=0&drMonth=5&drYear=2026 (POST form),Reserve Bank of India,2026-09-28
2026,2026-05-01,5,1,121,Pre-monsoon,Hyderabad,Telangana,South,Buddha Purnima,Buddhist,Religious,shared_date,4,0.25,Maharashtra Din/Buddha Pournima/May Day (Labour Day)/Birth Anniversary of Pandit Raghunath Murmu,https://www.rbi.org.in/Scripts/HolidayMatrixDisplay.aspx?drRegionalOffice=0&drMonth=5&drYear=2026 (POST form),Reserve Bank of India,2026-09-28
2026,2026-05-01,5,1,121,Pre-monsoon,Imphal,Manipur,North-East,Buddha Purnima,Buddhist,Religious,shared_date,4,0.25,Maharashtra Din/Buddha Pournima/May Day (Labour Day)/Birth Anniversary of Pandit Raghunath Murmu,https://www.rbi.org.in/Scripts/HolidayMatrixDisplay.aspx?drRegionalOffice=0&drMonth=5&drYear=2026 (POST form),Reserve Bank of India,2026-09-28
2026,2026-05-01,5,1,121,Pre-monsoon,Itanagar,Arunachal Pradesh,North-East,Buddha Purnima,Buddhist,Religious,shared_date,4,0.25,Maharashtra Din/Buddha Pournima/May Day (Labour Day)/Birth Anniversary of Pandit Raghunath Murmu,https://www.rbi.org.in/Scripts/HolidayMatrixDisplay.aspx?drRegionalOffice=0&drMonth=5&drYear=2026 (POST form),Reserve Bank of India,2026-09-28
2026,2026-05-01,5,1,121,Pre-monsoon,Jammu,Jammu & Kashmir,North,Buddha Purnima,Buddhist,Religious,shared_date,4,0.25,Maharashtra Din/Buddha Pournima/May Day (Labour Day)/Birth Anniversary of Pandit Raghunath Murmu,https://www.rbi.org.in/Scripts/HolidayMatrixDisplay.aspx?drRegionalOffice=0&drMonth=5&drYear=2026 (POST form),Reserve Bank of India,2026-09-28
2026,2026-05-01,5,1,121,Pre-monsoon,Kanpur,Uttar Pradesh,North,Buddha Purnima,Buddhist,Religious,shared_date,4,0.25,Maharashtra Din/Buddha Pournima/May Day (Labour Day)/Birth Anniversary of Pandit Raghunath Murmu,https://www.rbi.org.in/Scripts/HolidayMatrixDisplay.aspx?drRegionalOffice=0&drMonth=5&drYear=2026 (POST form),Reserve Bank of India,2026-09-28
2026,2026-05-01,5,1,121,Pre-monsoon,Kochi,Kerala,South,Buddha Purnima,Buddhist,Religious,shared_date,4,0.25,Maharashtra Din/Buddha Pournima/May Day (Labour Day)/Birth Anniversary of Pandit Raghunath Murmu,https://www.rbi.org.in/Scripts/HolidayMatrixDisplay.aspx?drRegionalOffice=0&drMonth=5&drYear=2026 (POST form),Reserve Bank of India,2026-09-28
2026,2026-05-01,5,1,121,Pre-monsoon,Kolkata,West Bengal,East,Buddha Purnima,Buddhist,Religious,shared_date,4,0.25,Maharashtra Din/Buddha Pournima/May Day (Labour Day)/Birth Anniversary of Pandit Raghunath Murmu,https://www.rbi.org.in/Scripts/HolidayMatrixDisplay.aspx?drRegionalOffice=0&drMonth=5&drYear=2026 (POST form),Reserve Bank of India,2026-09-28
2026,2026-05-01,5,1,121,Pre-monsoon,Lucknow,Uttar Pradesh,North,Buddha Purnima,Buddhist,Religious,shared_date,4,0.25,Maharashtra Din/Buddha Pournima/May Day (Labour Day)/Birth Anniversary of Pandit Raghunath Murmu,https://www.rbi.org.in/Scripts/HolidayMatrixDisplay.aspx?drRegionalOffice=0&drMonth=5&drYear=2026 (POST form),Reserve Bank of India,2026-09-28
2026,2026-05-01,5,1,121,Pre-monsoon,Mumbai,Maharashtra,West,Buddha Purnima,Buddhist,Religious,shared_date,4,0.25,Maharashtra Din/Buddha Pournima/May Day (Labour Day)/Birth Anniversary of Pandit Raghunath Murmu,https://www.rbi.org.in/Scripts/HolidayMatrixDisplay.aspx?drRegionalOffice=0&drMonth=5&drYear=2026 (POST form),Reserve Bank of India,2026-09-28
2026,2026-05-01,5,1,121,Pre-monsoon,Nagpur,Maharashtra,West,Buddha Purnima,Buddhist,Religious,shared_date,4,0.25,Maharashtra Din/Buddha Pournima/May Day (Labour Day)/Birth Anniversary of Pandit Raghunath Murmu,https://www.rbi.org.in/Scripts/HolidayMatrixDisplay.aspx?drRegionalOffice=0&drMonth=5&drYear=2026 (POST form),Reserve Bank of India,2026-09-28
2026,2026-05-01,5,1,121,Pre-monsoon,New Delhi,Delhi,North,Buddha Purnima,Buddhist,Religious,shared_date,4,0.25,Maharashtra Din/Buddha Pournima/May Day (Labour Day)/Birth Anniversary of Pandit Raghunath Murmu,https://www.rbi.org.in/Scripts/HolidayMatrixDisplay.aspx?drRegionalOffice=0&drMonth=5&drYear=2026 (POST form),Reserve Bank of India,2026-09-28
2026,2026-05-01,5,1,121,Pre-monsoon,Panaji,Goa,West,Buddha Purnima,Buddhist,Religious,shared_date,4,0.25,Maharashtra Din/Buddha Pournima/May Day (Labour Day)/Birth Anniversary of Pandit Raghunath Murmu,https://www.rbi.org.in/Scripts/HolidayMatrixDisplay.aspx?drRegionalOffice=0&drMonth=5&drYear=2026 (POST form),Reserve Bank of India,2026-09-28
2026,2026-05-01,5,1,121,Pre-monsoon,Patna,Bihar,East,Buddha Purnima,Buddhist,Religious,shared_date,4,0.25,Maharashtra Din/Buddha Pournima/May Day (Labour Day)/Birth Anniversary of Pandit Raghunath Murmu,https://www.rbi.org.in/Scripts/HolidayMatrixDisplay.aspx?drRegionalOffice=0&drMonth=5&drYear=2026 (POST form),Reserve Bank of India,2026-09-28
2026,2026-05-01,5,1,121,Pre-monsoon,Raipur,Chhattisgarh,Central,Buddha Purnima,Buddhist,Religious,shared_date,4,0.25,Maharashtra Din/Buddha Pournima/May Day (Labour Day)/Birth Anniversary of Pandit Raghunath Murmu,https://www.rbi.org.in/Scripts/HolidayMatrixDisplay.aspx?drRegionalOffice=0&drMonth=5&drYear=2026 (POST form),Reserve Bank of India,2026-09-28
2026,2026-05-01,5,1,121,Pre-monsoon,Ranchi,Jharkhand,East,Buddha Purnima,Buddhist,Religious,shared_date,4,0.25,Maharashtra Din/Buddha Pournima/May Day (Labour Day)/Birth Anniversary of Pandit Raghunath Murmu,https://www.rbi.org.in/Scripts/HolidayMatrixDisplay.aspx?drRegionalOffice=0&drMonth=5&drYear=2026 (POST form),Reserve Bank of India,2026-09-28
2026,2026-05-01,5,1,121,Pre-monsoon,Shimla,Himachal Pradesh,North,Buddha Purnima,Buddhist,Religious,shared_date,4,0.25,Maharashtra Din/Buddha Pournima/May Day (Labour Day)/Birth Anniversary of Pandit Raghunath Murmu,https://www.rbi.org.in/Scripts/HolidayMatrixDisplay.aspx?drRegionalOffice=0&drMonth=5&drYear=2026 (POST form),Reserve Bank of India,2026-09-28
2026,2026-05-01,5,1,121,Pre-monsoon,Srinagar,Jammu & Kashmir,North,Buddha Purnima,Buddhist,Religious,shared_date,4,0.25,Maharashtra Din/Buddha Pournima/May Day (Labour Day)/Birth Anniversary of Pandit Raghunath Murmu,https://www.rbi.org.in/Scripts/HolidayMatrixDisplay.aspx?drRegionalOffice=0&drMonth=5&drYear=2026 (POST form),Reserve Bank of India,2026-09-28
2026,2026-05-01,5,1,121,Pre-monsoon,Thiruvananthapuram,Kerala,South,Buddha Purnima,Buddhist,Religious,shared_date,4,0.25,Maharashtra Din/Buddha Pournima/May Day (Labour Day)/Birth Anniversary of Pandit Raghunath Murmu,https://www.rbi.org.in/Scripts/HolidayMatrixDisplay.aspx?drRegionalOffice=0&drMonth=5&drYear=2026 (POST form),Reserve Bank of India,2026-09-28
2026,2026-05-01,5,1,121,Pre-monsoon,Vijayawada,Andhra Pradesh,South,Buddha Purnima,Buddhist,Religious,shared_date,4,0.25,Maharashtra Din/Buddha Pournima/May Day (Labour Day)/Birth Anniversary of Pandit Raghunath Murmu,https://www.rbi.org.in/Scripts/HolidayMatrixDisplay.aspx?drRegionalOffice=0&drMonth=5&drYear=2026 (POST form),Reserve Bank of India,2026-09-28
2026,2026-05-27,5,27,147,Pre-monsoon,Guwahati,Assam,North-East,Eid-ul-Adha (Bakrid),Muslim,Religious,unique,1,1.0,Eid-UI-Adha-(Bakri-Eid)/Id-ul-Zuha,https://www.rbi.org.in/Scripts/HolidayMatrixDisplay.aspx?drRegionalOffice=0&drMonth=5&drYear=2026 (POST form),Reserve Bank of India,2026-09-28
2026,2026-05-27,5,27,147,Pre-monsoon,Jammu,Jammu & Kashmir,North,Eid-ul-Adha (Bakrid),Muslim,Religious,unique,1,1.0,Eid-UI-Adha-(Bakri-Eid)/Id-ul-Zuha,https://www.rbi.org.in/Scripts/HolidayMatrixDisplay.aspx?drRegionalOffice=0&drMonth=5&drYear=2026 (POST form),Reserve Bank of India,2026-09-28
2026,2026-05-27,5,27,147,Pre-monsoon,Kochi,Kerala,South,Eid-ul-Adha (Bakrid),Muslim,Religious,unique,1,1.0,Eid-UI-Adha-(Bakri-Eid)/Id-ul-Zuha,https://www.rbi.org.in/Scripts/HolidayMatrixDisplay.aspx?drRegionalOffice=0&drMonth=5&drYear=2026 (POST form),Reserve Bank of India,2026-09-28
2026,2026-05-27,5,27,147,Pre-monsoon,Srinagar,Jammu & Kashmir,North,Eid-ul-Adha (Bakrid),Muslim,Religious,unique,1,1.0,Eid-UI-Adha-(Bakri-Eid)/Id-ul-Zuha,https://www.rbi.org.in/Scripts/HolidayMatrixDisplay.aspx?drRegionalOffice=0&drMonth=5&drYear=2026 (POST form),Reserve Bank of India,2026-09-28
2026,2026-05-27,5,27,147,Pre-monsoon,Thiruvananthapuram,Kerala,South,Eid-ul-Adha (Bakrid),Muslim,Religious,unique,1,1.0,Eid-UI-Adha-(Bakri-Eid)/Id-ul-Zuha,https://www.rbi.org.in/Scripts/HolidayMatrixDisplay.aspx?drRegionalOffice=0&drMonth=5&drYear=2026 (POST form),Reserve Bank of India,2026-09-28
2026,2026-05-28,5,28,148,Pre-monsoon,Agartala,Tripura,North-East,Eid-ul-Adha (Bakrid),Muslim,Religious,unique,1,1.0,Bakri ID (Id-Uz-Zuha),https://www.rbi.org.in/Scripts/HolidayMatrixDisplay.aspx?drRegionalOffice=0&drMonth=5&drYear=2026 (POST form),Reserve Bank of India,2026-09-28
2026,2026-05-28,5,28,148,Pre-monsoon,Ahmedabad,Gujarat,West,Eid-ul-Adha (Bakrid),Muslim,Religious,unique,1,1.0,Bakri ID (Id-Uz-Zuha),https://www.rbi.org.in/Scripts/HolidayMatrixDisplay.aspx?drRegionalOffice=0&drMonth=5&drYear=2026 (POST form),Reserve Bank of India,2026-09-28
2026,2026-05-28,5,28,148,Pre-monsoon,Aizawl,Mizoram,North-East,Eid-ul-Adha (Bakrid),Muslim,Religious,unique,1,1.0,Bakri ID (Id-Uz-Zuha),https://www.rbi.org.in/Scripts/HolidayMatrixDisplay.aspx?drRegionalOffice=0&drMonth=5&drYear=2026 (POST form),Reserve Bank of India,2026-09-28
2026,2026-05-28,5,28,148,Pre-monsoon,Belapur,Maharashtra,West,Eid-ul-Adha (Bakrid),Muslim,Religious,unique,1,1.0,Bakri ID (Id-Uz-Zuha),https://www.rbi.org.in/Scripts/HolidayMatrixDisplay.aspx?drRegionalOffice=0&drMonth=5&drYear=2026 (POST form),Reserve Bank of India,2026-09-28
2026,2026-05-28,5,28,148,Pre-monsoon,Bengaluru,Karnataka,South,Eid-ul-Adha (Bakrid),Muslim,Religious,unique,1,1.0,Bakri ID (Id-Uz-Zuha),https://www.rbi.org.in/Scripts/HolidayMatrixDisplay.aspx?drRegionalOffice=0&drMonth=5&drYear=2026 (POST form),Reserve Bank of India,2026-09-28
2026,2026-05-28,5,28,148,Pre-monsoon,Bhopal,Madhya Pradesh,Central,Eid-ul-Adha (Bakrid),Muslim,Religious,unique,1,1.0,Bakri ID (Id-Uz-Zuha),https://www.rbi.org.in/Scripts/HolidayMatrixDisplay.aspx?drRegionalOffice=0&drMonth=5&drYear=2026 (POST form),Reserve Bank of India,2026-09-28
2026,2026-05-28,5,28,148,Pre-monsoon,Chandigarh,Punjab-Haryana-Chandigarh,North,Eid-ul-Adha (Bakrid),Muslim,Religious,unique,1,1.0,Bakri ID (Id-Uz-Zuha),https://www.rbi.org.in/Scripts/HolidayMatrixDisplay.aspx?drRegionalOffice=0&drMonth=5&drYear=2026 (POST form),Reserve Bank of India,2026-09-28
2026,2026-05-28,5,28,148,Pre-monsoon,Chennai,Tamil Nadu,South,Eid-ul-Adha (Bakrid),Muslim,Religious,unique,1,1.0,Bakri ID (Id-Uz-Zuha),https://www.rbi.org.in/Scripts/HolidayMatrixDisplay.aspx?drRegionalOffice=0&drMonth=5&drYear=2026 (POST form),Reserve Bank of India,2026-09-28
2026,2026-05-28,5,28,148,Pre-monsoon,Dehradun,Uttarakhand,North,Eid-ul-Adha (Bakrid),Muslim,Religious,unique,1,1.0,Bakri ID (Id-Uz-Zuha),https://www.rbi.org.in/Scripts/HolidayMatrixDisplay.aspx?drRegionalOffice=0&drMonth=5&drYear=2026 (POST form),Reserve Bank of India,2026-09-28
2026,2026-05-28,5,28,148,Pre-monsoon,Hyderabad,Telangana,South,Eid-ul-Adha (Bakrid),Muslim,Religious,unique,1,1.0,Bakri ID (Id-Uz-Zuha),https://www.rbi.org.in/Scripts/HolidayMatrixDisplay.aspx?drRegionalOffice=0&drMonth=5&drYear=2026 (POST form),Reserve Bank of India,2026-09-28
2026,2026-05-28,5,28,148,Pre-monsoon,Imphal,Manipur,North-East,Eid-ul-Adha (Bakrid),Muslim,Religious,unique,1,1.0,Bakri ID (Id-Uz-Zuha),https://www.rbi.org.in/Scripts/HolidayMatrixDisplay.aspx?drRegionalOffice=0&drMonth=5&drYear=2026 (POST form),Reserve Bank of India,2026-09-28
2026,2026-05-28,5,28,148,Pre-monsoon,Jaipur,Rajasthan,North,Eid-ul-Adha (Bakrid),Muslim,Religious,unique,1,1.0,Bakri ID (Id-Uz-Zuha),https://www.rbi.org.in/Scripts/HolidayMatrixDisplay.aspx?drRegionalOffice=0&drMonth=5&drYear=2026 (POST form),Reserve Bank of India,2026-09-28
2026,2026-05-28,5,28,148,Pre-monsoon,Jammu,Jammu & Kashmir,North,Eid-ul-Adha (Bakrid),Muslim,Religious,unique,1,1.0,Bakri ID (Id-Uz-Zuha),https://www.rbi.org.in/Scripts/HolidayMatrixDisplay.aspx?drRegionalOffice=0&drMonth=5&drYear=2026 (POST form),Reserve Bank of India,2026-09-28
2026,2026-05-28,5,28,148,Pre-monsoon,Kanpur,Uttar Pradesh,North,Eid-ul-Adha (Bakrid),Muslim,Religious,unique,1,1.0,Bakri ID (Id-Uz-Zuha),https://www.rbi.org.in/Scripts/HolidayMatrixDisplay.aspx?drRegionalOffice=0&drMonth=5&drYear=2026 (POST form),Reserve Bank of India,2026-09-28
2026,2026-05-28,5,28,148,Pre-monsoon,Kochi,Kerala,South,Eid-ul-Adha (Bakrid),Muslim,Religious,unique,1,1.0,Bakri ID (Id-Uz-Zuha),https://www.rbi.org.in/Scripts/HolidayMatrixDisplay.aspx?drRegionalOffice=0&drMonth=5&drYear=2026 (POST form),Reserve Bank of India,2026-09-28
2026,2026-05-28,5,28,148,Pre-monsoon,Kohima,Nagaland,North-East,Eid-ul-Adha (Bakrid),Muslim,Religious,unique,1,1.0,Bakri ID (Id-Uz-Zuha),https://www.rbi.org.in/Scripts/HolidayMatrixDisplay.aspx?drRegionalOffice=0&drMonth=5&drYear=2026 (POST form),Reserve Bank of India,2026-09-28
2026,2026-05-28,5,28,148,Pre-monsoon,Kolkata,West Bengal,East,Eid-ul-Adha (Bakrid),Muslim,Religious,unique,1,1.0,Bakri ID (Id-Uz-Zuha),https://www.rbi.org.in/Scripts/HolidayMatrixDisplay.aspx?drRegionalOffice=0&drMonth=5&drYear=2026 (POST form),Reserve Bank of India,2026-09-28
2026,2026-05-28,5,28,148,Pre-monsoon,Lucknow,Uttar Pradesh,North,Eid-ul-Adha (Bakrid),Muslim,Religious,unique,1,1.0,Bakri ID (Id-Uz-Zuha),https://www.rbi.org.in/Scripts/HolidayMatrixDisplay.aspx?drRegionalOffice=0&drMonth=5&drYear=2026 (POST form),Reserve Bank of India,2026-09-28
2026,2026-05-28,5,28,148,Pre-monsoon,Mumbai,Maharashtra,West,Eid-ul-Adha (Bakrid),Muslim,Religious,unique,1,1.0,Bakri ID (Id-Uz-Zuha),https://www.rbi.org.in/Scripts/HolidayMatrixDisplay.aspx?drRegionalOffice=0&drMonth=5&drYear=2026 (POST form),Reserve Bank of India,2026-09-28
2026,2026-05-28,5,28,148,Pre-monsoon,Nagpur,Maharashtra,West,Eid-ul-Adha (Bakrid),Muslim,Religious,unique,1,1.0,Bakri ID (Id-Uz-Zuha),https://www.rbi.org.in/Scripts/HolidayMatrixDisplay.aspx?drRegionalOffice=0&drMonth=5&drYear=2026 (POST form),Reserve Bank of India,2026-09-28
2026,2026-05-28,5,28,148,Pre-monsoon,New Delhi,Delhi,North,Eid-ul-Adha (Bakrid),Muslim,Religious,unique,1,1.0,Bakri ID (Id-Uz-Zuha),https://www.rbi.org.in/Scripts/HolidayMatrixDisplay.aspx?drRegionalOffice=0&drMonth=5&drYear=2026 (POST form),Reserve Bank of India,2026-09-28
2026,2026-05-28,5,28,148,Pre-monsoon,Panaji,Goa,West,Eid-ul-Adha (Bakrid),Muslim,Religious,unique,1,1.0,Bakri ID (Id-Uz-Zuha),https://www.rbi.org.in/Scripts/HolidayMatrixDisplay.aspx?drRegionalOffice=0&drMonth=5&drYear=2026 (POST form),Reserve Bank of India,2026-09-28
2026,2026-05-28,5,28,148,Pre-monsoon,Patna,Bihar,East,Eid-ul-Adha (Bakrid),Muslim,Religious,unique,1,1.0,Bakri ID (Id-Uz-Zuha),https://www.rbi.org.in/Scripts/HolidayMatrixDisplay.aspx?drRegionalOffice=0&drMonth=5&drYear=2026 (POST form),Reserve Bank of India,2026-09-28
2026,2026-05-28,5,28,148,Pre-monsoon,Raipur,Chhattisgarh,Central,Eid-ul-Adha (Bakrid),Muslim,Religious,unique,1,1.0,Bakri ID (Id-Uz-Zuha),https://www.rbi.org.in/Scripts/HolidayMatrixDisplay.aspx?drRegionalOffice=0&drMonth=5&drYear=2026 (POST form),Reserve Bank of India,2026-09-28
2026,2026-05-28,5,28,148,Pre-monsoon,Ranchi,Jharkhand,East,Eid-ul-Adha (Bakrid),Muslim,Religious,unique,1,1.0,Bakri ID (Id-Uz-Zuha),https://www.rbi.org.in/Scripts/HolidayMatrixDisplay.aspx?drRegionalOffice=0&drMonth=5&drYear=2026 (POST form),Reserve Bank of India,2026-09-28
2026,2026-05-28,5,28,148,Pre-monsoon,Shillong,Meghalaya,North-East,Eid-ul-Adha (Bakrid),Muslim,Religious,unique,1,1.0,Bakri ID (Id-Uz-Zuha),https://www.rbi.org.in/Scripts/HolidayMatrixDisplay.aspx?drRegionalOffice=0&drMonth=5&drYear=2026 (POST form),Reserve Bank of India,2026-09-28
2026,2026-05-28,5,28,148,Pre-monsoon,Shimla,Himachal Pradesh,North,Eid-ul-Adha (Bakrid),Muslim,Religious,unique,1,1.0,Bakri ID (Id-Uz-Zuha),https://www.rbi.org.in/Scripts/HolidayMatrixDisplay.aspx?drRegionalOffice=0&drMonth=5&drYear=2026 (POST form),Reserve Bank of India,2026-09-28
2026,2026-05-28,5,28,148,Pre-monsoon,Srinagar,Jammu & Kashmir,North,Eid-ul-Adha (Bakrid),Muslim,Religious,unique,1,1.0,Bakri ID (Id-Uz-Zuha),https://www.rbi.org.in/Scripts/HolidayMatrixDisplay.aspx?drRegionalOffice=0&drMonth=5&drYear=2026 (POST form),Reserve Bank of India,2026-09-28
2026,2026-05-28,5,28,148,Pre-monsoon,Thiruvananthapuram,Kerala,South,Eid-ul-Adha (Bakrid),Muslim,Religious,unique,1,1.0,Bakri ID (Id-Uz-Zuha),https://www.rbi.org.in/Scripts/HolidayMatrixDisplay.aspx?drRegionalOffice=0&drMonth=5&drYear=2026 (POST form),Reserve Bank of India,2026-09-28
2026,2026-05-28,5,28,148,Pre-monsoon,Vijayawada,Andhra Pradesh,South,Eid-ul-Adha (Bakrid),Muslim,Religious,unique,1,1.0,Bakri ID (Id-Uz-Zuha),https://www.rbi.org.in/Scripts/HolidayMatrixDisplay.aspx?drRegionalOffice=0&drMonth=5&drYear=2026 (POST form),Reserve Bank of India,2026-09-28
2026,2026-06-15,6,15,166,Monsoon,Aizawl,Mizoram,North-East,Raja Sankranti,Hindu,Seasonal,shared_date,2,0.5,YMA Day/Raja Sankranti,https://www.rbi.org.in/Scripts/HolidayMatrixDisplay.aspx?drRegionalOffice=0&drMonth=6&drYear=2026 (POST form),Reserve Bank of India,2026-09-28
2026,2026-06-15,6,15,166,Monsoon,Bhubaneswar,Odisha,East,Raja Sankranti,Hindu,Seasonal,shared_date,2,0.5,YMA Day/Raja Sankranti,https://www.rbi.org.in/Scripts/HolidayMatrixDisplay.aspx?drRegionalOffice=0&drMonth=6&drYear=2026 (POST form),Reserve Bank of India,2026-09-28
2026,2026-06-26,6,26,177,Monsoon,Agartala,Tripura,North-East,Muharram / Ashura,Muslim,Religious,unique,1,1.0,Muharram (Yaom-EShahadath)/Last Day of Moharam/Ashoora,https://www.rbi.org.in/Scripts/HolidayMatrixDisplay.aspx?drRegionalOffice=0&drMonth=6&drYear=2026 (POST form),Reserve Bank of India,2026-09-28
2026,2026-06-26,6,26,177,Monsoon,Aizawl,Mizoram,North-East,Muharram / Ashura,Muslim,Religious,unique,1,1.0,Muharram (Yaom-EShahadath)/Last Day of Moharam/Ashoora,https://www.rbi.org.in/Scripts/HolidayMatrixDisplay.aspx?drRegionalOffice=0&drMonth=6&drYear=2026 (POST form),Reserve Bank of India,2026-09-28
2026,2026-06-26,6,26,177,Monsoon,Belapur,Maharashtra,West,Muharram / Ashura,Muslim,Religious,unique,1,1.0,Muharram (Yaom-EShahadath)/Last Day of Moharam/Ashoora,https://www.rbi.org.in/Scripts/HolidayMatrixDisplay.aspx?drRegionalOffice=0&drMonth=6&drYear=2026 (POST form),Reserve Bank of India,2026-09-28
2026,2026-06-26,6,26,177,Monsoon,Bengaluru,Karnataka,South,Muharram / Ashura,Muslim,Religious,unique,1,1.0,Muharram (Yaom-EShahadath)/Last Day of Moharam/Ashoora,https://www.rbi.org.in/Scripts/HolidayMatrixDisplay.aspx?drRegionalOffice=0&drMonth=6&drYear=2026 (POST form),Reserve Bank of India,2026-09-28
2026,2026-06-26,6,26,177,Monsoon,Bhopal,Madhya Pradesh,Central,Muharram / Ashura,Muslim,Religious,unique,1,1.0,Muharram (Yaom-EShahadath)/Last Day of Moharam/Ashoora,https://www.rbi.org.in/Scripts/HolidayMatrixDisplay.aspx?drRegionalOffice=0&drMonth=6&drYear=2026 (POST form),Reserve Bank of India,2026-09-28
2026,2026-06-26,6,26,177,Monsoon,Chennai,Tamil Nadu,South,Muharram / Ashura,Muslim,Religious,unique,1,1.0,Muharram (Yaom-EShahadath)/Last Day of Moharam/Ashoora,https://www.rbi.org.in/Scripts/HolidayMatrixDisplay.aspx?drRegionalOffice=0&drMonth=6&drYear=2026 (POST form),Reserve Bank of India,2026-09-28
2026,2026-06-26,6,26,177,Monsoon,Hyderabad,Telangana,South,Muharram / Ashura,Muslim,Religious,unique,1,1.0,Muharram (Yaom-EShahadath)/Last Day of Moharam/Ashoora,https://www.rbi.org.in/Scripts/HolidayMatrixDisplay.aspx?drRegionalOffice=0&drMonth=6&drYear=2026 (POST form),Reserve Bank of India,2026-09-28
2026,2026-06-26,6,26,177,Monsoon,Jammu,Jammu & Kashmir,North,Muharram / Ashura,Muslim,Religious,unique,1,1.0,Muharram (Yaom-EShahadath)/Last Day of Moharam/Ashoora,https://www.rbi.org.in/Scripts/HolidayMatrixDisplay.aspx?drRegionalOffice=0&drMonth=6&drYear=2026 (POST form),Reserve Bank of India,2026-09-28
2026,2026-06-26,6,26,177,Monsoon,Kanpur,Uttar Pradesh,North,Muharram / Ashura,Muslim,Religious,unique,1,1.0,Muharram (Yaom-EShahadath)/Last Day of Moharam/Ashoora,https://www.rbi.org.in/Scripts/HolidayMatrixDisplay.aspx?drRegionalOffice=0&drMonth=6&drYear=2026 (POST form),Reserve Bank of India,2026-09-28
2026,2026-06-26,6,26,177,Monsoon,Kolkata,West Bengal,East,Muharram / Ashura,Muslim,Religious,unique,1,1.0,Muharram (Yaom-EShahadath)/Last Day of Moharam/Ashoora,https://www.rbi.org.in/Scripts/HolidayMatrixDisplay.aspx?drRegionalOffice=0&drMonth=6&drYear=2026 (POST form),Reserve Bank of India,2026-09-28
2026,2026-06-26,6,26,177,Monsoon,Lucknow,Uttar Pradesh,North,Muharram / Ashura,Muslim,Religious,unique,1,1.0,Muharram (Yaom-EShahadath)/Last Day of Moharam/Ashoora,https://www.rbi.org.in/Scripts/HolidayMatrixDisplay.aspx?drRegionalOffice=0&drMonth=6&drYear=2026 (POST form),Reserve Bank of India,2026-09-28
2026,2026-06-26,6,26,177,Monsoon,Mumbai,Maharashtra,West,Muharram / Ashura,Muslim,Religious,unique,1,1.0,Muharram (Yaom-EShahadath)/Last Day of Moharam/Ashoora,https://www.rbi.org.in/Scripts/HolidayMatrixDisplay.aspx?drRegionalOffice=0&drMonth=6&drYear=2026 (POST form),Reserve Bank of India,2026-09-28
2026,2026-06-26,6,26,177,Monsoon,Nagpur,Maharashtra,West,Muharram / Ashura,Muslim,Religious,unique,1,1.0,Muharram (Yaom-EShahadath)/Last Day of Moharam/Ashoora,https://www.rbi.org.in/Scripts/HolidayMatrixDisplay.aspx?drRegionalOffice=0&drMonth=6&drYear=2026 (POST form),Reserve Bank of India,2026-09-28
2026,2026-06-26,6,26,177,Monsoon,New Delhi,Delhi,North,Muharram / Ashura,Muslim,Religious,unique,1,1.0,Muharram (Yaom-EShahadath)/Last Day of Moharam/Ashoora,https://www.rbi.org.in/Scripts/HolidayMatrixDisplay.aspx?drRegionalOffice=0&drMonth=6&drYear=2026 (POST form),Reserve Bank of India,2026-09-28
2026,2026-06-26,6,26,177,Monsoon,Patna,Bihar,East,Muharram / Ashura,Muslim,Religious,unique,1,1.0,Muharram (Yaom-EShahadath)/Last Day of Moharam/Ashoora,https://www.rbi.org.in/Scripts/HolidayMatrixDisplay.aspx?drRegionalOffice=0&drMonth=6&drYear=2026 (POST form),Reserve Bank of India,2026-09-28
2026,2026-06-26,6,26,177,Monsoon,Raipur,Chhattisgarh,Central,Muharram / Ashura,Muslim,Religious,unique,1,1.0,Muharram (Yaom-EShahadath)/Last Day of Moharam/Ashoora,https://www.rbi.org.in/Scripts/HolidayMatrixDisplay.aspx?drRegionalOffice=0&drMonth=6&drYear=2026 (POST form),Reserve Bank of India,2026-09-28
2026,2026-06-26,6,26,177,Monsoon,Ranchi,Jharkhand,East,Muharram / Ashura,Muslim,Religious,unique,1,1.0,Muharram (Yaom-EShahadath)/Last Day of Moharam/Ashoora,https://www.rbi.org.in/Scripts/HolidayMatrixDisplay.aspx?drRegionalOffice=0&drMonth=6&drYear=2026 (POST form),Reserve Bank of India,2026-09-28
2026,2026-06-26,6,26,177,Monsoon,Srinagar,Jammu & Kashmir,North,Muharram / Ashura,Muslim,Religious,unique,1,1.0,Muharram (Yaom-EShahadath)/Last Day of Moharam/Ashoora,https://www.rbi.org.in/Scripts/HolidayMatrixDisplay.aspx?drRegionalOffice=0&drMonth=6&drYear=2026 (POST form),Reserve Bank of India,2026-09-28
2026,2026-06-26,6,26,177,Monsoon,Vijayawada,Andhra Pradesh,South,Muharram / Ashura,Muslim,Religious,unique,1,1.0,Muharram (Yaom-EShahadath)/Last Day of Moharam/Ashoora,https://www.rbi.org.in/Scripts/HolidayMatrixDisplay.aspx?drRegionalOffice=0&drMonth=6&drYear=2026 (POST form),Reserve Bank of India,2026-09-28
2026,2026-06-29,6,29,180,Monsoon,Shimla,Himachal Pradesh,North,Sant Kabir Jayanti,Hindu,Commemoration,unique,1,1.0,Sant Guru Kabir Jayanti,https://www.rbi.org.in/Scripts/HolidayMatrixDisplay.aspx?drRegionalOffice=0&drMonth=6&drYear=2026 (POST form),Reserve Bank of India,2026-09-28
2026,2026-07-09,7,9,190,Monsoon,Shillong,Meghalaya,North-East,Behdienkhlam,Tribal/Indigenous,Religious,unique,1,1.0,Beh Deinkhlam,https://www.rbi.org.in/Scripts/HolidayMatrixDisplay.aspx?drRegionalOffice=0&drMonth=7&drYear=2026 (POST form),Reserve Bank of India,2026-09-28
2026,2026-07-16,7,16,197,Monsoon,Bhubaneswar,Odisha,East,Harela,Hindu,Seasonal,shared_date,2,0.5,Ratha Yatra/Kang (Rathajatra)/Harela,https://www.rbi.org.in/Scripts/HolidayMatrixDisplay.aspx?drRegionalOffice=0&drMonth=7&drYear=2026 (POST form),Reserve Bank of India,2026-09-28
2026,2026-07-16,7,16,197,Monsoon,Bhubaneswar,Odisha,East,Rath Yatra,Hindu,Religious,shared_date,2,0.5,Ratha Yatra/Kang (Rathajatra)/Harela,https://www.rbi.org.in/Scripts/HolidayMatrixDisplay.aspx?drRegionalOffice=0&drMonth=7&drYear=2026 (POST form),Reserve Bank of India,2026-09-28
2026,2026-07-16,7,16,197,Monsoon,Dehradun,Uttarakhand,North,Harela,Hindu,Seasonal,shared_date,2,0.5,Ratha Yatra/Kang (Rathajatra)/Harela,https://www.rbi.org.in/Scripts/HolidayMatrixDisplay.aspx?drRegionalOffice=0&drMonth=7&drYear=2026 (POST form),Reserve Bank of India,2026-09-28
2026,2026-07-16,7,16,197,Monsoon,Dehradun,Uttarakhand,North,Rath Yatra,Hindu,Religious,shared_date,2,0.5,Ratha Yatra/Kang (Rathajatra)/Harela,https://www.rbi.org.in/Scripts/HolidayMatrixDisplay.aspx?drRegionalOffice=0&drMonth=7&drYear=2026 (POST form),Reserve Bank of India,2026-09-28
2026,2026-07-16,7,16,197,Monsoon,Imphal,Manipur,North-East,Harela,Hindu,Seasonal,shared_date,2,0.5,Ratha Yatra/Kang (Rathajatra)/Harela,https://www.rbi.org.in/Scripts/HolidayMatrixDisplay.aspx?drRegionalOffice=0&drMonth=7&drYear=2026 (POST form),Reserve Bank of India,2026-09-28
2026,2026-07-16,7,16,197,Monsoon,Imphal,Manipur,North-East,Rath Yatra,Hindu,Religious,shared_date,2,0.5,Ratha Yatra/Kang (Rathajatra)/Harela,https://www.rbi.org.in/Scripts/HolidayMatrixDisplay.aspx?drRegionalOffice=0&drMonth=7&drYear=2026 (POST form),Reserve Bank of India,2026-09-28
2026,2026-07-18,7,18,199,Monsoon,Gangtok,Sikkim,North-East,Drukpa Tshe-zi,Buddhist,Religious,unique,1,1.0,Drukpa Tshe-zi,https://www.rbi.org.in/Scripts/HolidayMatrixDisplay.aspx?drRegionalOffice=0&drMonth=7&drYear=2026 (POST form),Reserve Bank of India,2026-09-28
2026,2026-07-22,7,22,203,Monsoon,Agartala,Tripura,North-East,Kharchi Puja,Tribal/Indigenous,Religious,unique,1,1.0,Kharchi Puja,https://www.rbi.org.in/Scripts/HolidayMatrixDisplay.aspx?drRegionalOffice=0&drMonth=7&drYear=2026 (POST form),Reserve Bank of India,2026-09-28
2026,2026-08-04,8,4,216,Monsoon,Agartala,Tripura,North-East,Ker Puja,Tribal/Indigenous,Religious,unique,1,1.0,Ker Puja,https://www.rbi.org.in/Scripts/HolidayMatrixDisplay.aspx?drRegionalOffice=0&drMonth=8&drYear=2026 (POST form),Reserve Bank of India,2026-09-28
2026,2026-08-08,8,8,220,Monsoon,Gangtok,Sikkim,North-East,Tendong Lho Rum Faat,Tribal/Indigenous,Religious,unique,1,1.0,Tendong Lho Rum Faat,https://www.rbi.org.in/Scripts/HolidayMatrixDisplay.aspx?drRegionalOffice=0&drMonth=8&drYear=2026 (POST form),Reserve Bank of India,2026-09-28
2026,2026-08-15,8,15,227,Monsoon,Agartala,Tripura,North-East,"Parsi New Year (Navroz, Shahenshahi)",Parsi,New Year,shared_date,2,0.5,Independence Day/Parsi New Year (Shahenshahi),https://www.rbi.org.in/Scripts/HolidayMatrixDisplay.aspx?drRegionalOffice=0&drMonth=8&drYear=2026 (POST form),Reserve Bank of India,2026-09-28
2026,2026-08-15,8,15,227,Monsoon,Ahmedabad,Gujarat,West,"Parsi New Year (Navroz, Shahenshahi)",Parsi,New Year,shared_date,2,0.5,Independence Day/Parsi New Year (Shahenshahi),https://www.rbi.org.in/Scripts/HolidayMatrixDisplay.aspx?drRegionalOffice=0&drMonth=8&drYear=2026 (POST form),Reserve Bank of India,2026-09-28
2026,2026-08-15,8,15,227,Monsoon,Aizawl,Mizoram,North-East,"Parsi New Year (Navroz, Shahenshahi)",Parsi,New Year,shared_date,2,0.5,Independence Day/Parsi New Year (Shahenshahi),https://www.rbi.org.in/Scripts/HolidayMatrixDisplay.aspx?drRegionalOffice=0&drMonth=8&drYear=2026 (POST form),Reserve Bank of India,2026-09-28
2026,2026-08-15,8,15,227,Monsoon,Belapur,Maharashtra,West,"Parsi New Year (Navroz, Shahenshahi)",Parsi,New Year,shared_date,2,0.5,Independence Day/Parsi New Year (Shahenshahi),https://www.rbi.org.in/Scripts/HolidayMatrixDisplay.aspx?drRegionalOffice=0&drMonth=8&drYear=2026 (POST form),Reserve Bank of India,2026-09-28
2026,2026-08-15,8,15,227,Monsoon,Bengaluru,Karnataka,South,"Parsi New Year (Navroz, Shahenshahi)",Parsi,New Year,shared_date,2,0.5,Independence Day/Parsi New Year (Shahenshahi),https://www.rbi.org.in/Scripts/HolidayMatrixDisplay.aspx?drRegionalOffice=0&drMonth=8&drYear=2026 (POST form),Reserve Bank of India,2026-09-28
2026,2026-08-15,8,15,227,Monsoon,Bhopal,Madhya Pradesh,Central,"Parsi New Year (Navroz, Shahenshahi)",Parsi,New Year,shared_date,2,0.5,Independence Day/Parsi New Year (Shahenshahi),https://www.rbi.org.in/Scripts/HolidayMatrixDisplay.aspx?drRegionalOffice=0&drMonth=8&drYear=2026 (POST form),Reserve Bank of India,2026-09-28
2026,2026-08-15,8,15,227,Monsoon,Bhubaneswar,Odisha,East,"Parsi New Year (Navroz, Shahenshahi)",Parsi,New Year,shared_date,2,0.5,Independence Day/Parsi New Year (Shahenshahi),https://www.rbi.org.in/Scripts/HolidayMatrixDisplay.aspx?drRegionalOffice=0&drMonth=8&drYear=2026 (POST form),Reserve Bank of India,2026-09-28
2026,2026-08-15,8,15,227,Monsoon,Chandigarh,Punjab-Haryana-Chandigarh,North,"Parsi New Year (Navroz, Shahenshahi)",Parsi,New Year,shared_date,2,0.5,Independence Day/Parsi New Year (Shahenshahi),https://www.rbi.org.in/Scripts/HolidayMatrixDisplay.aspx?drRegionalOffice=0&drMonth=8&drYear=2026 (POST form),Reserve Bank of India,2026-09-28
2026,2026-08-15,8,15,227,Monsoon,Chennai,Tamil Nadu,South,"Parsi New Year (Navroz, Shahenshahi)",Parsi,New Year,shared_date,2,0.5,Independence Day/Parsi New Year (Shahenshahi),https://www.rbi.org.in/Scripts/HolidayMatrixDisplay.aspx?drRegionalOffice=0&drMonth=8&drYear=2026 (POST form),Reserve Bank of India,2026-09-28
2026,2026-08-15,8,15,227,Monsoon,Dehradun,Uttarakhand,North,"Parsi New Year (Navroz, Shahenshahi)",Parsi,New Year,shared_date,2,0.5,Independence Day/Parsi New Year (Shahenshahi),https://www.rbi.org.in/Scripts/HolidayMatrixDisplay.aspx?drRegionalOffice=0&drMonth=8&drYear=2026 (POST form),Reserve Bank of India,2026-09-28
2026,2026-08-15,8,15,227,Monsoon,Gangtok,Sikkim,North-East,"Parsi New Year (Navroz, Shahenshahi)",Parsi,New Year,shared_date,2,0.5,Independence Day/Parsi New Year (Shahenshahi),https://www.rbi.org.in/Scripts/HolidayMatrixDisplay.aspx?drRegionalOffice=0&drMonth=8&drYear=2026 (POST form),Reserve Bank of India,2026-09-28
2026,2026-08-15,8,15,227,Monsoon,Guwahati,Assam,North-East,"Parsi New Year (Navroz, Shahenshahi)",Parsi,New Year,shared_date,2,0.5,Independence Day/Parsi New Year (Shahenshahi),https://www.rbi.org.in/Scripts/HolidayMatrixDisplay.aspx?drRegionalOffice=0&drMonth=8&drYear=2026 (POST form),Reserve Bank of India,2026-09-28
2026,2026-08-15,8,15,227,Monsoon,Hyderabad,Telangana,South,"Parsi New Year (Navroz, Shahenshahi)",Parsi,New Year,shared_date,2,0.5,Independence Day/Parsi New Year (Shahenshahi),https://www.rbi.org.in/Scripts/HolidayMatrixDisplay.aspx?drRegionalOffice=0&drMonth=8&drYear=2026 (POST form),Reserve Bank of India,2026-09-28
2026,2026-08-15,8,15,227,Monsoon,Imphal,Manipur,North-East,"Parsi New Year (Navroz, Shahenshahi)",Parsi,New Year,shared_date,2,0.5,Independence Day/Parsi New Year (Shahenshahi),https://www.rbi.org.in/Scripts/HolidayMatrixDisplay.aspx?drRegionalOffice=0&drMonth=8&drYear=2026 (POST form),Reserve Bank of India,2026-09-28
2026,2026-08-15,8,15,227,Monsoon,Itanagar,Arunachal Pradesh,North-East,"Parsi New Year (Navroz, Shahenshahi)",Parsi,New Year,shared_date,2,0.5,Independence Day/Parsi New Year (Shahenshahi),https://www.rbi.org.in/Scripts/HolidayMatrixDisplay.aspx?drRegionalOffice=0&drMonth=8&drYear=2026 (POST form),Reserve Bank of India,2026-09-28
2026,2026-08-15,8,15,227,Monsoon,Jaipur,Rajasthan,North,"Parsi New Year (Navroz, Shahenshahi)",Parsi,New Year,shared_date,2,0.5,Independence Day/Parsi New Year (Shahenshahi),https://www.rbi.org.in/Scripts/HolidayMatrixDisplay.aspx?drRegionalOffice=0&drMonth=8&drYear=2026 (POST form),Reserve Bank of India,2026-09-28
2026,2026-08-15,8,15,227,Monsoon,Jammu,Jammu & Kashmir,North,"Parsi New Year (Navroz, Shahenshahi)",Parsi,New Year,shared_date,2,0.5,Independence Day/Parsi New Year (Shahenshahi),https://www.rbi.org.in/Scripts/HolidayMatrixDisplay.aspx?drRegionalOffice=0&drMonth=8&drYear=2026 (POST form),Reserve Bank of India,2026-09-28
2026,2026-08-15,8,15,227,Monsoon,Kanpur,Uttar Pradesh,North,"Parsi New Year (Navroz, Shahenshahi)",Parsi,New Year,shared_date,2,0.5,Independence Day/Parsi New Year (Shahenshahi),https://www.rbi.org.in/Scripts/HolidayMatrixDisplay.aspx?drRegionalOffice=0&drMonth=8&drYear=2026 (POST form),Reserve Bank of India,2026-09-28
2026,2026-08-15,8,15,227,Monsoon,Kochi,Kerala,South,"Parsi New Year (Navroz, Shahenshahi)",Parsi,New Year,shared_date,2,0.5,Independence Day/Parsi New Year (Shahenshahi),https://www.rbi.org.in/Scripts/HolidayMatrixDisplay.aspx?drRegionalOffice=0&drMonth=8&drYear=2026 (POST form),Reserve Bank of India,2026-09-28
2026,2026-08-15,8,15,227,Monsoon,Kohima,Nagaland,North-East,"Parsi New Year (Navroz, Shahenshahi)",Parsi,New Year,shared_date,2,0.5,Independence Day/Parsi New Year (Shahenshahi),https://www.rbi.org.in/Scripts/HolidayMatrixDisplay.aspx?drRegionalOffice=0&drMonth=8&drYear=2026 (POST form),Reserve Bank of India,2026-09-28
2026,2026-08-15,8,15,227,Monsoon,Kolkata,West Bengal,East,"Parsi New Year (Navroz, Shahenshahi)",Parsi,New Year,shared_date,2,0.5,Independence Day/Parsi New Year (Shahenshahi),https://www.rbi.org.in/Scripts/HolidayMatrixDisplay.aspx?drRegionalOffice=0&drMonth=8&drYear=2026 (POST form),Reserve Bank of India,2026-09-28
2026,2026-08-15,8,15,227,Monsoon,Lucknow,Uttar Pradesh,North,"Parsi New Year (Navroz, Shahenshahi)",Parsi,New Year,shared_date,2,0.5,Independence Day/Parsi New Year (Shahenshahi),https://www.rbi.org.in/Scripts/HolidayMatrixDisplay.aspx?drRegionalOffice=0&drMonth=8&drYear=2026 (POST form),Reserve Bank of India,2026-09-28
2026,2026-08-15,8,15,227,Monsoon,Mumbai,Maharashtra,West,"Parsi New Year (Navroz, Shahenshahi)",Parsi,New Year,shared_date,2,0.5,Independence Day/Parsi New Year (Shahenshahi),https://www.rbi.org.in/Scripts/HolidayMatrixDisplay.aspx?drRegionalOffice=0&drMonth=8&drYear=2026 (POST form),Reserve Bank of India,2026-09-28
2026,2026-08-15,8,15,227,Monsoon,Nagpur,Maharashtra,West,"Parsi New Year (Navroz, Shahenshahi)",Parsi,New Year,shared_date,2,0.5,Independence Day/Parsi New Year (Shahenshahi),https://www.rbi.org.in/Scripts/HolidayMatrixDisplay.aspx?drRegionalOffice=0&drMonth=8&drYear=2026 (POST form),Reserve Bank of India,2026-09-28
2026,2026-08-15,8,15,227,Monsoon,New Delhi,Delhi,North,"Parsi New Year (Navroz, Shahenshahi)",Parsi,New Year,shared_date,2,0.5,Independence Day/Parsi New Year (Shahenshahi),https://www.rbi.org.in/Scripts/HolidayMatrixDisplay.aspx?drRegionalOffice=0&drMonth=8&drYear=2026 (POST form),Reserve Bank of India,2026-09-28
2026,2026-08-15,8,15,227,Monsoon,Panaji,Goa,West,"Parsi New Year (Navroz, Shahenshahi)",Parsi,New Year,shared_date,2,0.5,Independence Day/Parsi New Year (Shahenshahi),https://www.rbi.org.in/Scripts/HolidayMatrixDisplay.aspx?drRegionalOffice=0&drMonth=8&drYear=2026 (POST form),Reserve Bank of India,2026-09-28
2026,2026-08-15,8,15,227,Monsoon,Patna,Bihar,East,"Parsi New Year (Navroz, Shahenshahi)",Parsi,New Year,shared_date,2,0.5,Independence Day/Parsi New Year (Shahenshahi),https://www.rbi.org.in/Scripts/HolidayMatrixDisplay.aspx?drRegionalOffice=0&drMonth=8&drYear=2026 (POST form),Reserve Bank of India,2026-09-28
2026,2026-08-15,8,15,227,Monsoon,Raipur,Chhattisgarh,Central,"Parsi New Year (Navroz, Shahenshahi)",Parsi,New Year,shared_date,2,0.5,Independence Day/Parsi New Year (Shahenshahi),https://www.rbi.org.in/Scripts/HolidayMatrixDisplay.aspx?drRegionalOffice=0&drMonth=8&drYear=2026 (POST form),Reserve Bank of India,2026-09-28
2026,2026-08-15,8,15,227,Monsoon,Ranchi,Jharkhand,East,"Parsi New Year (Navroz, Shahenshahi)",Parsi,New Year,shared_date,2,0.5,Independence Day/Parsi New Year (Shahenshahi),https://www.rbi.org.in/Scripts/HolidayMatrixDisplay.aspx?drRegionalOffice=0&drMonth=8&drYear=2026 (POST form),Reserve Bank of India,2026-09-28
2026,2026-08-15,8,15,227,Monsoon,Shillong,Meghalaya,North-East,"Parsi New Year (Navroz, Shahenshahi)",Parsi,New Year,shared_date,2,0.5,Independence Day/Parsi New Year (Shahenshahi),https://www.rbi.org.in/Scripts/HolidayMatrixDisplay.aspx?drRegionalOffice=0&drMonth=8&drYear=2026 (POST form),Reserve Bank of India,2026-09-28
2026,2026-08-15,8,15,227,Monsoon,Shimla,Himachal Pradesh,North,"Parsi New Year (Navroz, Shahenshahi)",Parsi,New Year,shared_date,2,0.5,Independence Day/Parsi New Year (Shahenshahi),https://www.rbi.org.in/Scripts/HolidayMatrixDisplay.aspx?drRegionalOffice=0&drMonth=8&drYear=2026 (POST form),Reserve Bank of India,2026-09-28
2026,2026-08-15,8,15,227,Monsoon,Srinagar,Jammu & Kashmir,North,"Parsi New Year (Navroz, Shahenshahi)",Parsi,New Year,shared_date,2,0.5,Independence Day/Parsi New Year (Shahenshahi),https://www.rbi.org.in/Scripts/HolidayMatrixDisplay.aspx?drRegionalOffice=0&drMonth=8&drYear=2026 (POST form),Reserve Bank of India,2026-09-28
2026,2026-08-15,8,15,227,Monsoon,Thiruvananthapuram,Kerala,South,"Parsi New Year (Navroz, Shahenshahi)",Parsi,New Year,shared_date,2,0.5,Independence Day/Parsi New Year (Shahenshahi),https://www.rbi.org.in/Scripts/HolidayMatrixDisplay.aspx?drRegionalOffice=0&drMonth=8&drYear=2026 (POST form),Reserve Bank of India,2026-09-28
2026,2026-08-15,8,15,227,Monsoon,Vijayawada,Andhra Pradesh,South,"Parsi New Year (Navroz, Shahenshahi)",Parsi,New Year,shared_date,2,0.5,Independence Day/Parsi New Year (Shahenshahi),https://www.rbi.org.in/Scripts/HolidayMatrixDisplay.aspx?drRegionalOffice=0&drMonth=8&drYear=2026 (POST form),Reserve Bank of India,2026-09-28
2026,2026-08-25,8,25,237,Monsoon,Kochi,Kerala,South,Milad-un-Nabi,Muslim,Religious,shared_date,2,0.5,First Onam/Milad-i-Sherif (Birthday of Prophet Muhammed),https://www.rbi.org.in/Scripts/HolidayMatrixDisplay.aspx?drRegionalOffice=0&drMonth=8&drYear=2026 (POST form),Reserve Bank of India,2026-09-28
2026,2026-08-25,8,25,237,Monsoon,Kochi,Kerala,South,Onam,Cultural (multi-faith),Harvest,shared_date,2,0.5,First Onam/Milad-i-Sherif (Birthday of Prophet Muhammed),https://www.rbi.org.in/Scripts/HolidayMatrixDisplay.aspx?drRegionalOffice=0&drMonth=8&drYear=2026 (POST form),Reserve Bank of India,2026-09-28
2026,2026-08-25,8,25,237,Monsoon,Thiruvananthapuram,Kerala,South,Milad-un-Nabi,Muslim,Religious,shared_date,2,0.5,First Onam/Milad-i-Sherif (Birthday of Prophet Muhammed),https://www.rbi.org.in/Scripts/HolidayMatrixDisplay.aspx?drRegionalOffice=0&drMonth=8&drYear=2026 (POST form),Reserve Bank of India,2026-09-28
2026,2026-08-25,8,25,237,Monsoon,Thiruvananthapuram,Kerala,South,Onam,Cultural (multi-faith),Harvest,shared_date,2,0.5,First Onam/Milad-i-Sherif (Birthday of Prophet Muhammed),https://www.rbi.org.in/Scripts/HolidayMatrixDisplay.aspx?drRegionalOffice=0&drMonth=8&drYear=2026 (POST form),Reserve Bank of India,2026-09-28
2026,2026-08-26,8,26,238,Monsoon,Belapur,Maharashtra,West,Milad-un-Nabi,Muslim,Religious,shared_date,2,0.5,Id-E-Milad/Baravafat/Milad-un-Nabi (Birthday of Prophet Mohammad)/Thiruvonam,https://www.rbi.org.in/Scripts/HolidayMatrixDisplay.aspx?drRegionalOffice=0&drMonth=8&drYear=2026 (POST form),Reserve Bank of India,2026-09-28
2026,2026-08-26,8,26,238,Monsoon,Belapur,Maharashtra,West,Onam,Cultural (multi-faith),Harvest,shared_date,2,0.5,Id-E-Milad/Baravafat/Milad-un-Nabi (Birthday of Prophet Mohammad)/Thiruvonam,https://www.rbi.org.in/Scripts/HolidayMatrixDisplay.aspx?drRegionalOffice=0&drMonth=8&drYear=2026 (POST form),Reserve Bank of India,2026-09-28
2026,2026-08-26,8,26,238,Monsoon,Bengaluru,Karnataka,South,Milad-un-Nabi,Muslim,Religious,shared_date,2,0.5,Id-E-Milad/Baravafat/Milad-un-Nabi (Birthday of Prophet Mohammad)/Thiruvonam,https://www.rbi.org.in/Scripts/HolidayMatrixDisplay.aspx?drRegionalOffice=0&drMonth=8&drYear=2026 (POST form),Reserve Bank of India,2026-09-28
2026,2026-08-26,8,26,238,Monsoon,Bengaluru,Karnataka,South,Onam,Cultural (multi-faith),Harvest,shared_date,2,0.5,Id-E-Milad/Baravafat/Milad-un-Nabi (Birthday of Prophet Mohammad)/Thiruvonam,https://www.rbi.org.in/Scripts/HolidayMatrixDisplay.aspx?drRegionalOffice=0&drMonth=8&drYear=2026 (POST form),Reserve Bank of India,2026-09-28
2026,2026-08-26,8,26,238,Monsoon,Bhopal,Madhya Pradesh,Central,Milad-un-Nabi,Muslim,Religious,shared_date,2,0.5,Id-E-Milad/Baravafat/Milad-un-Nabi (Birthday of Prophet Mohammad)/Thiruvonam,https://www.rbi.org.in/Scripts/HolidayMatrixDisplay.aspx?drRegionalOffice=0&drMonth=8&drYear=2026 (POST form),Reserve Bank of India,2026-09-28
2026,2026-08-26,8,26,238,Monsoon,Bhopal,Madhya Pradesh,Central,Onam,Cultural (multi-faith),Harvest,shared_date,2,0.5,Id-E-Milad/Baravafat/Milad-un-Nabi (Birthday of Prophet Mohammad)/Thiruvonam,https://www.rbi.org.in/Scripts/HolidayMatrixDisplay.aspx?drRegionalOffice=0&drMonth=8&drYear=2026 (POST form),Reserve Bank of India,2026-09-28
2026,2026-08-26,8,26,238,Monsoon,Chennai,Tamil Nadu,South,Milad-un-Nabi,Muslim,Religious,shared_date,2,0.5,Id-E-Milad/Baravafat/Milad-un-Nabi (Birthday of Prophet Mohammad)/Thiruvonam,https://www.rbi.org.in/Scripts/HolidayMatrixDisplay.aspx?drRegionalOffice=0&drMonth=8&drYear=2026 (POST form),Reserve Bank of India,2026-09-28
2026,2026-08-26,8,26,238,Monsoon,Chennai,Tamil Nadu,South,Onam,Cultural (multi-faith),Harvest,shared_date,2,0.5,Id-E-Milad/Baravafat/Milad-un-Nabi (Birthday of Prophet Mohammad)/Thiruvonam,https://www.rbi.org.in/Scripts/HolidayMatrixDisplay.aspx?drRegionalOffice=0&drMonth=8&drYear=2026 (POST form),Reserve Bank of India,2026-09-28
2026,2026-08-26,8,26,238,Monsoon,Dehradun,Uttarakhand,North,Milad-un-Nabi,Muslim,Religious,shared_date,2,0.5,Id-E-Milad/Baravafat/Milad-un-Nabi (Birthday of Prophet Mohammad)/Thiruvonam,https://www.rbi.org.in/Scripts/HolidayMatrixDisplay.aspx?drRegionalOffice=0&drMonth=8&drYear=2026 (POST form),Reserve Bank of India,2026-09-28
2026,2026-08-26,8,26,238,Monsoon,Dehradun,Uttarakhand,North,Onam,Cultural (multi-faith),Harvest,shared_date,2,0.5,Id-E-Milad/Baravafat/Milad-un-Nabi (Birthday of Prophet Mohammad)/Thiruvonam,https://www.rbi.org.in/Scripts/HolidayMatrixDisplay.aspx?drRegionalOffice=0&drMonth=8&drYear=2026 (POST form),Reserve Bank of India,2026-09-28
2026,2026-08-26,8,26,238,Monsoon,Hyderabad,Telangana,South,Milad-un-Nabi,Muslim,Religious,shared_date,2,0.5,Id-E-Milad/Baravafat/Milad-un-Nabi (Birthday of Prophet Mohammad)/Thiruvonam,https://www.rbi.org.in/Scripts/HolidayMatrixDisplay.aspx?drRegionalOffice=0&drMonth=8&drYear=2026 (POST form),Reserve Bank of India,2026-09-28
2026,2026-08-26,8,26,238,Monsoon,Hyderabad,Telangana,South,Onam,Cultural (multi-faith),Harvest,shared_date,2,0.5,Id-E-Milad/Baravafat/Milad-un-Nabi (Birthday of Prophet Mohammad)/Thiruvonam,https://www.rbi.org.in/Scripts/HolidayMatrixDisplay.aspx?drRegionalOffice=0&drMonth=8&drYear=2026 (POST form),Reserve Bank of India,2026-09-28
2026,2026-08-26,8,26,238,Monsoon,Imphal,Manipur,North-East,Milad-un-Nabi,Muslim,Religious,shared_date,2,0.5,Id-E-Milad/Baravafat/Milad-un-Nabi (Birthday of Prophet Mohammad)/Thiruvonam,https://www.rbi.org.in/Scripts/HolidayMatrixDisplay.aspx?drRegionalOffice=0&drMonth=8&drYear=2026 (POST form),Reserve Bank of India,2026-09-28
2026,2026-08-26,8,26,238,Monsoon,Imphal,Manipur,North-East,Onam,Cultural (multi-faith),Harvest,shared_date,2,0.5,Id-E-Milad/Baravafat/Milad-un-Nabi (Birthday of Prophet Mohammad)/Thiruvonam,https://www.rbi.org.in/Scripts/HolidayMatrixDisplay.aspx?drRegionalOffice=0&drMonth=8&drYear=2026 (POST form),Reserve Bank of India,2026-09-28
2026,2026-08-26,8,26,238,Monsoon,Jammu,Jammu & Kashmir,North,Milad-un-Nabi,Muslim,Religious,shared_date,2,0.5,Id-E-Milad/Baravafat/Milad-un-Nabi (Birthday of Prophet Mohammad)/Thiruvonam,https://www.rbi.org.in/Scripts/HolidayMatrixDisplay.aspx?drRegionalOffice=0&drMonth=8&drYear=2026 (POST form),Reserve Bank of India,2026-09-28
2026,2026-08-26,8,26,238,Monsoon,Jammu,Jammu & Kashmir,North,Onam,Cultural (multi-faith),Harvest,shared_date,2,0.5,Id-E-Milad/Baravafat/Milad-un-Nabi (Birthday of Prophet Mohammad)/Thiruvonam,https://www.rbi.org.in/Scripts/HolidayMatrixDisplay.aspx?drRegionalOffice=0&drMonth=8&drYear=2026 (POST form),Reserve Bank of India,2026-09-28
2026,2026-08-26,8,26,238,Monsoon,Kanpur,Uttar Pradesh,North,Milad-un-Nabi,Muslim,Religious,shared_date,2,0.5,Id-E-Milad/Baravafat/Milad-un-Nabi (Birthday of Prophet Mohammad)/Thiruvonam,https://www.rbi.org.in/Scripts/HolidayMatrixDisplay.aspx?drRegionalOffice=0&drMonth=8&drYear=2026 (POST form),Reserve Bank of India,2026-09-28
2026,2026-08-26,8,26,238,Monsoon,Kanpur,Uttar Pradesh,North,Onam,Cultural (multi-faith),Harvest,shared_date,2,0.5,Id-E-Milad/Baravafat/Milad-un-Nabi (Birthday of Prophet Mohammad)/Thiruvonam,https://www.rbi.org.in/Scripts/HolidayMatrixDisplay.aspx?drRegionalOffice=0&drMonth=8&drYear=2026 (POST form),Reserve Bank of India,2026-09-28
2026,2026-08-26,8,26,238,Monsoon,Kochi,Kerala,South,Milad-un-Nabi,Muslim,Religious,shared_date,2,0.5,Id-E-Milad/Baravafat/Milad-un-Nabi (Birthday of Prophet Mohammad)/Thiruvonam,https://www.rbi.org.in/Scripts/HolidayMatrixDisplay.aspx?drRegionalOffice=0&drMonth=8&drYear=2026 (POST form),Reserve Bank of India,2026-09-28
2026,2026-08-26,8,26,238,Monsoon,Kochi,Kerala,South,Onam,Cultural (multi-faith),Harvest,shared_date,2,0.5,Id-E-Milad/Baravafat/Milad-un-Nabi (Birthday of Prophet Mohammad)/Thiruvonam,https://www.rbi.org.in/Scripts/HolidayMatrixDisplay.aspx?drRegionalOffice=0&drMonth=8&drYear=2026 (POST form),Reserve Bank of India,2026-09-28
2026,2026-08-26,8,26,238,Monsoon,Lucknow,Uttar Pradesh,North,Milad-un-Nabi,Muslim,Religious,shared_date,2,0.5,Id-E-Milad/Baravafat/Milad-un-Nabi (Birthday of Prophet Mohammad)/Thiruvonam,https://www.rbi.org.in/Scripts/HolidayMatrixDisplay.aspx?drRegionalOffice=0&drMonth=8&drYear=2026 (POST form),Reserve Bank of India,2026-09-28
2026,2026-08-26,8,26,238,Monsoon,Lucknow,Uttar Pradesh,North,Onam,Cultural (multi-faith),Harvest,shared_date,2,0.5,Id-E-Milad/Baravafat/Milad-un-Nabi (Birthday of Prophet Mohammad)/Thiruvonam,https://www.rbi.org.in/Scripts/HolidayMatrixDisplay.aspx?drRegionalOffice=0&drMonth=8&drYear=2026 (POST form),Reserve Bank of India,2026-09-28
2026,2026-08-26,8,26,238,Monsoon,Mumbai,Maharashtra,West,Milad-un-Nabi,Muslim,Religious,shared_date,2,0.5,Id-E-Milad/Baravafat/Milad-un-Nabi (Birthday of Prophet Mohammad)/Thiruvonam,https://www.rbi.org.in/Scripts/HolidayMatrixDisplay.aspx?drRegionalOffice=0&drMonth=8&drYear=2026 (POST form),Reserve Bank of India,2026-09-28
2026,2026-08-26,8,26,238,Monsoon,Mumbai,Maharashtra,West,Onam,Cultural (multi-faith),Harvest,shared_date,2,0.5,Id-E-Milad/Baravafat/Milad-un-Nabi (Birthday of Prophet Mohammad)/Thiruvonam,https://www.rbi.org.in/Scripts/HolidayMatrixDisplay.aspx?drRegionalOffice=0&drMonth=8&drYear=2026 (POST form),Reserve Bank of India,2026-09-28
2026,2026-08-26,8,26,238,Monsoon,Nagpur,Maharashtra,West,Milad-un-Nabi,Muslim,Religious,shared_date,2,0.5,Id-E-Milad/Baravafat/Milad-un-Nabi (Birthday of Prophet Mohammad)/Thiruvonam,https://www.rbi.org.in/Scripts/HolidayMatrixDisplay.aspx?drRegionalOffice=0&drMonth=8&drYear=2026 (POST form),Reserve Bank of India,2026-09-28
2026,2026-08-26,8,26,238,Monsoon,Nagpur,Maharashtra,West,Onam,Cultural (multi-faith),Harvest,shared_date,2,0.5,Id-E-Milad/Baravafat/Milad-un-Nabi (Birthday of Prophet Mohammad)/Thiruvonam,https://www.rbi.org.in/Scripts/HolidayMatrixDisplay.aspx?drRegionalOffice=0&drMonth=8&drYear=2026 (POST form),Reserve Bank of India,2026-09-28
2026,2026-08-26,8,26,238,Monsoon,New Delhi,Delhi,North,Milad-un-Nabi,Muslim,Religious,shared_date,2,0.5,Id-E-Milad/Baravafat/Milad-un-Nabi (Birthday of Prophet Mohammad)/Thiruvonam,https://www.rbi.org.in/Scripts/HolidayMatrixDisplay.aspx?drRegionalOffice=0&drMonth=8&drYear=2026 (POST form),Reserve Bank of India,2026-09-28
2026,2026-08-26,8,26,238,Monsoon,New Delhi,Delhi,North,Onam,Cultural (multi-faith),Harvest,shared_date,2,0.5,Id-E-Milad/Baravafat/Milad-un-Nabi (Birthday of Prophet Mohammad)/Thiruvonam,https://www.rbi.org.in/Scripts/HolidayMatrixDisplay.aspx?drRegionalOffice=0&drMonth=8&drYear=2026 (POST form),Reserve Bank of India,2026-09-28
2026,2026-08-26,8,26,238,Monsoon,Patna,Bihar,East,Milad-un-Nabi,Muslim,Religious,shared_date,2,0.5,Id-E-Milad/Baravafat/Milad-un-Nabi (Birthday of Prophet Mohammad)/Thiruvonam,https://www.rbi.org.in/Scripts/HolidayMatrixDisplay.aspx?drRegionalOffice=0&drMonth=8&drYear=2026 (POST form),Reserve Bank of India,2026-09-28
2026,2026-08-26,8,26,238,Monsoon,Patna,Bihar,East,Onam,Cultural (multi-faith),Harvest,shared_date,2,0.5,Id-E-Milad/Baravafat/Milad-un-Nabi (Birthday of Prophet Mohammad)/Thiruvonam,https://www.rbi.org.in/Scripts/HolidayMatrixDisplay.aspx?drRegionalOffice=0&drMonth=8&drYear=2026 (POST form),Reserve Bank of India,2026-09-28
2026,2026-08-26,8,26,238,Monsoon,Raipur,Chhattisgarh,Central,Milad-un-Nabi,Muslim,Religious,shared_date,2,0.5,Id-E-Milad/Baravafat/Milad-un-Nabi (Birthday of Prophet Mohammad)/Thiruvonam,https://www.rbi.org.in/Scripts/HolidayMatrixDisplay.aspx?drRegionalOffice=0&drMonth=8&drYear=2026 (POST form),Reserve Bank of India,2026-09-28
2026,2026-08-26,8,26,238,Monsoon,Raipur,Chhattisgarh,Central,Onam,Cultural (multi-faith),Harvest,shared_date,2,0.5,Id-E-Milad/Baravafat/Milad-un-Nabi (Birthday of Prophet Mohammad)/Thiruvonam,https://www.rbi.org.in/Scripts/HolidayMatrixDisplay.aspx?drRegionalOffice=0&drMonth=8&drYear=2026 (POST form),Reserve Bank of India,2026-09-28
2026,2026-08-26,8,26,238,Monsoon,Ranchi,Jharkhand,East,Milad-un-Nabi,Muslim,Religious,shared_date,2,0.5,Id-E-Milad/Baravafat/Milad-un-Nabi (Birthday of Prophet Mohammad)/Thiruvonam,https://www.rbi.org.in/Scripts/HolidayMatrixDisplay.aspx?drRegionalOffice=0&drMonth=8&drYear=2026 (POST form),Reserve Bank of India,2026-09-28
2026,2026-08-26,8,26,238,Monsoon,Ranchi,Jharkhand,East,Onam,Cultural (multi-faith),Harvest,shared_date,2,0.5,Id-E-Milad/Baravafat/Milad-un-Nabi (Birthday of Prophet Mohammad)/Thiruvonam,https://www.rbi.org.in/Scripts/HolidayMatrixDisplay.aspx?drRegionalOffice=0&drMonth=8&drYear=2026 (POST form),Reserve Bank of India,2026-09-28
2026,2026-08-26,8,26,238,Monsoon,Srinagar,Jammu & Kashmir,North,Milad-un-Nabi,Muslim,Religious,shared_date,2,0.5,Id-E-Milad/Baravafat/Milad-un-Nabi (Birthday of Prophet Mohammad)/Thiruvonam,https://www.rbi.org.in/Scripts/HolidayMatrixDisplay.aspx?drRegionalOffice=0&drMonth=8&drYear=2026 (POST form),Reserve Bank of India,2026-09-28
2026,2026-08-26,8,26,238,Monsoon,Srinagar,Jammu & Kashmir,North,Onam,Cultural (multi-faith),Harvest,shared_date,2,0.5,Id-E-Milad/Baravafat/Milad-un-Nabi (Birthday of Prophet Mohammad)/Thiruvonam,https://www.rbi.org.in/Scripts/HolidayMatrixDisplay.aspx?drRegionalOffice=0&drMonth=8&drYear=2026 (POST form),Reserve Bank of India,2026-09-28
2026,2026-08-26,8,26,238,Monsoon,Thiruvananthapuram,Kerala,South,Milad-un-Nabi,Muslim,Religious,shared_date,2,0.5,Id-E-Milad/Baravafat/Milad-un-Nabi (Birthday of Prophet Mohammad)/Thiruvonam,https://www.rbi.org.in/Scripts/HolidayMatrixDisplay.aspx?drRegionalOffice=0&drMonth=8&drYear=2026 (POST form),Reserve Bank of India,2026-09-28
2026,2026-08-26,8,26,238,Monsoon,Thiruvananthapuram,Kerala,South,Onam,Cultural (multi-faith),Harvest,shared_date,2,0.5,Id-E-Milad/Baravafat/Milad-un-Nabi (Birthday of Prophet Mohammad)/Thiruvonam,https://www.rbi.org.in/Scripts/HolidayMatrixDisplay.aspx?drRegionalOffice=0&drMonth=8&drYear=2026 (POST form),Reserve Bank of India,2026-09-28
2026,2026-08-26,8,26,238,Monsoon,Vijayawada,Andhra Pradesh,South,Milad-un-Nabi,Muslim,Religious,shared_date,2,0.5,Id-E-Milad/Baravafat/Milad-un-Nabi (Birthday of Prophet Mohammad)/Thiruvonam,https://www.rbi.org.in/Scripts/HolidayMatrixDisplay.aspx?drRegionalOffice=0&drMonth=8&drYear=2026 (POST form),Reserve Bank of India,2026-09-28
2026,2026-08-26,8,26,238,Monsoon,Vijayawada,Andhra Pradesh,South,Onam,Cultural (multi-faith),Harvest,shared_date,2,0.5,Id-E-Milad/Baravafat/Milad-un-Nabi (Birthday of Prophet Mohammad)/Thiruvonam,https://www.rbi.org.in/Scripts/HolidayMatrixDisplay.aspx?drRegionalOffice=0&drMonth=8&drYear=2026 (POST form),Reserve Bank of India,2026-09-28
2026,2026-08-28,8,28,240,Monsoon,Ahmedabad,Gujarat,West,Milad-un-Nabi,Muslim,Religious,shared_date,5,0.2,Raksha Bandhan/Pang-Lhabsol/Friday following Eid-i-Milad-ul-Nabi/Sree Narayana Guru Jayanthi/Ayyankali Jayanthi,https://www.rbi.org.in/Scripts/HolidayMatrixDisplay.aspx?drRegionalOffice=0&drMonth=8&drYear=2026 (POST form),Reserve Bank of India,2026-09-28
2026,2026-08-28,8,28,240,Monsoon,Ahmedabad,Gujarat,West,Pang Lhabsol,Buddhist,Religious,shared_date,5,0.2,Raksha Bandhan/Pang-Lhabsol/Friday following Eid-i-Milad-ul-Nabi/Sree Narayana Guru Jayanthi/Ayyankali Jayanthi,https://www.rbi.org.in/Scripts/HolidayMatrixDisplay.aspx?drRegionalOffice=0&drMonth=8&drYear=2026 (POST form),Reserve Bank of India,2026-09-28
2026,2026-08-28,8,28,240,Monsoon,Ahmedabad,Gujarat,West,Raksha Bandhan,Hindu,Religious,shared_date,5,0.2,Raksha Bandhan/Pang-Lhabsol/Friday following Eid-i-Milad-ul-Nabi/Sree Narayana Guru Jayanthi/Ayyankali Jayanthi,https://www.rbi.org.in/Scripts/HolidayMatrixDisplay.aspx?drRegionalOffice=0&drMonth=8&drYear=2026 (POST form),Reserve Bank of India,2026-09-28
2026,2026-08-28,8,28,240,Monsoon,Ahmedabad,Gujarat,West,Sree Narayana Guru Jayanti / Samadhi,Hindu,Commemoration,shared_date,5,0.2,Raksha Bandhan/Pang-Lhabsol/Friday following Eid-i-Milad-ul-Nabi/Sree Narayana Guru Jayanthi/Ayyankali Jayanthi,https://www.rbi.org.in/Scripts/HolidayMatrixDisplay.aspx?drRegionalOffice=0&drMonth=8&drYear=2026 (POST form),Reserve Bank of India,2026-09-28
2026,2026-08-28,8,28,240,Monsoon,Bhopal,Madhya Pradesh,Central,Milad-un-Nabi,Muslim,Religious,shared_date,5,0.2,Raksha Bandhan/Pang-Lhabsol/Friday following Eid-i-Milad-ul-Nabi/Sree Narayana Guru Jayanthi/Ayyankali Jayanthi,https://www.rbi.org.in/Scripts/HolidayMatrixDisplay.aspx?drRegionalOffice=0&drMonth=8&drYear=2026 (POST form),Reserve Bank of India,2026-09-28
2026,2026-08-28,8,28,240,Monsoon,Bhopal,Madhya Pradesh,Central,Pang Lhabsol,Buddhist,Religious,shared_date,5,0.2,Raksha Bandhan/Pang-Lhabsol/Friday following Eid-i-Milad-ul-Nabi/Sree Narayana Guru Jayanthi/Ayyankali Jayanthi,https://www.rbi.org.in/Scripts/HolidayMatrixDisplay.aspx?drRegionalOffice=0&drMonth=8&drYear=2026 (POST form),Reserve Bank of India,2026-09-28
2026,2026-08-28,8,28,240,Monsoon,Bhopal,Madhya Pradesh,Central,Raksha Bandhan,Hindu,Religious,shared_date,5,0.2,Raksha Bandhan/Pang-Lhabsol/Friday following Eid-i-Milad-ul-Nabi/Sree Narayana Guru Jayanthi/Ayyankali Jayanthi,https://www.rbi.org.in/Scripts/HolidayMatrixDisplay.aspx?drRegionalOffice=0&drMonth=8&drYear=2026 (POST form),Reserve Bank of India,2026-09-28
2026,2026-08-28,8,28,240,Monsoon,Bhopal,Madhya Pradesh,Central,Sree Narayana Guru Jayanti / Samadhi,Hindu,Commemoration,shared_date,5,0.2,Raksha Bandhan/Pang-Lhabsol/Friday following Eid-i-Milad-ul-Nabi/Sree Narayana Guru Jayanthi/Ayyankali Jayanthi,https://www.rbi.org.in/Scripts/HolidayMatrixDisplay.aspx?drRegionalOffice=0&drMonth=8&drYear=2026 (POST form),Reserve Bank of India,2026-09-28
2026,2026-08-28,8,28,240,Monsoon,Dehradun,Uttarakhand,North,Milad-un-Nabi,Muslim,Religious,shared_date,5,0.2,Raksha Bandhan/Pang-Lhabsol/Friday following Eid-i-Milad-ul-Nabi/Sree Narayana Guru Jayanthi/Ayyankali Jayanthi,https://www.rbi.org.in/Scripts/HolidayMatrixDisplay.aspx?drRegionalOffice=0&drMonth=8&drYear=2026 (POST form),Reserve Bank of India,2026-09-28
2026,2026-08-28,8,28,240,Monsoon,Dehradun,Uttarakhand,North,Pang Lhabsol,Buddhist,Religious,shared_date,5,0.2,Raksha Bandhan/Pang-Lhabsol/Friday following Eid-i-Milad-ul-Nabi/Sree Narayana Guru Jayanthi/Ayyankali Jayanthi,https://www.rbi.org.in/Scripts/HolidayMatrixDisplay.aspx?drRegionalOffice=0&drMonth=8&drYear=2026 (POST form),Reserve Bank of India,2026-09-28
2026,2026-08-28,8,28,240,Monsoon,Dehradun,Uttarakhand,North,Raksha Bandhan,Hindu,Religious,shared_date,5,0.2,Raksha Bandhan/Pang-Lhabsol/Friday following Eid-i-Milad-ul-Nabi/Sree Narayana Guru Jayanthi/Ayyankali Jayanthi,https://www.rbi.org.in/Scripts/HolidayMatrixDisplay.aspx?drRegionalOffice=0&drMonth=8&drYear=2026 (POST form),Reserve Bank of India,2026-09-28
2026,2026-08-28,8,28,240,Monsoon,Dehradun,Uttarakhand,North,Sree Narayana Guru Jayanti / Samadhi,Hindu,Commemoration,shared_date,5,0.2,Raksha Bandhan/Pang-Lhabsol/Friday following Eid-i-Milad-ul-Nabi/Sree Narayana Guru Jayanthi/Ayyankali Jayanthi,https://www.rbi.org.in/Scripts/HolidayMatrixDisplay.aspx?drRegionalOffice=0&drMonth=8&drYear=2026 (POST form),Reserve Bank of India,2026-09-28
2026,2026-08-28,8,28,240,Monsoon,Gangtok,Sikkim,North-East,Milad-un-Nabi,Muslim,Religious,shared_date,5,0.2,Raksha Bandhan/Pang-Lhabsol/Friday following Eid-i-Milad-ul-Nabi/Sree Narayana Guru Jayanthi/Ayyankali Jayanthi,https://www.rbi.org.in/Scripts/HolidayMatrixDisplay.aspx?drRegionalOffice=0&drMonth=8&drYear=2026 (POST form),Reserve Bank of India,2026-09-28
2026,2026-08-28,8,28,240,Monsoon,Gangtok,Sikkim,North-East,Pang Lhabsol,Buddhist,Religious,shared_date,5,0.2,Raksha Bandhan/Pang-Lhabsol/Friday following Eid-i-Milad-ul-Nabi/Sree Narayana Guru Jayanthi/Ayyankali Jayanthi,https://www.rbi.org.in/Scripts/HolidayMatrixDisplay.aspx?drRegionalOffice=0&drMonth=8&drYear=2026 (POST form),Reserve Bank of India,2026-09-28
2026,2026-08-28,8,28,240,Monsoon,Gangtok,Sikkim,North-East,Raksha Bandhan,Hindu,Religious,shared_date,5,0.2,Raksha Bandhan/Pang-Lhabsol/Friday following Eid-i-Milad-ul-Nabi/Sree Narayana Guru Jayanthi/Ayyankali Jayanthi,https://www.rbi.org.in/Scripts/HolidayMatrixDisplay.aspx?drRegionalOffice=0&drMonth=8&drYear=2026 (POST form),Reserve Bank of India,2026-09-28
2026,2026-08-28,8,28,240,Monsoon,Gangtok,Sikkim,North-East,Sree Narayana Guru Jayanti / Samadhi,Hindu,Commemoration,shared_date,5,0.2,Raksha Bandhan/Pang-Lhabsol/Friday following Eid-i-Milad-ul-Nabi/Sree Narayana Guru Jayanthi/Ayyankali Jayanthi,https://www.rbi.org.in/Scripts/HolidayMatrixDisplay.aspx?drRegionalOffice=0&drMonth=8&drYear=2026 (POST form),Reserve Bank of India,2026-09-28
2026,2026-08-28,8,28,240,Monsoon,Jaipur,Rajasthan,North,Milad-un-Nabi,Muslim,Religious,shared_date,5,0.2,Raksha Bandhan/Pang-Lhabsol/Friday following Eid-i-Milad-ul-Nabi/Sree Narayana Guru Jayanthi/Ayyankali Jayanthi,https://www.rbi.org.in/Scripts/HolidayMatrixDisplay.aspx?drRegionalOffice=0&drMonth=8&drYear=2026 (POST form),Reserve Bank of India,2026-09-28
2026,2026-08-28,8,28,240,Monsoon,Jaipur,Rajasthan,North,Pang Lhabsol,Buddhist,Religious,shared_date,5,0.2,Raksha Bandhan/Pang-Lhabsol/Friday following Eid-i-Milad-ul-Nabi/Sree Narayana Guru Jayanthi/Ayyankali Jayanthi,https://www.rbi.org.in/Scripts/HolidayMatrixDisplay.aspx?drRegionalOffice=0&drMonth=8&drYear=2026 (POST form),Reserve Bank of India,2026-09-28
2026,2026-08-28,8,28,240,Monsoon,Jaipur,Rajasthan,North,Raksha Bandhan,Hindu,Religious,shared_date,5,0.2,Raksha Bandhan/Pang-Lhabsol/Friday following Eid-i-Milad-ul-Nabi/Sree Narayana Guru Jayanthi/Ayyankali Jayanthi,https://www.rbi.org.in/Scripts/HolidayMatrixDisplay.aspx?drRegionalOffice=0&drMonth=8&drYear=2026 (POST form),Reserve Bank of India,2026-09-28
2026,2026-08-28,8,28,240,Monsoon,Jaipur,Rajasthan,North,Sree Narayana Guru Jayanti / Samadhi,Hindu,Commemoration,shared_date,5,0.2,Raksha Bandhan/Pang-Lhabsol/Friday following Eid-i-Milad-ul-Nabi/Sree Narayana Guru Jayanthi/Ayyankali Jayanthi,https://www.rbi.org.in/Scripts/HolidayMatrixDisplay.aspx?drRegionalOffice=0&drMonth=8&drYear=2026 (POST form),Reserve Bank of India,2026-09-28
2026,2026-08-28,8,28,240,Monsoon,Jammu,Jammu & Kashmir,North,Milad-un-Nabi,Muslim,Religious,shared_date,5,0.2,Raksha Bandhan/Pang-Lhabsol/Friday following Eid-i-Milad-ul-Nabi/Sree Narayana Guru Jayanthi/Ayyankali Jayanthi,https://www.rbi.org.in/Scripts/HolidayMatrixDisplay.aspx?drRegionalOffice=0&drMonth=8&drYear=2026 (POST form),Reserve Bank of India,2026-09-28
2026,2026-08-28,8,28,240,Monsoon,Jammu,Jammu & Kashmir,North,Pang Lhabsol,Buddhist,Religious,shared_date,5,0.2,Raksha Bandhan/Pang-Lhabsol/Friday following Eid-i-Milad-ul-Nabi/Sree Narayana Guru Jayanthi/Ayyankali Jayanthi,https://www.rbi.org.in/Scripts/HolidayMatrixDisplay.aspx?drRegionalOffice=0&drMonth=8&drYear=2026 (POST form),Reserve Bank of India,2026-09-28
2026,2026-08-28,8,28,240,Monsoon,Jammu,Jammu & Kashmir,North,Raksha Bandhan,Hindu,Religious,shared_date,5,0.2,Raksha Bandhan/Pang-Lhabsol/Friday following Eid-i-Milad-ul-Nabi/Sree Narayana Guru Jayanthi/Ayyankali Jayanthi,https://www.rbi.org.in/Scripts/HolidayMatrixDisplay.aspx?drRegionalOffice=0&drMonth=8&drYear=2026 (POST form),Reserve Bank of India,2026-09-28
2026,2026-08-28,8,28,240,Monsoon,Jammu,Jammu & Kashmir,North,Sree Narayana Guru Jayanti / Samadhi,Hindu,Commemoration,shared_date,5,0.2,Raksha Bandhan/Pang-Lhabsol/Friday following Eid-i-Milad-ul-Nabi/Sree Narayana Guru Jayanthi/Ayyankali Jayanthi,https://www.rbi.org.in/Scripts/HolidayMatrixDisplay.aspx?drRegionalOffice=0&drMonth=8&drYear=2026 (POST form),Reserve Bank of India,2026-09-28
2026,2026-08-28,8,28,240,Monsoon,Kanpur,Uttar Pradesh,North,Milad-un-Nabi,Muslim,Religious,shared_date,5,0.2,Raksha Bandhan/Pang-Lhabsol/Friday following Eid-i-Milad-ul-Nabi/Sree Narayana Guru Jayanthi/Ayyankali Jayanthi,https://www.rbi.org.in/Scripts/HolidayMatrixDisplay.aspx?drRegionalOffice=0&drMonth=8&drYear=2026 (POST form),Reserve Bank of India,2026-09-28
2026,2026-08-28,8,28,240,Monsoon,Kanpur,Uttar Pradesh,North,Pang Lhabsol,Buddhist,Religious,shared_date,5,0.2,Raksha Bandhan/Pang-Lhabsol/Friday following Eid-i-Milad-ul-Nabi/Sree Narayana Guru Jayanthi/Ayyankali Jayanthi,https://www.rbi.org.in/Scripts/HolidayMatrixDisplay.aspx?drRegionalOffice=0&drMonth=8&drYear=2026 (POST form),Reserve Bank of India,2026-09-28
2026,2026-08-28,8,28,240,Monsoon,Kanpur,Uttar Pradesh,North,Raksha Bandhan,Hindu,Religious,shared_date,5,0.2,Raksha Bandhan/Pang-Lhabsol/Friday following Eid-i-Milad-ul-Nabi/Sree Narayana Guru Jayanthi/Ayyankali Jayanthi,https://www.rbi.org.in/Scripts/HolidayMatrixDisplay.aspx?drRegionalOffice=0&drMonth=8&drYear=2026 (POST form),Reserve Bank of India,2026-09-28
2026,2026-08-28,8,28,240,Monsoon,Kanpur,Uttar Pradesh,North,Sree Narayana Guru Jayanti / Samadhi,Hindu,Commemoration,shared_date,5,0.2,Raksha Bandhan/Pang-Lhabsol/Friday following Eid-i-Milad-ul-Nabi/Sree Narayana Guru Jayanthi/Ayyankali Jayanthi,https://www.rbi.org.in/Scripts/HolidayMatrixDisplay.aspx?drRegionalOffice=0&drMonth=8&drYear=2026 (POST form),Reserve Bank of India,2026-09-28
2026,2026-08-28,8,28,240,Monsoon,Kochi,Kerala,South,Milad-un-Nabi,Muslim,Religious,shared_date,5,0.2,Raksha Bandhan/Pang-Lhabsol/Friday following Eid-i-Milad-ul-Nabi/Sree Narayana Guru Jayanthi/Ayyankali Jayanthi,https://www.rbi.org.in/Scripts/HolidayMatrixDisplay.aspx?drRegionalOffice=0&drMonth=8&drYear=2026 (POST form),Reserve Bank of India,2026-09-28
2026,2026-08-28,8,28,240,Monsoon,Kochi,Kerala,South,Pang Lhabsol,Buddhist,Religious,shared_date,5,0.2,Raksha Bandhan/Pang-Lhabsol/Friday following Eid-i-Milad-ul-Nabi/Sree Narayana Guru Jayanthi/Ayyankali Jayanthi,https://www.rbi.org.in/Scripts/HolidayMatrixDisplay.aspx?drRegionalOffice=0&drMonth=8&drYear=2026 (POST form),Reserve Bank of India,2026-09-28
2026,2026-08-28,8,28,240,Monsoon,Kochi,Kerala,South,Raksha Bandhan,Hindu,Religious,shared_date,5,0.2,Raksha Bandhan/Pang-Lhabsol/Friday following Eid-i-Milad-ul-Nabi/Sree Narayana Guru Jayanthi/Ayyankali Jayanthi,https://www.rbi.org.in/Scripts/HolidayMatrixDisplay.aspx?drRegionalOffice=0&drMonth=8&drYear=2026 (POST form),Reserve Bank of India,2026-09-28
2026,2026-08-28,8,28,240,Monsoon,Kochi,Kerala,South,Sree Narayana Guru Jayanti / Samadhi,Hindu,Commemoration,shared_date,5,0.2,Raksha Bandhan/Pang-Lhabsol/Friday following Eid-i-Milad-ul-Nabi/Sree Narayana Guru Jayanthi/Ayyankali Jayanthi,https://www.rbi.org.in/Scripts/HolidayMatrixDisplay.aspx?drRegionalOffice=0&drMonth=8&drYear=2026 (POST form),Reserve Bank of India,2026-09-28
2026,2026-08-28,8,28,240,Monsoon,Lucknow,Uttar Pradesh,North,Milad-un-Nabi,Muslim,Religious,shared_date,5,0.2,Raksha Bandhan/Pang-Lhabsol/Friday following Eid-i-Milad-ul-Nabi/Sree Narayana Guru Jayanthi/Ayyankali Jayanthi,https://www.rbi.org.in/Scripts/HolidayMatrixDisplay.aspx?drRegionalOffice=0&drMonth=8&drYear=2026 (POST form),Reserve Bank of India,2026-09-28
2026,2026-08-28,8,28,240,Monsoon,Lucknow,Uttar Pradesh,North,Pang Lhabsol,Buddhist,Religious,shared_date,5,0.2,Raksha Bandhan/Pang-Lhabsol/Friday following Eid-i-Milad-ul-Nabi/Sree Narayana Guru Jayanthi/Ayyankali Jayanthi,https://www.rbi.org.in/Scripts/HolidayMatrixDisplay.aspx?drRegionalOffice=0&drMonth=8&drYear=2026 (POST form),Reserve Bank of India,2026-09-28
2026,2026-08-28,8,28,240,Monsoon,Lucknow,Uttar Pradesh,North,Raksha Bandhan,Hindu,Religious,shared_date,5,0.2,Raksha Bandhan/Pang-Lhabsol/Friday following Eid-i-Milad-ul-Nabi/Sree Narayana Guru Jayanthi/Ayyankali Jayanthi,https://www.rbi.org.in/Scripts/HolidayMatrixDisplay.aspx?drRegionalOffice=0&drMonth=8&drYear=2026 (POST form),Reserve Bank of India,2026-09-28
2026,2026-08-28,8,28,240,Monsoon,Lucknow,Uttar Pradesh,North,Sree Narayana Guru Jayanti / Samadhi,Hindu,Commemoration,shared_date,5,0.2,Raksha Bandhan/Pang-Lhabsol/Friday following Eid-i-Milad-ul-Nabi/Sree Narayana Guru Jayanthi/Ayyankali Jayanthi,https://www.rbi.org.in/Scripts/HolidayMatrixDisplay.aspx?drRegionalOffice=0&drMonth=8&drYear=2026 (POST form),Reserve Bank of India,2026-09-28
2026,2026-08-28,8,28,240,Monsoon,Raipur,Chhattisgarh,Central,Milad-un-Nabi,Muslim,Religious,shared_date,5,0.2,Raksha Bandhan/Pang-Lhabsol/Friday following Eid-i-Milad-ul-Nabi/Sree Narayana Guru Jayanthi/Ayyankali Jayanthi,https://www.rbi.org.in/Scripts/HolidayMatrixDisplay.aspx?drRegionalOffice=0&drMonth=8&drYear=2026 (POST form),Reserve Bank of India,2026-09-28
2026,2026-08-28,8,28,240,Monsoon,Raipur,Chhattisgarh,Central,Pang Lhabsol,Buddhist,Religious,shared_date,5,0.2,Raksha Bandhan/Pang-Lhabsol/Friday following Eid-i-Milad-ul-Nabi/Sree Narayana Guru Jayanthi/Ayyankali Jayanthi,https://www.rbi.org.in/Scripts/HolidayMatrixDisplay.aspx?drRegionalOffice=0&drMonth=8&drYear=2026 (POST form),Reserve Bank of India,2026-09-28
2026,2026-08-28,8,28,240,Monsoon,Raipur,Chhattisgarh,Central,Raksha Bandhan,Hindu,Religious,shared_date,5,0.2,Raksha Bandhan/Pang-Lhabsol/Friday following Eid-i-Milad-ul-Nabi/Sree Narayana Guru Jayanthi/Ayyankali Jayanthi,https://www.rbi.org.in/Scripts/HolidayMatrixDisplay.aspx?drRegionalOffice=0&drMonth=8&drYear=2026 (POST form),Reserve Bank of India,2026-09-28
2026,2026-08-28,8,28,240,Monsoon,Raipur,Chhattisgarh,Central,Sree Narayana Guru Jayanti / Samadhi,Hindu,Commemoration,shared_date,5,0.2,Raksha Bandhan/Pang-Lhabsol/Friday following Eid-i-Milad-ul-Nabi/Sree Narayana Guru Jayanthi/Ayyankali Jayanthi,https://www.rbi.org.in/Scripts/HolidayMatrixDisplay.aspx?drRegionalOffice=0&drMonth=8&drYear=2026 (POST form),Reserve Bank of India,2026-09-28
2026,2026-08-28,8,28,240,Monsoon,Shimla,Himachal Pradesh,North,Milad-un-Nabi,Muslim,Religious,shared_date,5,0.2,Raksha Bandhan/Pang-Lhabsol/Friday following Eid-i-Milad-ul-Nabi/Sree Narayana Guru Jayanthi/Ayyankali Jayanthi,https://www.rbi.org.in/Scripts/HolidayMatrixDisplay.aspx?drRegionalOffice=0&drMonth=8&drYear=2026 (POST form),Reserve Bank of India,2026-09-28
2026,2026-08-28,8,28,240,Monsoon,Shimla,Himachal Pradesh,North,Pang Lhabsol,Buddhist,Religious,shared_date,5,0.2,Raksha Bandhan/Pang-Lhabsol/Friday following Eid-i-Milad-ul-Nabi/Sree Narayana Guru Jayanthi/Ayyankali Jayanthi,https://www.rbi.org.in/Scripts/HolidayMatrixDisplay.aspx?drRegionalOffice=0&drMonth=8&drYear=2026 (POST form),Reserve Bank of India,2026-09-28
2026,2026-08-28,8,28,240,Monsoon,Shimla,Himachal Pradesh,North,Raksha Bandhan,Hindu,Religious,shared_date,5,0.2,Raksha Bandhan/Pang-Lhabsol/Friday following Eid-i-Milad-ul-Nabi/Sree Narayana Guru Jayanthi/Ayyankali Jayanthi,https://www.rbi.org.in/Scripts/HolidayMatrixDisplay.aspx?drRegionalOffice=0&drMonth=8&drYear=2026 (POST form),Reserve Bank of India,2026-09-28
2026,2026-08-28,8,28,240,Monsoon,Shimla,Himachal Pradesh,North,Sree Narayana Guru Jayanti / Samadhi,Hindu,Commemoration,shared_date,5,0.2,Raksha Bandhan/Pang-Lhabsol/Friday following Eid-i-Milad-ul-Nabi/Sree Narayana Guru Jayanthi/Ayyankali Jayanthi,https://www.rbi.org.in/Scripts/HolidayMatrixDisplay.aspx?drRegionalOffice=0&drMonth=8&drYear=2026 (POST form),Reserve Bank of India,2026-09-28
2026,2026-08-28,8,28,240,Monsoon,Srinagar,Jammu & Kashmir,North,Milad-un-Nabi,Muslim,Religious,shared_date,5,0.2,Raksha Bandhan/Pang-Lhabsol/Friday following Eid-i-Milad-ul-Nabi/Sree Narayana Guru Jayanthi/Ayyankali Jayanthi,https://www.rbi.org.in/Scripts/HolidayMatrixDisplay.aspx?drRegionalOffice=0&drMonth=8&drYear=2026 (POST form),Reserve Bank of India,2026-09-28
2026,2026-08-28,8,28,240,Monsoon,Srinagar,Jammu & Kashmir,North,Pang Lhabsol,Buddhist,Religious,shared_date,5,0.2,Raksha Bandhan/Pang-Lhabsol/Friday following Eid-i-Milad-ul-Nabi/Sree Narayana Guru Jayanthi/Ayyankali Jayanthi,https://www.rbi.org.in/Scripts/HolidayMatrixDisplay.aspx?drRegionalOffice=0&drMonth=8&drYear=2026 (POST form),Reserve Bank of India,2026-09-28
2026,2026-08-28,8,28,240,Monsoon,Srinagar,Jammu & Kashmir,North,Raksha Bandhan,Hindu,Religious,shared_date,5,0.2,Raksha Bandhan/Pang-Lhabsol/Friday following Eid-i-Milad-ul-Nabi/Sree Narayana Guru Jayanthi/Ayyankali Jayanthi,https://www.rbi.org.in/Scripts/HolidayMatrixDisplay.aspx?drRegionalOffice=0&drMonth=8&drYear=2026 (POST form),Reserve Bank of India,2026-09-28
2026,2026-08-28,8,28,240,Monsoon,Srinagar,Jammu & Kashmir,North,Sree Narayana Guru Jayanti / Samadhi,Hindu,Commemoration,shared_date,5,0.2,Raksha Bandhan/Pang-Lhabsol/Friday following Eid-i-Milad-ul-Nabi/Sree Narayana Guru Jayanthi/Ayyankali Jayanthi,https://www.rbi.org.in/Scripts/HolidayMatrixDisplay.aspx?drRegionalOffice=0&drMonth=8&drYear=2026 (POST form),Reserve Bank of India,2026-09-28
2026,2026-08-28,8,28,240,Monsoon,Thiruvananthapuram,Kerala,South,Milad-un-Nabi,Muslim,Religious,shared_date,5,0.2,Raksha Bandhan/Pang-Lhabsol/Friday following Eid-i-Milad-ul-Nabi/Sree Narayana Guru Jayanthi/Ayyankali Jayanthi,https://www.rbi.org.in/Scripts/HolidayMatrixDisplay.aspx?drRegionalOffice=0&drMonth=8&drYear=2026 (POST form),Reserve Bank of India,2026-09-28
2026,2026-08-28,8,28,240,Monsoon,Thiruvananthapuram,Kerala,South,Pang Lhabsol,Buddhist,Religious,shared_date,5,0.2,Raksha Bandhan/Pang-Lhabsol/Friday following Eid-i-Milad-ul-Nabi/Sree Narayana Guru Jayanthi/Ayyankali Jayanthi,https://www.rbi.org.in/Scripts/HolidayMatrixDisplay.aspx?drRegionalOffice=0&drMonth=8&drYear=2026 (POST form),Reserve Bank of India,2026-09-28
2026,2026-08-28,8,28,240,Monsoon,Thiruvananthapuram,Kerala,South,Raksha Bandhan,Hindu,Religious,shared_date,5,0.2,Raksha Bandhan/Pang-Lhabsol/Friday following Eid-i-Milad-ul-Nabi/Sree Narayana Guru Jayanthi/Ayyankali Jayanthi,https://www.rbi.org.in/Scripts/HolidayMatrixDisplay.aspx?drRegionalOffice=0&drMonth=8&drYear=2026 (POST form),Reserve Bank of India,2026-09-28
2026,2026-08-28,8,28,240,Monsoon,Thiruvananthapuram,Kerala,South,Sree Narayana Guru Jayanti / Samadhi,Hindu,Commemoration,shared_date,5,0.2,Raksha Bandhan/Pang-Lhabsol/Friday following Eid-i-Milad-ul-Nabi/Sree Narayana Guru Jayanthi/Ayyankali Jayanthi,https://www.rbi.org.in/Scripts/HolidayMatrixDisplay.aspx?drRegionalOffice=0&drMonth=8&drYear=2026 (POST form),Reserve Bank of India,2026-09-28
2026,2026-09-04,9,4,247,Monsoon,Ahmedabad,Gujarat,West,Janmashtami,Hindu,Religious,unique,1,1.0,Janmashtami (Vaishnva) (Shravan Vad-8)/Krishna Jayanthi,https://www.rbi.org.in/Scripts/HolidayMatrixDisplay.aspx?drRegionalOffice=0&drMonth=9&drYear=2026 (POST form),Reserve Bank of India,2026-09-28
2026,2026-09-04,9,4,247,Monsoon,Aizawl,Mizoram,North-East,Janmashtami,Hindu,Religious,unique,1,1.0,Janmashtami (Vaishnva) (Shravan Vad-8)/Krishna Jayanthi,https://www.rbi.org.in/Scripts/HolidayMatrixDisplay.aspx?drRegionalOffice=0&drMonth=9&drYear=2026 (POST form),Reserve Bank of India,2026-09-28
2026,2026-09-04,9,4,247,Monsoon,Bhopal,Madhya Pradesh,Central,Janmashtami,Hindu,Religious,unique,1,1.0,Janmashtami (Vaishnva) (Shravan Vad-8)/Krishna Jayanthi,https://www.rbi.org.in/Scripts/HolidayMatrixDisplay.aspx?drRegionalOffice=0&drMonth=9&drYear=2026 (POST form),Reserve Bank of India,2026-09-28
2026,2026-09-04,9,4,247,Monsoon,Bhubaneswar,Odisha,East,Janmashtami,Hindu,Religious,unique,1,1.0,Janmashtami (Vaishnva) (Shravan Vad-8)/Krishna Jayanthi,https://www.rbi.org.in/Scripts/HolidayMatrixDisplay.aspx?drRegionalOffice=0&drMonth=9&drYear=2026 (POST form),Reserve Bank of India,2026-09-28
2026,2026-09-04,9,4,247,Monsoon,Chandigarh,Punjab-Haryana-Chandigarh,North,Janmashtami,Hindu,Religious,unique,1,1.0,Janmashtami (Vaishnva) (Shravan Vad-8)/Krishna Jayanthi,https://www.rbi.org.in/Scripts/HolidayMatrixDisplay.aspx?drRegionalOffice=0&drMonth=9&drYear=2026 (POST form),Reserve Bank of India,2026-09-28
2026,2026-09-04,9,4,247,Monsoon,Chennai,Tamil Nadu,South,Janmashtami,Hindu,Religious,unique,1,1.0,Janmashtami (Vaishnva) (Shravan Vad-8)/Krishna Jayanthi,https://www.rbi.org.in/Scripts/HolidayMatrixDisplay.aspx?drRegionalOffice=0&drMonth=9&drYear=2026 (POST form),Reserve Bank of India,2026-09-28
2026,2026-09-04,9,4,247,Monsoon,Dehradun,Uttarakhand,North,Janmashtami,Hindu,Religious,unique,1,1.0,Janmashtami (Vaishnva) (Shravan Vad-8)/Krishna Jayanthi,https://www.rbi.org.in/Scripts/HolidayMatrixDisplay.aspx?drRegionalOffice=0&drMonth=9&drYear=2026 (POST form),Reserve Bank of India,2026-09-28
2026,2026-09-04,9,4,247,Monsoon,Gangtok,Sikkim,North-East,Janmashtami,Hindu,Religious,unique,1,1.0,Janmashtami (Vaishnva) (Shravan Vad-8)/Krishna Jayanthi,https://www.rbi.org.in/Scripts/HolidayMatrixDisplay.aspx?drRegionalOffice=0&drMonth=9&drYear=2026 (POST form),Reserve Bank of India,2026-09-28
2026,2026-09-04,9,4,247,Monsoon,Hyderabad,Telangana,South,Janmashtami,Hindu,Religious,unique,1,1.0,Janmashtami (Vaishnva) (Shravan Vad-8)/Krishna Jayanthi,https://www.rbi.org.in/Scripts/HolidayMatrixDisplay.aspx?drRegionalOffice=0&drMonth=9&drYear=2026 (POST form),Reserve Bank of India,2026-09-28
2026,2026-09-04,9,4,247,Monsoon,Jaipur,Rajasthan,North,Janmashtami,Hindu,Religious,unique,1,1.0,Janmashtami (Vaishnva) (Shravan Vad-8)/Krishna Jayanthi,https://www.rbi.org.in/Scripts/HolidayMatrixDisplay.aspx?drRegionalOffice=0&drMonth=9&drYear=2026 (POST form),Reserve Bank of India,2026-09-28
2026,2026-09-04,9,4,247,Monsoon,Jammu,Jammu & Kashmir,North,Janmashtami,Hindu,Religious,unique,1,1.0,Janmashtami (Vaishnva) (Shravan Vad-8)/Krishna Jayanthi,https://www.rbi.org.in/Scripts/HolidayMatrixDisplay.aspx?drRegionalOffice=0&drMonth=9&drYear=2026 (POST form),Reserve Bank of India,2026-09-28
2026,2026-09-04,9,4,247,Monsoon,Kanpur,Uttar Pradesh,North,Janmashtami,Hindu,Religious,unique,1,1.0,Janmashtami (Vaishnva) (Shravan Vad-8)/Krishna Jayanthi,https://www.rbi.org.in/Scripts/HolidayMatrixDisplay.aspx?drRegionalOffice=0&drMonth=9&drYear=2026 (POST form),Reserve Bank of India,2026-09-28
2026,2026-09-04,9,4,247,Monsoon,Kochi,Kerala,South,Janmashtami,Hindu,Religious,unique,1,1.0,Janmashtami (Vaishnva) (Shravan Vad-8)/Krishna Jayanthi,https://www.rbi.org.in/Scripts/HolidayMatrixDisplay.aspx?drRegionalOffice=0&drMonth=9&drYear=2026 (POST form),Reserve Bank of India,2026-09-28
2026,2026-09-04,9,4,247,Monsoon,Kolkata,West Bengal,East,Janmashtami,Hindu,Religious,unique,1,1.0,Janmashtami (Vaishnva) (Shravan Vad-8)/Krishna Jayanthi,https://www.rbi.org.in/Scripts/HolidayMatrixDisplay.aspx?drRegionalOffice=0&drMonth=9&drYear=2026 (POST form),Reserve Bank of India,2026-09-28
2026,2026-09-04,9,4,247,Monsoon,Lucknow,Uttar Pradesh,North,Janmashtami,Hindu,Religious,unique,1,1.0,Janmashtami (Vaishnva) (Shravan Vad-8)/Krishna Jayanthi,https://www.rbi.org.in/Scripts/HolidayMatrixDisplay.aspx?drRegionalOffice=0&drMonth=9&drYear=2026 (POST form),Reserve Bank of India,2026-09-28
2026,2026-09-04,9,4,247,Monsoon,Patna,Bihar,East,Janmashtami,Hindu,Religious,unique,1,1.0,Janmashtami (Vaishnva) (Shravan Vad-8)/Krishna Jayanthi,https://www.rbi.org.in/Scripts/HolidayMatrixDisplay.aspx?drRegionalOffice=0&drMonth=9&drYear=2026 (POST form),Reserve Bank of India,2026-09-28
2026,2026-09-04,9,4,247,Monsoon,Raipur,Chhattisgarh,Central,Janmashtami,Hindu,Religious,unique,1,1.0,Janmashtami (Vaishnva) (Shravan Vad-8)/Krishna Jayanthi,https://www.rbi.org.in/Scripts/HolidayMatrixDisplay.aspx?drRegionalOffice=0&drMonth=9&drYear=2026 (POST form),Reserve Bank of India,2026-09-28
2026,2026-09-04,9,4,247,Monsoon,Ranchi,Jharkhand,East,Janmashtami,Hindu,Religious,unique,1,1.0,Janmashtami (Vaishnva) (Shravan Vad-8)/Krishna Jayanthi,https://www.rbi.org.in/Scripts/HolidayMatrixDisplay.aspx?drRegionalOffice=0&drMonth=9&drYear=2026 (POST form),Reserve Bank of India,2026-09-28
2026,2026-09-04,9,4,247,Monsoon,Shillong,Meghalaya,North-East,Janmashtami,Hindu,Religious,unique,1,1.0,Janmashtami (Vaishnva) (Shravan Vad-8)/Krishna Jayanthi,https://www.rbi.org.in/Scripts/HolidayMatrixDisplay.aspx?drRegionalOffice=0&drMonth=9&drYear=2026 (POST form),Reserve Bank of India,2026-09-28
2026,2026-09-04,9,4,247,Monsoon,Shimla,Himachal Pradesh,North,Janmashtami,Hindu,Religious,unique,1,1.0,Janmashtami (Vaishnva) (Shravan Vad-8)/Krishna Jayanthi,https://www.rbi.org.in/Scripts/HolidayMatrixDisplay.aspx?drRegionalOffice=0&drMonth=9&drYear=2026 (POST form),Reserve Bank of India,2026-09-28
2026,2026-09-04,9,4,247,Monsoon,Srinagar,Jammu & Kashmir,North,Janmashtami,Hindu,Religious,unique,1,1.0,Janmashtami (Vaishnva) (Shravan Vad-8)/Krishna Jayanthi,https://www.rbi.org.in/Scripts/HolidayMatrixDisplay.aspx?drRegionalOffice=0&drMonth=9&drYear=2026 (POST form),Reserve Bank of India,2026-09-28
2026,2026-09-04,9,4,247,Monsoon,Thiruvananthapuram,Kerala,South,Janmashtami,Hindu,Religious,unique,1,1.0,Janmashtami (Vaishnva) (Shravan Vad-8)/Krishna Jayanthi,https://www.rbi.org.in/Scripts/HolidayMatrixDisplay.aspx?drRegionalOffice=0&drMonth=9&drYear=2026 (POST form),Reserve Bank of India,2026-09-28
2026,2026-09-04,9,4,247,Monsoon,Vijayawada,Andhra Pradesh,South,Janmashtami,Hindu,Religious,unique,1,1.0,Janmashtami (Vaishnva) (Shravan Vad-8)/Krishna Jayanthi,https://www.rbi.org.in/Scripts/HolidayMatrixDisplay.aspx?drRegionalOffice=0&drMonth=9&drYear=2026 (POST form),Reserve Bank of India,2026-09-28
2026,2026-09-12,9,12,255,Monsoon,Guwahati,Assam,North-East,Srimanta Sankardeva Tithi / Janmotsav,Hindu,Commemoration,unique,1,1.0,Tirubhav Tithi of Srimanta Sankardeva,https://www.rbi.org.in/Scripts/HolidayMatrixDisplay.aspx?drRegionalOffice=0&drMonth=9&drYear=2026 (POST form),Reserve Bank of India,2026-09-28
2026,2026-09-14,9,14,257,Monsoon,Belapur,Maharashtra,West,Chhath Puja,Hindu,Religious,shared_date,3,0.3333333333333333,Ganesh Chaturthi/Ganesh Puja/Varasiddhi Vinayaka Vrata/Vinayakar Chathurthi/Hartalika,https://www.rbi.org.in/Scripts/HolidayMatrixDisplay.aspx?drRegionalOffice=0&drMonth=9&drYear=2026 (POST form),Reserve Bank of India,2026-09-28
2026,2026-09-14,9,14,257,Monsoon,Belapur,Maharashtra,West,Ganesh Chaturthi,Hindu,Religious,shared_date,3,0.3333333333333333,Ganesh Chaturthi/Ganesh Puja/Varasiddhi Vinayaka Vrata/Vinayakar Chathurthi/Hartalika,https://www.rbi.org.in/Scripts/HolidayMatrixDisplay.aspx?drRegionalOffice=0&drMonth=9&drYear=2026 (POST form),Reserve Bank of India,2026-09-28
2026,2026-09-14,9,14,257,Monsoon,Belapur,Maharashtra,West,Hartalika Teej,Hindu,Religious,shared_date,3,0.3333333333333333,Ganesh Chaturthi/Ganesh Puja/Varasiddhi Vinayaka Vrata/Vinayakar Chathurthi/Hartalika,https://www.rbi.org.in/Scripts/HolidayMatrixDisplay.aspx?drRegionalOffice=0&drMonth=9&drYear=2026 (POST form),Reserve Bank of India,2026-09-28
2026,2026-09-14,9,14,257,Monsoon,Bengaluru,Karnataka,South,Chhath Puja,Hindu,Religious,shared_date,3,0.3333333333333333,Ganesh Chaturthi/Ganesh Puja/Varasiddhi Vinayaka Vrata/Vinayakar Chathurthi/Hartalika,https://www.rbi.org.in/Scripts/HolidayMatrixDisplay.aspx?drRegionalOffice=0&drMonth=9&drYear=2026 (POST form),Reserve Bank of India,2026-09-28
2026,2026-09-14,9,14,257,Monsoon,Bengaluru,Karnataka,South,Ganesh Chaturthi,Hindu,Religious,shared_date,3,0.3333333333333333,Ganesh Chaturthi/Ganesh Puja/Varasiddhi Vinayaka Vrata/Vinayakar Chathurthi/Hartalika,https://www.rbi.org.in/Scripts/HolidayMatrixDisplay.aspx?drRegionalOffice=0&drMonth=9&drYear=2026 (POST form),Reserve Bank of India,2026-09-28
2026,2026-09-14,9,14,257,Monsoon,Bengaluru,Karnataka,South,Hartalika Teej,Hindu,Religious,shared_date,3,0.3333333333333333,Ganesh Chaturthi/Ganesh Puja/Varasiddhi Vinayaka Vrata/Vinayakar Chathurthi/Hartalika,https://www.rbi.org.in/Scripts/HolidayMatrixDisplay.aspx?drRegionalOffice=0&drMonth=9&drYear=2026 (POST form),Reserve Bank of India,2026-09-28
2026,2026-09-14,9,14,257,Monsoon,Bhubaneswar,Odisha,East,Chhath Puja,Hindu,Religious,shared_date,3,0.3333333333333333,Ganesh Chaturthi/Ganesh Puja/Varasiddhi Vinayaka Vrata/Vinayakar Chathurthi/Hartalika,https://www.rbi.org.in/Scripts/HolidayMatrixDisplay.aspx?drRegionalOffice=0&drMonth=9&drYear=2026 (POST form),Reserve Bank of India,2026-09-28
2026,2026-09-14,9,14,257,Monsoon,Bhubaneswar,Odisha,East,Ganesh Chaturthi,Hindu,Religious,shared_date,3,0.3333333333333333,Ganesh Chaturthi/Ganesh Puja/Varasiddhi Vinayaka Vrata/Vinayakar Chathurthi/Hartalika,https://www.rbi.org.in/Scripts/HolidayMatrixDisplay.aspx?drRegionalOffice=0&drMonth=9&drYear=2026 (POST form),Reserve Bank of India,2026-09-28
2026,2026-09-14,9,14,257,Monsoon,Bhubaneswar,Odisha,East,Hartalika Teej,Hindu,Religious,shared_date,3,0.3333333333333333,Ganesh Chaturthi/Ganesh Puja/Varasiddhi Vinayaka Vrata/Vinayakar Chathurthi/Hartalika,https://www.rbi.org.in/Scripts/HolidayMatrixDisplay.aspx?drRegionalOffice=0&drMonth=9&drYear=2026 (POST form),Reserve Bank of India,2026-09-28
2026,2026-09-14,9,14,257,Monsoon,Chennai,Tamil Nadu,South,Chhath Puja,Hindu,Religious,shared_date,3,0.3333333333333333,Ganesh Chaturthi/Ganesh Puja/Varasiddhi Vinayaka Vrata/Vinayakar Chathurthi/Hartalika,https://www.rbi.org.in/Scripts/HolidayMatrixDisplay.aspx?drRegionalOffice=0&drMonth=9&drYear=2026 (POST form),Reserve Bank of India,2026-09-28
2026,2026-09-14,9,14,257,Monsoon,Chennai,Tamil Nadu,South,Ganesh Chaturthi,Hindu,Religious,shared_date,3,0.3333333333333333,Ganesh Chaturthi/Ganesh Puja/Varasiddhi Vinayaka Vrata/Vinayakar Chathurthi/Hartalika,https://www.rbi.org.in/Scripts/HolidayMatrixDisplay.aspx?drRegionalOffice=0&drMonth=9&drYear=2026 (POST form),Reserve Bank of India,2026-09-28
2026,2026-09-14,9,14,257,Monsoon,Chennai,Tamil Nadu,South,Hartalika Teej,Hindu,Religious,shared_date,3,0.3333333333333333,Ganesh Chaturthi/Ganesh Puja/Varasiddhi Vinayaka Vrata/Vinayakar Chathurthi/Hartalika,https://www.rbi.org.in/Scripts/HolidayMatrixDisplay.aspx?drRegionalOffice=0&drMonth=9&drYear=2026 (POST form),Reserve Bank of India,2026-09-28
2026,2026-09-14,9,14,257,Monsoon,Hyderabad,Telangana,South,Chhath Puja,Hindu,Religious,shared_date,3,0.3333333333333333,Ganesh Chaturthi/Ganesh Puja/Varasiddhi Vinayaka Vrata/Vinayakar Chathurthi/Hartalika,https://www.rbi.org.in/Scripts/HolidayMatrixDisplay.aspx?drRegionalOffice=0&drMonth=9&drYear=2026 (POST form),Reserve Bank of India,2026-09-28
2026,2026-09-14,9,14,257,Monsoon,Hyderabad,Telangana,South,Ganesh Chaturthi,Hindu,Religious,shared_date,3,0.3333333333333333,Ganesh Chaturthi/Ganesh Puja/Varasiddhi Vinayaka Vrata/Vinayakar Chathurthi/Hartalika,https://www.rbi.org.in/Scripts/HolidayMatrixDisplay.aspx?drRegionalOffice=0&drMonth=9&drYear=2026 (POST form),Reserve Bank of India,2026-09-28
2026,2026-09-14,9,14,257,Monsoon,Hyderabad,Telangana,South,Hartalika Teej,Hindu,Religious,shared_date,3,0.3333333333333333,Ganesh Chaturthi/Ganesh Puja/Varasiddhi Vinayaka Vrata/Vinayakar Chathurthi/Hartalika,https://www.rbi.org.in/Scripts/HolidayMatrixDisplay.aspx?drRegionalOffice=0&drMonth=9&drYear=2026 (POST form),Reserve Bank of India,2026-09-28
2026,2026-09-14,9,14,257,Monsoon,Mumbai,Maharashtra,West,Chhath Puja,Hindu,Religious,shared_date,3,0.3333333333333333,Ganesh Chaturthi/Ganesh Puja/Varasiddhi Vinayaka Vrata/Vinayakar Chathurthi/Hartalika,https://www.rbi.org.in/Scripts/HolidayMatrixDisplay.aspx?drRegionalOffice=0&drMonth=9&drYear=2026 (POST form),Reserve Bank of India,2026-09-28
2026,2026-09-14,9,14,257,Monsoon,Mumbai,Maharashtra,West,Ganesh Chaturthi,Hindu,Religious,shared_date,3,0.3333333333333333,Ganesh Chaturthi/Ganesh Puja/Varasiddhi Vinayaka Vrata/Vinayakar Chathurthi/Hartalika,https://www.rbi.org.in/Scripts/HolidayMatrixDisplay.aspx?drRegionalOffice=0&drMonth=9&drYear=2026 (POST form),Reserve Bank of India,2026-09-28
2026,2026-09-14,9,14,257,Monsoon,Mumbai,Maharashtra,West,Hartalika Teej,Hindu,Religious,shared_date,3,0.3333333333333333,Ganesh Chaturthi/Ganesh Puja/Varasiddhi Vinayaka Vrata/Vinayakar Chathurthi/Hartalika,https://www.rbi.org.in/Scripts/HolidayMatrixDisplay.aspx?drRegionalOffice=0&drMonth=9&drYear=2026 (POST form),Reserve Bank of India,2026-09-28
2026,2026-09-14,9,14,257,Monsoon,Nagpur,Maharashtra,West,Chhath Puja,Hindu,Religious,shared_date,3,0.3333333333333333,Ganesh Chaturthi/Ganesh Puja/Varasiddhi Vinayaka Vrata/Vinayakar Chathurthi/Hartalika,https://www.rbi.org.in/Scripts/HolidayMatrixDisplay.aspx?drRegionalOffice=0&drMonth=9&drYear=2026 (POST form),Reserve Bank of India,2026-09-28
2026,2026-09-14,9,14,257,Monsoon,Nagpur,Maharashtra,West,Ganesh Chaturthi,Hindu,Religious,shared_date,3,0.3333333333333333,Ganesh Chaturthi/Ganesh Puja/Varasiddhi Vinayaka Vrata/Vinayakar Chathurthi/Hartalika,https://www.rbi.org.in/Scripts/HolidayMatrixDisplay.aspx?drRegionalOffice=0&drMonth=9&drYear=2026 (POST form),Reserve Bank of India,2026-09-28
2026,2026-09-14,9,14,257,Monsoon,Nagpur,Maharashtra,West,Hartalika Teej,Hindu,Religious,shared_date,3,0.3333333333333333,Ganesh Chaturthi/Ganesh Puja/Varasiddhi Vinayaka Vrata/Vinayakar Chathurthi/Hartalika,https://www.rbi.org.in/Scripts/HolidayMatrixDisplay.aspx?drRegionalOffice=0&drMonth=9&drYear=2026 (POST form),Reserve Bank of India,2026-09-28
2026,2026-09-14,9,14,257,Monsoon,Panaji,Goa,West,Chhath Puja,Hindu,Religious,shared_date,3,0.3333333333333333,Ganesh Chaturthi/Ganesh Puja/Varasiddhi Vinayaka Vrata/Vinayakar Chathurthi/Hartalika,https://www.rbi.org.in/Scripts/HolidayMatrixDisplay.aspx?drRegionalOffice=0&drMonth=9&drYear=2026 (POST form),Reserve Bank of India,2026-09-28
2026,2026-09-14,9,14,257,Monsoon,Panaji,Goa,West,Ganesh Chaturthi,Hindu,Religious,shared_date,3,0.3333333333333333,Ganesh Chaturthi/Ganesh Puja/Varasiddhi Vinayaka Vrata/Vinayakar Chathurthi/Hartalika,https://www.rbi.org.in/Scripts/HolidayMatrixDisplay.aspx?drRegionalOffice=0&drMonth=9&drYear=2026 (POST form),Reserve Bank of India,2026-09-28
2026,2026-09-14,9,14,257,Monsoon,Panaji,Goa,West,Hartalika Teej,Hindu,Religious,shared_date,3,0.3333333333333333,Ganesh Chaturthi/Ganesh Puja/Varasiddhi Vinayaka Vrata/Vinayakar Chathurthi/Hartalika,https://www.rbi.org.in/Scripts/HolidayMatrixDisplay.aspx?drRegionalOffice=0&drMonth=9&drYear=2026 (POST form),Reserve Bank of India,2026-09-28
2026,2026-09-14,9,14,257,Monsoon,Vijayawada,Andhra Pradesh,South,Chhath Puja,Hindu,Religious,shared_date,3,0.3333333333333333,Ganesh Chaturthi/Ganesh Puja/Varasiddhi Vinayaka Vrata/Vinayakar Chathurthi/Hartalika,https://www.rbi.org.in/Scripts/HolidayMatrixDisplay.aspx?drRegionalOffice=0&drMonth=9&drYear=2026 (POST form),Reserve Bank of India,2026-09-28
2026,2026-09-14,9,14,257,Monsoon,Vijayawada,Andhra Pradesh,South,Ganesh Chaturthi,Hindu,Religious,shared_date,3,0.3333333333333333,Ganesh Chaturthi/Ganesh Puja/Varasiddhi Vinayaka Vrata/Vinayakar Chathurthi/Hartalika,https://www.rbi.org.in/Scripts/HolidayMatrixDisplay.aspx?drRegionalOffice=0&drMonth=9&drYear=2026 (POST form),Reserve Bank of India,2026-09-28
2026,2026-09-14,9,14,257,Monsoon,Vijayawada,Andhra Pradesh,South,Hartalika Teej,Hindu,Religious,shared_date,3,0.3333333333333333,Ganesh Chaturthi/Ganesh Puja/Varasiddhi Vinayaka Vrata/Vinayakar Chathurthi/Hartalika,https://www.rbi.org.in/Scripts/HolidayMatrixDisplay.aspx?drRegionalOffice=0&drMonth=9&drYear=2026 (POST form),Reserve Bank of India,2026-09-28
2026,2026-09-15,9,15,258,Monsoon,Ahmedabad,Gujarat,West,Ganesh Chaturthi,Hindu,Religious,shared_date,3,0.3333333333333333,Samvatsari (Chaturthi Paksha)/Nuakhai/Ganesh Chaturthi (2nd Day),https://www.rbi.org.in/Scripts/HolidayMatrixDisplay.aspx?drRegionalOffice=0&drMonth=9&drYear=2026 (POST form),Reserve Bank of India,2026-09-28
2026,2026-09-15,9,15,258,Monsoon,Ahmedabad,Gujarat,West,Nuakhai,Hindu,Harvest,shared_date,3,0.3333333333333333,Samvatsari (Chaturthi Paksha)/Nuakhai/Ganesh Chaturthi (2nd Day),https://www.rbi.org.in/Scripts/HolidayMatrixDisplay.aspx?drRegionalOffice=0&drMonth=9&drYear=2026 (POST form),Reserve Bank of India,2026-09-28
2026,2026-09-15,9,15,258,Monsoon,Ahmedabad,Gujarat,West,Samvatsari (Paryushan),Jain,Religious,shared_date,3,0.3333333333333333,Samvatsari (Chaturthi Paksha)/Nuakhai/Ganesh Chaturthi (2nd Day),https://www.rbi.org.in/Scripts/HolidayMatrixDisplay.aspx?drRegionalOffice=0&drMonth=9&drYear=2026 (POST form),Reserve Bank of India,2026-09-28
2026,2026-09-15,9,15,258,Monsoon,Bhubaneswar,Odisha,East,Ganesh Chaturthi,Hindu,Religious,shared_date,3,0.3333333333333333,Samvatsari (Chaturthi Paksha)/Nuakhai/Ganesh Chaturthi (2nd Day),https://www.rbi.org.in/Scripts/HolidayMatrixDisplay.aspx?drRegionalOffice=0&drMonth=9&drYear=2026 (POST form),Reserve Bank of India,2026-09-28
2026,2026-09-15,9,15,258,Monsoon,Bhubaneswar,Odisha,East,Nuakhai,Hindu,Harvest,shared_date,3,0.3333333333333333,Samvatsari (Chaturthi Paksha)/Nuakhai/Ganesh Chaturthi (2nd Day),https://www.rbi.org.in/Scripts/HolidayMatrixDisplay.aspx?drRegionalOffice=0&drMonth=9&drYear=2026 (POST form),Reserve Bank of India,2026-09-28
2026,2026-09-15,9,15,258,Monsoon,Bhubaneswar,Odisha,East,Samvatsari (Paryushan),Jain,Religious,shared_date,3,0.3333333333333333,Samvatsari (Chaturthi Paksha)/Nuakhai/Ganesh Chaturthi (2nd Day),https://www.rbi.org.in/Scripts/HolidayMatrixDisplay.aspx?drRegionalOffice=0&drMonth=9&drYear=2026 (POST form),Reserve Bank of India,2026-09-28
2026,2026-09-15,9,15,258,Monsoon,Panaji,Goa,West,Ganesh Chaturthi,Hindu,Religious,shared_date,3,0.3333333333333333,Samvatsari (Chaturthi Paksha)/Nuakhai/Ganesh Chaturthi (2nd Day),https://www.rbi.org.in/Scripts/HolidayMatrixDisplay.aspx?drRegionalOffice=0&drMonth=9&drYear=2026 (POST form),Reserve Bank of India,2026-09-28
2026,2026-09-15,9,15,258,Monsoon,Panaji,Goa,West,Nuakhai,Hindu,Harvest,shared_date,3,0.3333333333333333,Samvatsari (Chaturthi Paksha)/Nuakhai/Ganesh Chaturthi (2nd Day),https://www.rbi.org.in/Scripts/HolidayMatrixDisplay.aspx?drRegionalOffice=0&drMonth=9&drYear=2026 (POST form),Reserve Bank of India,2026-09-28
2026,2026-09-15,9,15,258,Monsoon,Panaji,Goa,West,Samvatsari (Paryushan),Jain,Religious,shared_date,3,0.3333333333333333,Samvatsari (Chaturthi Paksha)/Nuakhai/Ganesh Chaturthi (2nd Day),https://www.rbi.org.in/Scripts/HolidayMatrixDisplay.aspx?drRegionalOffice=0&drMonth=9&drYear=2026 (POST form),Reserve Bank of India,2026-09-28
2026,2026-09-18,9,18,261,Monsoon,Shillong,Meghalaya,North-East,Unitarian Anniversary Day,Christian,Commemoration,unique,1,1.0,Unitarian Anniversary Day,https://www.rbi.org.in/Scripts/HolidayMatrixDisplay.aspx?drRegionalOffice=0&drMonth=9&drYear=2026 (POST form),Reserve Bank of India,2026-09-28
2026,2026-09-21,9,21,264,Monsoon,Guwahati,Assam,North-East,Sree Narayana Guru Jayanti / Samadhi,Hindu,Commemoration,shared_date,2,0.5,Janmotsav of Srimanta Sankardeva/Sree Narayana Guru Samadhi,https://www.rbi.org.in/Scripts/HolidayMatrixDisplay.aspx?drRegionalOffice=0&drMonth=9&drYear=2026 (POST form),Reserve Bank of India,2026-09-28
2026,2026-09-21,9,21,264,Monsoon,Guwahati,Assam,North-East,Srimanta Sankardeva Tithi / Janmotsav,Hindu,Commemoration,shared_date,2,0.5,Janmotsav of Srimanta Sankardeva/Sree Narayana Guru Samadhi,https://www.rbi.org.in/Scripts/HolidayMatrixDisplay.aspx?drRegionalOffice=0&drMonth=9&drYear=2026 (POST form),Reserve Bank of India,2026-09-28
2026,2026-09-21,9,21,264,Monsoon,Kochi,Kerala,South,Sree Narayana Guru Jayanti / Samadhi,Hindu,Commemoration,shared_date,2,0.5,Janmotsav of Srimanta Sankardeva/Sree Narayana Guru Samadhi,https://www.rbi.org.in/Scripts/HolidayMatrixDisplay.aspx?drRegionalOffice=0&drMonth=9&drYear=2026 (POST form),Reserve Bank of India,2026-09-28
2026,2026-09-21,9,21,264,Monsoon,Kochi,Kerala,South,Srimanta Sankardeva Tithi / Janmotsav,Hindu,Commemoration,shared_date,2,0.5,Janmotsav of Srimanta Sankardeva/Sree Narayana Guru Samadhi,https://www.rbi.org.in/Scripts/HolidayMatrixDisplay.aspx?drRegionalOffice=0&drMonth=9&drYear=2026 (POST form),Reserve Bank of India,2026-09-28
2026,2026-09-21,9,21,264,Monsoon,Thiruvananthapuram,Kerala,South,Sree Narayana Guru Jayanti / Samadhi,Hindu,Commemoration,shared_date,2,0.5,Janmotsav of Srimanta Sankardeva/Sree Narayana Guru Samadhi,https://www.rbi.org.in/Scripts/HolidayMatrixDisplay.aspx?drRegionalOffice=0&drMonth=9&drYear=2026 (POST form),Reserve Bank of India,2026-09-28
2026,2026-09-21,9,21,264,Monsoon,Thiruvananthapuram,Kerala,South,Srimanta Sankardeva Tithi / Janmotsav,Hindu,Commemoration,shared_date,2,0.5,Janmotsav of Srimanta Sankardeva/Sree Narayana Guru Samadhi,https://www.rbi.org.in/Scripts/HolidayMatrixDisplay.aspx?drRegionalOffice=0&drMonth=9&drYear=2026 (POST form),Reserve Bank of India,2026-09-28
2026,2026-09-22,9,22,265,Monsoon,Ranchi,Jharkhand,East,Karma Puja,Tribal/Indigenous,Harvest,unique,1,1.0,Karma Puja,https://www.rbi.org.in/Scripts/HolidayMatrixDisplay.aspx?drRegionalOffice=0&drMonth=9&drYear=2026 (POST form),Reserve Bank of India,2026-09-28
2026,2026-09-25,9,25,268,Monsoon,Gangtok,Sikkim,North-East,Indra Jatra,Hindu,Religious,unique,1,1.0,Indrajatra,https://www.rbi.org.in/Scripts/HolidayMatrixDisplay.aspx?drRegionalOffice=0&drMonth=9&drYear=2026 (POST form),Reserve Bank of India,2026-09-28
2026,2026-10-10,10,10,283,Post-monsoon,Bengaluru,Karnataka,South,Mahalaya,Hindu,Religious,unique,1,1.0,Mahalaya Amavasye,https://www.rbi.org.in/Scripts/HolidayMatrixDisplay.aspx?drRegionalOffice=0&drMonth=10&drYear=2026 (POST form),Reserve Bank of India,2026-09-28
2026,2026-10-10,10,10,283,Post-monsoon,Kolkata,West Bengal,East,Mahalaya,Hindu,Religious,unique,1,1.0,Mahalaya Amavasye,https://www.rbi.org.in/Scripts/HolidayMatrixDisplay.aspx?drRegionalOffice=0&drMonth=10&drYear=2026 (POST form),Reserve Bank of India,2026-09-28
2026,2026-10-17,10,17,290,Post-monsoon,Agartala,Tripura,North-East,Navratri / Durga Puja / Dussehra,Hindu,Religious,unique,1,1.0,Maha Saptami,https://www.rbi.org.in/Scripts/HolidayMatrixDisplay.aspx?drRegionalOffice=0&drMonth=10&drYear=2026 (POST form),Reserve Bank of India,2026-09-28
2026,2026-10-19,10,19,292,Post-monsoon,Agartala,Tripura,North-East,Navratri / Durga Puja / Dussehra,Hindu,Religious,unique,1,1.0,Dussehra (Mahashtami)/Maha Navami/Ayutha Pooja/Durga Puja/Vijaya Dashomi/Durga Ashtami,https://www.rbi.org.in/Scripts/HolidayMatrixDisplay.aspx?drRegionalOffice=0&drMonth=10&drYear=2026 (POST form),Reserve Bank of India,2026-09-28
2026,2026-10-19,10,19,292,Post-monsoon,Aizawl,Mizoram,North-East,Navratri / Durga Puja / Dussehra,Hindu,Religious,unique,1,1.0,Dussehra (Mahashtami)/Maha Navami/Ayutha Pooja/Durga Puja/Vijaya Dashomi/Durga Ashtami,https://www.rbi.org.in/Scripts/HolidayMatrixDisplay.aspx?drRegionalOffice=0&drMonth=10&drYear=2026 (POST form),Reserve Bank of India,2026-09-28
2026,2026-10-19,10,19,292,Post-monsoon,Bhubaneswar,Odisha,East,Navratri / Durga Puja / Dussehra,Hindu,Religious,unique,1,1.0,Dussehra (Mahashtami)/Maha Navami/Ayutha Pooja/Durga Puja/Vijaya Dashomi/Durga Ashtami,https://www.rbi.org.in/Scripts/HolidayMatrixDisplay.aspx?drRegionalOffice=0&drMonth=10&drYear=2026 (POST form),Reserve Bank of India,2026-09-28
2026,2026-10-19,10,19,292,Post-monsoon,Chennai,Tamil Nadu,South,Navratri / Durga Puja / Dussehra,Hindu,Religious,unique,1,1.0,Dussehra (Mahashtami)/Maha Navami/Ayutha Pooja/Durga Puja/Vijaya Dashomi/Durga Ashtami,https://www.rbi.org.in/Scripts/HolidayMatrixDisplay.aspx?drRegionalOffice=0&drMonth=10&drYear=2026 (POST form),Reserve Bank of India,2026-09-28
2026,2026-10-19,10,19,292,Post-monsoon,Guwahati,Assam,North-East,Navratri / Durga Puja / Dussehra,Hindu,Religious,unique,1,1.0,Dussehra (Mahashtami)/Maha Navami/Ayutha Pooja/Durga Puja/Vijaya Dashomi/Durga Ashtami,https://www.rbi.org.in/Scripts/HolidayMatrixDisplay.aspx?drRegionalOffice=0&drMonth=10&drYear=2026 (POST form),Reserve Bank of India,2026-09-28
2026,2026-10-19,10,19,292,Post-monsoon,Imphal,Manipur,North-East,Navratri / Durga Puja / Dussehra,Hindu,Religious,unique,1,1.0,Dussehra (Mahashtami)/Maha Navami/Ayutha Pooja/Durga Puja/Vijaya Dashomi/Durga Ashtami,https://www.rbi.org.in/Scripts/HolidayMatrixDisplay.aspx?drRegionalOffice=0&drMonth=10&drYear=2026 (POST form),Reserve Bank of India,2026-09-28
2026,2026-10-19,10,19,292,Post-monsoon,Itanagar,Arunachal Pradesh,North-East,Navratri / Durga Puja / Dussehra,Hindu,Religious,unique,1,1.0,Dussehra (Mahashtami)/Maha Navami/Ayutha Pooja/Durga Puja/Vijaya Dashomi/Durga Ashtami,https://www.rbi.org.in/Scripts/HolidayMatrixDisplay.aspx?drRegionalOffice=0&drMonth=10&drYear=2026 (POST form),Reserve Bank of India,2026-09-28
2026,2026-10-19,10,19,292,Post-monsoon,Kohima,Nagaland,North-East,Navratri / Durga Puja / Dussehra,Hindu,Religious,unique,1,1.0,Dussehra (Mahashtami)/Maha Navami/Ayutha Pooja/Durga Puja/Vijaya Dashomi/Durga Ashtami,https://www.rbi.org.in/Scripts/HolidayMatrixDisplay.aspx?drRegionalOffice=0&drMonth=10&drYear=2026 (POST form),Reserve Bank of India,2026-09-28
2026,2026-10-19,10,19,292,Post-monsoon,Kolkata,West Bengal,East,Navratri / Durga Puja / Dussehra,Hindu,Religious,unique,1,1.0,Dussehra (Mahashtami)/Maha Navami/Ayutha Pooja/Durga Puja/Vijaya Dashomi/Durga Ashtami,https://www.rbi.org.in/Scripts/HolidayMatrixDisplay.aspx?drRegionalOffice=0&drMonth=10&drYear=2026 (POST form),Reserve Bank of India,2026-09-28
2026,2026-10-19,10,19,292,Post-monsoon,Patna,Bihar,East,Navratri / Durga Puja / Dussehra,Hindu,Religious,unique,1,1.0,Dussehra (Mahashtami)/Maha Navami/Ayutha Pooja/Durga Puja/Vijaya Dashomi/Durga Ashtami,https://www.rbi.org.in/Scripts/HolidayMatrixDisplay.aspx?drRegionalOffice=0&drMonth=10&drYear=2026 (POST form),Reserve Bank of India,2026-09-28
2026,2026-10-19,10,19,292,Post-monsoon,Ranchi,Jharkhand,East,Navratri / Durga Puja / Dussehra,Hindu,Religious,unique,1,1.0,Dussehra (Mahashtami)/Maha Navami/Ayutha Pooja/Durga Puja/Vijaya Dashomi/Durga Ashtami,https://www.rbi.org.in/Scripts/HolidayMatrixDisplay.aspx?drRegionalOffice=0&drMonth=10&drYear=2026 (POST form),Reserve Bank of India,2026-09-28
2026,2026-10-19,10,19,292,Post-monsoon,Shillong,Meghalaya,North-East,Navratri / Durga Puja / Dussehra,Hindu,Religious,unique,1,1.0,Dussehra (Mahashtami)/Maha Navami/Ayutha Pooja/Durga Puja/Vijaya Dashomi/Durga Ashtami,https://www.rbi.org.in/Scripts/HolidayMatrixDisplay.aspx?drRegionalOffice=0&drMonth=10&drYear=2026 (POST form),Reserve Bank of India,2026-09-28
2026,2026-10-20,10,20,293,Post-monsoon,Agartala,Tripura,North-East,Navratri / Durga Puja / Dussehra,Hindu,Religious,unique,1,1.0,"Dasara/Dusshera (Vijaya Dashmi) (Aaso sud-10)/Mahanavami, Ayudhapooja/Durga Puja",https://www.rbi.org.in/Scripts/HolidayMatrixDisplay.aspx?drRegionalOffice=0&drMonth=10&drYear=2026 (POST form),Reserve Bank of India,2026-09-28
2026,2026-10-20,10,20,293,Post-monsoon,Ahmedabad,Gujarat,West,Navratri / Durga Puja / Dussehra,Hindu,Religious,unique,1,1.0,"Dasara/Dusshera (Vijaya Dashmi) (Aaso sud-10)/Mahanavami, Ayudhapooja/Durga Puja",https://www.rbi.org.in/Scripts/HolidayMatrixDisplay.aspx?drRegionalOffice=0&drMonth=10&drYear=2026 (POST form),Reserve Bank of India,2026-09-28
2026,2026-10-20,10,20,293,Post-monsoon,Aizawl,Mizoram,North-East,Navratri / Durga Puja / Dussehra,Hindu,Religious,unique,1,1.0,"Dasara/Dusshera (Vijaya Dashmi) (Aaso sud-10)/Mahanavami, Ayudhapooja/Durga Puja",https://www.rbi.org.in/Scripts/HolidayMatrixDisplay.aspx?drRegionalOffice=0&drMonth=10&drYear=2026 (POST form),Reserve Bank of India,2026-09-28
2026,2026-10-20,10,20,293,Post-monsoon,Belapur,Maharashtra,West,Navratri / Durga Puja / Dussehra,Hindu,Religious,unique,1,1.0,"Dasara/Dusshera (Vijaya Dashmi) (Aaso sud-10)/Mahanavami, Ayudhapooja/Durga Puja",https://www.rbi.org.in/Scripts/HolidayMatrixDisplay.aspx?drRegionalOffice=0&drMonth=10&drYear=2026 (POST form),Reserve Bank of India,2026-09-28
2026,2026-10-20,10,20,293,Post-monsoon,Bengaluru,Karnataka,South,Navratri / Durga Puja / Dussehra,Hindu,Religious,unique,1,1.0,"Dasara/Dusshera (Vijaya Dashmi) (Aaso sud-10)/Mahanavami, Ayudhapooja/Durga Puja",https://www.rbi.org.in/Scripts/HolidayMatrixDisplay.aspx?drRegionalOffice=0&drMonth=10&drYear=2026 (POST form),Reserve Bank of India,2026-09-28
2026,2026-10-20,10,20,293,Post-monsoon,Bhopal,Madhya Pradesh,Central,Navratri / Durga Puja / Dussehra,Hindu,Religious,unique,1,1.0,"Dasara/Dusshera (Vijaya Dashmi) (Aaso sud-10)/Mahanavami, Ayudhapooja/Durga Puja",https://www.rbi.org.in/Scripts/HolidayMatrixDisplay.aspx?drRegionalOffice=0&drMonth=10&drYear=2026 (POST form),Reserve Bank of India,2026-09-28
2026,2026-10-20,10,20,293,Post-monsoon,Bhubaneswar,Odisha,East,Navratri / Durga Puja / Dussehra,Hindu,Religious,unique,1,1.0,"Dasara/Dusshera (Vijaya Dashmi) (Aaso sud-10)/Mahanavami, Ayudhapooja/Durga Puja",https://www.rbi.org.in/Scripts/HolidayMatrixDisplay.aspx?drRegionalOffice=0&drMonth=10&drYear=2026 (POST form),Reserve Bank of India,2026-09-28
2026,2026-10-20,10,20,293,Post-monsoon,Chandigarh,Punjab-Haryana-Chandigarh,North,Navratri / Durga Puja / Dussehra,Hindu,Religious,unique,1,1.0,"Dasara/Dusshera (Vijaya Dashmi) (Aaso sud-10)/Mahanavami, Ayudhapooja/Durga Puja",https://www.rbi.org.in/Scripts/HolidayMatrixDisplay.aspx?drRegionalOffice=0&drMonth=10&drYear=2026 (POST form),Reserve Bank of India,2026-09-28
2026,2026-10-20,10,20,293,Post-monsoon,Chennai,Tamil Nadu,South,Navratri / Durga Puja / Dussehra,Hindu,Religious,unique,1,1.0,"Dasara/Dusshera (Vijaya Dashmi) (Aaso sud-10)/Mahanavami, Ayudhapooja/Durga Puja",https://www.rbi.org.in/Scripts/HolidayMatrixDisplay.aspx?drRegionalOffice=0&drMonth=10&drYear=2026 (POST form),Reserve Bank of India,2026-09-28
2026,2026-10-20,10,20,293,Post-monsoon,Dehradun,Uttarakhand,North,Navratri / Durga Puja / Dussehra,Hindu,Religious,unique,1,1.0,"Dasara/Dusshera (Vijaya Dashmi) (Aaso sud-10)/Mahanavami, Ayudhapooja/Durga Puja",https://www.rbi.org.in/Scripts/HolidayMatrixDisplay.aspx?drRegionalOffice=0&drMonth=10&drYear=2026 (POST form),Reserve Bank of India,2026-09-28
2026,2026-10-20,10,20,293,Post-monsoon,Guwahati,Assam,North-East,Navratri / Durga Puja / Dussehra,Hindu,Religious,unique,1,1.0,"Dasara/Dusshera (Vijaya Dashmi) (Aaso sud-10)/Mahanavami, Ayudhapooja/Durga Puja",https://www.rbi.org.in/Scripts/HolidayMatrixDisplay.aspx?drRegionalOffice=0&drMonth=10&drYear=2026 (POST form),Reserve Bank of India,2026-09-28
2026,2026-10-20,10,20,293,Post-monsoon,Hyderabad,Telangana,South,Navratri / Durga Puja / Dussehra,Hindu,Religious,unique,1,1.0,"Dasara/Dusshera (Vijaya Dashmi) (Aaso sud-10)/Mahanavami, Ayudhapooja/Durga Puja",https://www.rbi.org.in/Scripts/HolidayMatrixDisplay.aspx?drRegionalOffice=0&drMonth=10&drYear=2026 (POST form),Reserve Bank of India,2026-09-28
2026,2026-10-20,10,20,293,Post-monsoon,Itanagar,Arunachal Pradesh,North-East,Navratri / Durga Puja / Dussehra,Hindu,Religious,unique,1,1.0,"Dasara/Dusshera (Vijaya Dashmi) (Aaso sud-10)/Mahanavami, Ayudhapooja/Durga Puja",https://www.rbi.org.in/Scripts/HolidayMatrixDisplay.aspx?drRegionalOffice=0&drMonth=10&drYear=2026 (POST form),Reserve Bank of India,2026-09-28
2026,2026-10-20,10,20,293,Post-monsoon,Jaipur,Rajasthan,North,Navratri / Durga Puja / Dussehra,Hindu,Religious,unique,1,1.0,"Dasara/Dusshera (Vijaya Dashmi) (Aaso sud-10)/Mahanavami, Ayudhapooja/Durga Puja",https://www.rbi.org.in/Scripts/HolidayMatrixDisplay.aspx?drRegionalOffice=0&drMonth=10&drYear=2026 (POST form),Reserve Bank of India,2026-09-28
2026,2026-10-20,10,20,293,Post-monsoon,Jammu,Jammu & Kashmir,North,Navratri / Durga Puja / Dussehra,Hindu,Religious,unique,1,1.0,"Dasara/Dusshera (Vijaya Dashmi) (Aaso sud-10)/Mahanavami, Ayudhapooja/Durga Puja",https://www.rbi.org.in/Scripts/HolidayMatrixDisplay.aspx?drRegionalOffice=0&drMonth=10&drYear=2026 (POST form),Reserve Bank of India,2026-09-28
2026,2026-10-20,10,20,293,Post-monsoon,Kanpur,Uttar Pradesh,North,Navratri / Durga Puja / Dussehra,Hindu,Religious,unique,1,1.0,"Dasara/Dusshera (Vijaya Dashmi) (Aaso sud-10)/Mahanavami, Ayudhapooja/Durga Puja",https://www.rbi.org.in/Scripts/HolidayMatrixDisplay.aspx?drRegionalOffice=0&drMonth=10&drYear=2026 (POST form),Reserve Bank of India,2026-09-28
2026,2026-10-20,10,20,293,Post-monsoon,Kochi,Kerala,South,Navratri / Durga Puja / Dussehra,Hindu,Religious,unique,1,1.0,"Dasara/Dusshera (Vijaya Dashmi) (Aaso sud-10)/Mahanavami, Ayudhapooja/Durga Puja",https://www.rbi.org.in/Scripts/HolidayMatrixDisplay.aspx?drRegionalOffice=0&drMonth=10&drYear=2026 (POST form),Reserve Bank of India,2026-09-28
2026,2026-10-20,10,20,293,Post-monsoon,Kohima,Nagaland,North-East,Navratri / Durga Puja / Dussehra,Hindu,Religious,unique,1,1.0,"Dasara/Dusshera (Vijaya Dashmi) (Aaso sud-10)/Mahanavami, Ayudhapooja/Durga Puja",https://www.rbi.org.in/Scripts/HolidayMatrixDisplay.aspx?drRegionalOffice=0&drMonth=10&drYear=2026 (POST form),Reserve Bank of India,2026-09-28
2026,2026-10-20,10,20,293,Post-monsoon,Kolkata,West Bengal,East,Navratri / Durga Puja / Dussehra,Hindu,Religious,unique,1,1.0,"Dasara/Dusshera (Vijaya Dashmi) (Aaso sud-10)/Mahanavami, Ayudhapooja/Durga Puja",https://www.rbi.org.in/Scripts/HolidayMatrixDisplay.aspx?drRegionalOffice=0&drMonth=10&drYear=2026 (POST form),Reserve Bank of India,2026-09-28
2026,2026-10-20,10,20,293,Post-monsoon,Lucknow,Uttar Pradesh,North,Navratri / Durga Puja / Dussehra,Hindu,Religious,unique,1,1.0,"Dasara/Dusshera (Vijaya Dashmi) (Aaso sud-10)/Mahanavami, Ayudhapooja/Durga Puja",https://www.rbi.org.in/Scripts/HolidayMatrixDisplay.aspx?drRegionalOffice=0&drMonth=10&drYear=2026 (POST form),Reserve Bank of India,2026-09-28
2026,2026-10-20,10,20,293,Post-monsoon,Mumbai,Maharashtra,West,Navratri / Durga Puja / Dussehra,Hindu,Religious,unique,1,1.0,"Dasara/Dusshera (Vijaya Dashmi) (Aaso sud-10)/Mahanavami, Ayudhapooja/Durga Puja",https://www.rbi.org.in/Scripts/HolidayMatrixDisplay.aspx?drRegionalOffice=0&drMonth=10&drYear=2026 (POST form),Reserve Bank of India,2026-09-28
2026,2026-10-20,10,20,293,Post-monsoon,Nagpur,Maharashtra,West,Navratri / Durga Puja / Dussehra,Hindu,Religious,unique,1,1.0,"Dasara/Dusshera (Vijaya Dashmi) (Aaso sud-10)/Mahanavami, Ayudhapooja/Durga Puja",https://www.rbi.org.in/Scripts/HolidayMatrixDisplay.aspx?drRegionalOffice=0&drMonth=10&drYear=2026 (POST form),Reserve Bank of India,2026-09-28
2026,2026-10-20,10,20,293,Post-monsoon,New Delhi,Delhi,North,Navratri / Durga Puja / Dussehra,Hindu,Religious,unique,1,1.0,"Dasara/Dusshera (Vijaya Dashmi) (Aaso sud-10)/Mahanavami, Ayudhapooja/Durga Puja",https://www.rbi.org.in/Scripts/HolidayMatrixDisplay.aspx?drRegionalOffice=0&drMonth=10&drYear=2026 (POST form),Reserve Bank of India,2026-09-28
2026,2026-10-20,10,20,293,Post-monsoon,Panaji,Goa,West,Navratri / Durga Puja / Dussehra,Hindu,Religious,unique,1,1.0,"Dasara/Dusshera (Vijaya Dashmi) (Aaso sud-10)/Mahanavami, Ayudhapooja/Durga Puja",https://www.rbi.org.in/Scripts/HolidayMatrixDisplay.aspx?drRegionalOffice=0&drMonth=10&drYear=2026 (POST form),Reserve Bank of India,2026-09-28
2026,2026-10-20,10,20,293,Post-monsoon,Patna,Bihar,East,Navratri / Durga Puja / Dussehra,Hindu,Religious,unique,1,1.0,"Dasara/Dusshera (Vijaya Dashmi) (Aaso sud-10)/Mahanavami, Ayudhapooja/Durga Puja",https://www.rbi.org.in/Scripts/HolidayMatrixDisplay.aspx?drRegionalOffice=0&drMonth=10&drYear=2026 (POST form),Reserve Bank of India,2026-09-28
2026,2026-10-20,10,20,293,Post-monsoon,Raipur,Chhattisgarh,Central,Navratri / Durga Puja / Dussehra,Hindu,Religious,unique,1,1.0,"Dasara/Dusshera (Vijaya Dashmi) (Aaso sud-10)/Mahanavami, Ayudhapooja/Durga Puja",https://www.rbi.org.in/Scripts/HolidayMatrixDisplay.aspx?drRegionalOffice=0&drMonth=10&drYear=2026 (POST form),Reserve Bank of India,2026-09-28
2026,2026-10-20,10,20,293,Post-monsoon,Ranchi,Jharkhand,East,Navratri / Durga Puja / Dussehra,Hindu,Religious,unique,1,1.0,"Dasara/Dusshera (Vijaya Dashmi) (Aaso sud-10)/Mahanavami, Ayudhapooja/Durga Puja",https://www.rbi.org.in/Scripts/HolidayMatrixDisplay.aspx?drRegionalOffice=0&drMonth=10&drYear=2026 (POST form),Reserve Bank of India,2026-09-28
2026,2026-10-20,10,20,293,Post-monsoon,Shillong,Meghalaya,North-East,Navratri / Durga Puja / Dussehra,Hindu,Religious,unique,1,1.0,"Dasara/Dusshera (Vijaya Dashmi) (Aaso sud-10)/Mahanavami, Ayudhapooja/Durga Puja",https://www.rbi.org.in/Scripts/HolidayMatrixDisplay.aspx?drRegionalOffice=0&drMonth=10&drYear=2026 (POST form),Reserve Bank of India,2026-09-28
2026,2026-10-20,10,20,293,Post-monsoon,Shimla,Himachal Pradesh,North,Navratri / Durga Puja / Dussehra,Hindu,Religious,unique,1,1.0,"Dasara/Dusshera (Vijaya Dashmi) (Aaso sud-10)/Mahanavami, Ayudhapooja/Durga Puja",https://www.rbi.org.in/Scripts/HolidayMatrixDisplay.aspx?drRegionalOffice=0&drMonth=10&drYear=2026 (POST form),Reserve Bank of India,2026-09-28
2026,2026-10-20,10,20,293,Post-monsoon,Srinagar,Jammu & Kashmir,North,Navratri / Durga Puja / Dussehra,Hindu,Religious,unique,1,1.0,"Dasara/Dusshera (Vijaya Dashmi) (Aaso sud-10)/Mahanavami, Ayudhapooja/Durga Puja",https://www.rbi.org.in/Scripts/HolidayMatrixDisplay.aspx?drRegionalOffice=0&drMonth=10&drYear=2026 (POST form),Reserve Bank of India,2026-09-28
2026,2026-10-20,10,20,293,Post-monsoon,Thiruvananthapuram,Kerala,South,Navratri / Durga Puja / Dussehra,Hindu,Religious,unique,1,1.0,"Dasara/Dusshera (Vijaya Dashmi) (Aaso sud-10)/Mahanavami, Ayudhapooja/Durga Puja",https://www.rbi.org.in/Scripts/HolidayMatrixDisplay.aspx?drRegionalOffice=0&drMonth=10&drYear=2026 (POST form),Reserve Bank of India,2026-09-28
2026,2026-10-20,10,20,293,Post-monsoon,Vijayawada,Andhra Pradesh,South,Navratri / Durga Puja / Dussehra,Hindu,Religious,unique,1,1.0,"Dasara/Dusshera (Vijaya Dashmi) (Aaso sud-10)/Mahanavami, Ayudhapooja/Durga Puja",https://www.rbi.org.in/Scripts/HolidayMatrixDisplay.aspx?drRegionalOffice=0&drMonth=10&drYear=2026 (POST form),Reserve Bank of India,2026-09-28
2026,2026-10-21,10,21,294,Post-monsoon,Agartala,Tripura,North-East,Navratri / Durga Puja / Dussehra,Hindu,Religious,unique,1,1.0,Vijaya Dasami/Durga Puja (Dasain),https://www.rbi.org.in/Scripts/HolidayMatrixDisplay.aspx?drRegionalOffice=0&drMonth=10&drYear=2026 (POST form),Reserve Bank of India,2026-09-28
2026,2026-10-21,10,21,294,Post-monsoon,Bengaluru,Karnataka,South,Navratri / Durga Puja / Dussehra,Hindu,Religious,unique,1,1.0,Vijaya Dasami/Durga Puja (Dasain),https://www.rbi.org.in/Scripts/HolidayMatrixDisplay.aspx?drRegionalOffice=0&drMonth=10&drYear=2026 (POST form),Reserve Bank of India,2026-09-28
2026,2026-10-21,10,21,294,Post-monsoon,Gangtok,Sikkim,North-East,Navratri / Durga Puja / Dussehra,Hindu,Religious,unique,1,1.0,Vijaya Dasami/Durga Puja (Dasain),https://www.rbi.org.in/Scripts/HolidayMatrixDisplay.aspx?drRegionalOffice=0&drMonth=10&drYear=2026 (POST form),Reserve Bank of India,2026-09-28
2026,2026-10-21,10,21,294,Post-monsoon,Guwahati,Assam,North-East,Navratri / Durga Puja / Dussehra,Hindu,Religious,unique,1,1.0,Vijaya Dasami/Durga Puja (Dasain),https://www.rbi.org.in/Scripts/HolidayMatrixDisplay.aspx?drRegionalOffice=0&drMonth=10&drYear=2026 (POST form),Reserve Bank of India,2026-09-28
2026,2026-10-21,10,21,294,Post-monsoon,Kochi,Kerala,South,Navratri / Durga Puja / Dussehra,Hindu,Religious,unique,1,1.0,Vijaya Dasami/Durga Puja (Dasain),https://www.rbi.org.in/Scripts/HolidayMatrixDisplay.aspx?drRegionalOffice=0&drMonth=10&drYear=2026 (POST form),Reserve Bank of India,2026-09-28
2026,2026-10-21,10,21,294,Post-monsoon,Kolkata,West Bengal,East,Navratri / Durga Puja / Dussehra,Hindu,Religious,unique,1,1.0,Vijaya Dasami/Durga Puja (Dasain),https://www.rbi.org.in/Scripts/HolidayMatrixDisplay.aspx?drRegionalOffice=0&drMonth=10&drYear=2026 (POST form),Reserve Bank of India,2026-09-28
2026,2026-10-21,10,21,294,Post-monsoon,Thiruvananthapuram,Kerala,South,Navratri / Durga Puja / Dussehra,Hindu,Religious,unique,1,1.0,Vijaya Dasami/Durga Puja (Dasain),https://www.rbi.org.in/Scripts/HolidayMatrixDisplay.aspx?drRegionalOffice=0&drMonth=10&drYear=2026 (POST form),Reserve Bank of India,2026-09-28
2026,2026-10-22,10,22,295,Post-monsoon,Gangtok,Sikkim,North-East,Navratri / Durga Puja / Dussehra,Hindu,Religious,unique,1,1.0,Durga Puja (Dasain),https://www.rbi.org.in/Scripts/HolidayMatrixDisplay.aspx?drRegionalOffice=0&drMonth=10&drYear=2026 (POST form),Reserve Bank of India,2026-09-28
2026,2026-10-23,10,23,296,Post-monsoon,Gangtok,Sikkim,North-East,Navratri / Durga Puja / Dussehra,Hindu,Religious,unique,1,1.0,Durga Puja (Dasain),https://www.rbi.org.in/Scripts/HolidayMatrixDisplay.aspx?drRegionalOffice=0&drMonth=10&drYear=2026 (POST form),Reserve Bank of India,2026-09-28
2026,2026-10-26,10,26,299,Post-monsoon,Agartala,Tripura,North-East,Kojagari Lakshmi Puja,Hindu,Religious,shared_date,3,0.3333333333333333,Laxmi Puja/Accession Day/Maharishi Valmiki’s Birthday,https://www.rbi.org.in/Scripts/HolidayMatrixDisplay.aspx?drRegionalOffice=0&drMonth=10&drYear=2026 (POST form),Reserve Bank of India,2026-09-28
2026,2026-10-26,10,26,299,Post-monsoon,Agartala,Tripura,North-East,Valmiki Jayanti,Hindu,Commemoration,shared_date,3,0.3333333333333333,Laxmi Puja/Accession Day/Maharishi Valmiki’s Birthday,https://www.rbi.org.in/Scripts/HolidayMatrixDisplay.aspx?drRegionalOffice=0&drMonth=10&drYear=2026 (POST form),Reserve Bank of India,2026-09-28
2026,2026-10-26,10,26,299,Post-monsoon,Chandigarh,Punjab-Haryana-Chandigarh,North,Kojagari Lakshmi Puja,Hindu,Religious,shared_date,3,0.3333333333333333,Laxmi Puja/Accession Day/Maharishi Valmiki’s Birthday,https://www.rbi.org.in/Scripts/HolidayMatrixDisplay.aspx?drRegionalOffice=0&drMonth=10&drYear=2026 (POST form),Reserve Bank of India,2026-09-28
2026,2026-10-26,10,26,299,Post-monsoon,Chandigarh,Punjab-Haryana-Chandigarh,North,Valmiki Jayanti,Hindu,Commemoration,shared_date,3,0.3333333333333333,Laxmi Puja/Accession Day/Maharishi Valmiki’s Birthday,https://www.rbi.org.in/Scripts/HolidayMatrixDisplay.aspx?drRegionalOffice=0&drMonth=10&drYear=2026 (POST form),Reserve Bank of India,2026-09-28
2026,2026-10-26,10,26,299,Post-monsoon,Jammu,Jammu & Kashmir,North,Kojagari Lakshmi Puja,Hindu,Religious,shared_date,3,0.3333333333333333,Laxmi Puja/Accession Day/Maharishi Valmiki’s Birthday,https://www.rbi.org.in/Scripts/HolidayMatrixDisplay.aspx?drRegionalOffice=0&drMonth=10&drYear=2026 (POST form),Reserve Bank of India,2026-09-28
2026,2026-10-26,10,26,299,Post-monsoon,Jammu,Jammu & Kashmir,North,Valmiki Jayanti,Hindu,Commemoration,shared_date,3,0.3333333333333333,Laxmi Puja/Accession Day/Maharishi Valmiki’s Birthday,https://www.rbi.org.in/Scripts/HolidayMatrixDisplay.aspx?drRegionalOffice=0&drMonth=10&drYear=2026 (POST form),Reserve Bank of India,2026-09-28
2026,2026-10-26,10,26,299,Post-monsoon,Shimla,Himachal Pradesh,North,Kojagari Lakshmi Puja,Hindu,Religious,shared_date,3,0.3333333333333333,Laxmi Puja/Accession Day/Maharishi Valmiki’s Birthday,https://www.rbi.org.in/Scripts/HolidayMatrixDisplay.aspx?drRegionalOffice=0&drMonth=10&drYear=2026 (POST form),Reserve Bank of India,2026-09-28
2026,2026-10-26,10,26,299,Post-monsoon,Shimla,Himachal Pradesh,North,Valmiki Jayanti,Hindu,Commemoration,shared_date,3,0.3333333333333333,Laxmi Puja/Accession Day/Maharishi Valmiki’s Birthday,https://www.rbi.org.in/Scripts/HolidayMatrixDisplay.aspx?drRegionalOffice=0&drMonth=10&drYear=2026 (POST form),Reserve Bank of India,2026-09-28
2026,2026-10-26,10,26,299,Post-monsoon,Srinagar,Jammu & Kashmir,North,Kojagari Lakshmi Puja,Hindu,Religious,shared_date,3,0.3333333333333333,Laxmi Puja/Accession Day/Maharishi Valmiki’s Birthday,https://www.rbi.org.in/Scripts/HolidayMatrixDisplay.aspx?drRegionalOffice=0&drMonth=10&drYear=2026 (POST form),Reserve Bank of India,2026-09-28
2026,2026-10-26,10,26,299,Post-monsoon,Srinagar,Jammu & Kashmir,North,Valmiki Jayanti,Hindu,Commemoration,shared_date,3,0.3333333333333333,Laxmi Puja/Accession Day/Maharishi Valmiki’s Birthday,https://www.rbi.org.in/Scripts/HolidayMatrixDisplay.aspx?drRegionalOffice=0&drMonth=10&drYear=2026 (POST form),Reserve Bank of India,2026-09-28
2026,2026-10-29,10,29,302,Post-monsoon,Shimla,Himachal Pradesh,North,Karva Chauth,Hindu,Religious,unique,1,1.0,Karva Chauth,https://www.rbi.org.in/Scripts/HolidayMatrixDisplay.aspx?drRegionalOffice=0&drMonth=10&drYear=2026 (POST form),Reserve Bank of India,2026-09-28
2026,2026-11-09,11,9,313,Post-monsoon,Agartala,Tripura,North-East,Diwali (Deepavali),Hindu,Religious,shared_date,2,0.5,Diwali/Laxmi Puja (Deepawali)/Govardhan Pooja/Vishwakarma Day,https://www.rbi.org.in/Scripts/HolidayMatrixDisplay.aspx?drRegionalOffice=0&drMonth=11&drYear=2026 (POST form),Reserve Bank of India,2026-09-28
2026,2026-11-09,11,9,313,Post-monsoon,Agartala,Tripura,North-East,Vishwakarma Day,Hindu,Religious,shared_date,2,0.5,Diwali/Laxmi Puja (Deepawali)/Govardhan Pooja/Vishwakarma Day,https://www.rbi.org.in/Scripts/HolidayMatrixDisplay.aspx?drRegionalOffice=0&drMonth=11&drYear=2026 (POST form),Reserve Bank of India,2026-09-28
2026,2026-11-09,11,9,313,Post-monsoon,Bhopal,Madhya Pradesh,Central,Diwali (Deepavali),Hindu,Religious,shared_date,2,0.5,Diwali/Laxmi Puja (Deepawali)/Govardhan Pooja/Vishwakarma Day,https://www.rbi.org.in/Scripts/HolidayMatrixDisplay.aspx?drRegionalOffice=0&drMonth=11&drYear=2026 (POST form),Reserve Bank of India,2026-09-28
2026,2026-11-09,11,9,313,Post-monsoon,Bhopal,Madhya Pradesh,Central,Vishwakarma Day,Hindu,Religious,shared_date,2,0.5,Diwali/Laxmi Puja (Deepawali)/Govardhan Pooja/Vishwakarma Day,https://www.rbi.org.in/Scripts/HolidayMatrixDisplay.aspx?drRegionalOffice=0&drMonth=11&drYear=2026 (POST form),Reserve Bank of India,2026-09-28
2026,2026-11-09,11,9,313,Post-monsoon,Chandigarh,Punjab-Haryana-Chandigarh,North,Diwali (Deepavali),Hindu,Religious,shared_date,2,0.5,Diwali/Laxmi Puja (Deepawali)/Govardhan Pooja/Vishwakarma Day,https://www.rbi.org.in/Scripts/HolidayMatrixDisplay.aspx?drRegionalOffice=0&drMonth=11&drYear=2026 (POST form),Reserve Bank of India,2026-09-28
2026,2026-11-09,11,9,313,Post-monsoon,Chandigarh,Punjab-Haryana-Chandigarh,North,Vishwakarma Day,Hindu,Religious,shared_date,2,0.5,Diwali/Laxmi Puja (Deepawali)/Govardhan Pooja/Vishwakarma Day,https://www.rbi.org.in/Scripts/HolidayMatrixDisplay.aspx?drRegionalOffice=0&drMonth=11&drYear=2026 (POST form),Reserve Bank of India,2026-09-28
2026,2026-11-09,11,9,313,Post-monsoon,Gangtok,Sikkim,North-East,Diwali (Deepavali),Hindu,Religious,shared_date,2,0.5,Diwali/Laxmi Puja (Deepawali)/Govardhan Pooja/Vishwakarma Day,https://www.rbi.org.in/Scripts/HolidayMatrixDisplay.aspx?drRegionalOffice=0&drMonth=11&drYear=2026 (POST form),Reserve Bank of India,2026-09-28
2026,2026-11-09,11,9,313,Post-monsoon,Gangtok,Sikkim,North-East,Vishwakarma Day,Hindu,Religious,shared_date,2,0.5,Diwali/Laxmi Puja (Deepawali)/Govardhan Pooja/Vishwakarma Day,https://www.rbi.org.in/Scripts/HolidayMatrixDisplay.aspx?drRegionalOffice=0&drMonth=11&drYear=2026 (POST form),Reserve Bank of India,2026-09-28
2026,2026-11-09,11,9,313,Post-monsoon,Imphal,Manipur,North-East,Diwali (Deepavali),Hindu,Religious,shared_date,2,0.5,Diwali/Laxmi Puja (Deepawali)/Govardhan Pooja/Vishwakarma Day,https://www.rbi.org.in/Scripts/HolidayMatrixDisplay.aspx?drRegionalOffice=0&drMonth=11&drYear=2026 (POST form),Reserve Bank of India,2026-09-28
2026,2026-11-09,11,9,313,Post-monsoon,Imphal,Manipur,North-East,Vishwakarma Day,Hindu,Religious,shared_date,2,0.5,Diwali/Laxmi Puja (Deepawali)/Govardhan Pooja/Vishwakarma Day,https://www.rbi.org.in/Scripts/HolidayMatrixDisplay.aspx?drRegionalOffice=0&drMonth=11&drYear=2026 (POST form),Reserve Bank of India,2026-09-28
2026,2026-11-09,11,9,313,Post-monsoon,Jaipur,Rajasthan,North,Diwali (Deepavali),Hindu,Religious,shared_date,2,0.5,Diwali/Laxmi Puja (Deepawali)/Govardhan Pooja/Vishwakarma Day,https://www.rbi.org.in/Scripts/HolidayMatrixDisplay.aspx?drRegionalOffice=0&drMonth=11&drYear=2026 (POST form),Reserve Bank of India,2026-09-28
2026,2026-11-09,11,9,313,Post-monsoon,Jaipur,Rajasthan,North,Vishwakarma Day,Hindu,Religious,shared_date,2,0.5,Diwali/Laxmi Puja (Deepawali)/Govardhan Pooja/Vishwakarma Day,https://www.rbi.org.in/Scripts/HolidayMatrixDisplay.aspx?drRegionalOffice=0&drMonth=11&drYear=2026 (POST form),Reserve Bank of India,2026-09-28
2026,2026-11-09,11,9,313,Post-monsoon,Kanpur,Uttar Pradesh,North,Diwali (Deepavali),Hindu,Religious,shared_date,2,0.5,Diwali/Laxmi Puja (Deepawali)/Govardhan Pooja/Vishwakarma Day,https://www.rbi.org.in/Scripts/HolidayMatrixDisplay.aspx?drRegionalOffice=0&drMonth=11&drYear=2026 (POST form),Reserve Bank of India,2026-09-28
2026,2026-11-09,11,9,313,Post-monsoon,Kanpur,Uttar Pradesh,North,Vishwakarma Day,Hindu,Religious,shared_date,2,0.5,Diwali/Laxmi Puja (Deepawali)/Govardhan Pooja/Vishwakarma Day,https://www.rbi.org.in/Scripts/HolidayMatrixDisplay.aspx?drRegionalOffice=0&drMonth=11&drYear=2026 (POST form),Reserve Bank of India,2026-09-28
2026,2026-11-09,11,9,313,Post-monsoon,Lucknow,Uttar Pradesh,North,Diwali (Deepavali),Hindu,Religious,shared_date,2,0.5,Diwali/Laxmi Puja (Deepawali)/Govardhan Pooja/Vishwakarma Day,https://www.rbi.org.in/Scripts/HolidayMatrixDisplay.aspx?drRegionalOffice=0&drMonth=11&drYear=2026 (POST form),Reserve Bank of India,2026-09-28
2026,2026-11-09,11,9,313,Post-monsoon,Lucknow,Uttar Pradesh,North,Vishwakarma Day,Hindu,Religious,shared_date,2,0.5,Diwali/Laxmi Puja (Deepawali)/Govardhan Pooja/Vishwakarma Day,https://www.rbi.org.in/Scripts/HolidayMatrixDisplay.aspx?drRegionalOffice=0&drMonth=11&drYear=2026 (POST form),Reserve Bank of India,2026-09-28
2026,2026-11-10,11,10,314,Post-monsoon,Ahmedabad,Gujarat,West,Diwali (Deepavali),Hindu,Religious,shared_date,2,0.5,Diwali (Bali Pratipada)/Deepawali (Govardhan Puja)/Laxmi Puja/Vikram Samvant New Year Day,https://www.rbi.org.in/Scripts/HolidayMatrixDisplay.aspx?drRegionalOffice=0&drMonth=11&drYear=2026 (POST form),Reserve Bank of India,2026-09-28
2026,2026-11-10,11,10,314,Post-monsoon,Ahmedabad,Gujarat,West,Vikram Samvat New Year,Hindu,New Year,shared_date,2,0.5,Diwali (Bali Pratipada)/Deepawali (Govardhan Puja)/Laxmi Puja/Vikram Samvant New Year Day,https://www.rbi.org.in/Scripts/HolidayMatrixDisplay.aspx?drRegionalOffice=0&drMonth=11&drYear=2026 (POST form),Reserve Bank of India,2026-09-28
2026,2026-11-10,11,10,314,Post-monsoon,Belapur,Maharashtra,West,Diwali (Deepavali),Hindu,Religious,shared_date,2,0.5,Diwali (Bali Pratipada)/Deepawali (Govardhan Puja)/Laxmi Puja/Vikram Samvant New Year Day,https://www.rbi.org.in/Scripts/HolidayMatrixDisplay.aspx?drRegionalOffice=0&drMonth=11&drYear=2026 (POST form),Reserve Bank of India,2026-09-28
2026,2026-11-10,11,10,314,Post-monsoon,Belapur,Maharashtra,West,Vikram Samvat New Year,Hindu,New Year,shared_date,2,0.5,Diwali (Bali Pratipada)/Deepawali (Govardhan Puja)/Laxmi Puja/Vikram Samvant New Year Day,https://www.rbi.org.in/Scripts/HolidayMatrixDisplay.aspx?drRegionalOffice=0&drMonth=11&drYear=2026 (POST form),Reserve Bank of India,2026-09-28
2026,2026-11-10,11,10,314,Post-monsoon,Bengaluru,Karnataka,South,Diwali (Deepavali),Hindu,Religious,shared_date,2,0.5,Diwali (Bali Pratipada)/Deepawali (Govardhan Puja)/Laxmi Puja/Vikram Samvant New Year Day,https://www.rbi.org.in/Scripts/HolidayMatrixDisplay.aspx?drRegionalOffice=0&drMonth=11&drYear=2026 (POST form),Reserve Bank of India,2026-09-28
2026,2026-11-10,11,10,314,Post-monsoon,Bengaluru,Karnataka,South,Vikram Samvat New Year,Hindu,New Year,shared_date,2,0.5,Diwali (Bali Pratipada)/Deepawali (Govardhan Puja)/Laxmi Puja/Vikram Samvant New Year Day,https://www.rbi.org.in/Scripts/HolidayMatrixDisplay.aspx?drRegionalOffice=0&drMonth=11&drYear=2026 (POST form),Reserve Bank of India,2026-09-28
2026,2026-11-10,11,10,314,Post-monsoon,Dehradun,Uttarakhand,North,Diwali (Deepavali),Hindu,Religious,shared_date,2,0.5,Diwali (Bali Pratipada)/Deepawali (Govardhan Puja)/Laxmi Puja/Vikram Samvant New Year Day,https://www.rbi.org.in/Scripts/HolidayMatrixDisplay.aspx?drRegionalOffice=0&drMonth=11&drYear=2026 (POST form),Reserve Bank of India,2026-09-28
2026,2026-11-10,11,10,314,Post-monsoon,Dehradun,Uttarakhand,North,Vikram Samvat New Year,Hindu,New Year,shared_date,2,0.5,Diwali (Bali Pratipada)/Deepawali (Govardhan Puja)/Laxmi Puja/Vikram Samvant New Year Day,https://www.rbi.org.in/Scripts/HolidayMatrixDisplay.aspx?drRegionalOffice=0&drMonth=11&drYear=2026 (POST form),Reserve Bank of India,2026-09-28
2026,2026-11-10,11,10,314,Post-monsoon,Gangtok,Sikkim,North-East,Diwali (Deepavali),Hindu,Religious,shared_date,2,0.5,Diwali (Bali Pratipada)/Deepawali (Govardhan Puja)/Laxmi Puja/Vikram Samvant New Year Day,https://www.rbi.org.in/Scripts/HolidayMatrixDisplay.aspx?drRegionalOffice=0&drMonth=11&drYear=2026 (POST form),Reserve Bank of India,2026-09-28
2026,2026-11-10,11,10,314,Post-monsoon,Gangtok,Sikkim,North-East,Vikram Samvat New Year,Hindu,New Year,shared_date,2,0.5,Diwali (Bali Pratipada)/Deepawali (Govardhan Puja)/Laxmi Puja/Vikram Samvant New Year Day,https://www.rbi.org.in/Scripts/HolidayMatrixDisplay.aspx?drRegionalOffice=0&drMonth=11&drYear=2026 (POST form),Reserve Bank of India,2026-09-28
2026,2026-11-10,11,10,314,Post-monsoon,Mumbai,Maharashtra,West,Diwali (Deepavali),Hindu,Religious,shared_date,2,0.5,Diwali (Bali Pratipada)/Deepawali (Govardhan Puja)/Laxmi Puja/Vikram Samvant New Year Day,https://www.rbi.org.in/Scripts/HolidayMatrixDisplay.aspx?drRegionalOffice=0&drMonth=11&drYear=2026 (POST form),Reserve Bank of India,2026-09-28
2026,2026-11-10,11,10,314,Post-monsoon,Mumbai,Maharashtra,West,Vikram Samvat New Year,Hindu,New Year,shared_date,2,0.5,Diwali (Bali Pratipada)/Deepawali (Govardhan Puja)/Laxmi Puja/Vikram Samvant New Year Day,https://www.rbi.org.in/Scripts/HolidayMatrixDisplay.aspx?drRegionalOffice=0&drMonth=11&drYear=2026 (POST form),Reserve Bank of India,2026-09-28
2026,2026-11-10,11,10,314,Post-monsoon,Nagpur,Maharashtra,West,Diwali (Deepavali),Hindu,Religious,shared_date,2,0.5,Diwali (Bali Pratipada)/Deepawali (Govardhan Puja)/Laxmi Puja/Vikram Samvant New Year Day,https://www.rbi.org.in/Scripts/HolidayMatrixDisplay.aspx?drRegionalOffice=0&drMonth=11&drYear=2026 (POST form),Reserve Bank of India,2026-09-28
2026,2026-11-10,11,10,314,Post-monsoon,Nagpur,Maharashtra,West,Vikram Samvat New Year,Hindu,New Year,shared_date,2,0.5,Diwali (Bali Pratipada)/Deepawali (Govardhan Puja)/Laxmi Puja/Vikram Samvant New Year Day,https://www.rbi.org.in/Scripts/HolidayMatrixDisplay.aspx?drRegionalOffice=0&drMonth=11&drYear=2026 (POST form),Reserve Bank of India,2026-09-28
2026,2026-11-11,11,11,315,Post-monsoon,Gangtok,Sikkim,North-East,Bhai Dooj,Hindu,Religious,shared_date,3,0.3333333333333333,Laxmi Puja (Deepawali)/Ningol Chakkouba/Bhratridwitiya/Bhaidooj/Chitragupt Jayanti,https://www.rbi.org.in/Scripts/HolidayMatrixDisplay.aspx?drRegionalOffice=0&drMonth=11&drYear=2026 (POST form),Reserve Bank of India,2026-09-28
2026,2026-11-11,11,11,315,Post-monsoon,Gangtok,Sikkim,North-East,Diwali (Deepavali),Hindu,Religious,shared_date,3,0.3333333333333333,Laxmi Puja (Deepawali)/Ningol Chakkouba/Bhratridwitiya/Bhaidooj/Chitragupt Jayanti,https://www.rbi.org.in/Scripts/HolidayMatrixDisplay.aspx?drRegionalOffice=0&drMonth=11&drYear=2026 (POST form),Reserve Bank of India,2026-09-28
2026,2026-11-11,11,11,315,Post-monsoon,Gangtok,Sikkim,North-East,Ningol Chakkouba,Tribal/Indigenous,Cultural,shared_date,3,0.3333333333333333,Laxmi Puja (Deepawali)/Ningol Chakkouba/Bhratridwitiya/Bhaidooj/Chitragupt Jayanti,https://www.rbi.org.in/Scripts/HolidayMatrixDisplay.aspx?drRegionalOffice=0&drMonth=11&drYear=2026 (POST form),Reserve Bank of India,2026-09-28
2026,2026-11-11,11,11,315,Post-monsoon,Imphal,Manipur,North-East,Bhai Dooj,Hindu,Religious,shared_date,3,0.3333333333333333,Laxmi Puja (Deepawali)/Ningol Chakkouba/Bhratridwitiya/Bhaidooj/Chitragupt Jayanti,https://www.rbi.org.in/Scripts/HolidayMatrixDisplay.aspx?drRegionalOffice=0&drMonth=11&drYear=2026 (POST form),Reserve Bank of India,2026-09-28
2026,2026-11-11,11,11,315,Post-monsoon,Imphal,Manipur,North-East,Diwali (Deepavali),Hindu,Religious,shared_date,3,0.3333333333333333,Laxmi Puja (Deepawali)/Ningol Chakkouba/Bhratridwitiya/Bhaidooj/Chitragupt Jayanti,https://www.rbi.org.in/Scripts/HolidayMatrixDisplay.aspx?drRegionalOffice=0&drMonth=11&drYear=2026 (POST form),Reserve Bank of India,2026-09-28
2026,2026-11-11,11,11,315,Post-monsoon,Imphal,Manipur,North-East,Ningol Chakkouba,Tribal/Indigenous,Cultural,shared_date,3,0.3333333333333333,Laxmi Puja (Deepawali)/Ningol Chakkouba/Bhratridwitiya/Bhaidooj/Chitragupt Jayanti,https://www.rbi.org.in/Scripts/HolidayMatrixDisplay.aspx?drRegionalOffice=0&drMonth=11&drYear=2026 (POST form),Reserve Bank of India,2026-09-28
2026,2026-11-11,11,11,315,Post-monsoon,Kanpur,Uttar Pradesh,North,Bhai Dooj,Hindu,Religious,shared_date,3,0.3333333333333333,Laxmi Puja (Deepawali)/Ningol Chakkouba/Bhratridwitiya/Bhaidooj/Chitragupt Jayanti,https://www.rbi.org.in/Scripts/HolidayMatrixDisplay.aspx?drRegionalOffice=0&drMonth=11&drYear=2026 (POST form),Reserve Bank of India,2026-09-28
2026,2026-11-11,11,11,315,Post-monsoon,Kanpur,Uttar Pradesh,North,Diwali (Deepavali),Hindu,Religious,shared_date,3,0.3333333333333333,Laxmi Puja (Deepawali)/Ningol Chakkouba/Bhratridwitiya/Bhaidooj/Chitragupt Jayanti,https://www.rbi.org.in/Scripts/HolidayMatrixDisplay.aspx?drRegionalOffice=0&drMonth=11&drYear=2026 (POST form),Reserve Bank of India,2026-09-28
2026,2026-11-11,11,11,315,Post-monsoon,Kanpur,Uttar Pradesh,North,Ningol Chakkouba,Tribal/Indigenous,Cultural,shared_date,3,0.3333333333333333,Laxmi Puja (Deepawali)/Ningol Chakkouba/Bhratridwitiya/Bhaidooj/Chitragupt Jayanti,https://www.rbi.org.in/Scripts/HolidayMatrixDisplay.aspx?drRegionalOffice=0&drMonth=11&drYear=2026 (POST form),Reserve Bank of India,2026-09-28
2026,2026-11-11,11,11,315,Post-monsoon,Kolkata,West Bengal,East,Bhai Dooj,Hindu,Religious,shared_date,3,0.3333333333333333,Laxmi Puja (Deepawali)/Ningol Chakkouba/Bhratridwitiya/Bhaidooj/Chitragupt Jayanti,https://www.rbi.org.in/Scripts/HolidayMatrixDisplay.aspx?drRegionalOffice=0&drMonth=11&drYear=2026 (POST form),Reserve Bank of India,2026-09-28
2026,2026-11-11,11,11,315,Post-monsoon,Kolkata,West Bengal,East,Diwali (Deepavali),Hindu,Religious,shared_date,3,0.3333333333333333,Laxmi Puja (Deepawali)/Ningol Chakkouba/Bhratridwitiya/Bhaidooj/Chitragupt Jayanti,https://www.rbi.org.in/Scripts/HolidayMatrixDisplay.aspx?drRegionalOffice=0&drMonth=11&drYear=2026 (POST form),Reserve Bank of India,2026-09-28
2026,2026-11-11,11,11,315,Post-monsoon,Kolkata,West Bengal,East,Ningol Chakkouba,Tribal/Indigenous,Cultural,shared_date,3,0.3333333333333333,Laxmi Puja (Deepawali)/Ningol Chakkouba/Bhratridwitiya/Bhaidooj/Chitragupt Jayanti,https://www.rbi.org.in/Scripts/HolidayMatrixDisplay.aspx?drRegionalOffice=0&drMonth=11&drYear=2026 (POST form),Reserve Bank of India,2026-09-28
2026,2026-11-11,11,11,315,Post-monsoon,Lucknow,Uttar Pradesh,North,Bhai Dooj,Hindu,Religious,shared_date,3,0.3333333333333333,Laxmi Puja (Deepawali)/Ningol Chakkouba/Bhratridwitiya/Bhaidooj/Chitragupt Jayanti,https://www.rbi.org.in/Scripts/HolidayMatrixDisplay.aspx?drRegionalOffice=0&drMonth=11&drYear=2026 (POST form),Reserve Bank of India,2026-09-28
2026,2026-11-11,11,11,315,Post-monsoon,Lucknow,Uttar Pradesh,North,Diwali (Deepavali),Hindu,Religious,shared_date,3,0.3333333333333333,Laxmi Puja (Deepawali)/Ningol Chakkouba/Bhratridwitiya/Bhaidooj/Chitragupt Jayanti,https://www.rbi.org.in/Scripts/HolidayMatrixDisplay.aspx?drRegionalOffice=0&drMonth=11&drYear=2026 (POST form),Reserve Bank of India,2026-09-28
2026,2026-11-11,11,11,315,Post-monsoon,Lucknow,Uttar Pradesh,North,Ningol Chakkouba,Tribal/Indigenous,Cultural,shared_date,3,0.3333333333333333,Laxmi Puja (Deepawali)/Ningol Chakkouba/Bhratridwitiya/Bhaidooj/Chitragupt Jayanti,https://www.rbi.org.in/Scripts/HolidayMatrixDisplay.aspx?drRegionalOffice=0&drMonth=11&drYear=2026 (POST form),Reserve Bank of India,2026-09-28
2026,2026-11-11,11,11,315,Post-monsoon,Shimla,Himachal Pradesh,North,Bhai Dooj,Hindu,Religious,shared_date,3,0.3333333333333333,Laxmi Puja (Deepawali)/Ningol Chakkouba/Bhratridwitiya/Bhaidooj/Chitragupt Jayanti,https://www.rbi.org.in/Scripts/HolidayMatrixDisplay.aspx?drRegionalOffice=0&drMonth=11&drYear=2026 (POST form),Reserve Bank of India,2026-09-28
2026,2026-11-11,11,11,315,Post-monsoon,Shimla,Himachal Pradesh,North,Diwali (Deepavali),Hindu,Religious,shared_date,3,0.3333333333333333,Laxmi Puja (Deepawali)/Ningol Chakkouba/Bhratridwitiya/Bhaidooj/Chitragupt Jayanti,https://www.rbi.org.in/Scripts/HolidayMatrixDisplay.aspx?drRegionalOffice=0&drMonth=11&drYear=2026 (POST form),Reserve Bank of India,2026-09-28
2026,2026-11-11,11,11,315,Post-monsoon,Shimla,Himachal Pradesh,North,Ningol Chakkouba,Tribal/Indigenous,Cultural,shared_date,3,0.3333333333333333,Laxmi Puja (Deepawali)/Ningol Chakkouba/Bhratridwitiya/Bhaidooj/Chitragupt Jayanti,https://www.rbi.org.in/Scripts/HolidayMatrixDisplay.aspx?drRegionalOffice=0&drMonth=11&drYear=2026 (POST form),Reserve Bank of India,2026-09-28
2026,2026-11-13,11,13,317,Post-monsoon,Shillong,Meghalaya,North-East,Wangala,Tribal/Indigenous,Harvest,unique,1,1.0,Wangala Festival,https://www.rbi.org.in/Scripts/HolidayMatrixDisplay.aspx?drRegionalOffice=0&drMonth=11&drYear=2026 (POST form),Reserve Bank of India,2026-09-28
2026,2026-11-16,11,16,320,Post-monsoon,Patna,Bihar,East,Chhath Puja,Hindu,Religious,unique,1,1.0,Chhath Puja/Surya Shashti Dala Chhath (Prath Arghya),https://www.rbi.org.in/Scripts/HolidayMatrixDisplay.aspx?drRegionalOffice=0&drMonth=11&drYear=2026 (POST form),Reserve Bank of India,2026-09-28
2026,2026-11-16,11,16,320,Post-monsoon,Ranchi,Jharkhand,East,Chhath Puja,Hindu,Religious,unique,1,1.0,Chhath Puja/Surya Shashti Dala Chhath (Prath Arghya),https://www.rbi.org.in/Scripts/HolidayMatrixDisplay.aspx?drRegionalOffice=0&drMonth=11&drYear=2026 (POST form),Reserve Bank of India,2026-09-28
2026,2026-11-20,11,20,324,Post-monsoon,Dehradun,Uttarakhand,North,Igas-Bagwal,Hindu,Religious,unique,1,1.0,Igas-Bagwal,https://www.rbi.org.in/Scripts/HolidayMatrixDisplay.aspx?drRegionalOffice=0&drMonth=11&drYear=2026 (POST form),Reserve Bank of India,2026-09-28
2026,2026-11-23,11,23,327,Post-monsoon,Shillong,Meghalaya,North-East,Seng Kut Snem,Tribal/Indigenous,Religious,unique,1,1.0,Seng Kut Snem,https://www.rbi.org.in/Scripts/HolidayMatrixDisplay.aspx?drRegionalOffice=0&drMonth=11&drYear=2026 (POST form),Reserve Bank of India,2026-09-28
2026,2026-11-24,11,24,328,Post-monsoon,Aizawl,Mizoram,North-East,Guru Nanak Jayanti (Gurpurab),Sikh,Religious,shared_date,2,0.5,Guru Nanak Jayanti/Karthika Purnima/Rahas Purnima,https://www.rbi.org.in/Scripts/HolidayMatrixDisplay.aspx?drRegionalOffice=0&drMonth=11&drYear=2026 (POST form),Reserve Bank of India,2026-09-28
2026,2026-11-24,11,24,328,Post-monsoon,Aizawl,Mizoram,North-East,Kartika Purnima / Rahas Purnima,Hindu,Religious,shared_date,2,0.5,Guru Nanak Jayanti/Karthika Purnima/Rahas Purnima,https://www.rbi.org.in/Scripts/HolidayMatrixDisplay.aspx?drRegionalOffice=0&drMonth=11&drYear=2026 (POST form),Reserve Bank of India,2026-09-28
2026,2026-11-24,11,24,328,Post-monsoon,Belapur,Maharashtra,West,Guru Nanak Jayanti (Gurpurab),Sikh,Religious,shared_date,2,0.5,Guru Nanak Jayanti/Karthika Purnima/Rahas Purnima,https://www.rbi.org.in/Scripts/HolidayMatrixDisplay.aspx?drRegionalOffice=0&drMonth=11&drYear=2026 (POST form),Reserve Bank of India,2026-09-28
2026,2026-11-24,11,24,328,Post-monsoon,Belapur,Maharashtra,West,Kartika Purnima / Rahas Purnima,Hindu,Religious,shared_date,2,0.5,Guru Nanak Jayanti/Karthika Purnima/Rahas Purnima,https://www.rbi.org.in/Scripts/HolidayMatrixDisplay.aspx?drRegionalOffice=0&drMonth=11&drYear=2026 (POST form),Reserve Bank of India,2026-09-28
2026,2026-11-24,11,24,328,Post-monsoon,Bhopal,Madhya Pradesh,Central,Guru Nanak Jayanti (Gurpurab),Sikh,Religious,shared_date,2,0.5,Guru Nanak Jayanti/Karthika Purnima/Rahas Purnima,https://www.rbi.org.in/Scripts/HolidayMatrixDisplay.aspx?drRegionalOffice=0&drMonth=11&drYear=2026 (POST form),Reserve Bank of India,2026-09-28
2026,2026-11-24,11,24,328,Post-monsoon,Bhopal,Madhya Pradesh,Central,Kartika Purnima / Rahas Purnima,Hindu,Religious,shared_date,2,0.5,Guru Nanak Jayanti/Karthika Purnima/Rahas Purnima,https://www.rbi.org.in/Scripts/HolidayMatrixDisplay.aspx?drRegionalOffice=0&drMonth=11&drYear=2026 (POST form),Reserve Bank of India,2026-09-28
2026,2026-11-24,11,24,328,Post-monsoon,Bhubaneswar,Odisha,East,Guru Nanak Jayanti (Gurpurab),Sikh,Religious,shared_date,2,0.5,Guru Nanak Jayanti/Karthika Purnima/Rahas Purnima,https://www.rbi.org.in/Scripts/HolidayMatrixDisplay.aspx?drRegionalOffice=0&drMonth=11&drYear=2026 (POST form),Reserve Bank of India,2026-09-28
2026,2026-11-24,11,24,328,Post-monsoon,Bhubaneswar,Odisha,East,Kartika Purnima / Rahas Purnima,Hindu,Religious,shared_date,2,0.5,Guru Nanak Jayanti/Karthika Purnima/Rahas Purnima,https://www.rbi.org.in/Scripts/HolidayMatrixDisplay.aspx?drRegionalOffice=0&drMonth=11&drYear=2026 (POST form),Reserve Bank of India,2026-09-28
2026,2026-11-24,11,24,328,Post-monsoon,Chandigarh,Punjab-Haryana-Chandigarh,North,Guru Nanak Jayanti (Gurpurab),Sikh,Religious,shared_date,2,0.5,Guru Nanak Jayanti/Karthika Purnima/Rahas Purnima,https://www.rbi.org.in/Scripts/HolidayMatrixDisplay.aspx?drRegionalOffice=0&drMonth=11&drYear=2026 (POST form),Reserve Bank of India,2026-09-28
2026,2026-11-24,11,24,328,Post-monsoon,Chandigarh,Punjab-Haryana-Chandigarh,North,Kartika Purnima / Rahas Purnima,Hindu,Religious,shared_date,2,0.5,Guru Nanak Jayanti/Karthika Purnima/Rahas Purnima,https://www.rbi.org.in/Scripts/HolidayMatrixDisplay.aspx?drRegionalOffice=0&drMonth=11&drYear=2026 (POST form),Reserve Bank of India,2026-09-28
2026,2026-11-24,11,24,328,Post-monsoon,Dehradun,Uttarakhand,North,Guru Nanak Jayanti (Gurpurab),Sikh,Religious,shared_date,2,0.5,Guru Nanak Jayanti/Karthika Purnima/Rahas Purnima,https://www.rbi.org.in/Scripts/HolidayMatrixDisplay.aspx?drRegionalOffice=0&drMonth=11&drYear=2026 (POST form),Reserve Bank of India,2026-09-28
2026,2026-11-24,11,24,328,Post-monsoon,Dehradun,Uttarakhand,North,Kartika Purnima / Rahas Purnima,Hindu,Religious,shared_date,2,0.5,Guru Nanak Jayanti/Karthika Purnima/Rahas Purnima,https://www.rbi.org.in/Scripts/HolidayMatrixDisplay.aspx?drRegionalOffice=0&drMonth=11&drYear=2026 (POST form),Reserve Bank of India,2026-09-28
2026,2026-11-24,11,24,328,Post-monsoon,Hyderabad,Telangana,South,Guru Nanak Jayanti (Gurpurab),Sikh,Religious,shared_date,2,0.5,Guru Nanak Jayanti/Karthika Purnima/Rahas Purnima,https://www.rbi.org.in/Scripts/HolidayMatrixDisplay.aspx?drRegionalOffice=0&drMonth=11&drYear=2026 (POST form),Reserve Bank of India,2026-09-28
2026,2026-11-24,11,24,328,Post-monsoon,Hyderabad,Telangana,South,Kartika Purnima / Rahas Purnima,Hindu,Religious,shared_date,2,0.5,Guru Nanak Jayanti/Karthika Purnima/Rahas Purnima,https://www.rbi.org.in/Scripts/HolidayMatrixDisplay.aspx?drRegionalOffice=0&drMonth=11&drYear=2026 (POST form),Reserve Bank of India,2026-09-28
2026,2026-11-24,11,24,328,Post-monsoon,Itanagar,Arunachal Pradesh,North-East,Guru Nanak Jayanti (Gurpurab),Sikh,Religious,shared_date,2,0.5,Guru Nanak Jayanti/Karthika Purnima/Rahas Purnima,https://www.rbi.org.in/Scripts/HolidayMatrixDisplay.aspx?drRegionalOffice=0&drMonth=11&drYear=2026 (POST form),Reserve Bank of India,2026-09-28
2026,2026-11-24,11,24,328,Post-monsoon,Itanagar,Arunachal Pradesh,North-East,Kartika Purnima / Rahas Purnima,Hindu,Religious,shared_date,2,0.5,Guru Nanak Jayanti/Karthika Purnima/Rahas Purnima,https://www.rbi.org.in/Scripts/HolidayMatrixDisplay.aspx?drRegionalOffice=0&drMonth=11&drYear=2026 (POST form),Reserve Bank of India,2026-09-28
2026,2026-11-24,11,24,328,Post-monsoon,Jaipur,Rajasthan,North,Guru Nanak Jayanti (Gurpurab),Sikh,Religious,shared_date,2,0.5,Guru Nanak Jayanti/Karthika Purnima/Rahas Purnima,https://www.rbi.org.in/Scripts/HolidayMatrixDisplay.aspx?drRegionalOffice=0&drMonth=11&drYear=2026 (POST form),Reserve Bank of India,2026-09-28
2026,2026-11-24,11,24,328,Post-monsoon,Jaipur,Rajasthan,North,Kartika Purnima / Rahas Purnima,Hindu,Religious,shared_date,2,0.5,Guru Nanak Jayanti/Karthika Purnima/Rahas Purnima,https://www.rbi.org.in/Scripts/HolidayMatrixDisplay.aspx?drRegionalOffice=0&drMonth=11&drYear=2026 (POST form),Reserve Bank of India,2026-09-28
2026,2026-11-24,11,24,328,Post-monsoon,Jammu,Jammu & Kashmir,North,Guru Nanak Jayanti (Gurpurab),Sikh,Religious,shared_date,2,0.5,Guru Nanak Jayanti/Karthika Purnima/Rahas Purnima,https://www.rbi.org.in/Scripts/HolidayMatrixDisplay.aspx?drRegionalOffice=0&drMonth=11&drYear=2026 (POST form),Reserve Bank of India,2026-09-28
2026,2026-11-24,11,24,328,Post-monsoon,Jammu,Jammu & Kashmir,North,Kartika Purnima / Rahas Purnima,Hindu,Religious,shared_date,2,0.5,Guru Nanak Jayanti/Karthika Purnima/Rahas Purnima,https://www.rbi.org.in/Scripts/HolidayMatrixDisplay.aspx?drRegionalOffice=0&drMonth=11&drYear=2026 (POST form),Reserve Bank of India,2026-09-28
2026,2026-11-24,11,24,328,Post-monsoon,Kanpur,Uttar Pradesh,North,Guru Nanak Jayanti (Gurpurab),Sikh,Religious,shared_date,2,0.5,Guru Nanak Jayanti/Karthika Purnima/Rahas Purnima,https://www.rbi.org.in/Scripts/HolidayMatrixDisplay.aspx?drRegionalOffice=0&drMonth=11&drYear=2026 (POST form),Reserve Bank of India,2026-09-28
2026,2026-11-24,11,24,328,Post-monsoon,Kanpur,Uttar Pradesh,North,Kartika Purnima / Rahas Purnima,Hindu,Religious,shared_date,2,0.5,Guru Nanak Jayanti/Karthika Purnima/Rahas Purnima,https://www.rbi.org.in/Scripts/HolidayMatrixDisplay.aspx?drRegionalOffice=0&drMonth=11&drYear=2026 (POST form),Reserve Bank of India,2026-09-28
2026,2026-11-24,11,24,328,Post-monsoon,Kohima,Nagaland,North-East,Guru Nanak Jayanti (Gurpurab),Sikh,Religious,shared_date,2,0.5,Guru Nanak Jayanti/Karthika Purnima/Rahas Purnima,https://www.rbi.org.in/Scripts/HolidayMatrixDisplay.aspx?drRegionalOffice=0&drMonth=11&drYear=2026 (POST form),Reserve Bank of India,2026-09-28
2026,2026-11-24,11,24,328,Post-monsoon,Kohima,Nagaland,North-East,Kartika Purnima / Rahas Purnima,Hindu,Religious,shared_date,2,0.5,Guru Nanak Jayanti/Karthika Purnima/Rahas Purnima,https://www.rbi.org.in/Scripts/HolidayMatrixDisplay.aspx?drRegionalOffice=0&drMonth=11&drYear=2026 (POST form),Reserve Bank of India,2026-09-28
2026,2026-11-24,11,24,328,Post-monsoon,Kolkata,West Bengal,East,Guru Nanak Jayanti (Gurpurab),Sikh,Religious,shared_date,2,0.5,Guru Nanak Jayanti/Karthika Purnima/Rahas Purnima,https://www.rbi.org.in/Scripts/HolidayMatrixDisplay.aspx?drRegionalOffice=0&drMonth=11&drYear=2026 (POST form),Reserve Bank of India,2026-09-28
2026,2026-11-24,11,24,328,Post-monsoon,Kolkata,West Bengal,East,Kartika Purnima / Rahas Purnima,Hindu,Religious,shared_date,2,0.5,Guru Nanak Jayanti/Karthika Purnima/Rahas Purnima,https://www.rbi.org.in/Scripts/HolidayMatrixDisplay.aspx?drRegionalOffice=0&drMonth=11&drYear=2026 (POST form),Reserve Bank of India,2026-09-28
2026,2026-11-24,11,24,328,Post-monsoon,Lucknow,Uttar Pradesh,North,Guru Nanak Jayanti (Gurpurab),Sikh,Religious,shared_date,2,0.5,Guru Nanak Jayanti/Karthika Purnima/Rahas Purnima,https://www.rbi.org.in/Scripts/HolidayMatrixDisplay.aspx?drRegionalOffice=0&drMonth=11&drYear=2026 (POST form),Reserve Bank of India,2026-09-28
2026,2026-11-24,11,24,328,Post-monsoon,Lucknow,Uttar Pradesh,North,Kartika Purnima / Rahas Purnima,Hindu,Religious,shared_date,2,0.5,Guru Nanak Jayanti/Karthika Purnima/Rahas Purnima,https://www.rbi.org.in/Scripts/HolidayMatrixDisplay.aspx?drRegionalOffice=0&drMonth=11&drYear=2026 (POST form),Reserve Bank of India,2026-09-28
2026,2026-11-24,11,24,328,Post-monsoon,Mumbai,Maharashtra,West,Guru Nanak Jayanti (Gurpurab),Sikh,Religious,shared_date,2,0.5,Guru Nanak Jayanti/Karthika Purnima/Rahas Purnima,https://www.rbi.org.in/Scripts/HolidayMatrixDisplay.aspx?drRegionalOffice=0&drMonth=11&drYear=2026 (POST form),Reserve Bank of India,2026-09-28
2026,2026-11-24,11,24,328,Post-monsoon,Mumbai,Maharashtra,West,Kartika Purnima / Rahas Purnima,Hindu,Religious,shared_date,2,0.5,Guru Nanak Jayanti/Karthika Purnima/Rahas Purnima,https://www.rbi.org.in/Scripts/HolidayMatrixDisplay.aspx?drRegionalOffice=0&drMonth=11&drYear=2026 (POST form),Reserve Bank of India,2026-09-28
2026,2026-11-24,11,24,328,Post-monsoon,Nagpur,Maharashtra,West,Guru Nanak Jayanti (Gurpurab),Sikh,Religious,shared_date,2,0.5,Guru Nanak Jayanti/Karthika Purnima/Rahas Purnima,https://www.rbi.org.in/Scripts/HolidayMatrixDisplay.aspx?drRegionalOffice=0&drMonth=11&drYear=2026 (POST form),Reserve Bank of India,2026-09-28
2026,2026-11-24,11,24,328,Post-monsoon,Nagpur,Maharashtra,West,Kartika Purnima / Rahas Purnima,Hindu,Religious,shared_date,2,0.5,Guru Nanak Jayanti/Karthika Purnima/Rahas Purnima,https://www.rbi.org.in/Scripts/HolidayMatrixDisplay.aspx?drRegionalOffice=0&drMonth=11&drYear=2026 (POST form),Reserve Bank of India,2026-09-28
2026,2026-11-24,11,24,328,Post-monsoon,New Delhi,Delhi,North,Guru Nanak Jayanti (Gurpurab),Sikh,Religious,shared_date,2,0.5,Guru Nanak Jayanti/Karthika Purnima/Rahas Purnima,https://www.rbi.org.in/Scripts/HolidayMatrixDisplay.aspx?drRegionalOffice=0&drMonth=11&drYear=2026 (POST form),Reserve Bank of India,2026-09-28
2026,2026-11-24,11,24,328,Post-monsoon,New Delhi,Delhi,North,Kartika Purnima / Rahas Purnima,Hindu,Religious,shared_date,2,0.5,Guru Nanak Jayanti/Karthika Purnima/Rahas Purnima,https://www.rbi.org.in/Scripts/HolidayMatrixDisplay.aspx?drRegionalOffice=0&drMonth=11&drYear=2026 (POST form),Reserve Bank of India,2026-09-28
2026,2026-11-24,11,24,328,Post-monsoon,Raipur,Chhattisgarh,Central,Guru Nanak Jayanti (Gurpurab),Sikh,Religious,shared_date,2,0.5,Guru Nanak Jayanti/Karthika Purnima/Rahas Purnima,https://www.rbi.org.in/Scripts/HolidayMatrixDisplay.aspx?drRegionalOffice=0&drMonth=11&drYear=2026 (POST form),Reserve Bank of India,2026-09-28
2026,2026-11-24,11,24,328,Post-monsoon,Raipur,Chhattisgarh,Central,Kartika Purnima / Rahas Purnima,Hindu,Religious,shared_date,2,0.5,Guru Nanak Jayanti/Karthika Purnima/Rahas Purnima,https://www.rbi.org.in/Scripts/HolidayMatrixDisplay.aspx?drRegionalOffice=0&drMonth=11&drYear=2026 (POST form),Reserve Bank of India,2026-09-28
2026,2026-11-24,11,24,328,Post-monsoon,Ranchi,Jharkhand,East,Guru Nanak Jayanti (Gurpurab),Sikh,Religious,shared_date,2,0.5,Guru Nanak Jayanti/Karthika Purnima/Rahas Purnima,https://www.rbi.org.in/Scripts/HolidayMatrixDisplay.aspx?drRegionalOffice=0&drMonth=11&drYear=2026 (POST form),Reserve Bank of India,2026-09-28
2026,2026-11-24,11,24,328,Post-monsoon,Ranchi,Jharkhand,East,Kartika Purnima / Rahas Purnima,Hindu,Religious,shared_date,2,0.5,Guru Nanak Jayanti/Karthika Purnima/Rahas Purnima,https://www.rbi.org.in/Scripts/HolidayMatrixDisplay.aspx?drRegionalOffice=0&drMonth=11&drYear=2026 (POST form),Reserve Bank of India,2026-09-28
2026,2026-11-24,11,24,328,Post-monsoon,Shimla,Himachal Pradesh,North,Guru Nanak Jayanti (Gurpurab),Sikh,Religious,shared_date,2,0.5,Guru Nanak Jayanti/Karthika Purnima/Rahas Purnima,https://www.rbi.org.in/Scripts/HolidayMatrixDisplay.aspx?drRegionalOffice=0&drMonth=11&drYear=2026 (POST form),Reserve Bank of India,2026-09-28
2026,2026-11-24,11,24,328,Post-monsoon,Shimla,Himachal Pradesh,North,Kartika Purnima / Rahas Purnima,Hindu,Religious,shared_date,2,0.5,Guru Nanak Jayanti/Karthika Purnima/Rahas Purnima,https://www.rbi.org.in/Scripts/HolidayMatrixDisplay.aspx?drRegionalOffice=0&drMonth=11&drYear=2026 (POST form),Reserve Bank of India,2026-09-28
2026,2026-11-24,11,24,328,Post-monsoon,Srinagar,Jammu & Kashmir,North,Guru Nanak Jayanti (Gurpurab),Sikh,Religious,shared_date,2,0.5,Guru Nanak Jayanti/Karthika Purnima/Rahas Purnima,https://www.rbi.org.in/Scripts/HolidayMatrixDisplay.aspx?drRegionalOffice=0&drMonth=11&drYear=2026 (POST form),Reserve Bank of India,2026-09-28
2026,2026-11-24,11,24,328,Post-monsoon,Srinagar,Jammu & Kashmir,North,Kartika Purnima / Rahas Purnima,Hindu,Religious,shared_date,2,0.5,Guru Nanak Jayanti/Karthika Purnima/Rahas Purnima,https://www.rbi.org.in/Scripts/HolidayMatrixDisplay.aspx?drRegionalOffice=0&drMonth=11&drYear=2026 (POST form),Reserve Bank of India,2026-09-28
2026,2026-11-27,11,27,331,Post-monsoon,Bengaluru,Karnataka,South,Kanakadasa Jayanti,Hindu,Commemoration,unique,1,1.0,Kanakadasa Jayanthi,https://www.rbi.org.in/Scripts/HolidayMatrixDisplay.aspx?drRegionalOffice=0&drMonth=11&drYear=2026 (POST form),Reserve Bank of India,2026-09-28
2026,2026-12-01,12,1,335,Post-monsoon,Itanagar,Arunachal Pradesh,North-East,Indigenous Faith Day (Arunachal),Tribal/Indigenous,Commemoration,shared_date,2,0.5,Indigenous Faith Day/State Inauguration Day,https://www.rbi.org.in/Scripts/HolidayMatrixDisplay.aspx?drRegionalOffice=0&drMonth=12&drYear=2026 (POST form),Reserve Bank of India,2026-09-28
2026,2026-12-01,12,1,335,Post-monsoon,Kohima,Nagaland,North-East,Indigenous Faith Day (Arunachal),Tribal/Indigenous,Commemoration,shared_date,2,0.5,Indigenous Faith Day/State Inauguration Day,https://www.rbi.org.in/Scripts/HolidayMatrixDisplay.aspx?drRegionalOffice=0&drMonth=12&drYear=2026 (POST form),Reserve Bank of India,2026-09-28
2026,2026-12-03,12,3,337,Post-monsoon,Panaji,Goa,West,Feast of St. Francis Xavier,Christian,Religious,unique,1,1.0,Feast of St. Francis Xavier,https://www.rbi.org.in/Scripts/HolidayMatrixDisplay.aspx?drRegionalOffice=0&drMonth=12&drYear=2026 (POST form),Reserve Bank of India,2026-09-28
2026,2026-12-09,12,9,343,Post-monsoon,Gangtok,Sikkim,North-East,Losoong / Namsoong,Buddhist,New Year,unique,1,1.0,Losoong / Namsoong,https://www.rbi.org.in/Scripts/HolidayMatrixDisplay.aspx?drRegionalOffice=0&drMonth=12&drYear=2026 (POST form),Reserve Bank of India,2026-09-28
2026,2026-12-10,12,10,344,Post-monsoon,Gangtok,Sikkim,North-East,Losoong / Namsoong,Buddhist,New Year,unique,1,1.0,Losoong / Namsoong,https://www.rbi.org.in/Scripts/HolidayMatrixDisplay.aspx?drRegionalOffice=0&drMonth=12&drYear=2026 (POST form),Reserve Bank of India,2026-09-28
2026,2026-12-11,12,11,345,Post-monsoon,Gangtok,Sikkim,North-East,Losoong / Namsoong,Buddhist,New Year,unique,1,1.0,Losoong / Namsoong,https://www.rbi.org.in/Scripts/HolidayMatrixDisplay.aspx?drRegionalOffice=0&drMonth=12&drYear=2026 (POST form),Reserve Bank of India,2026-09-28
2026,2026-12-24,12,24,358,Post-monsoon,Aizawl,Mizoram,North-East,Christmas Eve,Christian,Religious,unique,1,1.0,Christmas Eve,https://www.rbi.org.in/Scripts/HolidayMatrixDisplay.aspx?drRegionalOffice=0&drMonth=12&drYear=2026 (POST form),Reserve Bank of India,2026-09-28
2026,2026-12-24,12,24,358,Post-monsoon,Kohima,Nagaland,North-East,Christmas Eve,Christian,Religious,unique,1,1.0,Christmas Eve,https://www.rbi.org.in/Scripts/HolidayMatrixDisplay.aspx?drRegionalOffice=0&drMonth=12&drYear=2026 (POST form),Reserve Bank of India,2026-09-28
2026,2026-12-24,12,24,358,Post-monsoon,Shillong,Meghalaya,North-East,Christmas Eve,Christian,Religious,unique,1,1.0,Christmas Eve,https://www.rbi.org.in/Scripts/HolidayMatrixDisplay.aspx?drRegionalOffice=0&drMonth=12&drYear=2026 (POST form),Reserve Bank of India,2026-09-28
2026,2026-12-25,12,25,359,Post-monsoon,Agartala,Tripura,North-East,Christmas,Christian,Religious,unique,1,1.0,Christmas,https://www.rbi.org.in/Scripts/HolidayMatrixDisplay.aspx?drRegionalOffice=0&drMonth=12&drYear=2026 (POST form),Reserve Bank of India,2026-09-28
2026,2026-12-25,12,25,359,Post-monsoon,Ahmedabad,Gujarat,West,Christmas,Christian,Religious,unique,1,1.0,Christmas,https://www.rbi.org.in/Scripts/HolidayMatrixDisplay.aspx?drRegionalOffice=0&drMonth=12&drYear=2026 (POST form),Reserve Bank of India,2026-09-28
2026,2026-12-25,12,25,359,Post-monsoon,Aizawl,Mizoram,North-East,Christmas,Christian,Religious,unique,1,1.0,Christmas,https://www.rbi.org.in/Scripts/HolidayMatrixDisplay.aspx?drRegionalOffice=0&drMonth=12&drYear=2026 (POST form),Reserve Bank of India,2026-09-28
2026,2026-12-25,12,25,359,Post-monsoon,Belapur,Maharashtra,West,Christmas,Christian,Religious,unique,1,1.0,Christmas,https://www.rbi.org.in/Scripts/HolidayMatrixDisplay.aspx?drRegionalOffice=0&drMonth=12&drYear=2026 (POST form),Reserve Bank of India,2026-09-28
2026,2026-12-25,12,25,359,Post-monsoon,Bengaluru,Karnataka,South,Christmas,Christian,Religious,unique,1,1.0,Christmas,https://www.rbi.org.in/Scripts/HolidayMatrixDisplay.aspx?drRegionalOffice=0&drMonth=12&drYear=2026 (POST form),Reserve Bank of India,2026-09-28
2026,2026-12-25,12,25,359,Post-monsoon,Bhopal,Madhya Pradesh,Central,Christmas,Christian,Religious,unique,1,1.0,Christmas,https://www.rbi.org.in/Scripts/HolidayMatrixDisplay.aspx?drRegionalOffice=0&drMonth=12&drYear=2026 (POST form),Reserve Bank of India,2026-09-28
2026,2026-12-25,12,25,359,Post-monsoon,Bhubaneswar,Odisha,East,Christmas,Christian,Religious,unique,1,1.0,Christmas,https://www.rbi.org.in/Scripts/HolidayMatrixDisplay.aspx?drRegionalOffice=0&drMonth=12&drYear=2026 (POST form),Reserve Bank of India,2026-09-28
2026,2026-12-25,12,25,359,Post-monsoon,Chandigarh,Punjab-Haryana-Chandigarh,North,Christmas,Christian,Religious,unique,1,1.0,Christmas,https://www.rbi.org.in/Scripts/HolidayMatrixDisplay.aspx?drRegionalOffice=0&drMonth=12&drYear=2026 (POST form),Reserve Bank of India,2026-09-28
2026,2026-12-25,12,25,359,Post-monsoon,Chennai,Tamil Nadu,South,Christmas,Christian,Religious,unique,1,1.0,Christmas,https://www.rbi.org.in/Scripts/HolidayMatrixDisplay.aspx?drRegionalOffice=0&drMonth=12&drYear=2026 (POST form),Reserve Bank of India,2026-09-28
2026,2026-12-25,12,25,359,Post-monsoon,Dehradun,Uttarakhand,North,Christmas,Christian,Religious,unique,1,1.0,Christmas,https://www.rbi.org.in/Scripts/HolidayMatrixDisplay.aspx?drRegionalOffice=0&drMonth=12&drYear=2026 (POST form),Reserve Bank of India,2026-09-28
2026,2026-12-25,12,25,359,Post-monsoon,Gangtok,Sikkim,North-East,Christmas,Christian,Religious,unique,1,1.0,Christmas,https://www.rbi.org.in/Scripts/HolidayMatrixDisplay.aspx?drRegionalOffice=0&drMonth=12&drYear=2026 (POST form),Reserve Bank of India,2026-09-28
2026,2026-12-25,12,25,359,Post-monsoon,Guwahati,Assam,North-East,Christmas,Christian,Religious,unique,1,1.0,Christmas,https://www.rbi.org.in/Scripts/HolidayMatrixDisplay.aspx?drRegionalOffice=0&drMonth=12&drYear=2026 (POST form),Reserve Bank of India,2026-09-28
2026,2026-12-25,12,25,359,Post-monsoon,Hyderabad,Telangana,South,Christmas,Christian,Religious,unique,1,1.0,Christmas,https://www.rbi.org.in/Scripts/HolidayMatrixDisplay.aspx?drRegionalOffice=0&drMonth=12&drYear=2026 (POST form),Reserve Bank of India,2026-09-28
2026,2026-12-25,12,25,359,Post-monsoon,Imphal,Manipur,North-East,Christmas,Christian,Religious,unique,1,1.0,Christmas,https://www.rbi.org.in/Scripts/HolidayMatrixDisplay.aspx?drRegionalOffice=0&drMonth=12&drYear=2026 (POST form),Reserve Bank of India,2026-09-28
2026,2026-12-25,12,25,359,Post-monsoon,Itanagar,Arunachal Pradesh,North-East,Christmas,Christian,Religious,unique,1,1.0,Christmas,https://www.rbi.org.in/Scripts/HolidayMatrixDisplay.aspx?drRegionalOffice=0&drMonth=12&drYear=2026 (POST form),Reserve Bank of India,2026-09-28
2026,2026-12-25,12,25,359,Post-monsoon,Jaipur,Rajasthan,North,Christmas,Christian,Religious,unique,1,1.0,Christmas,https://www.rbi.org.in/Scripts/HolidayMatrixDisplay.aspx?drRegionalOffice=0&drMonth=12&drYear=2026 (POST form),Reserve Bank of India,2026-09-28
2026,2026-12-25,12,25,359,Post-monsoon,Jammu,Jammu & Kashmir,North,Christmas,Christian,Religious,unique,1,1.0,Christmas,https://www.rbi.org.in/Scripts/HolidayMatrixDisplay.aspx?drRegionalOffice=0&drMonth=12&drYear=2026 (POST form),Reserve Bank of India,2026-09-28
2026,2026-12-25,12,25,359,Post-monsoon,Kanpur,Uttar Pradesh,North,Christmas,Christian,Religious,unique,1,1.0,Christmas,https://www.rbi.org.in/Scripts/HolidayMatrixDisplay.aspx?drRegionalOffice=0&drMonth=12&drYear=2026 (POST form),Reserve Bank of India,2026-09-28
2026,2026-12-25,12,25,359,Post-monsoon,Kochi,Kerala,South,Christmas,Christian,Religious,unique,1,1.0,Christmas,https://www.rbi.org.in/Scripts/HolidayMatrixDisplay.aspx?drRegionalOffice=0&drMonth=12&drYear=2026 (POST form),Reserve Bank of India,2026-09-28
2026,2026-12-25,12,25,359,Post-monsoon,Kohima,Nagaland,North-East,Christmas,Christian,Religious,unique,1,1.0,Christmas,https://www.rbi.org.in/Scripts/HolidayMatrixDisplay.aspx?drRegionalOffice=0&drMonth=12&drYear=2026 (POST form),Reserve Bank of India,2026-09-28
2026,2026-12-25,12,25,359,Post-monsoon,Kolkata,West Bengal,East,Christmas,Christian,Religious,unique,1,1.0,Christmas,https://www.rbi.org.in/Scripts/HolidayMatrixDisplay.aspx?drRegionalOffice=0&drMonth=12&drYear=2026 (POST form),Reserve Bank of India,2026-09-28
2026,2026-12-25,12,25,359,Post-monsoon,Lucknow,Uttar Pradesh,North,Christmas,Christian,Religious,unique,1,1.0,Christmas,https://www.rbi.org.in/Scripts/HolidayMatrixDisplay.aspx?drRegionalOffice=0&drMonth=12&drYear=2026 (POST form),Reserve Bank of India,2026-09-28
2026,2026-12-25,12,25,359,Post-monsoon,Mumbai,Maharashtra,West,Christmas,Christian,Religious,unique,1,1.0,Christmas,https://www.rbi.org.in/Scripts/HolidayMatrixDisplay.aspx?drRegionalOffice=0&drMonth=12&drYear=2026 (POST form),Reserve Bank of India,2026-09-28
2026,2026-12-25,12,25,359,Post-monsoon,Nagpur,Maharashtra,West,Christmas,Christian,Religious,unique,1,1.0,Christmas,https://www.rbi.org.in/Scripts/HolidayMatrixDisplay.aspx?drRegionalOffice=0&drMonth=12&drYear=2026 (POST form),Reserve Bank of India,2026-09-28
2026,2026-12-25,12,25,359,Post-monsoon,New Delhi,Delhi,North,Christmas,Christian,Religious,unique,1,1.0,Christmas,https://www.rbi.org.in/Scripts/HolidayMatrixDisplay.aspx?drRegionalOffice=0&drMonth=12&drYear=2026 (POST form),Reserve Bank of India,2026-09-28
2026,2026-12-25,12,25,359,Post-monsoon,Panaji,Goa,West,Christmas,Christian,Religious,unique,1,1.0,Christmas,https://www.rbi.org.in/Scripts/HolidayMatrixDisplay.aspx?drRegionalOffice=0&drMonth=12&drYear=2026 (POST form),Reserve Bank of India,2026-09-28
2026,2026-12-25,12,25,359,Post-monsoon,Patna,Bihar,East,Christmas,Christian,Religious,unique,1,1.0,Christmas,https://www.rbi.org.in/Scripts/HolidayMatrixDisplay.aspx?drRegionalOffice=0&drMonth=12&drYear=2026 (POST form),Reserve Bank of India,2026-09-28
2026,2026-12-25,12,25,359,Post-monsoon,Raipur,Chhattisgarh,Central,Christmas,Christian,Religious,unique,1,1.0,Christmas,https://www.rbi.org.in/Scripts/HolidayMatrixDisplay.aspx?drRegionalOffice=0&drMonth=12&drYear=2026 (POST form),Reserve Bank of India,2026-09-28
2026,2026-12-25,12,25,359,Post-monsoon,Ranchi,Jharkhand,East,Christmas,Christian,Religious,unique,1,1.0,Christmas,https://www.rbi.org.in/Scripts/HolidayMatrixDisplay.aspx?drRegionalOffice=0&drMonth=12&drYear=2026 (POST form),Reserve Bank of India,2026-09-28
2026,2026-12-25,12,25,359,Post-monsoon,Shillong,Meghalaya,North-East,Christmas,Christian,Religious,unique,1,1.0,Christmas,https://www.rbi.org.in/Scripts/HolidayMatrixDisplay.aspx?drRegionalOffice=0&drMonth=12&drYear=2026 (POST form),Reserve Bank of India,2026-09-28
2026,2026-12-25,12,25,359,Post-monsoon,Shimla,Himachal Pradesh,North,Christmas,Christian,Religious,unique,1,1.0,Christmas,https://www.rbi.org.in/Scripts/HolidayMatrixDisplay.aspx?drRegionalOffice=0&drMonth=12&drYear=2026 (POST form),Reserve Bank of India,2026-09-28
2026,2026-12-25,12,25,359,Post-monsoon,Srinagar,Jammu & Kashmir,North,Christmas,Christian,Religious,unique,1,1.0,Christmas,https://www.rbi.org.in/Scripts/HolidayMatrixDisplay.aspx?drRegionalOffice=0&drMonth=12&drYear=2026 (POST form),Reserve Bank of India,2026-09-28
2026,2026-12-25,12,25,359,Post-monsoon,Thiruvananthapuram,Kerala,South,Christmas,Christian,Religious,unique,1,1.0,Christmas,https://www.rbi.org.in/Scripts/HolidayMatrixDisplay.aspx?drRegionalOffice=0&drMonth=12&drYear=2026 (POST form),Reserve Bank of India,2026-09-28
2026,2026-12-25,12,25,359,Post-monsoon,Vijayawada,Andhra Pradesh,South,Christmas,Christian,Religious,unique,1,1.0,Christmas,https://www.rbi.org.in/Scripts/HolidayMatrixDisplay.aspx?drRegionalOffice=0&drMonth=12&drYear=2026 (POST form),Reserve Bank of India,2026-09-28
2026,2026-12-26,12,26,360,Post-monsoon,Kohima,Nagaland,North-East,Christmas,Christian,Religious,unique,1,1.0,Christmas,https://www.rbi.org.in/Scripts/HolidayMatrixDisplay.aspx?drRegionalOffice=0&drMonth=12&drYear=2026 (POST form),Reserve Bank of India,2026-09-28
2026,2026-12-26,12,26,360,Post-monsoon,Shillong,Meghalaya,North-East,Christmas,Christian,Religious,unique,1,1.0,Christmas,https://www.rbi.org.in/Scripts/HolidayMatrixDisplay.aspx?drRegionalOffice=0&drMonth=12&drYear=2026 (POST form),Reserve Bank of India,2026-09-28
