year,month,day,date,rbi_regional_office,rbi_holiday_description,holiday_type,source_url,source_publisher,retrieved_on
2024,1,23,2024-01-23,Agartala,Gaan-Ngai/Birthday of Netaji Subhas Chandra Bose,NI Act holiday,https://www.rbi.org.in/Scripts/HolidayMatrixDisplay.aspx?drRegionalOffice=0&drMonth=1&drYear=2024 (POST form),Reserve Bank of India,2026-09-28
2024,1,26,2024-01-26,Agartala,Republic Day,NI Act holiday,https://www.rbi.org.in/Scripts/HolidayMatrixDisplay.aspx?drRegionalOffice=0&drMonth=1&drYear=2024 (POST form),Reserve Bank of India,2026-09-28
2024,1,26,2024-01-26,Ahmedabad,Republic Day,NI Act holiday,https://www.rbi.org.in/Scripts/HolidayMatrixDisplay.aspx?drRegionalOffice=0&drMonth=1&drYear=2024 (POST form),Reserve Bank of India,2026-09-28
2024,1,1,2024-01-01,Aizawl,New Year’s Day,NI Act holiday,https://www.rbi.org.in/Scripts/HolidayMatrixDisplay.aspx?drRegionalOffice=0&drMonth=1&drYear=2024 (POST form),Reserve Bank of India,2026-09-28
2024,1,2,2024-01-02,Aizawl,New Year Celebration,NI Act holiday,https://www.rbi.org.in/Scripts/HolidayMatrixDisplay.aspx?drRegionalOffice=0&drMonth=1&drYear=2024 (POST form),Reserve Bank of India,2026-09-28
2024,1,11,2024-01-11,Aizawl,Missionary Day,NI Act holiday,https://www.rbi.org.in/Scripts/HolidayMatrixDisplay.aspx?drRegionalOffice=0&drMonth=1&drYear=2024 (POST form),Reserve Bank of India,2026-09-28
2024,1,26,2024-01-26,Aizawl,Republic Day,NI Act holiday,https://www.rbi.org.in/Scripts/HolidayMatrixDisplay.aspx?drRegionalOffice=0&drMonth=1&drYear=2024 (POST form),Reserve Bank of India,2026-09-28
2024,1,26,2024-01-26,Belapur,Republic Day,NI Act holiday,https://www.rbi.org.in/Scripts/HolidayMatrixDisplay.aspx?drRegionalOffice=0&drMonth=1&drYear=2024 (POST form),Reserve Bank of India,2026-09-28
2024,1,15,2024-01-15,Bengaluru,Uttarayana Punyakala/Makara Sankranti Festival/Maghe Sankranti/Pongal/Magh Bihu,NI Act holiday,https://www.rbi.org.in/Scripts/HolidayMatrixDisplay.aspx?drRegionalOffice=0&drMonth=1&drYear=2024 (POST form),Reserve Bank of India,2026-09-28
2024,1,26,2024-01-26,Bengaluru,Republic Day,NI Act holiday,https://www.rbi.org.in/Scripts/HolidayMatrixDisplay.aspx?drRegionalOffice=0&drMonth=1&drYear=2024 (POST form),Reserve Bank of India,2026-09-28
2024,1,26,2024-01-26,Bhopal,Republic Day,NI Act holiday,https://www.rbi.org.in/Scripts/HolidayMatrixDisplay.aspx?drRegionalOffice=0&drMonth=1&drYear=2024 (POST form),Reserve Bank of India,2026-09-28
2024,1,15,2024-01-15,Bhubaneswar,Uttarayana Punyakala/Makara Sankranti Festival/Maghe Sankranti/Pongal/Magh Bihu,NI Act holiday,https://www.rbi.org.in/Scripts/HolidayMatrixDisplay.aspx?drRegionalOffice=0&drMonth=1&drYear=2024 (POST form),Reserve Bank of India,2026-09-28
2024,1,26,2024-01-26,Bhubaneswar,Republic Day,NI Act holiday,https://www.rbi.org.in/Scripts/HolidayMatrixDisplay.aspx?drRegionalOffice=0&drMonth=1&drYear=2024 (POST form),Reserve Bank of India,2026-09-28
2024,1,17,2024-01-17,Chandigarh,Uzhavar Thirunal/Sri Guru Gobind Singh Ji Birthday,NI Act holiday,https://www.rbi.org.in/Scripts/HolidayMatrixDisplay.aspx?drRegionalOffice=0&drMonth=1&drYear=2024 (POST form),Reserve Bank of India,2026-09-28
2024,1,26,2024-01-26,Chandigarh,Republic Day,NI Act holiday,https://www.rbi.org.in/Scripts/HolidayMatrixDisplay.aspx?drRegionalOffice=0&drMonth=1&drYear=2024 (POST form),Reserve Bank of India,2026-09-28
2024,1,1,2024-01-01,Chennai,New Year’s Day,NI Act holiday,https://www.rbi.org.in/Scripts/HolidayMatrixDisplay.aspx?drRegionalOffice=0&drMonth=1&drYear=2024 (POST form),Reserve Bank of India,2026-09-28
2024,1,15,2024-01-15,Chennai,Uttarayana Punyakala/Makara Sankranti Festival/Maghe Sankranti/Pongal/Magh Bihu,NI Act holiday,https://www.rbi.org.in/Scripts/HolidayMatrixDisplay.aspx?drRegionalOffice=0&drMonth=1&drYear=2024 (POST form),Reserve Bank of India,2026-09-28
2024,1,16,2024-01-16,Chennai,Thiruvalluvar Day,NI Act holiday,https://www.rbi.org.in/Scripts/HolidayMatrixDisplay.aspx?drRegionalOffice=0&drMonth=1&drYear=2024 (POST form),Reserve Bank of India,2026-09-28
2024,1,17,2024-01-17,Chennai,Uzhavar Thirunal/Sri Guru Gobind Singh Ji Birthday,NI Act holiday,https://www.rbi.org.in/Scripts/HolidayMatrixDisplay.aspx?drRegionalOffice=0&drMonth=1&drYear=2024 (POST form),Reserve Bank of India,2026-09-28
2024,1,25,2024-01-25,Chennai,Thai Poosam/Birthday of Md. Hazarat Ali,NI Act holiday,https://www.rbi.org.in/Scripts/HolidayMatrixDisplay.aspx?drRegionalOffice=0&drMonth=1&drYear=2024 (POST form),Reserve Bank of India,2026-09-28
2024,1,26,2024-01-26,Chennai,Republic Day,NI Act holiday,https://www.rbi.org.in/Scripts/HolidayMatrixDisplay.aspx?drRegionalOffice=0&drMonth=1&drYear=2024 (POST form),Reserve Bank of India,2026-09-28
2024,1,26,2024-01-26,Dehradun,Republic Day,NI Act holiday,https://www.rbi.org.in/Scripts/HolidayMatrixDisplay.aspx?drRegionalOffice=0&drMonth=1&drYear=2024 (POST form),Reserve Bank of India,2026-09-28
2024,1,1,2024-01-01,Gangtok,New Year’s Day,NI Act holiday,https://www.rbi.org.in/Scripts/HolidayMatrixDisplay.aspx?drRegionalOffice=0&drMonth=1&drYear=2024 (POST form),Reserve Bank of India,2026-09-28
2024,1,15,2024-01-15,Gangtok,Uttarayana Punyakala/Makara Sankranti Festival/Maghe Sankranti/Pongal/Magh Bihu,NI Act holiday,https://www.rbi.org.in/Scripts/HolidayMatrixDisplay.aspx?drRegionalOffice=0&drMonth=1&drYear=2024 (POST form),Reserve Bank of India,2026-09-28
2024,1,26,2024-01-26,Gangtok,Republic Day,NI Act holiday,https://www.rbi.org.in/Scripts/HolidayMatrixDisplay.aspx?drRegionalOffice=0&drMonth=1&drYear=2024 (POST form),Reserve Bank of India,2026-09-28
2024,1,15,2024-01-15,Guwahati,Uttarayana Punyakala/Makara Sankranti Festival/Maghe Sankranti/Pongal/Magh Bihu,NI Act holiday,https://www.rbi.org.in/Scripts/HolidayMatrixDisplay.aspx?drRegionalOffice=0&drMonth=1&drYear=2024 (POST form),Reserve Bank of India,2026-09-28
2024,1,26,2024-01-26,Guwahati,Republic Day,NI Act holiday,https://www.rbi.org.in/Scripts/HolidayMatrixDisplay.aspx?drRegionalOffice=0&drMonth=1&drYear=2024 (POST form),Reserve Bank of India,2026-09-28
2024,1,15,2024-01-15,Hyderabad,Uttarayana Punyakala/Makara Sankranti Festival/Maghe Sankranti/Pongal/Magh Bihu,NI Act holiday,https://www.rbi.org.in/Scripts/HolidayMatrixDisplay.aspx?drRegionalOffice=0&drMonth=1&drYear=2024 (POST form),Reserve Bank of India,2026-09-28
2024,1,26,2024-01-26,Hyderabad,Republic Day,NI Act holiday,https://www.rbi.org.in/Scripts/HolidayMatrixDisplay.aspx?drRegionalOffice=0&drMonth=1&drYear=2024 (POST form),Reserve Bank of India,2026-09-28
2024,1,1,2024-01-01,Imphal,New Year’s Day,NI Act holiday,https://www.rbi.org.in/Scripts/HolidayMatrixDisplay.aspx?drRegionalOffice=0&drMonth=1&drYear=2024 (POST form),Reserve Bank of India,2026-09-28
2024,1,22,2024-01-22,Imphal,Consecration ceremony of Lord Shri Ram in the temple built in Shri Ram Janmabhoomi complex/Imoinu Iratpa,NI Act holiday,https://www.rbi.org.in/Scripts/HolidayMatrixDisplay.aspx?drRegionalOffice=0&drMonth=1&drYear=2024 (POST form),Reserve Bank of India,2026-09-28
2024,1,23,2024-01-23,Imphal,Gaan-Ngai/Birthday of Netaji Subhas Chandra Bose,NI Act holiday,https://www.rbi.org.in/Scripts/HolidayMatrixDisplay.aspx?drRegionalOffice=0&drMonth=1&drYear=2024 (POST form),Reserve Bank of India,2026-09-28
2024,1,26,2024-01-26,Imphal,Republic Day,NI Act holiday,https://www.rbi.org.in/Scripts/HolidayMatrixDisplay.aspx?drRegionalOffice=0&drMonth=1&drYear=2024 (POST form),Reserve Bank of India,2026-09-28
2024,1,1,2024-01-01,Itanagar,New Year’s Day,NI Act holiday,https://www.rbi.org.in/Scripts/HolidayMatrixDisplay.aspx?drRegionalOffice=0&drMonth=1&drYear=2024 (POST form),Reserve Bank of India,2026-09-28
2024,1,26,2024-01-26,Itanagar,Republic Day,NI Act holiday,https://www.rbi.org.in/Scripts/HolidayMatrixDisplay.aspx?drRegionalOffice=0&drMonth=1&drYear=2024 (POST form),Reserve Bank of India,2026-09-28
2024,1,26,2024-01-26,Jaipur,Republic Day,NI Act holiday,https://www.rbi.org.in/Scripts/HolidayMatrixDisplay.aspx?drRegionalOffice=0&drMonth=1&drYear=2024 (POST form),Reserve Bank of India,2026-09-28
2024,1,26,2024-01-26,Jammu,Republic Day,NI Act holiday,https://www.rbi.org.in/Scripts/HolidayMatrixDisplay.aspx?drRegionalOffice=0&drMonth=1&drYear=2024 (POST form),Reserve Bank of India,2026-09-28
2024,1,22,2024-01-22,Kanpur,Consecration ceremony of Lord Shri Ram in the temple built in Shri Ram Janmabhoomi complex/Imoinu Iratpa,NI Act holiday,https://www.rbi.org.in/Scripts/HolidayMatrixDisplay.aspx?drRegionalOffice=0&drMonth=1&drYear=2024 (POST form),Reserve Bank of India,2026-09-28
2024,1,25,2024-01-25,Kanpur,Thai Poosam/Birthday of Md. Hazarat Ali,NI Act holiday,https://www.rbi.org.in/Scripts/HolidayMatrixDisplay.aspx?drRegionalOffice=0&drMonth=1&drYear=2024 (POST form),Reserve Bank of India,2026-09-28
2024,1,26,2024-01-26,Kanpur,Republic Day,NI Act holiday,https://www.rbi.org.in/Scripts/HolidayMatrixDisplay.aspx?drRegionalOffice=0&drMonth=1&drYear=2024 (POST form),Reserve Bank of India,2026-09-28
2024,1,26,2024-01-26,Kochi,Republic Day,NI Act holiday,https://www.rbi.org.in/Scripts/HolidayMatrixDisplay.aspx?drRegionalOffice=0&drMonth=1&drYear=2024 (POST form),Reserve Bank of India,2026-09-28
2024,1,1,2024-01-01,Kohima,New Year’s Day,NI Act holiday,https://www.rbi.org.in/Scripts/HolidayMatrixDisplay.aspx?drRegionalOffice=0&drMonth=1&drYear=2024 (POST form),Reserve Bank of India,2026-09-28
2024,1,26,2024-01-26,Kohima,Republic Day,NI Act holiday,https://www.rbi.org.in/Scripts/HolidayMatrixDisplay.aspx?drRegionalOffice=0&drMonth=1&drYear=2024 (POST form),Reserve Bank of India,2026-09-28
2024,1,1,2024-01-01,Kolkata,New Year’s Day,NI Act holiday,https://www.rbi.org.in/Scripts/HolidayMatrixDisplay.aspx?drRegionalOffice=0&drMonth=1&drYear=2024 (POST form),Reserve Bank of India,2026-09-28
2024,1,12,2024-01-12,Kolkata,Birth Day of Swami Vivekananda,NI Act holiday,https://www.rbi.org.in/Scripts/HolidayMatrixDisplay.aspx?drRegionalOffice=0&drMonth=1&drYear=2024 (POST form),Reserve Bank of India,2026-09-28
2024,1,23,2024-01-23,Kolkata,Gaan-Ngai/Birthday of Netaji Subhas Chandra Bose,NI Act holiday,https://www.rbi.org.in/Scripts/HolidayMatrixDisplay.aspx?drRegionalOffice=0&drMonth=1&drYear=2024 (POST form),Reserve Bank of India,2026-09-28
2024,1,26,2024-01-26,Kolkata,Republic Day,NI Act holiday,https://www.rbi.org.in/Scripts/HolidayMatrixDisplay.aspx?drRegionalOffice=0&drMonth=1&drYear=2024 (POST form),Reserve Bank of India,2026-09-28
2024,1,22,2024-01-22,Lucknow,Consecration ceremony of Lord Shri Ram in the temple built in Shri Ram Janmabhoomi complex/Imoinu Iratpa,NI Act holiday,https://www.rbi.org.in/Scripts/HolidayMatrixDisplay.aspx?drRegionalOffice=0&drMonth=1&drYear=2024 (POST form),Reserve Bank of India,2026-09-28
2024,1,25,2024-01-25,Lucknow,Thai Poosam/Birthday of Md. Hazarat Ali,NI Act holiday,https://www.rbi.org.in/Scripts/HolidayMatrixDisplay.aspx?drRegionalOffice=0&drMonth=1&drYear=2024 (POST form),Reserve Bank of India,2026-09-28
2024,1,26,2024-01-26,Lucknow,Republic Day,NI Act holiday,https://www.rbi.org.in/Scripts/HolidayMatrixDisplay.aspx?drRegionalOffice=0&drMonth=1&drYear=2024 (POST form),Reserve Bank of India,2026-09-28
2024,1,26,2024-01-26,Mumbai,Republic Day,NI Act holiday,https://www.rbi.org.in/Scripts/HolidayMatrixDisplay.aspx?drRegionalOffice=0&drMonth=1&drYear=2024 (POST form),Reserve Bank of India,2026-09-28
2024,1,26,2024-01-26,Nagpur,Republic Day,NI Act holiday,https://www.rbi.org.in/Scripts/HolidayMatrixDisplay.aspx?drRegionalOffice=0&drMonth=1&drYear=2024 (POST form),Reserve Bank of India,2026-09-28
2024,1,26,2024-01-26,New Delhi,Republic Day,NI Act holiday,https://www.rbi.org.in/Scripts/HolidayMatrixDisplay.aspx?drRegionalOffice=0&drMonth=1&drYear=2024 (POST form),Reserve Bank of India,2026-09-28
2024,1,22,2024-01-22,Panaji,Consecration ceremony of Lord Shri Ram in the temple built in Shri Ram Janmabhoomi complex/Imoinu Iratpa,NI Act holiday,https://www.rbi.org.in/Scripts/HolidayMatrixDisplay.aspx?drRegionalOffice=0&drMonth=1&drYear=2024 (POST form),Reserve Bank of India,2026-09-28
2024,1,26,2024-01-26,Panaji,Republic Day,NI Act holiday,https://www.rbi.org.in/Scripts/HolidayMatrixDisplay.aspx?drRegionalOffice=0&drMonth=1&drYear=2024 (POST form),Reserve Bank of India,2026-09-28
2024,1,26,2024-01-26,Patna,Republic Day,NI Act holiday,https://www.rbi.org.in/Scripts/HolidayMatrixDisplay.aspx?drRegionalOffice=0&drMonth=1&drYear=2024 (POST form),Reserve Bank of India,2026-09-28
2024,1,26,2024-01-26,Raipur,Republic Day,NI Act holiday,https://www.rbi.org.in/Scripts/HolidayMatrixDisplay.aspx?drRegionalOffice=0&drMonth=1&drYear=2024 (POST form),Reserve Bank of India,2026-09-28
2024,1,26,2024-01-26,Ranchi,Republic Day,NI Act holiday,https://www.rbi.org.in/Scripts/HolidayMatrixDisplay.aspx?drRegionalOffice=0&drMonth=1&drYear=2024 (POST form),Reserve Bank of India,2026-09-28
2024,1,1,2024-01-01,Shillong,New Year’s Day,NI Act holiday,https://www.rbi.org.in/Scripts/HolidayMatrixDisplay.aspx?drRegionalOffice=0&drMonth=1&drYear=2024 (POST form),Reserve Bank of India,2026-09-28
2024,1,26,2024-01-26,Shillong,Republic Day,NI Act holiday,https://www.rbi.org.in/Scripts/HolidayMatrixDisplay.aspx?drRegionalOffice=0&drMonth=1&drYear=2024 (POST form),Reserve Bank of India,2026-09-28
2024,1,22,2024-01-22,Shimla,Consecration ceremony of Lord Shri Ram in the temple built in Shri Ram Janmabhoomi complex/Imoinu Iratpa,NI Act holiday,https://www.rbi.org.in/Scripts/HolidayMatrixDisplay.aspx?drRegionalOffice=0&drMonth=1&drYear=2024 (POST form),Reserve Bank of India,2026-09-28
2024,1,26,2024-01-26,Shimla,Republic Day,NI Act holiday,https://www.rbi.org.in/Scripts/HolidayMatrixDisplay.aspx?drRegionalOffice=0&drMonth=1&drYear=2024 (POST form),Reserve Bank of India,2026-09-28
2024,1,26,2024-01-26,Srinagar,Republic Day,NI Act holiday,https://www.rbi.org.in/Scripts/HolidayMatrixDisplay.aspx?drRegionalOffice=0&drMonth=1&drYear=2024 (POST form),Reserve Bank of India,2026-09-28
2024,1,26,2024-01-26,Thiruvananthapuram,Republic Day,NI Act holiday,https://www.rbi.org.in/Scripts/HolidayMatrixDisplay.aspx?drRegionalOffice=0&drMonth=1&drYear=2024 (POST form),Reserve Bank of India,2026-09-28
2024,1,15,2024-01-15,Vijayawada,Uttarayana Punyakala/Makara Sankranti Festival/Maghe Sankranti/Pongal/Magh Bihu,NI Act holiday,https://www.rbi.org.in/Scripts/HolidayMatrixDisplay.aspx?drRegionalOffice=0&drMonth=1&drYear=2024 (POST form),Reserve Bank of India,2026-09-28
2024,1,26,2024-01-26,Vijayawada,Republic Day,NI Act holiday,https://www.rbi.org.in/Scripts/HolidayMatrixDisplay.aspx?drRegionalOffice=0&drMonth=1&drYear=2024 (POST form),Reserve Bank of India,2026-09-28
2024,2,14,2024-02-14,Agartala,Basanta Panchami/Saraswati Puja (Shree Panchami),NI Act holiday,https://www.rbi.org.in/Scripts/HolidayMatrixDisplay.aspx?drRegionalOffice=0&drMonth=2&drYear=2024 (POST form),Reserve Bank of India,2026-09-28
2024,2,20,2024-02-20,Aizawl,State Day/Statehood Day,NI Act holiday,https://www.rbi.org.in/Scripts/HolidayMatrixDisplay.aspx?drRegionalOffice=0&drMonth=2&drYear=2024 (POST form),Reserve Bank of India,2026-09-28
2024,2,19,2024-02-19,Belapur,Chhatrapati Shivaji Maharaj Jayanti,NI Act holiday,https://www.rbi.org.in/Scripts/HolidayMatrixDisplay.aspx?drRegionalOffice=0&drMonth=2&drYear=2024 (POST form),Reserve Bank of India,2026-09-28
2024,2,14,2024-02-14,Bhubaneswar,Basanta Panchami/Saraswati Puja (Shree Panchami),NI Act holiday,https://www.rbi.org.in/Scripts/HolidayMatrixDisplay.aspx?drRegionalOffice=0&drMonth=2&drYear=2024 (POST form),Reserve Bank of India,2026-09-28
2024,2,10,2024-02-10,Gangtok,Losar,NI Act holiday,https://www.rbi.org.in/Scripts/HolidayMatrixDisplay.aspx?drRegionalOffice=0&drMonth=2&drYear=2024 (POST form),Reserve Bank of India,2026-09-28
2024,2,15,2024-02-15,Imphal,Lui-Ngai-Ni,NI Act holiday,https://www.rbi.org.in/Scripts/HolidayMatrixDisplay.aspx?drRegionalOffice=0&drMonth=2&drYear=2024 (POST form),Reserve Bank of India,2026-09-28
2024,2,20,2024-02-20,Itanagar,State Day/Statehood Day,NI Act holiday,https://www.rbi.org.in/Scripts/HolidayMatrixDisplay.aspx?drRegionalOffice=0&drMonth=2&drYear=2024 (POST form),Reserve Bank of India,2026-09-28
2024,2,26,2024-02-26,Itanagar,Nyokum,NI Act holiday,https://www.rbi.org.in/Scripts/HolidayMatrixDisplay.aspx?drRegionalOffice=0&drMonth=2&drYear=2024 (POST form),Reserve Bank of India,2026-09-28
2024,2,14,2024-02-14,Kolkata,Basanta Panchami/Saraswati Puja (Shree Panchami),NI Act holiday,https://www.rbi.org.in/Scripts/HolidayMatrixDisplay.aspx?drRegionalOffice=0&drMonth=2&drYear=2024 (POST form),Reserve Bank of India,2026-09-28
2024,2,19,2024-02-19,Mumbai,Chhatrapati Shivaji Maharaj Jayanti,NI Act holiday,https://www.rbi.org.in/Scripts/HolidayMatrixDisplay.aspx?drRegionalOffice=0&drMonth=2&drYear=2024 (POST form),Reserve Bank of India,2026-09-28
2024,2,19,2024-02-19,Nagpur,Chhatrapati Shivaji Maharaj Jayanti,NI Act holiday,https://www.rbi.org.in/Scripts/HolidayMatrixDisplay.aspx?drRegionalOffice=0&drMonth=2&drYear=2024 (POST form),Reserve Bank of India,2026-09-28
2024,3,25,2024-03-25,Agartala,Holi (Second Day) - Dhuleti/Dol Jatra/Dhulandi,NI Act holiday,https://www.rbi.org.in/Scripts/HolidayMatrixDisplay.aspx?drRegionalOffice=0&drMonth=3&drYear=2024 (POST form),Reserve Bank of India,2026-09-28
2024,3,8,2024-03-08,Ahmedabad,Mahashivratri (Maha vad-13)/Sivarathri,NI Act holiday,https://www.rbi.org.in/Scripts/HolidayMatrixDisplay.aspx?drRegionalOffice=0&drMonth=3&drYear=2024 (POST form),Reserve Bank of India,2026-09-28
2024,3,25,2024-03-25,Ahmedabad,Holi (Second Day) - Dhuleti/Dol Jatra/Dhulandi,NI Act holiday,https://www.rbi.org.in/Scripts/HolidayMatrixDisplay.aspx?drRegionalOffice=0&drMonth=3&drYear=2024 (POST form),Reserve Bank of India,2026-09-28
2024,3,29,2024-03-29,Ahmedabad,Good Friday,NI Act holiday,https://www.rbi.org.in/Scripts/HolidayMatrixDisplay.aspx?drRegionalOffice=0&drMonth=3&drYear=2024 (POST form),Reserve Bank of India,2026-09-28
2024,3,1,2024-03-01,Aizawl,Chapchar Kut,NI Act holiday,https://www.rbi.org.in/Scripts/HolidayMatrixDisplay.aspx?drRegionalOffice=0&drMonth=3&drYear=2024 (POST form),Reserve Bank of India,2026-09-28
2024,3,25,2024-03-25,Aizawl,Holi (Second Day) - Dhuleti/Dol Jatra/Dhulandi,NI Act holiday,https://www.rbi.org.in/Scripts/HolidayMatrixDisplay.aspx?drRegionalOffice=0&drMonth=3&drYear=2024 (POST form),Reserve Bank of India,2026-09-28
2024,3,29,2024-03-29,Aizawl,Good Friday,NI Act holiday,https://www.rbi.org.in/Scripts/HolidayMatrixDisplay.aspx?drRegionalOffice=0&drMonth=3&drYear=2024 (POST form),Reserve Bank of India,2026-09-28
2024,3,8,2024-03-08,Belapur,Mahashivratri (Maha vad-13)/Sivarathri,NI Act holiday,https://www.rbi.org.in/Scripts/HolidayMatrixDisplay.aspx?drRegionalOffice=0&drMonth=3&drYear=2024 (POST form),Reserve Bank of India,2026-09-28
2024,3,25,2024-03-25,Belapur,Holi (Second Day) - Dhuleti/Dol Jatra/Dhulandi,NI Act holiday,https://www.rbi.org.in/Scripts/HolidayMatrixDisplay.aspx?drRegionalOffice=0&drMonth=3&drYear=2024 (POST form),Reserve Bank of India,2026-09-28
2024,3,29,2024-03-29,Belapur,Good Friday,NI Act holiday,https://www.rbi.org.in/Scripts/HolidayMatrixDisplay.aspx?drRegionalOffice=0&drMonth=3&drYear=2024 (POST form),Reserve Bank of India,2026-09-28
2024,3,8,2024-03-08,Bengaluru,Mahashivratri (Maha vad-13)/Sivarathri,NI Act holiday,https://www.rbi.org.in/Scripts/HolidayMatrixDisplay.aspx?drRegionalOffice=0&drMonth=3&drYear=2024 (POST form),Reserve Bank of India,2026-09-28
2024,3,29,2024-03-29,Bengaluru,Good Friday,NI Act holiday,https://www.rbi.org.in/Scripts/HolidayMatrixDisplay.aspx?drRegionalOffice=0&drMonth=3&drYear=2024 (POST form),Reserve Bank of India,2026-09-28
2024,3,8,2024-03-08,Bhopal,Mahashivratri (Maha vad-13)/Sivarathri,NI Act holiday,https://www.rbi.org.in/Scripts/HolidayMatrixDisplay.aspx?drRegionalOffice=0&drMonth=3&drYear=2024 (POST form),Reserve Bank of India,2026-09-28
2024,3,25,2024-03-25,Bhopal,Holi (Second Day) - Dhuleti/Dol Jatra/Dhulandi,NI Act holiday,https://www.rbi.org.in/Scripts/HolidayMatrixDisplay.aspx?drRegionalOffice=0&drMonth=3&drYear=2024 (POST form),Reserve Bank of India,2026-09-28
2024,3,29,2024-03-29,Bhopal,Good Friday,NI Act holiday,https://www.rbi.org.in/Scripts/HolidayMatrixDisplay.aspx?drRegionalOffice=0&drMonth=3&drYear=2024 (POST form),Reserve Bank of India,2026-09-28
2024,3,8,2024-03-08,Bhubaneswar,Mahashivratri (Maha vad-13)/Sivarathri,NI Act holiday,https://www.rbi.org.in/Scripts/HolidayMatrixDisplay.aspx?drRegionalOffice=0&drMonth=3&drYear=2024 (POST form),Reserve Bank of India,2026-09-28
2024,3,26,2024-03-26,Bhubaneswar,Yaosang 2nd Day/Holi,NI Act holiday,https://www.rbi.org.in/Scripts/HolidayMatrixDisplay.aspx?drRegionalOffice=0&drMonth=3&drYear=2024 (POST form),Reserve Bank of India,2026-09-28
2024,3,29,2024-03-29,Bhubaneswar,Good Friday,NI Act holiday,https://www.rbi.org.in/Scripts/HolidayMatrixDisplay.aspx?drRegionalOffice=0&drMonth=3&drYear=2024 (POST form),Reserve Bank of India,2026-09-28
2024,3,8,2024-03-08,Chandigarh,Mahashivratri (Maha vad-13)/Sivarathri,NI Act holiday,https://www.rbi.org.in/Scripts/HolidayMatrixDisplay.aspx?drRegionalOffice=0&drMonth=3&drYear=2024 (POST form),Reserve Bank of India,2026-09-28
2024,3,25,2024-03-25,Chandigarh,Holi (Second Day) - Dhuleti/Dol Jatra/Dhulandi,NI Act holiday,https://www.rbi.org.in/Scripts/HolidayMatrixDisplay.aspx?drRegionalOffice=0&drMonth=3&drYear=2024 (POST form),Reserve Bank of India,2026-09-28
2024,3,29,2024-03-29,Chandigarh,Good Friday,NI Act holiday,https://www.rbi.org.in/Scripts/HolidayMatrixDisplay.aspx?drRegionalOffice=0&drMonth=3&drYear=2024 (POST form),Reserve Bank of India,2026-09-28
2024,3,29,2024-03-29,Chennai,Good Friday,NI Act holiday,https://www.rbi.org.in/Scripts/HolidayMatrixDisplay.aspx?drRegionalOffice=0&drMonth=3&drYear=2024 (POST form),Reserve Bank of India,2026-09-28
2024,3,8,2024-03-08,Dehradun,Mahashivratri (Maha vad-13)/Sivarathri,NI Act holiday,https://www.rbi.org.in/Scripts/HolidayMatrixDisplay.aspx?drRegionalOffice=0&drMonth=3&drYear=2024 (POST form),Reserve Bank of India,2026-09-28
2024,3,25,2024-03-25,Dehradun,Holi (Second Day) - Dhuleti/Dol Jatra/Dhulandi,NI Act holiday,https://www.rbi.org.in/Scripts/HolidayMatrixDisplay.aspx?drRegionalOffice=0&drMonth=3&drYear=2024 (POST form),Reserve Bank of India,2026-09-28
2024,3,29,2024-03-29,Dehradun,Good Friday,NI Act holiday,https://www.rbi.org.in/Scripts/HolidayMatrixDisplay.aspx?drRegionalOffice=0&drMonth=3&drYear=2024 (POST form),Reserve Bank of India,2026-09-28
2024,3,25,2024-03-25,Gangtok,Holi (Second Day) - Dhuleti/Dol Jatra/Dhulandi,NI Act holiday,https://www.rbi.org.in/Scripts/HolidayMatrixDisplay.aspx?drRegionalOffice=0&drMonth=3&drYear=2024 (POST form),Reserve Bank of India,2026-09-28
2024,3,29,2024-03-29,Gangtok,Good Friday,NI Act holiday,https://www.rbi.org.in/Scripts/HolidayMatrixDisplay.aspx?drRegionalOffice=0&drMonth=3&drYear=2024 (POST form),Reserve Bank of India,2026-09-28
2024,3,25,2024-03-25,Guwahati,Holi (Second Day) - Dhuleti/Dol Jatra/Dhulandi,NI Act holiday,https://www.rbi.org.in/Scripts/HolidayMatrixDisplay.aspx?drRegionalOffice=0&drMonth=3&drYear=2024 (POST form),Reserve Bank of India,2026-09-28
2024,3,8,2024-03-08,Hyderabad,Mahashivratri (Maha vad-13)/Sivarathri,NI Act holiday,https://www.rbi.org.in/Scripts/HolidayMatrixDisplay.aspx?drRegionalOffice=0&drMonth=3&drYear=2024 (POST form),Reserve Bank of India,2026-09-28
2024,3,25,2024-03-25,Hyderabad,Holi (Second Day) - Dhuleti/Dol Jatra/Dhulandi,NI Act holiday,https://www.rbi.org.in/Scripts/HolidayMatrixDisplay.aspx?drRegionalOffice=0&drMonth=3&drYear=2024 (POST form),Reserve Bank of India,2026-09-28
2024,3,29,2024-03-29,Hyderabad,Good Friday,NI Act holiday,https://www.rbi.org.in/Scripts/HolidayMatrixDisplay.aspx?drRegionalOffice=0&drMonth=3&drYear=2024 (POST form),Reserve Bank of India,2026-09-28
2024,3,26,2024-03-26,Imphal,Yaosang 2nd Day/Holi,NI Act holiday,https://www.rbi.org.in/Scripts/HolidayMatrixDisplay.aspx?drRegionalOffice=0&drMonth=3&drYear=2024 (POST form),Reserve Bank of India,2026-09-28
2024,3,29,2024-03-29,Imphal,Good Friday,NI Act holiday,https://www.rbi.org.in/Scripts/HolidayMatrixDisplay.aspx?drRegionalOffice=0&drMonth=3&drYear=2024 (POST form),Reserve Bank of India,2026-09-28
2024,3,25,2024-03-25,Itanagar,Holi (Second Day) - Dhuleti/Dol Jatra/Dhulandi,NI Act holiday,https://www.rbi.org.in/Scripts/HolidayMatrixDisplay.aspx?drRegionalOffice=0&drMonth=3&drYear=2024 (POST form),Reserve Bank of India,2026-09-28
2024,3,29,2024-03-29,Itanagar,Good Friday,NI Act holiday,https://www.rbi.org.in/Scripts/HolidayMatrixDisplay.aspx?drRegionalOffice=0&drMonth=3&drYear=2024 (POST form),Reserve Bank of India,2026-09-28
2024,3,25,2024-03-25,Jaipur,Holi (Second Day) - Dhuleti/Dol Jatra/Dhulandi,NI Act holiday,https://www.rbi.org.in/Scripts/HolidayMatrixDisplay.aspx?drRegionalOffice=0&drMonth=3&drYear=2024 (POST form),Reserve Bank of India,2026-09-28
2024,3,8,2024-03-08,Jammu,Mahashivratri (Maha vad-13)/Sivarathri,NI Act holiday,https://www.rbi.org.in/Scripts/HolidayMatrixDisplay.aspx?drRegionalOffice=0&drMonth=3&drYear=2024 (POST form),Reserve Bank of India,2026-09-28
2024,3,25,2024-03-25,Jammu,Holi (Second Day) - Dhuleti/Dol Jatra/Dhulandi,NI Act holiday,https://www.rbi.org.in/Scripts/HolidayMatrixDisplay.aspx?drRegionalOffice=0&drMonth=3&drYear=2024 (POST form),Reserve Bank of India,2026-09-28
2024,3,8,2024-03-08,Kanpur,Mahashivratri (Maha vad-13)/Sivarathri,NI Act holiday,https://www.rbi.org.in/Scripts/HolidayMatrixDisplay.aspx?drRegionalOffice=0&drMonth=3&drYear=2024 (POST form),Reserve Bank of India,2026-09-28
2024,3,25,2024-03-25,Kanpur,Holi (Second Day) - Dhuleti/Dol Jatra/Dhulandi,NI Act holiday,https://www.rbi.org.in/Scripts/HolidayMatrixDisplay.aspx?drRegionalOffice=0&drMonth=3&drYear=2024 (POST form),Reserve Bank of India,2026-09-28
2024,3,29,2024-03-29,Kanpur,Good Friday,NI Act holiday,https://www.rbi.org.in/Scripts/HolidayMatrixDisplay.aspx?drRegionalOffice=0&drMonth=3&drYear=2024 (POST form),Reserve Bank of India,2026-09-28
2024,3,8,2024-03-08,Kochi,Mahashivratri (Maha vad-13)/Sivarathri,NI Act holiday,https://www.rbi.org.in/Scripts/HolidayMatrixDisplay.aspx?drRegionalOffice=0&drMonth=3&drYear=2024 (POST form),Reserve Bank of India,2026-09-28
2024,3,29,2024-03-29,Kochi,Good Friday,NI Act holiday,https://www.rbi.org.in/Scripts/HolidayMatrixDisplay.aspx?drRegionalOffice=0&drMonth=3&drYear=2024 (POST form),Reserve Bank of India,2026-09-28
2024,3,29,2024-03-29,Kohima,Good Friday,NI Act holiday,https://www.rbi.org.in/Scripts/HolidayMatrixDisplay.aspx?drRegionalOffice=0&drMonth=3&drYear=2024 (POST form),Reserve Bank of India,2026-09-28
2024,3,25,2024-03-25,Kolkata,Holi (Second Day) - Dhuleti/Dol Jatra/Dhulandi,NI Act holiday,https://www.rbi.org.in/Scripts/HolidayMatrixDisplay.aspx?drRegionalOffice=0&drMonth=3&drYear=2024 (POST form),Reserve Bank of India,2026-09-28
2024,3,29,2024-03-29,Kolkata,Good Friday,NI Act holiday,https://www.rbi.org.in/Scripts/HolidayMatrixDisplay.aspx?drRegionalOffice=0&drMonth=3&drYear=2024 (POST form),Reserve Bank of India,2026-09-28
2024,3,8,2024-03-08,Lucknow,Mahashivratri (Maha vad-13)/Sivarathri,NI Act holiday,https://www.rbi.org.in/Scripts/HolidayMatrixDisplay.aspx?drRegionalOffice=0&drMonth=3&drYear=2024 (POST form),Reserve Bank of India,2026-09-28
2024,3,25,2024-03-25,Lucknow,Holi (Second Day) - Dhuleti/Dol Jatra/Dhulandi,NI Act holiday,https://www.rbi.org.in/Scripts/HolidayMatrixDisplay.aspx?drRegionalOffice=0&drMonth=3&drYear=2024 (POST form),Reserve Bank of India,2026-09-28
2024,3,29,2024-03-29,Lucknow,Good Friday,NI Act holiday,https://www.rbi.org.in/Scripts/HolidayMatrixDisplay.aspx?drRegionalOffice=0&drMonth=3&drYear=2024 (POST form),Reserve Bank of India,2026-09-28
2024,3,8,2024-03-08,Mumbai,Mahashivratri (Maha vad-13)/Sivarathri,NI Act holiday,https://www.rbi.org.in/Scripts/HolidayMatrixDisplay.aspx?drRegionalOffice=0&drMonth=3&drYear=2024 (POST form),Reserve Bank of India,2026-09-28
2024,3,25,2024-03-25,Mumbai,Holi (Second Day) - Dhuleti/Dol Jatra/Dhulandi,NI Act holiday,https://www.rbi.org.in/Scripts/HolidayMatrixDisplay.aspx?drRegionalOffice=0&drMonth=3&drYear=2024 (POST form),Reserve Bank of India,2026-09-28
2024,3,29,2024-03-29,Mumbai,Good Friday,NI Act holiday,https://www.rbi.org.in/Scripts/HolidayMatrixDisplay.aspx?drRegionalOffice=0&drMonth=3&drYear=2024 (POST form),Reserve Bank of India,2026-09-28
2024,3,8,2024-03-08,Nagpur,Mahashivratri (Maha vad-13)/Sivarathri,NI Act holiday,https://www.rbi.org.in/Scripts/HolidayMatrixDisplay.aspx?drRegionalOffice=0&drMonth=3&drYear=2024 (POST form),Reserve Bank of India,2026-09-28
2024,3,25,2024-03-25,Nagpur,Holi (Second Day) - Dhuleti/Dol Jatra/Dhulandi,NI Act holiday,https://www.rbi.org.in/Scripts/HolidayMatrixDisplay.aspx?drRegionalOffice=0&drMonth=3&drYear=2024 (POST form),Reserve Bank of India,2026-09-28
2024,3,29,2024-03-29,Nagpur,Good Friday,NI Act holiday,https://www.rbi.org.in/Scripts/HolidayMatrixDisplay.aspx?drRegionalOffice=0&drMonth=3&drYear=2024 (POST form),Reserve Bank of India,2026-09-28
2024,3,25,2024-03-25,New Delhi,Holi (Second Day) - Dhuleti/Dol Jatra/Dhulandi,NI Act holiday,https://www.rbi.org.in/Scripts/HolidayMatrixDisplay.aspx?drRegionalOffice=0&drMonth=3&drYear=2024 (POST form),Reserve Bank of India,2026-09-28
2024,3,29,2024-03-29,New Delhi,Good Friday,NI Act holiday,https://www.rbi.org.in/Scripts/HolidayMatrixDisplay.aspx?drRegionalOffice=0&drMonth=3&drYear=2024 (POST form),Reserve Bank of India,2026-09-28
2024,3,25,2024-03-25,Panaji,Holi (Second Day) - Dhuleti/Dol Jatra/Dhulandi,NI Act holiday,https://www.rbi.org.in/Scripts/HolidayMatrixDisplay.aspx?drRegionalOffice=0&drMonth=3&drYear=2024 (POST form),Reserve Bank of India,2026-09-28
2024,3,29,2024-03-29,Panaji,Good Friday,NI Act holiday,https://www.rbi.org.in/Scripts/HolidayMatrixDisplay.aspx?drRegionalOffice=0&drMonth=3&drYear=2024 (POST form),Reserve Bank of India,2026-09-28
2024,3,22,2024-03-22,Patna,Bihar Divas,NI Act holiday,https://www.rbi.org.in/Scripts/HolidayMatrixDisplay.aspx?drRegionalOffice=0&drMonth=3&drYear=2024 (POST form),Reserve Bank of India,2026-09-28
2024,3,26,2024-03-26,Patna,Yaosang 2nd Day/Holi,NI Act holiday,https://www.rbi.org.in/Scripts/HolidayMatrixDisplay.aspx?drRegionalOffice=0&drMonth=3&drYear=2024 (POST form),Reserve Bank of India,2026-09-28
2024,3,27,2024-03-27,Patna,Holi,NI Act holiday,https://www.rbi.org.in/Scripts/HolidayMatrixDisplay.aspx?drRegionalOffice=0&drMonth=3&drYear=2024 (POST form),Reserve Bank of India,2026-09-28
2024,3,29,2024-03-29,Patna,Good Friday,NI Act holiday,https://www.rbi.org.in/Scripts/HolidayMatrixDisplay.aspx?drRegionalOffice=0&drMonth=3&drYear=2024 (POST form),Reserve Bank of India,2026-09-28
2024,3,8,2024-03-08,Raipur,Mahashivratri (Maha vad-13)/Sivarathri,NI Act holiday,https://www.rbi.org.in/Scripts/HolidayMatrixDisplay.aspx?drRegionalOffice=0&drMonth=3&drYear=2024 (POST form),Reserve Bank of India,2026-09-28
2024,3,25,2024-03-25,Raipur,Holi (Second Day) - Dhuleti/Dol Jatra/Dhulandi,NI Act holiday,https://www.rbi.org.in/Scripts/HolidayMatrixDisplay.aspx?drRegionalOffice=0&drMonth=3&drYear=2024 (POST form),Reserve Bank of India,2026-09-28
2024,3,29,2024-03-29,Raipur,Good Friday,NI Act holiday,https://www.rbi.org.in/Scripts/HolidayMatrixDisplay.aspx?drRegionalOffice=0&drMonth=3&drYear=2024 (POST form),Reserve Bank of India,2026-09-28
2024,3,8,2024-03-08,Ranchi,Mahashivratri (Maha vad-13)/Sivarathri,NI Act holiday,https://www.rbi.org.in/Scripts/HolidayMatrixDisplay.aspx?drRegionalOffice=0&drMonth=3&drYear=2024 (POST form),Reserve Bank of India,2026-09-28
2024,3,25,2024-03-25,Ranchi,Holi (Second Day) - Dhuleti/Dol Jatra/Dhulandi,NI Act holiday,https://www.rbi.org.in/Scripts/HolidayMatrixDisplay.aspx?drRegionalOffice=0&drMonth=3&drYear=2024 (POST form),Reserve Bank of India,2026-09-28
2024,3,29,2024-03-29,Ranchi,Good Friday,NI Act holiday,https://www.rbi.org.in/Scripts/HolidayMatrixDisplay.aspx?drRegionalOffice=0&drMonth=3&drYear=2024 (POST form),Reserve Bank of India,2026-09-28
2024,3,25,2024-03-25,Shillong,Holi (Second Day) - Dhuleti/Dol Jatra/Dhulandi,NI Act holiday,https://www.rbi.org.in/Scripts/HolidayMatrixDisplay.aspx?drRegionalOffice=0&drMonth=3&drYear=2024 (POST form),Reserve Bank of India,2026-09-28
2024,3,29,2024-03-29,Shillong,Good Friday,NI Act holiday,https://www.rbi.org.in/Scripts/HolidayMatrixDisplay.aspx?drRegionalOffice=0&drMonth=3&drYear=2024 (POST form),Reserve Bank of India,2026-09-28
2024,3,8,2024-03-08,Shimla,Mahashivratri (Maha vad-13)/Sivarathri,NI Act holiday,https://www.rbi.org.in/Scripts/HolidayMatrixDisplay.aspx?drRegionalOffice=0&drMonth=3&drYear=2024 (POST form),Reserve Bank of India,2026-09-28
2024,3,25,2024-03-25,Shimla,Holi (Second Day) - Dhuleti/Dol Jatra/Dhulandi,NI Act holiday,https://www.rbi.org.in/Scripts/HolidayMatrixDisplay.aspx?drRegionalOffice=0&drMonth=3&drYear=2024 (POST form),Reserve Bank of India,2026-09-28
2024,3,8,2024-03-08,Srinagar,Mahashivratri (Maha vad-13)/Sivarathri,NI Act holiday,https://www.rbi.org.in/Scripts/HolidayMatrixDisplay.aspx?drRegionalOffice=0&drMonth=3&drYear=2024 (POST form),Reserve Bank of India,2026-09-28
2024,3,8,2024-03-08,Thiruvananthapuram,Mahashivratri (Maha vad-13)/Sivarathri,NI Act holiday,https://www.rbi.org.in/Scripts/HolidayMatrixDisplay.aspx?drRegionalOffice=0&drMonth=3&drYear=2024 (POST form),Reserve Bank of India,2026-09-28
2024,3,29,2024-03-29,Thiruvananthapuram,Good Friday,NI Act holiday,https://www.rbi.org.in/Scripts/HolidayMatrixDisplay.aspx?drRegionalOffice=0&drMonth=3&drYear=2024 (POST form),Reserve Bank of India,2026-09-28
2024,3,8,2024-03-08,Vijayawada,Mahashivratri (Maha vad-13)/Sivarathri,NI Act holiday,https://www.rbi.org.in/Scripts/HolidayMatrixDisplay.aspx?drRegionalOffice=0&drMonth=3&drYear=2024 (POST form),Reserve Bank of India,2026-09-28
2024,3,25,2024-03-25,Vijayawada,Holi (Second Day) - Dhuleti/Dol Jatra/Dhulandi,NI Act holiday,https://www.rbi.org.in/Scripts/HolidayMatrixDisplay.aspx?drRegionalOffice=0&drMonth=3&drYear=2024 (POST form),Reserve Bank of India,2026-09-28
2024,3,29,2024-03-29,Vijayawada,Good Friday,NI Act holiday,https://www.rbi.org.in/Scripts/HolidayMatrixDisplay.aspx?drRegionalOffice=0&drMonth=3&drYear=2024 (POST form),Reserve Bank of India,2026-09-28
2024,4,11,2024-04-11,Agartala,Ramzan-Id (Id-Ul-Fitr) (1st Shawaal),NI Act holiday,https://www.rbi.org.in/Scripts/HolidayMatrixDisplay.aspx?drRegionalOffice=0&drMonth=4&drYear=2024 (POST form),Reserve Bank of India,2026-09-28
2024,4,13,2024-04-13,Agartala,Bohag Bihu/Cheiraoba/Baisakhi/Biju Festival,NI Act holiday,https://www.rbi.org.in/Scripts/HolidayMatrixDisplay.aspx?drRegionalOffice=0&drMonth=4&drYear=2024 (POST form),Reserve Bank of India,2026-09-28
2024,4,19,2024-04-19,Agartala,"Lok Sabha General Elections 2024/Arunachal Pradesh Legislative Assembly Election 2024/Bye-Election to Tamil Nadu Legislative Assembly from Vilavancode Constituency, Kanniyakumari District",NI Act holiday,https://www.rbi.org.in/Scripts/HolidayMatrixDisplay.aspx?drRegionalOffice=0&drMonth=4&drYear=2024 (POST form),Reserve Bank of India,2026-09-28
2024,4,20,2024-04-20,Agartala,Garia Puja,NI Act holiday,https://www.rbi.org.in/Scripts/HolidayMatrixDisplay.aspx?drRegionalOffice=0&drMonth=4&drYear=2024 (POST form),Reserve Bank of India,2026-09-28
2024,4,11,2024-04-11,Ahmedabad,Ramzan-Id (Id-Ul-Fitr) (1st Shawaal),NI Act holiday,https://www.rbi.org.in/Scripts/HolidayMatrixDisplay.aspx?drRegionalOffice=0&drMonth=4&drYear=2024 (POST form),Reserve Bank of India,2026-09-28
2024,4,17,2024-04-17,Ahmedabad,Shree Ram Navami  (Chaite Dasain),NI Act holiday,https://www.rbi.org.in/Scripts/HolidayMatrixDisplay.aspx?drRegionalOffice=0&drMonth=4&drYear=2024 (POST form),Reserve Bank of India,2026-09-28
2024,4,11,2024-04-11,Aizawl,Ramzan-Id (Id-Ul-Fitr) (1st Shawaal),NI Act holiday,https://www.rbi.org.in/Scripts/HolidayMatrixDisplay.aspx?drRegionalOffice=0&drMonth=4&drYear=2024 (POST form),Reserve Bank of India,2026-09-28
2024,4,19,2024-04-19,Aizawl,"Lok Sabha General Elections 2024/Arunachal Pradesh Legislative Assembly Election 2024/Bye-Election to Tamil Nadu Legislative Assembly from Vilavancode Constituency, Kanniyakumari District",NI Act holiday,https://www.rbi.org.in/Scripts/HolidayMatrixDisplay.aspx?drRegionalOffice=0&drMonth=4&drYear=2024 (POST form),Reserve Bank of India,2026-09-28
2024,4,9,2024-04-09,Belapur,Gudhi Padwa/Ugadi Festival/Telugu New Year's Day/Sajibu Nongmapanba (Cheiraoba)/1st Navratra,NI Act holiday,https://www.rbi.org.in/Scripts/HolidayMatrixDisplay.aspx?drRegionalOffice=0&drMonth=4&drYear=2024 (POST form),Reserve Bank of India,2026-09-28
2024,4,11,2024-04-11,Belapur,Ramzan-Id (Id-Ul-Fitr) (1st Shawaal),NI Act holiday,https://www.rbi.org.in/Scripts/HolidayMatrixDisplay.aspx?drRegionalOffice=0&drMonth=4&drYear=2024 (POST form),Reserve Bank of India,2026-09-28
2024,4,17,2024-04-17,Belapur,Shree Ram Navami  (Chaite Dasain),NI Act holiday,https://www.rbi.org.in/Scripts/HolidayMatrixDisplay.aspx?drRegionalOffice=0&drMonth=4&drYear=2024 (POST form),Reserve Bank of India,2026-09-28
2024,4,9,2024-04-09,Bengaluru,Gudhi Padwa/Ugadi Festival/Telugu New Year's Day/Sajibu Nongmapanba (Cheiraoba)/1st Navratra,NI Act holiday,https://www.rbi.org.in/Scripts/HolidayMatrixDisplay.aspx?drRegionalOffice=0&drMonth=4&drYear=2024 (POST form),Reserve Bank of India,2026-09-28
2024,4,11,2024-04-11,Bengaluru,Ramzan-Id (Id-Ul-Fitr) (1st Shawaal),NI Act holiday,https://www.rbi.org.in/Scripts/HolidayMatrixDisplay.aspx?drRegionalOffice=0&drMonth=4&drYear=2024 (POST form),Reserve Bank of India,2026-09-28
2024,4,26,2024-04-26,Bengaluru,Lok Sabha General Elections 2024,NI Act holiday,https://www.rbi.org.in/Scripts/HolidayMatrixDisplay.aspx?drRegionalOffice=0&drMonth=4&drYear=2024 (POST form),Reserve Bank of India,2026-09-28
2024,4,11,2024-04-11,Bhopal,Ramzan-Id (Id-Ul-Fitr) (1st Shawaal),NI Act holiday,https://www.rbi.org.in/Scripts/HolidayMatrixDisplay.aspx?drRegionalOffice=0&drMonth=4&drYear=2024 (POST form),Reserve Bank of India,2026-09-28
2024,4,17,2024-04-17,Bhopal,Shree Ram Navami  (Chaite Dasain),NI Act holiday,https://www.rbi.org.in/Scripts/HolidayMatrixDisplay.aspx?drRegionalOffice=0&drMonth=4&drYear=2024 (POST form),Reserve Bank of India,2026-09-28
2024,4,11,2024-04-11,Bhubaneswar,Ramzan-Id (Id-Ul-Fitr) (1st Shawaal),NI Act holiday,https://www.rbi.org.in/Scripts/HolidayMatrixDisplay.aspx?drRegionalOffice=0&drMonth=4&drYear=2024 (POST form),Reserve Bank of India,2026-09-28
2024,4,17,2024-04-17,Bhubaneswar,Shree Ram Navami  (Chaite Dasain),NI Act holiday,https://www.rbi.org.in/Scripts/HolidayMatrixDisplay.aspx?drRegionalOffice=0&drMonth=4&drYear=2024 (POST form),Reserve Bank of India,2026-09-28
2024,4,11,2024-04-11,Chandigarh,Ramzan-Id (Id-Ul-Fitr) (1st Shawaal),NI Act holiday,https://www.rbi.org.in/Scripts/HolidayMatrixDisplay.aspx?drRegionalOffice=0&drMonth=4&drYear=2024 (POST form),Reserve Bank of India,2026-09-28
2024,4,17,2024-04-17,Chandigarh,Shree Ram Navami  (Chaite Dasain),NI Act holiday,https://www.rbi.org.in/Scripts/HolidayMatrixDisplay.aspx?drRegionalOffice=0&drMonth=4&drYear=2024 (POST form),Reserve Bank of India,2026-09-28
2024,4,9,2024-04-09,Chennai,Gudhi Padwa/Ugadi Festival/Telugu New Year's Day/Sajibu Nongmapanba (Cheiraoba)/1st Navratra,NI Act holiday,https://www.rbi.org.in/Scripts/HolidayMatrixDisplay.aspx?drRegionalOffice=0&drMonth=4&drYear=2024 (POST form),Reserve Bank of India,2026-09-28
2024,4,11,2024-04-11,Chennai,Ramzan-Id (Id-Ul-Fitr) (1st Shawaal),NI Act holiday,https://www.rbi.org.in/Scripts/HolidayMatrixDisplay.aspx?drRegionalOffice=0&drMonth=4&drYear=2024 (POST form),Reserve Bank of India,2026-09-28
2024,4,19,2024-04-19,Chennai,"Lok Sabha General Elections 2024/Arunachal Pradesh Legislative Assembly Election 2024/Bye-Election to Tamil Nadu Legislative Assembly from Vilavancode Constituency, Kanniyakumari District",NI Act holiday,https://www.rbi.org.in/Scripts/HolidayMatrixDisplay.aspx?drRegionalOffice=0&drMonth=4&drYear=2024 (POST form),Reserve Bank of India,2026-09-28
2024,4,11,2024-04-11,Dehradun,Ramzan-Id (Id-Ul-Fitr) (1st Shawaal),NI Act holiday,https://www.rbi.org.in/Scripts/HolidayMatrixDisplay.aspx?drRegionalOffice=0&drMonth=4&drYear=2024 (POST form),Reserve Bank of India,2026-09-28
2024,4,17,2024-04-17,Dehradun,Shree Ram Navami  (Chaite Dasain),NI Act holiday,https://www.rbi.org.in/Scripts/HolidayMatrixDisplay.aspx?drRegionalOffice=0&drMonth=4&drYear=2024 (POST form),Reserve Bank of India,2026-09-28
2024,4,19,2024-04-19,Dehradun,"Lok Sabha General Elections 2024/Arunachal Pradesh Legislative Assembly Election 2024/Bye-Election to Tamil Nadu Legislative Assembly from Vilavancode Constituency, Kanniyakumari District",NI Act holiday,https://www.rbi.org.in/Scripts/HolidayMatrixDisplay.aspx?drRegionalOffice=0&drMonth=4&drYear=2024 (POST form),Reserve Bank of India,2026-09-28
2024,4,17,2024-04-17,Gangtok,Shree Ram Navami  (Chaite Dasain),NI Act holiday,https://www.rbi.org.in/Scripts/HolidayMatrixDisplay.aspx?drRegionalOffice=0&drMonth=4&drYear=2024 (POST form),Reserve Bank of India,2026-09-28
2024,4,11,2024-04-11,Guwahati,Ramzan-Id (Id-Ul-Fitr) (1st Shawaal),NI Act holiday,https://www.rbi.org.in/Scripts/HolidayMatrixDisplay.aspx?drRegionalOffice=0&drMonth=4&drYear=2024 (POST form),Reserve Bank of India,2026-09-28
2024,4,13,2024-04-13,Guwahati,Bohag Bihu/Cheiraoba/Baisakhi/Biju Festival,NI Act holiday,https://www.rbi.org.in/Scripts/HolidayMatrixDisplay.aspx?drRegionalOffice=0&drMonth=4&drYear=2024 (POST form),Reserve Bank of India,2026-09-28
2024,4,15,2024-04-15,Guwahati,Bohag Bihu/Himachal Day/Shad Suk Mynsiem,NI Act holiday,https://www.rbi.org.in/Scripts/HolidayMatrixDisplay.aspx?drRegionalOffice=0&drMonth=4&drYear=2024 (POST form),Reserve Bank of India,2026-09-28
2024,4,5,2024-04-05,Hyderabad,Babu Jagjivan Ram’s Birthday/Jumat-ul-Vida,NI Act holiday,https://www.rbi.org.in/Scripts/HolidayMatrixDisplay.aspx?drRegionalOffice=0&drMonth=4&drYear=2024 (POST form),Reserve Bank of India,2026-09-28
2024,4,9,2024-04-09,Hyderabad,Gudhi Padwa/Ugadi Festival/Telugu New Year's Day/Sajibu Nongmapanba (Cheiraoba)/1st Navratra,NI Act holiday,https://www.rbi.org.in/Scripts/HolidayMatrixDisplay.aspx?drRegionalOffice=0&drMonth=4&drYear=2024 (POST form),Reserve Bank of India,2026-09-28
2024,4,11,2024-04-11,Hyderabad,Ramzan-Id (Id-Ul-Fitr) (1st Shawaal),NI Act holiday,https://www.rbi.org.in/Scripts/HolidayMatrixDisplay.aspx?drRegionalOffice=0&drMonth=4&drYear=2024 (POST form),Reserve Bank of India,2026-09-28
2024,4,17,2024-04-17,Hyderabad,Shree Ram Navami  (Chaite Dasain),NI Act holiday,https://www.rbi.org.in/Scripts/HolidayMatrixDisplay.aspx?drRegionalOffice=0&drMonth=4&drYear=2024 (POST form),Reserve Bank of India,2026-09-28
2024,4,9,2024-04-09,Imphal,Gudhi Padwa/Ugadi Festival/Telugu New Year's Day/Sajibu Nongmapanba (Cheiraoba)/1st Navratra,NI Act holiday,https://www.rbi.org.in/Scripts/HolidayMatrixDisplay.aspx?drRegionalOffice=0&drMonth=4&drYear=2024 (POST form),Reserve Bank of India,2026-09-28
2024,4,11,2024-04-11,Imphal,Ramzan-Id (Id-Ul-Fitr) (1st Shawaal),NI Act holiday,https://www.rbi.org.in/Scripts/HolidayMatrixDisplay.aspx?drRegionalOffice=0&drMonth=4&drYear=2024 (POST form),Reserve Bank of India,2026-09-28
2024,4,13,2024-04-13,Imphal,Bohag Bihu/Cheiraoba/Baisakhi/Biju Festival,NI Act holiday,https://www.rbi.org.in/Scripts/HolidayMatrixDisplay.aspx?drRegionalOffice=0&drMonth=4&drYear=2024 (POST form),Reserve Bank of India,2026-09-28
2024,4,19,2024-04-19,Imphal,"Lok Sabha General Elections 2024/Arunachal Pradesh Legislative Assembly Election 2024/Bye-Election to Tamil Nadu Legislative Assembly from Vilavancode Constituency, Kanniyakumari District",NI Act holiday,https://www.rbi.org.in/Scripts/HolidayMatrixDisplay.aspx?drRegionalOffice=0&drMonth=4&drYear=2024 (POST form),Reserve Bank of India,2026-09-28
2024,4,11,2024-04-11,Itanagar,Ramzan-Id (Id-Ul-Fitr) (1st Shawaal),NI Act holiday,https://www.rbi.org.in/Scripts/HolidayMatrixDisplay.aspx?drRegionalOffice=0&drMonth=4&drYear=2024 (POST form),Reserve Bank of India,2026-09-28
2024,4,19,2024-04-19,Itanagar,"Lok Sabha General Elections 2024/Arunachal Pradesh Legislative Assembly Election 2024/Bye-Election to Tamil Nadu Legislative Assembly from Vilavancode Constituency, Kanniyakumari District",NI Act holiday,https://www.rbi.org.in/Scripts/HolidayMatrixDisplay.aspx?drRegionalOffice=0&drMonth=4&drYear=2024 (POST form),Reserve Bank of India,2026-09-28
2024,4,11,2024-04-11,Jaipur,Ramzan-Id (Id-Ul-Fitr) (1st Shawaal),NI Act holiday,https://www.rbi.org.in/Scripts/HolidayMatrixDisplay.aspx?drRegionalOffice=0&drMonth=4&drYear=2024 (POST form),Reserve Bank of India,2026-09-28
2024,4,17,2024-04-17,Jaipur,Shree Ram Navami  (Chaite Dasain),NI Act holiday,https://www.rbi.org.in/Scripts/HolidayMatrixDisplay.aspx?drRegionalOffice=0&drMonth=4&drYear=2024 (POST form),Reserve Bank of India,2026-09-28
2024,4,19,2024-04-19,Jaipur,"Lok Sabha General Elections 2024/Arunachal Pradesh Legislative Assembly Election 2024/Bye-Election to Tamil Nadu Legislative Assembly from Vilavancode Constituency, Kanniyakumari District",NI Act holiday,https://www.rbi.org.in/Scripts/HolidayMatrixDisplay.aspx?drRegionalOffice=0&drMonth=4&drYear=2024 (POST form),Reserve Bank of India,2026-09-28
2024,4,5,2024-04-05,Jammu,Babu Jagjivan Ram’s Birthday/Jumat-ul-Vida,NI Act holiday,https://www.rbi.org.in/Scripts/HolidayMatrixDisplay.aspx?drRegionalOffice=0&drMonth=4&drYear=2024 (POST form),Reserve Bank of India,2026-09-28
2024,4,9,2024-04-09,Jammu,Gudhi Padwa/Ugadi Festival/Telugu New Year's Day/Sajibu Nongmapanba (Cheiraoba)/1st Navratra,NI Act holiday,https://www.rbi.org.in/Scripts/HolidayMatrixDisplay.aspx?drRegionalOffice=0&drMonth=4&drYear=2024 (POST form),Reserve Bank of India,2026-09-28
2024,4,11,2024-04-11,Jammu,Ramzan-Id (Id-Ul-Fitr) (1st Shawaal),NI Act holiday,https://www.rbi.org.in/Scripts/HolidayMatrixDisplay.aspx?drRegionalOffice=0&drMonth=4&drYear=2024 (POST form),Reserve Bank of India,2026-09-28
2024,4,13,2024-04-13,Jammu,Bohag Bihu/Cheiraoba/Baisakhi/Biju Festival,NI Act holiday,https://www.rbi.org.in/Scripts/HolidayMatrixDisplay.aspx?drRegionalOffice=0&drMonth=4&drYear=2024 (POST form),Reserve Bank of India,2026-09-28
2024,4,26,2024-04-26,Jammu,Lok Sabha General Elections 2024,NI Act holiday,https://www.rbi.org.in/Scripts/HolidayMatrixDisplay.aspx?drRegionalOffice=0&drMonth=4&drYear=2024 (POST form),Reserve Bank of India,2026-09-28
2024,4,11,2024-04-11,Kanpur,Ramzan-Id (Id-Ul-Fitr) (1st Shawaal),NI Act holiday,https://www.rbi.org.in/Scripts/HolidayMatrixDisplay.aspx?drRegionalOffice=0&drMonth=4&drYear=2024 (POST form),Reserve Bank of India,2026-09-28
2024,4,17,2024-04-17,Kanpur,Shree Ram Navami  (Chaite Dasain),NI Act holiday,https://www.rbi.org.in/Scripts/HolidayMatrixDisplay.aspx?drRegionalOffice=0&drMonth=4&drYear=2024 (POST form),Reserve Bank of India,2026-09-28
2024,4,10,2024-04-10,Kochi,Ramzan-Id (Id-Ul-Fitr),NI Act holiday,https://www.rbi.org.in/Scripts/HolidayMatrixDisplay.aspx?drRegionalOffice=0&drMonth=4&drYear=2024 (POST form),Reserve Bank of India,2026-09-28
2024,4,26,2024-04-26,Kochi,Lok Sabha General Elections 2024,NI Act holiday,https://www.rbi.org.in/Scripts/HolidayMatrixDisplay.aspx?drRegionalOffice=0&drMonth=4&drYear=2024 (POST form),Reserve Bank of India,2026-09-28
2024,4,11,2024-04-11,Kohima,Ramzan-Id (Id-Ul-Fitr) (1st Shawaal),NI Act holiday,https://www.rbi.org.in/Scripts/HolidayMatrixDisplay.aspx?drRegionalOffice=0&drMonth=4&drYear=2024 (POST form),Reserve Bank of India,2026-09-28
2024,4,19,2024-04-19,Kohima,"Lok Sabha General Elections 2024/Arunachal Pradesh Legislative Assembly Election 2024/Bye-Election to Tamil Nadu Legislative Assembly from Vilavancode Constituency, Kanniyakumari District",NI Act holiday,https://www.rbi.org.in/Scripts/HolidayMatrixDisplay.aspx?drRegionalOffice=0&drMonth=4&drYear=2024 (POST form),Reserve Bank of India,2026-09-28
2024,4,11,2024-04-11,Kolkata,Ramzan-Id (Id-Ul-Fitr) (1st Shawaal),NI Act holiday,https://www.rbi.org.in/Scripts/HolidayMatrixDisplay.aspx?drRegionalOffice=0&drMonth=4&drYear=2024 (POST form),Reserve Bank of India,2026-09-28
2024,4,11,2024-04-11,Lucknow,Ramzan-Id (Id-Ul-Fitr) (1st Shawaal),NI Act holiday,https://www.rbi.org.in/Scripts/HolidayMatrixDisplay.aspx?drRegionalOffice=0&drMonth=4&drYear=2024 (POST form),Reserve Bank of India,2026-09-28
2024,4,17,2024-04-17,Lucknow,Shree Ram Navami  (Chaite Dasain),NI Act holiday,https://www.rbi.org.in/Scripts/HolidayMatrixDisplay.aspx?drRegionalOffice=0&drMonth=4&drYear=2024 (POST form),Reserve Bank of India,2026-09-28
2024,4,9,2024-04-09,Mumbai,Gudhi Padwa/Ugadi Festival/Telugu New Year's Day/Sajibu Nongmapanba (Cheiraoba)/1st Navratra,NI Act holiday,https://www.rbi.org.in/Scripts/HolidayMatrixDisplay.aspx?drRegionalOffice=0&drMonth=4&drYear=2024 (POST form),Reserve Bank of India,2026-09-28
2024,4,11,2024-04-11,Mumbai,Ramzan-Id (Id-Ul-Fitr) (1st Shawaal),NI Act holiday,https://www.rbi.org.in/Scripts/HolidayMatrixDisplay.aspx?drRegionalOffice=0&drMonth=4&drYear=2024 (POST form),Reserve Bank of India,2026-09-28
2024,4,17,2024-04-17,Mumbai,Shree Ram Navami  (Chaite Dasain),NI Act holiday,https://www.rbi.org.in/Scripts/HolidayMatrixDisplay.aspx?drRegionalOffice=0&drMonth=4&drYear=2024 (POST form),Reserve Bank of India,2026-09-28
2024,4,9,2024-04-09,Nagpur,Gudhi Padwa/Ugadi Festival/Telugu New Year's Day/Sajibu Nongmapanba (Cheiraoba)/1st Navratra,NI Act holiday,https://www.rbi.org.in/Scripts/HolidayMatrixDisplay.aspx?drRegionalOffice=0&drMonth=4&drYear=2024 (POST form),Reserve Bank of India,2026-09-28
2024,4,11,2024-04-11,Nagpur,Ramzan-Id (Id-Ul-Fitr) (1st Shawaal),NI Act holiday,https://www.rbi.org.in/Scripts/HolidayMatrixDisplay.aspx?drRegionalOffice=0&drMonth=4&drYear=2024 (POST form),Reserve Bank of India,2026-09-28
2024,4,17,2024-04-17,Nagpur,Shree Ram Navami  (Chaite Dasain),NI Act holiday,https://www.rbi.org.in/Scripts/HolidayMatrixDisplay.aspx?drRegionalOffice=0&drMonth=4&drYear=2024 (POST form),Reserve Bank of India,2026-09-28
2024,4,19,2024-04-19,Nagpur,"Lok Sabha General Elections 2024/Arunachal Pradesh Legislative Assembly Election 2024/Bye-Election to Tamil Nadu Legislative Assembly from Vilavancode Constituency, Kanniyakumari District",NI Act holiday,https://www.rbi.org.in/Scripts/HolidayMatrixDisplay.aspx?drRegionalOffice=0&drMonth=4&drYear=2024 (POST form),Reserve Bank of India,2026-09-28
2024,4,11,2024-04-11,New Delhi,Ramzan-Id (Id-Ul-Fitr) (1st Shawaal),NI Act holiday,https://www.rbi.org.in/Scripts/HolidayMatrixDisplay.aspx?drRegionalOffice=0&drMonth=4&drYear=2024 (POST form),Reserve Bank of India,2026-09-28
2024,4,9,2024-04-09,Panaji,Gudhi Padwa/Ugadi Festival/Telugu New Year's Day/Sajibu Nongmapanba (Cheiraoba)/1st Navratra,NI Act holiday,https://www.rbi.org.in/Scripts/HolidayMatrixDisplay.aspx?drRegionalOffice=0&drMonth=4&drYear=2024 (POST form),Reserve Bank of India,2026-09-28
2024,4,11,2024-04-11,Panaji,Ramzan-Id (Id-Ul-Fitr) (1st Shawaal),NI Act holiday,https://www.rbi.org.in/Scripts/HolidayMatrixDisplay.aspx?drRegionalOffice=0&drMonth=4&drYear=2024 (POST form),Reserve Bank of India,2026-09-28
2024,4,11,2024-04-11,Patna,Ramzan-Id (Id-Ul-Fitr) (1st Shawaal),NI Act holiday,https://www.rbi.org.in/Scripts/HolidayMatrixDisplay.aspx?drRegionalOffice=0&drMonth=4&drYear=2024 (POST form),Reserve Bank of India,2026-09-28
2024,4,17,2024-04-17,Patna,Shree Ram Navami  (Chaite Dasain),NI Act holiday,https://www.rbi.org.in/Scripts/HolidayMatrixDisplay.aspx?drRegionalOffice=0&drMonth=4&drYear=2024 (POST form),Reserve Bank of India,2026-09-28
2024,4,11,2024-04-11,Raipur,Ramzan-Id (Id-Ul-Fitr) (1st Shawaal),NI Act holiday,https://www.rbi.org.in/Scripts/HolidayMatrixDisplay.aspx?drRegionalOffice=0&drMonth=4&drYear=2024 (POST form),Reserve Bank of India,2026-09-28
2024,4,17,2024-04-17,Raipur,Shree Ram Navami  (Chaite Dasain),NI Act holiday,https://www.rbi.org.in/Scripts/HolidayMatrixDisplay.aspx?drRegionalOffice=0&drMonth=4&drYear=2024 (POST form),Reserve Bank of India,2026-09-28
2024,4,11,2024-04-11,Ranchi,Ramzan-Id (Id-Ul-Fitr) (1st Shawaal),NI Act holiday,https://www.rbi.org.in/Scripts/HolidayMatrixDisplay.aspx?drRegionalOffice=0&drMonth=4&drYear=2024 (POST form),Reserve Bank of India,2026-09-28
2024,4,17,2024-04-17,Ranchi,Shree Ram Navami  (Chaite Dasain),NI Act holiday,https://www.rbi.org.in/Scripts/HolidayMatrixDisplay.aspx?drRegionalOffice=0&drMonth=4&drYear=2024 (POST form),Reserve Bank of India,2026-09-28
2024,4,11,2024-04-11,Shillong,Ramzan-Id (Id-Ul-Fitr) (1st Shawaal),NI Act holiday,https://www.rbi.org.in/Scripts/HolidayMatrixDisplay.aspx?drRegionalOffice=0&drMonth=4&drYear=2024 (POST form),Reserve Bank of India,2026-09-28
2024,4,15,2024-04-15,Shillong,Bohag Bihu/Himachal Day/Shad Suk Mynsiem,NI Act holiday,https://www.rbi.org.in/Scripts/HolidayMatrixDisplay.aspx?drRegionalOffice=0&drMonth=4&drYear=2024 (POST form),Reserve Bank of India,2026-09-28
2024,4,19,2024-04-19,Shillong,"Lok Sabha General Elections 2024/Arunachal Pradesh Legislative Assembly Election 2024/Bye-Election to Tamil Nadu Legislative Assembly from Vilavancode Constituency, Kanniyakumari District",NI Act holiday,https://www.rbi.org.in/Scripts/HolidayMatrixDisplay.aspx?drRegionalOffice=0&drMonth=4&drYear=2024 (POST form),Reserve Bank of India,2026-09-28
2024,4,15,2024-04-15,Shimla,Bohag Bihu/Himachal Day/Shad Suk Mynsiem,NI Act holiday,https://www.rbi.org.in/Scripts/HolidayMatrixDisplay.aspx?drRegionalOffice=0&drMonth=4&drYear=2024 (POST form),Reserve Bank of India,2026-09-28
2024,4,17,2024-04-17,Shimla,Shree Ram Navami  (Chaite Dasain),NI Act holiday,https://www.rbi.org.in/Scripts/HolidayMatrixDisplay.aspx?drRegionalOffice=0&drMonth=4&drYear=2024 (POST form),Reserve Bank of India,2026-09-28
2024,4,5,2024-04-05,Srinagar,Babu Jagjivan Ram’s Birthday/Jumat-ul-Vida,NI Act holiday,https://www.rbi.org.in/Scripts/HolidayMatrixDisplay.aspx?drRegionalOffice=0&drMonth=4&drYear=2024 (POST form),Reserve Bank of India,2026-09-28
2024,4,9,2024-04-09,Srinagar,Gudhi Padwa/Ugadi Festival/Telugu New Year's Day/Sajibu Nongmapanba (Cheiraoba)/1st Navratra,NI Act holiday,https://www.rbi.org.in/Scripts/HolidayMatrixDisplay.aspx?drRegionalOffice=0&drMonth=4&drYear=2024 (POST form),Reserve Bank of India,2026-09-28
2024,4,11,2024-04-11,Srinagar,Ramzan-Id (Id-Ul-Fitr) (1st Shawaal),NI Act holiday,https://www.rbi.org.in/Scripts/HolidayMatrixDisplay.aspx?drRegionalOffice=0&drMonth=4&drYear=2024 (POST form),Reserve Bank of India,2026-09-28
2024,4,13,2024-04-13,Srinagar,Bohag Bihu/Cheiraoba/Baisakhi/Biju Festival,NI Act holiday,https://www.rbi.org.in/Scripts/HolidayMatrixDisplay.aspx?drRegionalOffice=0&drMonth=4&drYear=2024 (POST form),Reserve Bank of India,2026-09-28
2024,4,10,2024-04-10,Thiruvananthapuram,Ramzan-Id (Id-Ul-Fitr),NI Act holiday,https://www.rbi.org.in/Scripts/HolidayMatrixDisplay.aspx?drRegionalOffice=0&drMonth=4&drYear=2024 (POST form),Reserve Bank of India,2026-09-28
2024,4,26,2024-04-26,Thiruvananthapuram,Lok Sabha General Elections 2024,NI Act holiday,https://www.rbi.org.in/Scripts/HolidayMatrixDisplay.aspx?drRegionalOffice=0&drMonth=4&drYear=2024 (POST form),Reserve Bank of India,2026-09-28
2024,4,9,2024-04-09,Vijayawada,Gudhi Padwa/Ugadi Festival/Telugu New Year's Day/Sajibu Nongmapanba (Cheiraoba)/1st Navratra,NI Act holiday,https://www.rbi.org.in/Scripts/HolidayMatrixDisplay.aspx?drRegionalOffice=0&drMonth=4&drYear=2024 (POST form),Reserve Bank of India,2026-09-28
2024,4,11,2024-04-11,Vijayawada,Ramzan-Id (Id-Ul-Fitr) (1st Shawaal),NI Act holiday,https://www.rbi.org.in/Scripts/HolidayMatrixDisplay.aspx?drRegionalOffice=0&drMonth=4&drYear=2024 (POST form),Reserve Bank of India,2026-09-28
2024,4,17,2024-04-17,Vijayawada,Shree Ram Navami  (Chaite Dasain),NI Act holiday,https://www.rbi.org.in/Scripts/HolidayMatrixDisplay.aspx?drRegionalOffice=0&drMonth=4&drYear=2024 (POST form),Reserve Bank of India,2026-09-28
2024,5,23,2024-05-23,Agartala,Buddha Pournima,NI Act holiday,https://www.rbi.org.in/Scripts/HolidayMatrixDisplay.aspx?drRegionalOffice=0&drMonth=5&drYear=2024 (POST form),Reserve Bank of India,2026-09-28
2024,5,25,2024-05-25,Agartala,Nazrul Jayanti/Lok Sabha General Elections 2024,NI Act holiday,https://www.rbi.org.in/Scripts/HolidayMatrixDisplay.aspx?drRegionalOffice=0&drMonth=5&drYear=2024 (POST form),Reserve Bank of India,2026-09-28
2024,5,7,2024-05-07,Ahmedabad,Lok Sabha General Elections 2024,NI Act holiday,https://www.rbi.org.in/Scripts/HolidayMatrixDisplay.aspx?drRegionalOffice=0&drMonth=5&drYear=2024 (POST form),Reserve Bank of India,2026-09-28
2024,5,23,2024-05-23,Aizawl,Buddha Pournima,NI Act holiday,https://www.rbi.org.in/Scripts/HolidayMatrixDisplay.aspx?drRegionalOffice=0&drMonth=5&drYear=2024 (POST form),Reserve Bank of India,2026-09-28
2024,5,1,2024-05-01,Belapur,Maharashtra Din/May Day (Labour Day),NI Act holiday,https://www.rbi.org.in/Scripts/HolidayMatrixDisplay.aspx?drRegionalOffice=0&drMonth=5&drYear=2024 (POST form),Reserve Bank of India,2026-09-28
2024,5,20,2024-05-20,Belapur,Lok Sabha General Elections 2024,NI Act holiday,https://www.rbi.org.in/Scripts/HolidayMatrixDisplay.aspx?drRegionalOffice=0&drMonth=5&drYear=2024 (POST form),Reserve Bank of India,2026-09-28
2024,5,23,2024-05-23,Belapur,Buddha Pournima,NI Act holiday,https://www.rbi.org.in/Scripts/HolidayMatrixDisplay.aspx?drRegionalOffice=0&drMonth=5&drYear=2024 (POST form),Reserve Bank of India,2026-09-28
2024,5,1,2024-05-01,Bengaluru,Maharashtra Din/May Day (Labour Day),NI Act holiday,https://www.rbi.org.in/Scripts/HolidayMatrixDisplay.aspx?drRegionalOffice=0&drMonth=5&drYear=2024 (POST form),Reserve Bank of India,2026-09-28
2024,5,10,2024-05-10,Bengaluru,Basava Jayanti/Akshaya Tritiya,NI Act holiday,https://www.rbi.org.in/Scripts/HolidayMatrixDisplay.aspx?drRegionalOffice=0&drMonth=5&drYear=2024 (POST form),Reserve Bank of India,2026-09-28
2024,5,7,2024-05-07,Bhopal,Lok Sabha General Elections 2024,NI Act holiday,https://www.rbi.org.in/Scripts/HolidayMatrixDisplay.aspx?drRegionalOffice=0&drMonth=5&drYear=2024 (POST form),Reserve Bank of India,2026-09-28
2024,5,23,2024-05-23,Bhopal,Buddha Pournima,NI Act holiday,https://www.rbi.org.in/Scripts/HolidayMatrixDisplay.aspx?drRegionalOffice=0&drMonth=5&drYear=2024 (POST form),Reserve Bank of India,2026-09-28
2024,5,25,2024-05-25,Bhubaneswar,Nazrul Jayanti/Lok Sabha General Elections 2024,NI Act holiday,https://www.rbi.org.in/Scripts/HolidayMatrixDisplay.aspx?drRegionalOffice=0&drMonth=5&drYear=2024 (POST form),Reserve Bank of India,2026-09-28
2024,5,23,2024-05-23,Chandigarh,Buddha Pournima,NI Act holiday,https://www.rbi.org.in/Scripts/HolidayMatrixDisplay.aspx?drRegionalOffice=0&drMonth=5&drYear=2024 (POST form),Reserve Bank of India,2026-09-28
2024,5,1,2024-05-01,Chennai,Maharashtra Din/May Day (Labour Day),NI Act holiday,https://www.rbi.org.in/Scripts/HolidayMatrixDisplay.aspx?drRegionalOffice=0&drMonth=5&drYear=2024 (POST form),Reserve Bank of India,2026-09-28
2024,5,23,2024-05-23,Dehradun,Buddha Pournima,NI Act holiday,https://www.rbi.org.in/Scripts/HolidayMatrixDisplay.aspx?drRegionalOffice=0&drMonth=5&drYear=2024 (POST form),Reserve Bank of India,2026-09-28
2024,5,16,2024-05-16,Gangtok,State  Day,NI Act holiday,https://www.rbi.org.in/Scripts/HolidayMatrixDisplay.aspx?drRegionalOffice=0&drMonth=5&drYear=2024 (POST form),Reserve Bank of India,2026-09-28
2024,5,1,2024-05-01,Guwahati,Maharashtra Din/May Day (Labour Day),NI Act holiday,https://www.rbi.org.in/Scripts/HolidayMatrixDisplay.aspx?drRegionalOffice=0&drMonth=5&drYear=2024 (POST form),Reserve Bank of India,2026-09-28
2024,5,1,2024-05-01,Hyderabad,Maharashtra Din/May Day (Labour Day),NI Act holiday,https://www.rbi.org.in/Scripts/HolidayMatrixDisplay.aspx?drRegionalOffice=0&drMonth=5&drYear=2024 (POST form),Reserve Bank of India,2026-09-28
2024,5,13,2024-05-13,Hyderabad,Lok Sabha General Elections 2024,NI Act holiday,https://www.rbi.org.in/Scripts/HolidayMatrixDisplay.aspx?drRegionalOffice=0&drMonth=5&drYear=2024 (POST form),Reserve Bank of India,2026-09-28
2024,5,1,2024-05-01,Imphal,Maharashtra Din/May Day (Labour Day),NI Act holiday,https://www.rbi.org.in/Scripts/HolidayMatrixDisplay.aspx?drRegionalOffice=0&drMonth=5&drYear=2024 (POST form),Reserve Bank of India,2026-09-28
2024,5,30,2024-05-30,Imphal,Incessant rains due to the effect of Cyclone Remal and subsequent flood,NI Act holiday,https://www.rbi.org.in/Scripts/HolidayMatrixDisplay.aspx?drRegionalOffice=0&drMonth=5&drYear=2024 (POST form),Reserve Bank of India,2026-09-28
2024,5,31,2024-05-31,Imphal,Incessant rains due to the effect of Cyclone Remal and subsequent flood,NI Act holiday,https://www.rbi.org.in/Scripts/HolidayMatrixDisplay.aspx?drRegionalOffice=0&drMonth=5&drYear=2024 (POST form),Reserve Bank of India,2026-09-28
2024,5,23,2024-05-23,Itanagar,Buddha Pournima,NI Act holiday,https://www.rbi.org.in/Scripts/HolidayMatrixDisplay.aspx?drRegionalOffice=0&drMonth=5&drYear=2024 (POST form),Reserve Bank of India,2026-09-28
2024,5,23,2024-05-23,Jammu,Buddha Pournima,NI Act holiday,https://www.rbi.org.in/Scripts/HolidayMatrixDisplay.aspx?drRegionalOffice=0&drMonth=5&drYear=2024 (POST form),Reserve Bank of India,2026-09-28
2024,5,13,2024-05-13,Kanpur,Lok Sabha General Elections 2024,NI Act holiday,https://www.rbi.org.in/Scripts/HolidayMatrixDisplay.aspx?drRegionalOffice=0&drMonth=5&drYear=2024 (POST form),Reserve Bank of India,2026-09-28
2024,5,23,2024-05-23,Kanpur,Buddha Pournima,NI Act holiday,https://www.rbi.org.in/Scripts/HolidayMatrixDisplay.aspx?drRegionalOffice=0&drMonth=5&drYear=2024 (POST form),Reserve Bank of India,2026-09-28
2024,5,1,2024-05-01,Kochi,Maharashtra Din/May Day (Labour Day),NI Act holiday,https://www.rbi.org.in/Scripts/HolidayMatrixDisplay.aspx?drRegionalOffice=0&drMonth=5&drYear=2024 (POST form),Reserve Bank of India,2026-09-28
2024,5,1,2024-05-01,Kolkata,Maharashtra Din/May Day (Labour Day),NI Act holiday,https://www.rbi.org.in/Scripts/HolidayMatrixDisplay.aspx?drRegionalOffice=0&drMonth=5&drYear=2024 (POST form),Reserve Bank of India,2026-09-28
2024,5,8,2024-05-08,Kolkata,Birthday of Rabindranath Tagore,NI Act holiday,https://www.rbi.org.in/Scripts/HolidayMatrixDisplay.aspx?drRegionalOffice=0&drMonth=5&drYear=2024 (POST form),Reserve Bank of India,2026-09-28
2024,5,23,2024-05-23,Kolkata,Buddha Pournima,NI Act holiday,https://www.rbi.org.in/Scripts/HolidayMatrixDisplay.aspx?drRegionalOffice=0&drMonth=5&drYear=2024 (POST form),Reserve Bank of India,2026-09-28
2024,5,20,2024-05-20,Lucknow,Lok Sabha General Elections 2024,NI Act holiday,https://www.rbi.org.in/Scripts/HolidayMatrixDisplay.aspx?drRegionalOffice=0&drMonth=5&drYear=2024 (POST form),Reserve Bank of India,2026-09-28
2024,5,23,2024-05-23,Lucknow,Buddha Pournima,NI Act holiday,https://www.rbi.org.in/Scripts/HolidayMatrixDisplay.aspx?drRegionalOffice=0&drMonth=5&drYear=2024 (POST form),Reserve Bank of India,2026-09-28
2024,5,1,2024-05-01,Mumbai,Maharashtra Din/May Day (Labour Day),NI Act holiday,https://www.rbi.org.in/Scripts/HolidayMatrixDisplay.aspx?drRegionalOffice=0&drMonth=5&drYear=2024 (POST form),Reserve Bank of India,2026-09-28
2024,5,20,2024-05-20,Mumbai,Lok Sabha General Elections 2024,NI Act holiday,https://www.rbi.org.in/Scripts/HolidayMatrixDisplay.aspx?drRegionalOffice=0&drMonth=5&drYear=2024 (POST form),Reserve Bank of India,2026-09-28
2024,5,23,2024-05-23,Mumbai,Buddha Pournima,NI Act holiday,https://www.rbi.org.in/Scripts/HolidayMatrixDisplay.aspx?drRegionalOffice=0&drMonth=5&drYear=2024 (POST form),Reserve Bank of India,2026-09-28
2024,5,1,2024-05-01,Nagpur,Maharashtra Din/May Day (Labour Day),NI Act holiday,https://www.rbi.org.in/Scripts/HolidayMatrixDisplay.aspx?drRegionalOffice=0&drMonth=5&drYear=2024 (POST form),Reserve Bank of India,2026-09-28
2024,5,23,2024-05-23,Nagpur,Buddha Pournima,NI Act holiday,https://www.rbi.org.in/Scripts/HolidayMatrixDisplay.aspx?drRegionalOffice=0&drMonth=5&drYear=2024 (POST form),Reserve Bank of India,2026-09-28
2024,5,23,2024-05-23,New Delhi,Buddha Pournima,NI Act holiday,https://www.rbi.org.in/Scripts/HolidayMatrixDisplay.aspx?drRegionalOffice=0&drMonth=5&drYear=2024 (POST form),Reserve Bank of India,2026-09-28
2024,5,1,2024-05-01,Panaji,Maharashtra Din/May Day (Labour Day),NI Act holiday,https://www.rbi.org.in/Scripts/HolidayMatrixDisplay.aspx?drRegionalOffice=0&drMonth=5&drYear=2024 (POST form),Reserve Bank of India,2026-09-28
2024,5,7,2024-05-07,Panaji,Lok Sabha General Elections 2024,NI Act holiday,https://www.rbi.org.in/Scripts/HolidayMatrixDisplay.aspx?drRegionalOffice=0&drMonth=5&drYear=2024 (POST form),Reserve Bank of India,2026-09-28
2024,5,1,2024-05-01,Patna,Maharashtra Din/May Day (Labour Day),NI Act holiday,https://www.rbi.org.in/Scripts/HolidayMatrixDisplay.aspx?drRegionalOffice=0&drMonth=5&drYear=2024 (POST form),Reserve Bank of India,2026-09-28
2024,5,7,2024-05-07,Raipur,Lok Sabha General Elections 2024,NI Act holiday,https://www.rbi.org.in/Scripts/HolidayMatrixDisplay.aspx?drRegionalOffice=0&drMonth=5&drYear=2024 (POST form),Reserve Bank of India,2026-09-28
2024,5,23,2024-05-23,Raipur,Buddha Pournima,NI Act holiday,https://www.rbi.org.in/Scripts/HolidayMatrixDisplay.aspx?drRegionalOffice=0&drMonth=5&drYear=2024 (POST form),Reserve Bank of India,2026-09-28
2024,5,23,2024-05-23,Ranchi,Buddha Pournima,NI Act holiday,https://www.rbi.org.in/Scripts/HolidayMatrixDisplay.aspx?drRegionalOffice=0&drMonth=5&drYear=2024 (POST form),Reserve Bank of India,2026-09-28
2024,5,23,2024-05-23,Shimla,Buddha Pournima,NI Act holiday,https://www.rbi.org.in/Scripts/HolidayMatrixDisplay.aspx?drRegionalOffice=0&drMonth=5&drYear=2024 (POST form),Reserve Bank of India,2026-09-28
2024,5,13,2024-05-13,Srinagar,Lok Sabha General Elections 2024,NI Act holiday,https://www.rbi.org.in/Scripts/HolidayMatrixDisplay.aspx?drRegionalOffice=0&drMonth=5&drYear=2024 (POST form),Reserve Bank of India,2026-09-28
2024,5,23,2024-05-23,Srinagar,Buddha Pournima,NI Act holiday,https://www.rbi.org.in/Scripts/HolidayMatrixDisplay.aspx?drRegionalOffice=0&drMonth=5&drYear=2024 (POST form),Reserve Bank of India,2026-09-28
2024,5,1,2024-05-01,Thiruvananthapuram,Maharashtra Din/May Day (Labour Day),NI Act holiday,https://www.rbi.org.in/Scripts/HolidayMatrixDisplay.aspx?drRegionalOffice=0&drMonth=5&drYear=2024 (POST form),Reserve Bank of India,2026-09-28
2024,5,1,2024-05-01,Vijayawada,Maharashtra Din/May Day (Labour Day),NI Act holiday,https://www.rbi.org.in/Scripts/HolidayMatrixDisplay.aspx?drRegionalOffice=0&drMonth=5&drYear=2024 (POST form),Reserve Bank of India,2026-09-28
2024,5,13,2024-05-13,Vijayawada,Lok Sabha General Elections 2024,NI Act holiday,https://www.rbi.org.in/Scripts/HolidayMatrixDisplay.aspx?drRegionalOffice=0&drMonth=5&drYear=2024 (POST form),Reserve Bank of India,2026-09-28
2024,6,17,2024-06-17,Agartala,Bakri ID (Id-Uz-Zuha),NI Act holiday,https://www.rbi.org.in/Scripts/HolidayMatrixDisplay.aspx?drRegionalOffice=0&drMonth=6&drYear=2024 (POST form),Reserve Bank of India,2026-09-28
2024,6,17,2024-06-17,Ahmedabad,Bakri ID (Id-Uz-Zuha),NI Act holiday,https://www.rbi.org.in/Scripts/HolidayMatrixDisplay.aspx?drRegionalOffice=0&drMonth=6&drYear=2024 (POST form),Reserve Bank of India,2026-09-28
2024,6,15,2024-06-15,Aizawl,YMA Day/Raja Sankranti,NI Act holiday,https://www.rbi.org.in/Scripts/HolidayMatrixDisplay.aspx?drRegionalOffice=0&drMonth=6&drYear=2024 (POST form),Reserve Bank of India,2026-09-28
2024,6,17,2024-06-17,Belapur,Bakri ID (Id-Uz-Zuha),NI Act holiday,https://www.rbi.org.in/Scripts/HolidayMatrixDisplay.aspx?drRegionalOffice=0&drMonth=6&drYear=2024 (POST form),Reserve Bank of India,2026-09-28
2024,6,17,2024-06-17,Bengaluru,Bakri ID (Id-Uz-Zuha),NI Act holiday,https://www.rbi.org.in/Scripts/HolidayMatrixDisplay.aspx?drRegionalOffice=0&drMonth=6&drYear=2024 (POST form),Reserve Bank of India,2026-09-28
2024,6,17,2024-06-17,Bhopal,Bakri ID (Id-Uz-Zuha),NI Act holiday,https://www.rbi.org.in/Scripts/HolidayMatrixDisplay.aspx?drRegionalOffice=0&drMonth=6&drYear=2024 (POST form),Reserve Bank of India,2026-09-28
2024,6,15,2024-06-15,Bhubaneswar,YMA Day/Raja Sankranti,NI Act holiday,https://www.rbi.org.in/Scripts/HolidayMatrixDisplay.aspx?drRegionalOffice=0&drMonth=6&drYear=2024 (POST form),Reserve Bank of India,2026-09-28
2024,6,17,2024-06-17,Bhubaneswar,Bakri ID (Id-Uz-Zuha),NI Act holiday,https://www.rbi.org.in/Scripts/HolidayMatrixDisplay.aspx?drRegionalOffice=0&drMonth=6&drYear=2024 (POST form),Reserve Bank of India,2026-09-28
2024,6,1,2024-06-01,Chandigarh,Lok Sabha General Elections 2024,NI Act holiday,https://www.rbi.org.in/Scripts/HolidayMatrixDisplay.aspx?drRegionalOffice=0&drMonth=6&drYear=2024 (POST form),Reserve Bank of India,2026-09-28
2024,6,10,2024-06-10,Chandigarh,Martyrdom Day of Sri Guru Arjun Dev ji,NI Act holiday,https://www.rbi.org.in/Scripts/HolidayMatrixDisplay.aspx?drRegionalOffice=0&drMonth=6&drYear=2024 (POST form),Reserve Bank of India,2026-09-28
2024,6,17,2024-06-17,Chandigarh,Bakri ID (Id-Uz-Zuha),NI Act holiday,https://www.rbi.org.in/Scripts/HolidayMatrixDisplay.aspx?drRegionalOffice=0&drMonth=6&drYear=2024 (POST form),Reserve Bank of India,2026-09-28
2024,6,17,2024-06-17,Chennai,Bakri ID (Id-Uz-Zuha),NI Act holiday,https://www.rbi.org.in/Scripts/HolidayMatrixDisplay.aspx?drRegionalOffice=0&drMonth=6&drYear=2024 (POST form),Reserve Bank of India,2026-09-28
2024,6,17,2024-06-17,Dehradun,Bakri ID (Id-Uz-Zuha),NI Act holiday,https://www.rbi.org.in/Scripts/HolidayMatrixDisplay.aspx?drRegionalOffice=0&drMonth=6&drYear=2024 (POST form),Reserve Bank of India,2026-09-28
2024,6,17,2024-06-17,Guwahati,Bakri ID (Id-Uz-Zuha),NI Act holiday,https://www.rbi.org.in/Scripts/HolidayMatrixDisplay.aspx?drRegionalOffice=0&drMonth=6&drYear=2024 (POST form),Reserve Bank of India,2026-09-28
2024,6,17,2024-06-17,Hyderabad,Bakri ID (Id-Uz-Zuha),NI Act holiday,https://www.rbi.org.in/Scripts/HolidayMatrixDisplay.aspx?drRegionalOffice=0&drMonth=6&drYear=2024 (POST form),Reserve Bank of India,2026-09-28
2024,6,17,2024-06-17,Imphal,Bakri ID (Id-Uz-Zuha),NI Act holiday,https://www.rbi.org.in/Scripts/HolidayMatrixDisplay.aspx?drRegionalOffice=0&drMonth=6&drYear=2024 (POST form),Reserve Bank of India,2026-09-28
2024,6,17,2024-06-17,Jaipur,Bakri ID (Id-Uz-Zuha),NI Act holiday,https://www.rbi.org.in/Scripts/HolidayMatrixDisplay.aspx?drRegionalOffice=0&drMonth=6&drYear=2024 (POST form),Reserve Bank of India,2026-09-28
2024,6,17,2024-06-17,Jammu,Bakri ID (Id-Uz-Zuha),NI Act holiday,https://www.rbi.org.in/Scripts/HolidayMatrixDisplay.aspx?drRegionalOffice=0&drMonth=6&drYear=2024 (POST form),Reserve Bank of India,2026-09-28
2024,6,18,2024-06-18,Jammu,Bakri ID  (Id-Uz-Zuha),NI Act holiday,https://www.rbi.org.in/Scripts/HolidayMatrixDisplay.aspx?drRegionalOffice=0&drMonth=6&drYear=2024 (POST form),Reserve Bank of India,2026-09-28
2024,6,22,2024-06-22,Jammu,Guru Hargobind Ji’s Birthday,NI Act holiday,https://www.rbi.org.in/Scripts/HolidayMatrixDisplay.aspx?drRegionalOffice=0&drMonth=6&drYear=2024 (POST form),Reserve Bank of India,2026-09-28
2024,6,17,2024-06-17,Kanpur,Bakri ID (Id-Uz-Zuha),NI Act holiday,https://www.rbi.org.in/Scripts/HolidayMatrixDisplay.aspx?drRegionalOffice=0&drMonth=6&drYear=2024 (POST form),Reserve Bank of India,2026-09-28
2024,6,17,2024-06-17,Kochi,Bakri ID (Id-Uz-Zuha),NI Act holiday,https://www.rbi.org.in/Scripts/HolidayMatrixDisplay.aspx?drRegionalOffice=0&drMonth=6&drYear=2024 (POST form),Reserve Bank of India,2026-09-28
2024,6,17,2024-06-17,Kohima,Bakri ID (Id-Uz-Zuha),NI Act holiday,https://www.rbi.org.in/Scripts/HolidayMatrixDisplay.aspx?drRegionalOffice=0&drMonth=6&drYear=2024 (POST form),Reserve Bank of India,2026-09-28
2024,6,26,2024-06-26,Kohima,Poll day for Municipal & Town Council Elections in the state of Nagaland,NI Act holiday,https://www.rbi.org.in/Scripts/HolidayMatrixDisplay.aspx?drRegionalOffice=0&drMonth=6&drYear=2024 (POST form),Reserve Bank of India,2026-09-28
2024,6,17,2024-06-17,Kolkata,Bakri ID (Id-Uz-Zuha),NI Act holiday,https://www.rbi.org.in/Scripts/HolidayMatrixDisplay.aspx?drRegionalOffice=0&drMonth=6&drYear=2024 (POST form),Reserve Bank of India,2026-09-28
2024,6,17,2024-06-17,Lucknow,Bakri ID (Id-Uz-Zuha),NI Act holiday,https://www.rbi.org.in/Scripts/HolidayMatrixDisplay.aspx?drRegionalOffice=0&drMonth=6&drYear=2024 (POST form),Reserve Bank of India,2026-09-28
2024,6,17,2024-06-17,Mumbai,Bakri ID (Id-Uz-Zuha),NI Act holiday,https://www.rbi.org.in/Scripts/HolidayMatrixDisplay.aspx?drRegionalOffice=0&drMonth=6&drYear=2024 (POST form),Reserve Bank of India,2026-09-28
2024,6,17,2024-06-17,Nagpur,Bakri ID (Id-Uz-Zuha),NI Act holiday,https://www.rbi.org.in/Scripts/HolidayMatrixDisplay.aspx?drRegionalOffice=0&drMonth=6&drYear=2024 (POST form),Reserve Bank of India,2026-09-28
2024,6,17,2024-06-17,New Delhi,Bakri ID (Id-Uz-Zuha),NI Act holiday,https://www.rbi.org.in/Scripts/HolidayMatrixDisplay.aspx?drRegionalOffice=0&drMonth=6&drYear=2024 (POST form),Reserve Bank of India,2026-09-28
2024,6,17,2024-06-17,Panaji,Bakri ID (Id-Uz-Zuha),NI Act holiday,https://www.rbi.org.in/Scripts/HolidayMatrixDisplay.aspx?drRegionalOffice=0&drMonth=6&drYear=2024 (POST form),Reserve Bank of India,2026-09-28
2024,6,17,2024-06-17,Patna,Bakri ID (Id-Uz-Zuha),NI Act holiday,https://www.rbi.org.in/Scripts/HolidayMatrixDisplay.aspx?drRegionalOffice=0&drMonth=6&drYear=2024 (POST form),Reserve Bank of India,2026-09-28
2024,6,17,2024-06-17,Raipur,Bakri ID (Id-Uz-Zuha),NI Act holiday,https://www.rbi.org.in/Scripts/HolidayMatrixDisplay.aspx?drRegionalOffice=0&drMonth=6&drYear=2024 (POST form),Reserve Bank of India,2026-09-28
2024,6,17,2024-06-17,Ranchi,Bakri ID (Id-Uz-Zuha),NI Act holiday,https://www.rbi.org.in/Scripts/HolidayMatrixDisplay.aspx?drRegionalOffice=0&drMonth=6&drYear=2024 (POST form),Reserve Bank of India,2026-09-28
2024,6,17,2024-06-17,Shillong,Bakri ID (Id-Uz-Zuha),NI Act holiday,https://www.rbi.org.in/Scripts/HolidayMatrixDisplay.aspx?drRegionalOffice=0&drMonth=6&drYear=2024 (POST form),Reserve Bank of India,2026-09-28
2024,6,1,2024-06-01,Shimla,Lok Sabha General Elections 2024,NI Act holiday,https://www.rbi.org.in/Scripts/HolidayMatrixDisplay.aspx?drRegionalOffice=0&drMonth=6&drYear=2024 (POST form),Reserve Bank of India,2026-09-28
2024,6,17,2024-06-17,Shimla,Bakri ID (Id-Uz-Zuha),NI Act holiday,https://www.rbi.org.in/Scripts/HolidayMatrixDisplay.aspx?drRegionalOffice=0&drMonth=6&drYear=2024 (POST form),Reserve Bank of India,2026-09-28
2024,6,17,2024-06-17,Srinagar,Bakri ID (Id-Uz-Zuha),NI Act holiday,https://www.rbi.org.in/Scripts/HolidayMatrixDisplay.aspx?drRegionalOffice=0&drMonth=6&drYear=2024 (POST form),Reserve Bank of India,2026-09-28
2024,6,18,2024-06-18,Srinagar,Bakri ID  (Id-Uz-Zuha),NI Act holiday,https://www.rbi.org.in/Scripts/HolidayMatrixDisplay.aspx?drRegionalOffice=0&drMonth=6&drYear=2024 (POST form),Reserve Bank of India,2026-09-28
2024,6,22,2024-06-22,Srinagar,Guru Hargobind Ji’s Birthday,NI Act holiday,https://www.rbi.org.in/Scripts/HolidayMatrixDisplay.aspx?drRegionalOffice=0&drMonth=6&drYear=2024 (POST form),Reserve Bank of India,2026-09-28
2024,6,17,2024-06-17,Thiruvananthapuram,Bakri ID (Id-Uz-Zuha),NI Act holiday,https://www.rbi.org.in/Scripts/HolidayMatrixDisplay.aspx?drRegionalOffice=0&drMonth=6&drYear=2024 (POST form),Reserve Bank of India,2026-09-28
2024,6,17,2024-06-17,Vijayawada,Bakri ID (Id-Uz-Zuha),NI Act holiday,https://www.rbi.org.in/Scripts/HolidayMatrixDisplay.aspx?drRegionalOffice=0&drMonth=6&drYear=2024 (POST form),Reserve Bank of India,2026-09-28
2024,7,17,2024-07-17,Agartala,Muharram/Ashoora/U Tirot Sing Day,NI Act holiday,https://www.rbi.org.in/Scripts/HolidayMatrixDisplay.aspx?drRegionalOffice=0&drMonth=7&drYear=2024 (POST form),Reserve Bank of India,2026-09-28
2024,7,20,2024-07-20,Agartala,Kharchi Puja,NI Act holiday,https://www.rbi.org.in/Scripts/HolidayMatrixDisplay.aspx?drRegionalOffice=0&drMonth=7&drYear=2024 (POST form),Reserve Bank of India,2026-09-28
2024,7,6,2024-07-06,Aizawl,MHIP Day,NI Act holiday,https://www.rbi.org.in/Scripts/HolidayMatrixDisplay.aspx?drRegionalOffice=0&drMonth=7&drYear=2024 (POST form),Reserve Bank of India,2026-09-28
2024,7,17,2024-07-17,Aizawl,Muharram/Ashoora/U Tirot Sing Day,NI Act holiday,https://www.rbi.org.in/Scripts/HolidayMatrixDisplay.aspx?drRegionalOffice=0&drMonth=7&drYear=2024 (POST form),Reserve Bank of India,2026-09-28
2024,7,17,2024-07-17,Belapur,Muharram/Ashoora/U Tirot Sing Day,NI Act holiday,https://www.rbi.org.in/Scripts/HolidayMatrixDisplay.aspx?drRegionalOffice=0&drMonth=7&drYear=2024 (POST form),Reserve Bank of India,2026-09-28
2024,7,17,2024-07-17,Bengaluru,Muharram/Ashoora/U Tirot Sing Day,NI Act holiday,https://www.rbi.org.in/Scripts/HolidayMatrixDisplay.aspx?drRegionalOffice=0&drMonth=7&drYear=2024 (POST form),Reserve Bank of India,2026-09-28
2024,7,17,2024-07-17,Bhopal,Muharram/Ashoora/U Tirot Sing Day,NI Act holiday,https://www.rbi.org.in/Scripts/HolidayMatrixDisplay.aspx?drRegionalOffice=0&drMonth=7&drYear=2024 (POST form),Reserve Bank of India,2026-09-28
2024,7,8,2024-07-08,Bhubaneswar,Kang (Rathajatra)/Ratha Yatra,NI Act holiday,https://www.rbi.org.in/Scripts/HolidayMatrixDisplay.aspx?drRegionalOffice=0&drMonth=7&drYear=2024 (POST form),Reserve Bank of India,2026-09-28
2024,7,17,2024-07-17,Chennai,Muharram/Ashoora/U Tirot Sing Day,NI Act holiday,https://www.rbi.org.in/Scripts/HolidayMatrixDisplay.aspx?drRegionalOffice=0&drMonth=7&drYear=2024 (POST form),Reserve Bank of India,2026-09-28
2024,7,16,2024-07-16,Dehradun,Harela,NI Act holiday,https://www.rbi.org.in/Scripts/HolidayMatrixDisplay.aspx?drRegionalOffice=0&drMonth=7&drYear=2024 (POST form),Reserve Bank of India,2026-09-28
2024,7,9,2024-07-09,Gangtok,Drukpa Tshe-zi,NI Act holiday,https://www.rbi.org.in/Scripts/HolidayMatrixDisplay.aspx?drRegionalOffice=0&drMonth=7&drYear=2024 (POST form),Reserve Bank of India,2026-09-28
2024,7,17,2024-07-17,Hyderabad,Muharram/Ashoora/U Tirot Sing Day,NI Act holiday,https://www.rbi.org.in/Scripts/HolidayMatrixDisplay.aspx?drRegionalOffice=0&drMonth=7&drYear=2024 (POST form),Reserve Bank of India,2026-09-28
2024,7,3,2024-07-03,Imphal,Beh Dienkhlam/Incessant rains,NI Act holiday,https://www.rbi.org.in/Scripts/HolidayMatrixDisplay.aspx?drRegionalOffice=0&drMonth=7&drYear=2024 (POST form),Reserve Bank of India,2026-09-28
2024,7,5,2024-07-05,Imphal,Incessant rains,NI Act holiday,https://www.rbi.org.in/Scripts/HolidayMatrixDisplay.aspx?drRegionalOffice=0&drMonth=7&drYear=2024 (POST form),Reserve Bank of India,2026-09-28
2024,7,8,2024-07-08,Imphal,Kang (Rathajatra)/Ratha Yatra,NI Act holiday,https://www.rbi.org.in/Scripts/HolidayMatrixDisplay.aspx?drRegionalOffice=0&drMonth=7&drYear=2024 (POST form),Reserve Bank of India,2026-09-28
2024,7,17,2024-07-17,Jaipur,Muharram/Ashoora/U Tirot Sing Day,NI Act holiday,https://www.rbi.org.in/Scripts/HolidayMatrixDisplay.aspx?drRegionalOffice=0&drMonth=7&drYear=2024 (POST form),Reserve Bank of India,2026-09-28
2024,7,17,2024-07-17,Jammu,Muharram/Ashoora/U Tirot Sing Day,NI Act holiday,https://www.rbi.org.in/Scripts/HolidayMatrixDisplay.aspx?drRegionalOffice=0&drMonth=7&drYear=2024 (POST form),Reserve Bank of India,2026-09-28
2024,7,17,2024-07-17,Kanpur,Muharram/Ashoora/U Tirot Sing Day,NI Act holiday,https://www.rbi.org.in/Scripts/HolidayMatrixDisplay.aspx?drRegionalOffice=0&drMonth=7&drYear=2024 (POST form),Reserve Bank of India,2026-09-28
2024,7,17,2024-07-17,Kolkata,Muharram/Ashoora/U Tirot Sing Day,NI Act holiday,https://www.rbi.org.in/Scripts/HolidayMatrixDisplay.aspx?drRegionalOffice=0&drMonth=7&drYear=2024 (POST form),Reserve Bank of India,2026-09-28
2024,7,17,2024-07-17,Lucknow,Muharram/Ashoora/U Tirot Sing Day,NI Act holiday,https://www.rbi.org.in/Scripts/HolidayMatrixDisplay.aspx?drRegionalOffice=0&drMonth=7&drYear=2024 (POST form),Reserve Bank of India,2026-09-28
2024,7,17,2024-07-17,Mumbai,Muharram/Ashoora/U Tirot Sing Day,NI Act holiday,https://www.rbi.org.in/Scripts/HolidayMatrixDisplay.aspx?drRegionalOffice=0&drMonth=7&drYear=2024 (POST form),Reserve Bank of India,2026-09-28
2024,7,17,2024-07-17,Nagpur,Muharram/Ashoora/U Tirot Sing Day,NI Act holiday,https://www.rbi.org.in/Scripts/HolidayMatrixDisplay.aspx?drRegionalOffice=0&drMonth=7&drYear=2024 (POST form),Reserve Bank of India,2026-09-28
2024,7,17,2024-07-17,New Delhi,Muharram/Ashoora/U Tirot Sing Day,NI Act holiday,https://www.rbi.org.in/Scripts/HolidayMatrixDisplay.aspx?drRegionalOffice=0&drMonth=7&drYear=2024 (POST form),Reserve Bank of India,2026-09-28
2024,7,17,2024-07-17,Patna,Muharram/Ashoora/U Tirot Sing Day,NI Act holiday,https://www.rbi.org.in/Scripts/HolidayMatrixDisplay.aspx?drRegionalOffice=0&drMonth=7&drYear=2024 (POST form),Reserve Bank of India,2026-09-28
2024,7,17,2024-07-17,Raipur,Muharram/Ashoora/U Tirot Sing Day,NI Act holiday,https://www.rbi.org.in/Scripts/HolidayMatrixDisplay.aspx?drRegionalOffice=0&drMonth=7&drYear=2024 (POST form),Reserve Bank of India,2026-09-28
2024,7,17,2024-07-17,Ranchi,Muharram/Ashoora/U Tirot Sing Day,NI Act holiday,https://www.rbi.org.in/Scripts/HolidayMatrixDisplay.aspx?drRegionalOffice=0&drMonth=7&drYear=2024 (POST form),Reserve Bank of India,2026-09-28
2024,7,3,2024-07-03,Shillong,Beh Dienkhlam/Incessant rains,NI Act holiday,https://www.rbi.org.in/Scripts/HolidayMatrixDisplay.aspx?drRegionalOffice=0&drMonth=7&drYear=2024 (POST form),Reserve Bank of India,2026-09-28
2024,7,17,2024-07-17,Shillong,Muharram/Ashoora/U Tirot Sing Day,NI Act holiday,https://www.rbi.org.in/Scripts/HolidayMatrixDisplay.aspx?drRegionalOffice=0&drMonth=7&drYear=2024 (POST form),Reserve Bank of India,2026-09-28
2024,7,17,2024-07-17,Shimla,Muharram/Ashoora/U Tirot Sing Day,NI Act holiday,https://www.rbi.org.in/Scripts/HolidayMatrixDisplay.aspx?drRegionalOffice=0&drMonth=7&drYear=2024 (POST form),Reserve Bank of India,2026-09-28
2024,7,17,2024-07-17,Srinagar,Muharram/Ashoora/U Tirot Sing Day,NI Act holiday,https://www.rbi.org.in/Scripts/HolidayMatrixDisplay.aspx?drRegionalOffice=0&drMonth=7&drYear=2024 (POST form),Reserve Bank of India,2026-09-28
2024,7,17,2024-07-17,Vijayawada,Muharram/Ashoora/U Tirot Sing Day,NI Act holiday,https://www.rbi.org.in/Scripts/HolidayMatrixDisplay.aspx?drRegionalOffice=0&drMonth=7&drYear=2024 (POST form),Reserve Bank of India,2026-09-28
2024,8,3,2024-08-03,Agartala,Ker Puja,NI Act holiday,https://www.rbi.org.in/Scripts/HolidayMatrixDisplay.aspx?drRegionalOffice=0&drMonth=8&drYear=2024 (POST form),Reserve Bank of India,2026-09-28
2024,8,15,2024-08-15,Agartala,Independence Day/Parsi New Year (Shahenshahi),NI Act holiday,https://www.rbi.org.in/Scripts/HolidayMatrixDisplay.aspx?drRegionalOffice=0&drMonth=8&drYear=2024 (POST form),Reserve Bank of India,2026-09-28
2024,8,19,2024-08-19,Agartala,Raksha Bandhan/Jhulana Purnima/Birthday of Bir Bikram Kishore Manikya Bahadur,NI Act holiday,https://www.rbi.org.in/Scripts/HolidayMatrixDisplay.aspx?drRegionalOffice=0&drMonth=8&drYear=2024 (POST form),Reserve Bank of India,2026-09-28
2024,8,15,2024-08-15,Ahmedabad,Independence Day/Parsi New Year (Shahenshahi),NI Act holiday,https://www.rbi.org.in/Scripts/HolidayMatrixDisplay.aspx?drRegionalOffice=0&drMonth=8&drYear=2024 (POST form),Reserve Bank of India,2026-09-28
2024,8,19,2024-08-19,Ahmedabad,Raksha Bandhan/Jhulana Purnima/Birthday of Bir Bikram Kishore Manikya Bahadur,NI Act holiday,https://www.rbi.org.in/Scripts/HolidayMatrixDisplay.aspx?drRegionalOffice=0&drMonth=8&drYear=2024 (POST form),Reserve Bank of India,2026-09-28
2024,8,26,2024-08-26,Ahmedabad,Janmashtami (Shravan Vad-8)/Krishna Jayanthi,NI Act holiday,https://www.rbi.org.in/Scripts/HolidayMatrixDisplay.aspx?drRegionalOffice=0&drMonth=8&drYear=2024 (POST form),Reserve Bank of India,2026-09-28
2024,8,15,2024-08-15,Aizawl,Independence Day/Parsi New Year (Shahenshahi),NI Act holiday,https://www.rbi.org.in/Scripts/HolidayMatrixDisplay.aspx?drRegionalOffice=0&drMonth=8&drYear=2024 (POST form),Reserve Bank of India,2026-09-28
2024,8,15,2024-08-15,Belapur,Independence Day/Parsi New Year (Shahenshahi),NI Act holiday,https://www.rbi.org.in/Scripts/HolidayMatrixDisplay.aspx?drRegionalOffice=0&drMonth=8&drYear=2024 (POST form),Reserve Bank of India,2026-09-28
2024,8,15,2024-08-15,Bengaluru,Independence Day/Parsi New Year (Shahenshahi),NI Act holiday,https://www.rbi.org.in/Scripts/HolidayMatrixDisplay.aspx?drRegionalOffice=0&drMonth=8&drYear=2024 (POST form),Reserve Bank of India,2026-09-28
2024,8,15,2024-08-15,Bhopal,Independence Day/Parsi New Year (Shahenshahi),NI Act holiday,https://www.rbi.org.in/Scripts/HolidayMatrixDisplay.aspx?drRegionalOffice=0&drMonth=8&drYear=2024 (POST form),Reserve Bank of India,2026-09-28
2024,8,19,2024-08-19,Bhopal,Raksha Bandhan/Jhulana Purnima/Birthday of Bir Bikram Kishore Manikya Bahadur,NI Act holiday,https://www.rbi.org.in/Scripts/HolidayMatrixDisplay.aspx?drRegionalOffice=0&drMonth=8&drYear=2024 (POST form),Reserve Bank of India,2026-09-28
2024,8,26,2024-08-26,Bhopal,Janmashtami (Shravan Vad-8)/Krishna Jayanthi,NI Act holiday,https://www.rbi.org.in/Scripts/HolidayMatrixDisplay.aspx?drRegionalOffice=0&drMonth=8&drYear=2024 (POST form),Reserve Bank of India,2026-09-28
2024,8,15,2024-08-15,Bhubaneswar,Independence Day/Parsi New Year (Shahenshahi),NI Act holiday,https://www.rbi.org.in/Scripts/HolidayMatrixDisplay.aspx?drRegionalOffice=0&drMonth=8&drYear=2024 (POST form),Reserve Bank of India,2026-09-28
2024,8,19,2024-08-19,Bhubaneswar,Raksha Bandhan/Jhulana Purnima/Birthday of Bir Bikram Kishore Manikya Bahadur,NI Act holiday,https://www.rbi.org.in/Scripts/HolidayMatrixDisplay.aspx?drRegionalOffice=0&drMonth=8&drYear=2024 (POST form),Reserve Bank of India,2026-09-28
2024,8,26,2024-08-26,Bhubaneswar,Janmashtami (Shravan Vad-8)/Krishna Jayanthi,NI Act holiday,https://www.rbi.org.in/Scripts/HolidayMatrixDisplay.aspx?drRegionalOffice=0&drMonth=8&drYear=2024 (POST form),Reserve Bank of India,2026-09-28
2024,8,15,2024-08-15,Chandigarh,Independence Day/Parsi New Year (Shahenshahi),NI Act holiday,https://www.rbi.org.in/Scripts/HolidayMatrixDisplay.aspx?drRegionalOffice=0&drMonth=8&drYear=2024 (POST form),Reserve Bank of India,2026-09-28
2024,8,26,2024-08-26,Chandigarh,Janmashtami (Shravan Vad-8)/Krishna Jayanthi,NI Act holiday,https://www.rbi.org.in/Scripts/HolidayMatrixDisplay.aspx?drRegionalOffice=0&drMonth=8&drYear=2024 (POST form),Reserve Bank of India,2026-09-28
2024,8,15,2024-08-15,Chennai,Independence Day/Parsi New Year (Shahenshahi),NI Act holiday,https://www.rbi.org.in/Scripts/HolidayMatrixDisplay.aspx?drRegionalOffice=0&drMonth=8&drYear=2024 (POST form),Reserve Bank of India,2026-09-28
2024,8,26,2024-08-26,Chennai,Janmashtami (Shravan Vad-8)/Krishna Jayanthi,NI Act holiday,https://www.rbi.org.in/Scripts/HolidayMatrixDisplay.aspx?drRegionalOffice=0&drMonth=8&drYear=2024 (POST form),Reserve Bank of India,2026-09-28
2024,8,15,2024-08-15,Dehradun,Independence Day/Parsi New Year (Shahenshahi),NI Act holiday,https://www.rbi.org.in/Scripts/HolidayMatrixDisplay.aspx?drRegionalOffice=0&drMonth=8&drYear=2024 (POST form),Reserve Bank of India,2026-09-28
2024,8,19,2024-08-19,Dehradun,Raksha Bandhan/Jhulana Purnima/Birthday of Bir Bikram Kishore Manikya Bahadur,NI Act holiday,https://www.rbi.org.in/Scripts/HolidayMatrixDisplay.aspx?drRegionalOffice=0&drMonth=8&drYear=2024 (POST form),Reserve Bank of India,2026-09-28
2024,8,26,2024-08-26,Dehradun,Janmashtami (Shravan Vad-8)/Krishna Jayanthi,NI Act holiday,https://www.rbi.org.in/Scripts/HolidayMatrixDisplay.aspx?drRegionalOffice=0&drMonth=8&drYear=2024 (POST form),Reserve Bank of India,2026-09-28
2024,8,8,2024-08-08,Gangtok,Tendong Lho Rum Faat,NI Act holiday,https://www.rbi.org.in/Scripts/HolidayMatrixDisplay.aspx?drRegionalOffice=0&drMonth=8&drYear=2024 (POST form),Reserve Bank of India,2026-09-28
2024,8,15,2024-08-15,Gangtok,Independence Day/Parsi New Year (Shahenshahi),NI Act holiday,https://www.rbi.org.in/Scripts/HolidayMatrixDisplay.aspx?drRegionalOffice=0&drMonth=8&drYear=2024 (POST form),Reserve Bank of India,2026-09-28
2024,8,26,2024-08-26,Gangtok,Janmashtami (Shravan Vad-8)/Krishna Jayanthi,NI Act holiday,https://www.rbi.org.in/Scripts/HolidayMatrixDisplay.aspx?drRegionalOffice=0&drMonth=8&drYear=2024 (POST form),Reserve Bank of India,2026-09-28
2024,8,15,2024-08-15,Guwahati,Independence Day/Parsi New Year (Shahenshahi),NI Act holiday,https://www.rbi.org.in/Scripts/HolidayMatrixDisplay.aspx?drRegionalOffice=0&drMonth=8&drYear=2024 (POST form),Reserve Bank of India,2026-09-28
2024,8,15,2024-08-15,Hyderabad,Independence Day/Parsi New Year (Shahenshahi),NI Act holiday,https://www.rbi.org.in/Scripts/HolidayMatrixDisplay.aspx?drRegionalOffice=0&drMonth=8&drYear=2024 (POST form),Reserve Bank of India,2026-09-28
2024,8,26,2024-08-26,Hyderabad,Janmashtami (Shravan Vad-8)/Krishna Jayanthi,NI Act holiday,https://www.rbi.org.in/Scripts/HolidayMatrixDisplay.aspx?drRegionalOffice=0&drMonth=8&drYear=2024 (POST form),Reserve Bank of India,2026-09-28
2024,8,13,2024-08-13,Imphal,Patriot’s Day,NI Act holiday,https://www.rbi.org.in/Scripts/HolidayMatrixDisplay.aspx?drRegionalOffice=0&drMonth=8&drYear=2024 (POST form),Reserve Bank of India,2026-09-28
2024,8,15,2024-08-15,Imphal,Independence Day/Parsi New Year (Shahenshahi),NI Act holiday,https://www.rbi.org.in/Scripts/HolidayMatrixDisplay.aspx?drRegionalOffice=0&drMonth=8&drYear=2024 (POST form),Reserve Bank of India,2026-09-28
2024,8,15,2024-08-15,Itanagar,Independence Day/Parsi New Year (Shahenshahi),NI Act holiday,https://www.rbi.org.in/Scripts/HolidayMatrixDisplay.aspx?drRegionalOffice=0&drMonth=8&drYear=2024 (POST form),Reserve Bank of India,2026-09-28
2024,8,15,2024-08-15,Jaipur,Independence Day/Parsi New Year (Shahenshahi),NI Act holiday,https://www.rbi.org.in/Scripts/HolidayMatrixDisplay.aspx?drRegionalOffice=0&drMonth=8&drYear=2024 (POST form),Reserve Bank of India,2026-09-28
2024,8,19,2024-08-19,Jaipur,Raksha Bandhan/Jhulana Purnima/Birthday of Bir Bikram Kishore Manikya Bahadur,NI Act holiday,https://www.rbi.org.in/Scripts/HolidayMatrixDisplay.aspx?drRegionalOffice=0&drMonth=8&drYear=2024 (POST form),Reserve Bank of India,2026-09-28
2024,8,26,2024-08-26,Jaipur,Janmashtami (Shravan Vad-8)/Krishna Jayanthi,NI Act holiday,https://www.rbi.org.in/Scripts/HolidayMatrixDisplay.aspx?drRegionalOffice=0&drMonth=8&drYear=2024 (POST form),Reserve Bank of India,2026-09-28
2024,8,15,2024-08-15,Jammu,Independence Day/Parsi New Year (Shahenshahi),NI Act holiday,https://www.rbi.org.in/Scripts/HolidayMatrixDisplay.aspx?drRegionalOffice=0&drMonth=8&drYear=2024 (POST form),Reserve Bank of India,2026-09-28
2024,8,26,2024-08-26,Jammu,Janmashtami (Shravan Vad-8)/Krishna Jayanthi,NI Act holiday,https://www.rbi.org.in/Scripts/HolidayMatrixDisplay.aspx?drRegionalOffice=0&drMonth=8&drYear=2024 (POST form),Reserve Bank of India,2026-09-28
2024,8,15,2024-08-15,Kanpur,Independence Day/Parsi New Year (Shahenshahi),NI Act holiday,https://www.rbi.org.in/Scripts/HolidayMatrixDisplay.aspx?drRegionalOffice=0&drMonth=8&drYear=2024 (POST form),Reserve Bank of India,2026-09-28
2024,8,19,2024-08-19,Kanpur,Raksha Bandhan/Jhulana Purnima/Birthday of Bir Bikram Kishore Manikya Bahadur,NI Act holiday,https://www.rbi.org.in/Scripts/HolidayMatrixDisplay.aspx?drRegionalOffice=0&drMonth=8&drYear=2024 (POST form),Reserve Bank of India,2026-09-28
2024,8,26,2024-08-26,Kanpur,Janmashtami (Shravan Vad-8)/Krishna Jayanthi,NI Act holiday,https://www.rbi.org.in/Scripts/HolidayMatrixDisplay.aspx?drRegionalOffice=0&drMonth=8&drYear=2024 (POST form),Reserve Bank of India,2026-09-28
2024,8,15,2024-08-15,Kochi,Independence Day/Parsi New Year (Shahenshahi),NI Act holiday,https://www.rbi.org.in/Scripts/HolidayMatrixDisplay.aspx?drRegionalOffice=0&drMonth=8&drYear=2024 (POST form),Reserve Bank of India,2026-09-28
2024,8,20,2024-08-20,Kochi,Sree Narayana Guru Jayanthi,NI Act holiday,https://www.rbi.org.in/Scripts/HolidayMatrixDisplay.aspx?drRegionalOffice=0&drMonth=8&drYear=2024 (POST form),Reserve Bank of India,2026-09-28
2024,8,15,2024-08-15,Kohima,Independence Day/Parsi New Year (Shahenshahi),NI Act holiday,https://www.rbi.org.in/Scripts/HolidayMatrixDisplay.aspx?drRegionalOffice=0&drMonth=8&drYear=2024 (POST form),Reserve Bank of India,2026-09-28
2024,8,15,2024-08-15,Kolkata,Independence Day/Parsi New Year (Shahenshahi),NI Act holiday,https://www.rbi.org.in/Scripts/HolidayMatrixDisplay.aspx?drRegionalOffice=0&drMonth=8&drYear=2024 (POST form),Reserve Bank of India,2026-09-28
2024,8,26,2024-08-26,Kolkata,Janmashtami (Shravan Vad-8)/Krishna Jayanthi,NI Act holiday,https://www.rbi.org.in/Scripts/HolidayMatrixDisplay.aspx?drRegionalOffice=0&drMonth=8&drYear=2024 (POST form),Reserve Bank of India,2026-09-28
2024,8,15,2024-08-15,Lucknow,Independence Day/Parsi New Year (Shahenshahi),NI Act holiday,https://www.rbi.org.in/Scripts/HolidayMatrixDisplay.aspx?drRegionalOffice=0&drMonth=8&drYear=2024 (POST form),Reserve Bank of India,2026-09-28
2024,8,19,2024-08-19,Lucknow,Raksha Bandhan/Jhulana Purnima/Birthday of Bir Bikram Kishore Manikya Bahadur,NI Act holiday,https://www.rbi.org.in/Scripts/HolidayMatrixDisplay.aspx?drRegionalOffice=0&drMonth=8&drYear=2024 (POST form),Reserve Bank of India,2026-09-28
2024,8,26,2024-08-26,Lucknow,Janmashtami (Shravan Vad-8)/Krishna Jayanthi,NI Act holiday,https://www.rbi.org.in/Scripts/HolidayMatrixDisplay.aspx?drRegionalOffice=0&drMonth=8&drYear=2024 (POST form),Reserve Bank of India,2026-09-28
2024,8,15,2024-08-15,Mumbai,Independence Day/Parsi New Year (Shahenshahi),NI Act holiday,https://www.rbi.org.in/Scripts/HolidayMatrixDisplay.aspx?drRegionalOffice=0&drMonth=8&drYear=2024 (POST form),Reserve Bank of India,2026-09-28
2024,8,15,2024-08-15,Nagpur,Independence Day/Parsi New Year (Shahenshahi),NI Act holiday,https://www.rbi.org.in/Scripts/HolidayMatrixDisplay.aspx?drRegionalOffice=0&drMonth=8&drYear=2024 (POST form),Reserve Bank of India,2026-09-28
2024,8,15,2024-08-15,New Delhi,Independence Day/Parsi New Year (Shahenshahi),NI Act holiday,https://www.rbi.org.in/Scripts/HolidayMatrixDisplay.aspx?drRegionalOffice=0&drMonth=8&drYear=2024 (POST form),Reserve Bank of India,2026-09-28
2024,8,15,2024-08-15,Panaji,Independence Day/Parsi New Year (Shahenshahi),NI Act holiday,https://www.rbi.org.in/Scripts/HolidayMatrixDisplay.aspx?drRegionalOffice=0&drMonth=8&drYear=2024 (POST form),Reserve Bank of India,2026-09-28
2024,8,15,2024-08-15,Patna,Independence Day/Parsi New Year (Shahenshahi),NI Act holiday,https://www.rbi.org.in/Scripts/HolidayMatrixDisplay.aspx?drRegionalOffice=0&drMonth=8&drYear=2024 (POST form),Reserve Bank of India,2026-09-28
2024,8,26,2024-08-26,Patna,Janmashtami (Shravan Vad-8)/Krishna Jayanthi,NI Act holiday,https://www.rbi.org.in/Scripts/HolidayMatrixDisplay.aspx?drRegionalOffice=0&drMonth=8&drYear=2024 (POST form),Reserve Bank of India,2026-09-28
2024,8,15,2024-08-15,Raipur,Independence Day/Parsi New Year (Shahenshahi),NI Act holiday,https://www.rbi.org.in/Scripts/HolidayMatrixDisplay.aspx?drRegionalOffice=0&drMonth=8&drYear=2024 (POST form),Reserve Bank of India,2026-09-28
2024,8,26,2024-08-26,Raipur,Janmashtami (Shravan Vad-8)/Krishna Jayanthi,NI Act holiday,https://www.rbi.org.in/Scripts/HolidayMatrixDisplay.aspx?drRegionalOffice=0&drMonth=8&drYear=2024 (POST form),Reserve Bank of India,2026-09-28
2024,8,15,2024-08-15,Ranchi,Independence Day/Parsi New Year (Shahenshahi),NI Act holiday,https://www.rbi.org.in/Scripts/HolidayMatrixDisplay.aspx?drRegionalOffice=0&drMonth=8&drYear=2024 (POST form),Reserve Bank of India,2026-09-28
2024,8,26,2024-08-26,Ranchi,Janmashtami (Shravan Vad-8)/Krishna Jayanthi,NI Act holiday,https://www.rbi.org.in/Scripts/HolidayMatrixDisplay.aspx?drRegionalOffice=0&drMonth=8&drYear=2024 (POST form),Reserve Bank of India,2026-09-28
2024,8,15,2024-08-15,Shillong,Independence Day/Parsi New Year (Shahenshahi),NI Act holiday,https://www.rbi.org.in/Scripts/HolidayMatrixDisplay.aspx?drRegionalOffice=0&drMonth=8&drYear=2024 (POST form),Reserve Bank of India,2026-09-28
2024,8,26,2024-08-26,Shillong,Janmashtami (Shravan Vad-8)/Krishna Jayanthi,NI Act holiday,https://www.rbi.org.in/Scripts/HolidayMatrixDisplay.aspx?drRegionalOffice=0&drMonth=8&drYear=2024 (POST form),Reserve Bank of India,2026-09-28
2024,8,15,2024-08-15,Shimla,Independence Day/Parsi New Year (Shahenshahi),NI Act holiday,https://www.rbi.org.in/Scripts/HolidayMatrixDisplay.aspx?drRegionalOffice=0&drMonth=8&drYear=2024 (POST form),Reserve Bank of India,2026-09-28
2024,8,19,2024-08-19,Shimla,Raksha Bandhan/Jhulana Purnima/Birthday of Bir Bikram Kishore Manikya Bahadur,NI Act holiday,https://www.rbi.org.in/Scripts/HolidayMatrixDisplay.aspx?drRegionalOffice=0&drMonth=8&drYear=2024 (POST form),Reserve Bank of India,2026-09-28
2024,8,26,2024-08-26,Shimla,Janmashtami (Shravan Vad-8)/Krishna Jayanthi,NI Act holiday,https://www.rbi.org.in/Scripts/HolidayMatrixDisplay.aspx?drRegionalOffice=0&drMonth=8&drYear=2024 (POST form),Reserve Bank of India,2026-09-28
2024,8,15,2024-08-15,Srinagar,Independence Day/Parsi New Year (Shahenshahi),NI Act holiday,https://www.rbi.org.in/Scripts/HolidayMatrixDisplay.aspx?drRegionalOffice=0&drMonth=8&drYear=2024 (POST form),Reserve Bank of India,2026-09-28
2024,8,26,2024-08-26,Srinagar,Janmashtami (Shravan Vad-8)/Krishna Jayanthi,NI Act holiday,https://www.rbi.org.in/Scripts/HolidayMatrixDisplay.aspx?drRegionalOffice=0&drMonth=8&drYear=2024 (POST form),Reserve Bank of India,2026-09-28
2024,8,15,2024-08-15,Thiruvananthapuram,Independence Day/Parsi New Year (Shahenshahi),NI Act holiday,https://www.rbi.org.in/Scripts/HolidayMatrixDisplay.aspx?drRegionalOffice=0&drMonth=8&drYear=2024 (POST form),Reserve Bank of India,2026-09-28
2024,8,20,2024-08-20,Thiruvananthapuram,Sree Narayana Guru Jayanthi,NI Act holiday,https://www.rbi.org.in/Scripts/HolidayMatrixDisplay.aspx?drRegionalOffice=0&drMonth=8&drYear=2024 (POST form),Reserve Bank of India,2026-09-28
2024,8,15,2024-08-15,Vijayawada,Independence Day/Parsi New Year (Shahenshahi),NI Act holiday,https://www.rbi.org.in/Scripts/HolidayMatrixDisplay.aspx?drRegionalOffice=0&drMonth=8&drYear=2024 (POST form),Reserve Bank of India,2026-09-28
2024,8,26,2024-08-26,Vijayawada,Janmashtami (Shravan Vad-8)/Krishna Jayanthi,NI Act holiday,https://www.rbi.org.in/Scripts/HolidayMatrixDisplay.aspx?drRegionalOffice=0&drMonth=8&drYear=2024 (POST form),Reserve Bank of India,2026-09-28
2024,9,7,2024-09-07,Ahmedabad,Ganesh Chaturthi/Samvatsari (Chaturthi Paksha)/Varasiddhi Vinayaka Vrata/Vinayakar Chathurthi,NI Act holiday,https://www.rbi.org.in/Scripts/HolidayMatrixDisplay.aspx?drRegionalOffice=0&drMonth=9&drYear=2024 (POST form),Reserve Bank of India,2026-09-28
2024,9,16,2024-09-16,Ahmedabad,Milad-un-Nabi or Id-e Milad (Birthday of Prophet Mohammad) (bara vafat),NI Act holiday,https://www.rbi.org.in/Scripts/HolidayMatrixDisplay.aspx?drRegionalOffice=0&drMonth=9&drYear=2024 (POST form),Reserve Bank of India,2026-09-28
2024,9,16,2024-09-16,Aizawl,Milad-un-Nabi or Id-e Milad (Birthday of Prophet Mohammad) (bara vafat),NI Act holiday,https://www.rbi.org.in/Scripts/HolidayMatrixDisplay.aspx?drRegionalOffice=0&drMonth=9&drYear=2024 (POST form),Reserve Bank of India,2026-09-28
2024,9,7,2024-09-07,Belapur,Ganesh Chaturthi/Samvatsari (Chaturthi Paksha)/Varasiddhi Vinayaka Vrata/Vinayakar Chathurthi,NI Act holiday,https://www.rbi.org.in/Scripts/HolidayMatrixDisplay.aspx?drRegionalOffice=0&drMonth=9&drYear=2024 (POST form),Reserve Bank of India,2026-09-28
2024,9,18,2024-09-18,Belapur,Pang-Lhabsol/Id-E-Milad/Unitarian Anniversary Day,NI Act holiday,https://www.rbi.org.in/Scripts/HolidayMatrixDisplay.aspx?drRegionalOffice=0&drMonth=9&drYear=2024 (POST form),Reserve Bank of India,2026-09-28
2024,9,7,2024-09-07,Bengaluru,Ganesh Chaturthi/Samvatsari (Chaturthi Paksha)/Varasiddhi Vinayaka Vrata/Vinayakar Chathurthi,NI Act holiday,https://www.rbi.org.in/Scripts/HolidayMatrixDisplay.aspx?drRegionalOffice=0&drMonth=9&drYear=2024 (POST form),Reserve Bank of India,2026-09-28
2024,9,16,2024-09-16,Bengaluru,Milad-un-Nabi or Id-e Milad (Birthday of Prophet Mohammad) (bara vafat),NI Act holiday,https://www.rbi.org.in/Scripts/HolidayMatrixDisplay.aspx?drRegionalOffice=0&drMonth=9&drYear=2024 (POST form),Reserve Bank of India,2026-09-28
2024,9,7,2024-09-07,Bhubaneswar,Ganesh Chaturthi/Samvatsari (Chaturthi Paksha)/Varasiddhi Vinayaka Vrata/Vinayakar Chathurthi,NI Act holiday,https://www.rbi.org.in/Scripts/HolidayMatrixDisplay.aspx?drRegionalOffice=0&drMonth=9&drYear=2024 (POST form),Reserve Bank of India,2026-09-28
2024,9,9,2024-09-09,Bhubaneswar,Nuakhai,NI Act holiday,https://www.rbi.org.in/Scripts/HolidayMatrixDisplay.aspx?drRegionalOffice=0&drMonth=9&drYear=2024 (POST form),Reserve Bank of India,2026-09-28
2024,9,7,2024-09-07,Chennai,Ganesh Chaturthi/Samvatsari (Chaturthi Paksha)/Varasiddhi Vinayaka Vrata/Vinayakar Chathurthi,NI Act holiday,https://www.rbi.org.in/Scripts/HolidayMatrixDisplay.aspx?drRegionalOffice=0&drMonth=9&drYear=2024 (POST form),Reserve Bank of India,2026-09-28
2024,9,17,2024-09-17,Chennai,Indrajatra/Id-e-Milad (Milad-Un-Nabi),NI Act holiday,https://www.rbi.org.in/Scripts/HolidayMatrixDisplay.aspx?drRegionalOffice=0&drMonth=9&drYear=2024 (POST form),Reserve Bank of India,2026-09-28
2024,9,16,2024-09-16,Dehradun,Milad-un-Nabi or Id-e Milad (Birthday of Prophet Mohammad) (bara vafat),NI Act holiday,https://www.rbi.org.in/Scripts/HolidayMatrixDisplay.aspx?drRegionalOffice=0&drMonth=9&drYear=2024 (POST form),Reserve Bank of India,2026-09-28
2024,9,17,2024-09-17,Gangtok,Indrajatra/Id-e-Milad (Milad-Un-Nabi),NI Act holiday,https://www.rbi.org.in/Scripts/HolidayMatrixDisplay.aspx?drRegionalOffice=0&drMonth=9&drYear=2024 (POST form),Reserve Bank of India,2026-09-28
2024,9,18,2024-09-18,Gangtok,Pang-Lhabsol/Id-E-Milad/Unitarian Anniversary Day,NI Act holiday,https://www.rbi.org.in/Scripts/HolidayMatrixDisplay.aspx?drRegionalOffice=0&drMonth=9&drYear=2024 (POST form),Reserve Bank of India,2026-09-28
2024,9,4,2024-09-04,Guwahati,Tirubhav Tithi of Srimanta Sankardeva,NI Act holiday,https://www.rbi.org.in/Scripts/HolidayMatrixDisplay.aspx?drRegionalOffice=0&drMonth=9&drYear=2024 (POST form),Reserve Bank of India,2026-09-28
2024,9,7,2024-09-07,Hyderabad,Ganesh Chaturthi/Samvatsari (Chaturthi Paksha)/Varasiddhi Vinayaka Vrata/Vinayakar Chathurthi,NI Act holiday,https://www.rbi.org.in/Scripts/HolidayMatrixDisplay.aspx?drRegionalOffice=0&drMonth=9&drYear=2024 (POST form),Reserve Bank of India,2026-09-28
2024,9,16,2024-09-16,Hyderabad,Milad-un-Nabi or Id-e Milad (Birthday of Prophet Mohammad) (bara vafat),NI Act holiday,https://www.rbi.org.in/Scripts/HolidayMatrixDisplay.aspx?drRegionalOffice=0&drMonth=9&drYear=2024 (POST form),Reserve Bank of India,2026-09-28
2024,9,16,2024-09-16,Imphal,Milad-un-Nabi or Id-e Milad (Birthday of Prophet Mohammad) (bara vafat),NI Act holiday,https://www.rbi.org.in/Scripts/HolidayMatrixDisplay.aspx?drRegionalOffice=0&drMonth=9&drYear=2024 (POST form),Reserve Bank of India,2026-09-28
2024,9,16,2024-09-16,Jammu,Milad-un-Nabi or Id-e Milad (Birthday of Prophet Mohammad) (bara vafat),NI Act holiday,https://www.rbi.org.in/Scripts/HolidayMatrixDisplay.aspx?drRegionalOffice=0&drMonth=9&drYear=2024 (POST form),Reserve Bank of India,2026-09-28
2024,9,20,2024-09-20,Jammu,Friday following Eid-i-Milad-ul-Nabi,NI Act holiday,https://www.rbi.org.in/Scripts/HolidayMatrixDisplay.aspx?drRegionalOffice=0&drMonth=9&drYear=2024 (POST form),Reserve Bank of India,2026-09-28
2024,9,23,2024-09-23,Jammu,Birthday of Maharaja Hari Singh Ji,NI Act holiday,https://www.rbi.org.in/Scripts/HolidayMatrixDisplay.aspx?drRegionalOffice=0&drMonth=9&drYear=2024 (POST form),Reserve Bank of India,2026-09-28
2024,9,16,2024-09-16,Kanpur,Milad-un-Nabi or Id-e Milad (Birthday of Prophet Mohammad) (bara vafat),NI Act holiday,https://www.rbi.org.in/Scripts/HolidayMatrixDisplay.aspx?drRegionalOffice=0&drMonth=9&drYear=2024 (POST form),Reserve Bank of India,2026-09-28
2024,9,14,2024-09-14,Kochi,Karma Puja/First Onam,NI Act holiday,https://www.rbi.org.in/Scripts/HolidayMatrixDisplay.aspx?drRegionalOffice=0&drMonth=9&drYear=2024 (POST form),Reserve Bank of India,2026-09-28
2024,9,16,2024-09-16,Kochi,Milad-un-Nabi or Id-e Milad (Birthday of Prophet Mohammad) (bara vafat),NI Act holiday,https://www.rbi.org.in/Scripts/HolidayMatrixDisplay.aspx?drRegionalOffice=0&drMonth=9&drYear=2024 (POST form),Reserve Bank of India,2026-09-28
2024,9,21,2024-09-21,Kochi,Sree Narayana Guru Samadhi Day,NI Act holiday,https://www.rbi.org.in/Scripts/HolidayMatrixDisplay.aspx?drRegionalOffice=0&drMonth=9&drYear=2024 (POST form),Reserve Bank of India,2026-09-28
2024,9,16,2024-09-16,Lucknow,Milad-un-Nabi or Id-e Milad (Birthday of Prophet Mohammad) (bara vafat),NI Act holiday,https://www.rbi.org.in/Scripts/HolidayMatrixDisplay.aspx?drRegionalOffice=0&drMonth=9&drYear=2024 (POST form),Reserve Bank of India,2026-09-28
2024,9,7,2024-09-07,Mumbai,Ganesh Chaturthi/Samvatsari (Chaturthi Paksha)/Varasiddhi Vinayaka Vrata/Vinayakar Chathurthi,NI Act holiday,https://www.rbi.org.in/Scripts/HolidayMatrixDisplay.aspx?drRegionalOffice=0&drMonth=9&drYear=2024 (POST form),Reserve Bank of India,2026-09-28
2024,9,18,2024-09-18,Mumbai,Pang-Lhabsol/Id-E-Milad/Unitarian Anniversary Day,NI Act holiday,https://www.rbi.org.in/Scripts/HolidayMatrixDisplay.aspx?drRegionalOffice=0&drMonth=9&drYear=2024 (POST form),Reserve Bank of India,2026-09-28
2024,9,7,2024-09-07,Nagpur,Ganesh Chaturthi/Samvatsari (Chaturthi Paksha)/Varasiddhi Vinayaka Vrata/Vinayakar Chathurthi,NI Act holiday,https://www.rbi.org.in/Scripts/HolidayMatrixDisplay.aspx?drRegionalOffice=0&drMonth=9&drYear=2024 (POST form),Reserve Bank of India,2026-09-28
2024,9,16,2024-09-16,Nagpur,Milad-un-Nabi or Id-e Milad (Birthday of Prophet Mohammad) (bara vafat),NI Act holiday,https://www.rbi.org.in/Scripts/HolidayMatrixDisplay.aspx?drRegionalOffice=0&drMonth=9&drYear=2024 (POST form),Reserve Bank of India,2026-09-28
2024,9,16,2024-09-16,New Delhi,Milad-un-Nabi or Id-e Milad (Birthday of Prophet Mohammad) (bara vafat),NI Act holiday,https://www.rbi.org.in/Scripts/HolidayMatrixDisplay.aspx?drRegionalOffice=0&drMonth=9&drYear=2024 (POST form),Reserve Bank of India,2026-09-28
2024,9,7,2024-09-07,Panaji,Ganesh Chaturthi/Samvatsari (Chaturthi Paksha)/Varasiddhi Vinayaka Vrata/Vinayakar Chathurthi,NI Act holiday,https://www.rbi.org.in/Scripts/HolidayMatrixDisplay.aspx?drRegionalOffice=0&drMonth=9&drYear=2024 (POST form),Reserve Bank of India,2026-09-28
2024,9,16,2024-09-16,Raipur,Milad-un-Nabi or Id-e Milad (Birthday of Prophet Mohammad) (bara vafat),NI Act holiday,https://www.rbi.org.in/Scripts/HolidayMatrixDisplay.aspx?drRegionalOffice=0&drMonth=9&drYear=2024 (POST form),Reserve Bank of India,2026-09-28
2024,9,14,2024-09-14,Ranchi,Karma Puja/First Onam,NI Act holiday,https://www.rbi.org.in/Scripts/HolidayMatrixDisplay.aspx?drRegionalOffice=0&drMonth=9&drYear=2024 (POST form),Reserve Bank of India,2026-09-28
2024,9,16,2024-09-16,Ranchi,Milad-un-Nabi or Id-e Milad (Birthday of Prophet Mohammad) (bara vafat),NI Act holiday,https://www.rbi.org.in/Scripts/HolidayMatrixDisplay.aspx?drRegionalOffice=0&drMonth=9&drYear=2024 (POST form),Reserve Bank of India,2026-09-28
2024,9,18,2024-09-18,Shillong,Pang-Lhabsol/Id-E-Milad/Unitarian Anniversary Day,NI Act holiday,https://www.rbi.org.in/Scripts/HolidayMatrixDisplay.aspx?drRegionalOffice=0&drMonth=9&drYear=2024 (POST form),Reserve Bank of India,2026-09-28
2024,9,16,2024-09-16,Srinagar,Milad-un-Nabi or Id-e Milad (Birthday of Prophet Mohammad) (bara vafat),NI Act holiday,https://www.rbi.org.in/Scripts/HolidayMatrixDisplay.aspx?drRegionalOffice=0&drMonth=9&drYear=2024 (POST form),Reserve Bank of India,2026-09-28
2024,9,20,2024-09-20,Srinagar,Friday following Eid-i-Milad-ul-Nabi,NI Act holiday,https://www.rbi.org.in/Scripts/HolidayMatrixDisplay.aspx?drRegionalOffice=0&drMonth=9&drYear=2024 (POST form),Reserve Bank of India,2026-09-28
2024,9,23,2024-09-23,Srinagar,Birthday of Maharaja Hari Singh Ji,NI Act holiday,https://www.rbi.org.in/Scripts/HolidayMatrixDisplay.aspx?drRegionalOffice=0&drMonth=9&drYear=2024 (POST form),Reserve Bank of India,2026-09-28
2024,9,25,2024-09-25,Srinagar,General Elections to the State Legislative Assembly 2024,NI Act holiday,https://www.rbi.org.in/Scripts/HolidayMatrixDisplay.aspx?drRegionalOffice=0&drMonth=9&drYear=2024 (POST form),Reserve Bank of India,2026-09-28
2024,9,14,2024-09-14,Thiruvananthapuram,Karma Puja/First Onam,NI Act holiday,https://www.rbi.org.in/Scripts/HolidayMatrixDisplay.aspx?drRegionalOffice=0&drMonth=9&drYear=2024 (POST form),Reserve Bank of India,2026-09-28
2024,9,16,2024-09-16,Thiruvananthapuram,Milad-un-Nabi or Id-e Milad (Birthday of Prophet Mohammad) (bara vafat),NI Act holiday,https://www.rbi.org.in/Scripts/HolidayMatrixDisplay.aspx?drRegionalOffice=0&drMonth=9&drYear=2024 (POST form),Reserve Bank of India,2026-09-28
2024,9,21,2024-09-21,Thiruvananthapuram,Sree Narayana Guru Samadhi Day,NI Act holiday,https://www.rbi.org.in/Scripts/HolidayMatrixDisplay.aspx?drRegionalOffice=0&drMonth=9&drYear=2024 (POST form),Reserve Bank of India,2026-09-28
2024,9,7,2024-09-07,Vijayawada,Ganesh Chaturthi/Samvatsari (Chaturthi Paksha)/Varasiddhi Vinayaka Vrata/Vinayakar Chathurthi,NI Act holiday,https://www.rbi.org.in/Scripts/HolidayMatrixDisplay.aspx?drRegionalOffice=0&drMonth=9&drYear=2024 (POST form),Reserve Bank of India,2026-09-28
2024,9,16,2024-09-16,Vijayawada,Milad-un-Nabi or Id-e Milad (Birthday of Prophet Mohammad) (bara vafat),NI Act holiday,https://www.rbi.org.in/Scripts/HolidayMatrixDisplay.aspx?drRegionalOffice=0&drMonth=9&drYear=2024 (POST form),Reserve Bank of India,2026-09-28
2024,10,2,2024-10-02,Agartala,Mahatma Gandhi Jayanti/Mahalaya Amavasye,NI Act holiday,https://www.rbi.org.in/Scripts/HolidayMatrixDisplay.aspx?drRegionalOffice=0&drMonth=10&drYear=2024 (POST form),Reserve Bank of India,2026-09-28
2024,10,10,2024-10-10,Agartala,Durga Puja/Dussehra (Maha Saptami),NI Act holiday,https://www.rbi.org.in/Scripts/HolidayMatrixDisplay.aspx?drRegionalOffice=0&drMonth=10&drYear=2024 (POST form),Reserve Bank of India,2026-09-28
2024,10,11,2024-10-11,Agartala,Dusshera (Mahashtami/Mahanavami)/Ayudha Pooja/Durga Puja (Dasain)/Durga Ashtami,NI Act holiday,https://www.rbi.org.in/Scripts/HolidayMatrixDisplay.aspx?drRegionalOffice=0&drMonth=10&drYear=2024 (POST form),Reserve Bank of India,2026-09-28
2024,10,12,2024-10-12,Agartala,Dasara/Dussehra (Mahanavami/Vijayadashmi)/Durga Puja (Dasain),NI Act holiday,https://www.rbi.org.in/Scripts/HolidayMatrixDisplay.aspx?drRegionalOffice=0&drMonth=10&drYear=2024 (POST form),Reserve Bank of India,2026-09-28
2024,10,16,2024-10-16,Agartala,Lakshmi Puja,NI Act holiday,https://www.rbi.org.in/Scripts/HolidayMatrixDisplay.aspx?drRegionalOffice=0&drMonth=10&drYear=2024 (POST form),Reserve Bank of India,2026-09-28
2024,10,2,2024-10-02,Ahmedabad,Mahatma Gandhi Jayanti/Mahalaya Amavasye,NI Act holiday,https://www.rbi.org.in/Scripts/HolidayMatrixDisplay.aspx?drRegionalOffice=0&drMonth=10&drYear=2024 (POST form),Reserve Bank of India,2026-09-28
2024,10,31,2024-10-31,Ahmedabad,Diwali (Deepavali)/Kali Puja/Sardar Vallabhbhai Patel's Birthday/Naraka Chaturdashi,NI Act holiday,https://www.rbi.org.in/Scripts/HolidayMatrixDisplay.aspx?drRegionalOffice=0&drMonth=10&drYear=2024 (POST form),Reserve Bank of India,2026-09-28
2024,10,2,2024-10-02,Aizawl,Mahatma Gandhi Jayanti/Mahalaya Amavasye,NI Act holiday,https://www.rbi.org.in/Scripts/HolidayMatrixDisplay.aspx?drRegionalOffice=0&drMonth=10&drYear=2024 (POST form),Reserve Bank of India,2026-09-28
2024,10,31,2024-10-31,Aizawl,Diwali (Deepavali)/Kali Puja/Sardar Vallabhbhai Patel's Birthday/Naraka Chaturdashi,NI Act holiday,https://www.rbi.org.in/Scripts/HolidayMatrixDisplay.aspx?drRegionalOffice=0&drMonth=10&drYear=2024 (POST form),Reserve Bank of India,2026-09-28
2024,10,2,2024-10-02,Belapur,Mahatma Gandhi Jayanti/Mahalaya Amavasye,NI Act holiday,https://www.rbi.org.in/Scripts/HolidayMatrixDisplay.aspx?drRegionalOffice=0&drMonth=10&drYear=2024 (POST form),Reserve Bank of India,2026-09-28
2024,10,12,2024-10-12,Belapur,Dasara/Dussehra (Mahanavami/Vijayadashmi)/Durga Puja (Dasain),NI Act holiday,https://www.rbi.org.in/Scripts/HolidayMatrixDisplay.aspx?drRegionalOffice=0&drMonth=10&drYear=2024 (POST form),Reserve Bank of India,2026-09-28
2024,10,2,2024-10-02,Bengaluru,Mahatma Gandhi Jayanti/Mahalaya Amavasye,NI Act holiday,https://www.rbi.org.in/Scripts/HolidayMatrixDisplay.aspx?drRegionalOffice=0&drMonth=10&drYear=2024 (POST form),Reserve Bank of India,2026-09-28
2024,10,11,2024-10-11,Bengaluru,Dusshera (Mahashtami/Mahanavami)/Ayudha Pooja/Durga Puja (Dasain)/Durga Ashtami,NI Act holiday,https://www.rbi.org.in/Scripts/HolidayMatrixDisplay.aspx?drRegionalOffice=0&drMonth=10&drYear=2024 (POST form),Reserve Bank of India,2026-09-28
2024,10,17,2024-10-17,Bengaluru,Maharshi Valmiki Jayanti/Kati Bihu,NI Act holiday,https://www.rbi.org.in/Scripts/HolidayMatrixDisplay.aspx?drRegionalOffice=0&drMonth=10&drYear=2024 (POST form),Reserve Bank of India,2026-09-28
2024,10,31,2024-10-31,Bengaluru,Diwali (Deepavali)/Kali Puja/Sardar Vallabhbhai Patel's Birthday/Naraka Chaturdashi,NI Act holiday,https://www.rbi.org.in/Scripts/HolidayMatrixDisplay.aspx?drRegionalOffice=0&drMonth=10&drYear=2024 (POST form),Reserve Bank of India,2026-09-28
2024,10,2,2024-10-02,Bhopal,Mahatma Gandhi Jayanti/Mahalaya Amavasye,NI Act holiday,https://www.rbi.org.in/Scripts/HolidayMatrixDisplay.aspx?drRegionalOffice=0&drMonth=10&drYear=2024 (POST form),Reserve Bank of India,2026-09-28
2024,10,12,2024-10-12,Bhopal,Dasara/Dussehra (Mahanavami/Vijayadashmi)/Durga Puja (Dasain),NI Act holiday,https://www.rbi.org.in/Scripts/HolidayMatrixDisplay.aspx?drRegionalOffice=0&drMonth=10&drYear=2024 (POST form),Reserve Bank of India,2026-09-28
2024,10,31,2024-10-31,Bhopal,Diwali (Deepavali)/Kali Puja/Sardar Vallabhbhai Patel's Birthday/Naraka Chaturdashi,NI Act holiday,https://www.rbi.org.in/Scripts/HolidayMatrixDisplay.aspx?drRegionalOffice=0&drMonth=10&drYear=2024 (POST form),Reserve Bank of India,2026-09-28
2024,10,2,2024-10-02,Bhubaneswar,Mahatma Gandhi Jayanti/Mahalaya Amavasye,NI Act holiday,https://www.rbi.org.in/Scripts/HolidayMatrixDisplay.aspx?drRegionalOffice=0&drMonth=10&drYear=2024 (POST form),Reserve Bank of India,2026-09-28
2024,10,11,2024-10-11,Bhubaneswar,Dusshera (Mahashtami/Mahanavami)/Ayudha Pooja/Durga Puja (Dasain)/Durga Ashtami,NI Act holiday,https://www.rbi.org.in/Scripts/HolidayMatrixDisplay.aspx?drRegionalOffice=0&drMonth=10&drYear=2024 (POST form),Reserve Bank of India,2026-09-28
2024,10,12,2024-10-12,Bhubaneswar,Dasara/Dussehra (Mahanavami/Vijayadashmi)/Durga Puja (Dasain),NI Act holiday,https://www.rbi.org.in/Scripts/HolidayMatrixDisplay.aspx?drRegionalOffice=0&drMonth=10&drYear=2024 (POST form),Reserve Bank of India,2026-09-28
2024,10,31,2024-10-31,Bhubaneswar,Diwali (Deepavali)/Kali Puja/Sardar Vallabhbhai Patel's Birthday/Naraka Chaturdashi,NI Act holiday,https://www.rbi.org.in/Scripts/HolidayMatrixDisplay.aspx?drRegionalOffice=0&drMonth=10&drYear=2024 (POST form),Reserve Bank of India,2026-09-28
2024,10,2,2024-10-02,Chandigarh,Mahatma Gandhi Jayanti/Mahalaya Amavasye,NI Act holiday,https://www.rbi.org.in/Scripts/HolidayMatrixDisplay.aspx?drRegionalOffice=0&drMonth=10&drYear=2024 (POST form),Reserve Bank of India,2026-09-28
2024,10,3,2024-10-03,Chandigarh,Navratra Sthapna/Maharaja Agrasen Jayanti,NI Act holiday,https://www.rbi.org.in/Scripts/HolidayMatrixDisplay.aspx?drRegionalOffice=0&drMonth=10&drYear=2024 (POST form),Reserve Bank of India,2026-09-28
2024,10,12,2024-10-12,Chandigarh,Dasara/Dussehra (Mahanavami/Vijayadashmi)/Durga Puja (Dasain),NI Act holiday,https://www.rbi.org.in/Scripts/HolidayMatrixDisplay.aspx?drRegionalOffice=0&drMonth=10&drYear=2024 (POST form),Reserve Bank of India,2026-09-28
2024,10,31,2024-10-31,Chandigarh,Diwali (Deepavali)/Kali Puja/Sardar Vallabhbhai Patel's Birthday/Naraka Chaturdashi,NI Act holiday,https://www.rbi.org.in/Scripts/HolidayMatrixDisplay.aspx?drRegionalOffice=0&drMonth=10&drYear=2024 (POST form),Reserve Bank of India,2026-09-28
2024,10,2,2024-10-02,Chennai,Mahatma Gandhi Jayanti/Mahalaya Amavasye,NI Act holiday,https://www.rbi.org.in/Scripts/HolidayMatrixDisplay.aspx?drRegionalOffice=0&drMonth=10&drYear=2024 (POST form),Reserve Bank of India,2026-09-28
2024,10,11,2024-10-11,Chennai,Dusshera (Mahashtami/Mahanavami)/Ayudha Pooja/Durga Puja (Dasain)/Durga Ashtami,NI Act holiday,https://www.rbi.org.in/Scripts/HolidayMatrixDisplay.aspx?drRegionalOffice=0&drMonth=10&drYear=2024 (POST form),Reserve Bank of India,2026-09-28
2024,10,12,2024-10-12,Chennai,Dasara/Dussehra (Mahanavami/Vijayadashmi)/Durga Puja (Dasain),NI Act holiday,https://www.rbi.org.in/Scripts/HolidayMatrixDisplay.aspx?drRegionalOffice=0&drMonth=10&drYear=2024 (POST form),Reserve Bank of India,2026-09-28
2024,10,31,2024-10-31,Chennai,Diwali (Deepavali)/Kali Puja/Sardar Vallabhbhai Patel's Birthday/Naraka Chaturdashi,NI Act holiday,https://www.rbi.org.in/Scripts/HolidayMatrixDisplay.aspx?drRegionalOffice=0&drMonth=10&drYear=2024 (POST form),Reserve Bank of India,2026-09-28
2024,10,2,2024-10-02,Dehradun,Mahatma Gandhi Jayanti/Mahalaya Amavasye,NI Act holiday,https://www.rbi.org.in/Scripts/HolidayMatrixDisplay.aspx?drRegionalOffice=0&drMonth=10&drYear=2024 (POST form),Reserve Bank of India,2026-09-28
2024,10,12,2024-10-12,Dehradun,Dasara/Dussehra (Mahanavami/Vijayadashmi)/Durga Puja (Dasain),NI Act holiday,https://www.rbi.org.in/Scripts/HolidayMatrixDisplay.aspx?drRegionalOffice=0&drMonth=10&drYear=2024 (POST form),Reserve Bank of India,2026-09-28
2024,10,31,2024-10-31,Dehradun,Diwali (Deepavali)/Kali Puja/Sardar Vallabhbhai Patel's Birthday/Naraka Chaturdashi,NI Act holiday,https://www.rbi.org.in/Scripts/HolidayMatrixDisplay.aspx?drRegionalOffice=0&drMonth=10&drYear=2024 (POST form),Reserve Bank of India,2026-09-28
2024,10,2,2024-10-02,Gangtok,Mahatma Gandhi Jayanti/Mahalaya Amavasye,NI Act holiday,https://www.rbi.org.in/Scripts/HolidayMatrixDisplay.aspx?drRegionalOffice=0&drMonth=10&drYear=2024 (POST form),Reserve Bank of India,2026-09-28
2024,10,11,2024-10-11,Gangtok,Dusshera (Mahashtami/Mahanavami)/Ayudha Pooja/Durga Puja (Dasain)/Durga Ashtami,NI Act holiday,https://www.rbi.org.in/Scripts/HolidayMatrixDisplay.aspx?drRegionalOffice=0&drMonth=10&drYear=2024 (POST form),Reserve Bank of India,2026-09-28
2024,10,12,2024-10-12,Gangtok,Dasara/Dussehra (Mahanavami/Vijayadashmi)/Durga Puja (Dasain),NI Act holiday,https://www.rbi.org.in/Scripts/HolidayMatrixDisplay.aspx?drRegionalOffice=0&drMonth=10&drYear=2024 (POST form),Reserve Bank of India,2026-09-28
2024,10,14,2024-10-14,Gangtok,Durga Puja (Dasain),NI Act holiday,https://www.rbi.org.in/Scripts/HolidayMatrixDisplay.aspx?drRegionalOffice=0&drMonth=10&drYear=2024 (POST form),Reserve Bank of India,2026-09-28
2024,10,15,2024-10-15,Gangtok,Durga Puja (Dasain),NI Act holiday,https://www.rbi.org.in/Scripts/HolidayMatrixDisplay.aspx?drRegionalOffice=0&drMonth=10&drYear=2024 (POST form),Reserve Bank of India,2026-09-28
2024,10,2,2024-10-02,Guwahati,Mahatma Gandhi Jayanti/Mahalaya Amavasye,NI Act holiday,https://www.rbi.org.in/Scripts/HolidayMatrixDisplay.aspx?drRegionalOffice=0&drMonth=10&drYear=2024 (POST form),Reserve Bank of India,2026-09-28
2024,10,10,2024-10-10,Guwahati,Durga Puja/Dussehra (Maha Saptami),NI Act holiday,https://www.rbi.org.in/Scripts/HolidayMatrixDisplay.aspx?drRegionalOffice=0&drMonth=10&drYear=2024 (POST form),Reserve Bank of India,2026-09-28
2024,10,11,2024-10-11,Guwahati,Dusshera (Mahashtami/Mahanavami)/Ayudha Pooja/Durga Puja (Dasain)/Durga Ashtami,NI Act holiday,https://www.rbi.org.in/Scripts/HolidayMatrixDisplay.aspx?drRegionalOffice=0&drMonth=10&drYear=2024 (POST form),Reserve Bank of India,2026-09-28
2024,10,12,2024-10-12,Guwahati,Dasara/Dussehra (Mahanavami/Vijayadashmi)/Durga Puja (Dasain),NI Act holiday,https://www.rbi.org.in/Scripts/HolidayMatrixDisplay.aspx?drRegionalOffice=0&drMonth=10&drYear=2024 (POST form),Reserve Bank of India,2026-09-28
2024,10,17,2024-10-17,Guwahati,Maharshi Valmiki Jayanti/Kati Bihu,NI Act holiday,https://www.rbi.org.in/Scripts/HolidayMatrixDisplay.aspx?drRegionalOffice=0&drMonth=10&drYear=2024 (POST form),Reserve Bank of India,2026-09-28
2024,10,31,2024-10-31,Guwahati,Diwali (Deepavali)/Kali Puja/Sardar Vallabhbhai Patel's Birthday/Naraka Chaturdashi,NI Act holiday,https://www.rbi.org.in/Scripts/HolidayMatrixDisplay.aspx?drRegionalOffice=0&drMonth=10&drYear=2024 (POST form),Reserve Bank of India,2026-09-28
2024,10,2,2024-10-02,Hyderabad,Mahatma Gandhi Jayanti/Mahalaya Amavasye,NI Act holiday,https://www.rbi.org.in/Scripts/HolidayMatrixDisplay.aspx?drRegionalOffice=0&drMonth=10&drYear=2024 (POST form),Reserve Bank of India,2026-09-28
2024,10,12,2024-10-12,Hyderabad,Dasara/Dussehra (Mahanavami/Vijayadashmi)/Durga Puja (Dasain),NI Act holiday,https://www.rbi.org.in/Scripts/HolidayMatrixDisplay.aspx?drRegionalOffice=0&drMonth=10&drYear=2024 (POST form),Reserve Bank of India,2026-09-28
2024,10,31,2024-10-31,Hyderabad,Diwali (Deepavali)/Kali Puja/Sardar Vallabhbhai Patel's Birthday/Naraka Chaturdashi,NI Act holiday,https://www.rbi.org.in/Scripts/HolidayMatrixDisplay.aspx?drRegionalOffice=0&drMonth=10&drYear=2024 (POST form),Reserve Bank of India,2026-09-28
2024,10,2,2024-10-02,Imphal,Mahatma Gandhi Jayanti/Mahalaya Amavasye,NI Act holiday,https://www.rbi.org.in/Scripts/HolidayMatrixDisplay.aspx?drRegionalOffice=0&drMonth=10&drYear=2024 (POST form),Reserve Bank of India,2026-09-28
2024,10,11,2024-10-11,Imphal,Dusshera (Mahashtami/Mahanavami)/Ayudha Pooja/Durga Puja (Dasain)/Durga Ashtami,NI Act holiday,https://www.rbi.org.in/Scripts/HolidayMatrixDisplay.aspx?drRegionalOffice=0&drMonth=10&drYear=2024 (POST form),Reserve Bank of India,2026-09-28
2024,10,2,2024-10-02,Itanagar,Mahatma Gandhi Jayanti/Mahalaya Amavasye,NI Act holiday,https://www.rbi.org.in/Scripts/HolidayMatrixDisplay.aspx?drRegionalOffice=0&drMonth=10&drYear=2024 (POST form),Reserve Bank of India,2026-09-28
2024,10,11,2024-10-11,Itanagar,Dusshera (Mahashtami/Mahanavami)/Ayudha Pooja/Durga Puja (Dasain)/Durga Ashtami,NI Act holiday,https://www.rbi.org.in/Scripts/HolidayMatrixDisplay.aspx?drRegionalOffice=0&drMonth=10&drYear=2024 (POST form),Reserve Bank of India,2026-09-28
2024,10,12,2024-10-12,Itanagar,Dasara/Dussehra (Mahanavami/Vijayadashmi)/Durga Puja (Dasain),NI Act holiday,https://www.rbi.org.in/Scripts/HolidayMatrixDisplay.aspx?drRegionalOffice=0&drMonth=10&drYear=2024 (POST form),Reserve Bank of India,2026-09-28
2024,10,31,2024-10-31,Itanagar,Diwali (Deepavali)/Kali Puja/Sardar Vallabhbhai Patel's Birthday/Naraka Chaturdashi,NI Act holiday,https://www.rbi.org.in/Scripts/HolidayMatrixDisplay.aspx?drRegionalOffice=0&drMonth=10&drYear=2024 (POST form),Reserve Bank of India,2026-09-28
2024,10,2,2024-10-02,Jaipur,Mahatma Gandhi Jayanti/Mahalaya Amavasye,NI Act holiday,https://www.rbi.org.in/Scripts/HolidayMatrixDisplay.aspx?drRegionalOffice=0&drMonth=10&drYear=2024 (POST form),Reserve Bank of India,2026-09-28
2024,10,3,2024-10-03,Jaipur,Navratra Sthapna/Maharaja Agrasen Jayanti,NI Act holiday,https://www.rbi.org.in/Scripts/HolidayMatrixDisplay.aspx?drRegionalOffice=0&drMonth=10&drYear=2024 (POST form),Reserve Bank of India,2026-09-28
2024,10,12,2024-10-12,Jaipur,Dasara/Dussehra (Mahanavami/Vijayadashmi)/Durga Puja (Dasain),NI Act holiday,https://www.rbi.org.in/Scripts/HolidayMatrixDisplay.aspx?drRegionalOffice=0&drMonth=10&drYear=2024 (POST form),Reserve Bank of India,2026-09-28
2024,10,31,2024-10-31,Jaipur,Diwali (Deepavali)/Kali Puja/Sardar Vallabhbhai Patel's Birthday/Naraka Chaturdashi,NI Act holiday,https://www.rbi.org.in/Scripts/HolidayMatrixDisplay.aspx?drRegionalOffice=0&drMonth=10&drYear=2024 (POST form),Reserve Bank of India,2026-09-28
2024,10,1,2024-10-01,Jammu,General Elections to the State Legislative Assembly 2024,NI Act holiday,https://www.rbi.org.in/Scripts/HolidayMatrixDisplay.aspx?drRegionalOffice=0&drMonth=10&drYear=2024 (POST form),Reserve Bank of India,2026-09-28
2024,10,2,2024-10-02,Jammu,Mahatma Gandhi Jayanti/Mahalaya Amavasye,NI Act holiday,https://www.rbi.org.in/Scripts/HolidayMatrixDisplay.aspx?drRegionalOffice=0&drMonth=10&drYear=2024 (POST form),Reserve Bank of India,2026-09-28
2024,10,12,2024-10-12,Jammu,Dasara/Dussehra (Mahanavami/Vijayadashmi)/Durga Puja (Dasain),NI Act holiday,https://www.rbi.org.in/Scripts/HolidayMatrixDisplay.aspx?drRegionalOffice=0&drMonth=10&drYear=2024 (POST form),Reserve Bank of India,2026-09-28
2024,10,26,2024-10-26,Jammu,Accession Day,NI Act holiday,https://www.rbi.org.in/Scripts/HolidayMatrixDisplay.aspx?drRegionalOffice=0&drMonth=10&drYear=2024 (POST form),Reserve Bank of India,2026-09-28
2024,10,2,2024-10-02,Kanpur,Mahatma Gandhi Jayanti/Mahalaya Amavasye,NI Act holiday,https://www.rbi.org.in/Scripts/HolidayMatrixDisplay.aspx?drRegionalOffice=0&drMonth=10&drYear=2024 (POST form),Reserve Bank of India,2026-09-28
2024,10,11,2024-10-11,Kanpur,Dusshera (Mahashtami/Mahanavami)/Ayudha Pooja/Durga Puja (Dasain)/Durga Ashtami,NI Act holiday,https://www.rbi.org.in/Scripts/HolidayMatrixDisplay.aspx?drRegionalOffice=0&drMonth=10&drYear=2024 (POST form),Reserve Bank of India,2026-09-28
2024,10,12,2024-10-12,Kanpur,Dasara/Dussehra (Mahanavami/Vijayadashmi)/Durga Puja (Dasain),NI Act holiday,https://www.rbi.org.in/Scripts/HolidayMatrixDisplay.aspx?drRegionalOffice=0&drMonth=10&drYear=2024 (POST form),Reserve Bank of India,2026-09-28
2024,10,31,2024-10-31,Kanpur,Diwali (Deepavali)/Kali Puja/Sardar Vallabhbhai Patel's Birthday/Naraka Chaturdashi,NI Act holiday,https://www.rbi.org.in/Scripts/HolidayMatrixDisplay.aspx?drRegionalOffice=0&drMonth=10&drYear=2024 (POST form),Reserve Bank of India,2026-09-28
2024,10,2,2024-10-02,Kochi,Mahatma Gandhi Jayanti/Mahalaya Amavasye,NI Act holiday,https://www.rbi.org.in/Scripts/HolidayMatrixDisplay.aspx?drRegionalOffice=0&drMonth=10&drYear=2024 (POST form),Reserve Bank of India,2026-09-28
2024,10,11,2024-10-11,Kochi,Dusshera (Mahashtami/Mahanavami)/Ayudha Pooja/Durga Puja (Dasain)/Durga Ashtami,NI Act holiday,https://www.rbi.org.in/Scripts/HolidayMatrixDisplay.aspx?drRegionalOffice=0&drMonth=10&drYear=2024 (POST form),Reserve Bank of India,2026-09-28
2024,10,12,2024-10-12,Kochi,Dasara/Dussehra (Mahanavami/Vijayadashmi)/Durga Puja (Dasain),NI Act holiday,https://www.rbi.org.in/Scripts/HolidayMatrixDisplay.aspx?drRegionalOffice=0&drMonth=10&drYear=2024 (POST form),Reserve Bank of India,2026-09-28
2024,10,31,2024-10-31,Kochi,Diwali (Deepavali)/Kali Puja/Sardar Vallabhbhai Patel's Birthday/Naraka Chaturdashi,NI Act holiday,https://www.rbi.org.in/Scripts/HolidayMatrixDisplay.aspx?drRegionalOffice=0&drMonth=10&drYear=2024 (POST form),Reserve Bank of India,2026-09-28
2024,10,2,2024-10-02,Kohima,Mahatma Gandhi Jayanti/Mahalaya Amavasye,NI Act holiday,https://www.rbi.org.in/Scripts/HolidayMatrixDisplay.aspx?drRegionalOffice=0&drMonth=10&drYear=2024 (POST form),Reserve Bank of India,2026-09-28
2024,10,10,2024-10-10,Kohima,Durga Puja/Dussehra (Maha Saptami),NI Act holiday,https://www.rbi.org.in/Scripts/HolidayMatrixDisplay.aspx?drRegionalOffice=0&drMonth=10&drYear=2024 (POST form),Reserve Bank of India,2026-09-28
2024,10,11,2024-10-11,Kohima,Dusshera (Mahashtami/Mahanavami)/Ayudha Pooja/Durga Puja (Dasain)/Durga Ashtami,NI Act holiday,https://www.rbi.org.in/Scripts/HolidayMatrixDisplay.aspx?drRegionalOffice=0&drMonth=10&drYear=2024 (POST form),Reserve Bank of India,2026-09-28
2024,10,31,2024-10-31,Kohima,Diwali (Deepavali)/Kali Puja/Sardar Vallabhbhai Patel's Birthday/Naraka Chaturdashi,NI Act holiday,https://www.rbi.org.in/Scripts/HolidayMatrixDisplay.aspx?drRegionalOffice=0&drMonth=10&drYear=2024 (POST form),Reserve Bank of India,2026-09-28
2024,10,2,2024-10-02,Kolkata,Mahatma Gandhi Jayanti/Mahalaya Amavasye,NI Act holiday,https://www.rbi.org.in/Scripts/HolidayMatrixDisplay.aspx?drRegionalOffice=0&drMonth=10&drYear=2024 (POST form),Reserve Bank of India,2026-09-28
2024,10,10,2024-10-10,Kolkata,Durga Puja/Dussehra (Maha Saptami),NI Act holiday,https://www.rbi.org.in/Scripts/HolidayMatrixDisplay.aspx?drRegionalOffice=0&drMonth=10&drYear=2024 (POST form),Reserve Bank of India,2026-09-28
2024,10,11,2024-10-11,Kolkata,Dusshera (Mahashtami/Mahanavami)/Ayudha Pooja/Durga Puja (Dasain)/Durga Ashtami,NI Act holiday,https://www.rbi.org.in/Scripts/HolidayMatrixDisplay.aspx?drRegionalOffice=0&drMonth=10&drYear=2024 (POST form),Reserve Bank of India,2026-09-28
2024,10,12,2024-10-12,Kolkata,Dasara/Dussehra (Mahanavami/Vijayadashmi)/Durga Puja (Dasain),NI Act holiday,https://www.rbi.org.in/Scripts/HolidayMatrixDisplay.aspx?drRegionalOffice=0&drMonth=10&drYear=2024 (POST form),Reserve Bank of India,2026-09-28
2024,10,16,2024-10-16,Kolkata,Lakshmi Puja,NI Act holiday,https://www.rbi.org.in/Scripts/HolidayMatrixDisplay.aspx?drRegionalOffice=0&drMonth=10&drYear=2024 (POST form),Reserve Bank of India,2026-09-28
2024,10,31,2024-10-31,Kolkata,Diwali (Deepavali)/Kali Puja/Sardar Vallabhbhai Patel's Birthday/Naraka Chaturdashi,NI Act holiday,https://www.rbi.org.in/Scripts/HolidayMatrixDisplay.aspx?drRegionalOffice=0&drMonth=10&drYear=2024 (POST form),Reserve Bank of India,2026-09-28
2024,10,2,2024-10-02,Lucknow,Mahatma Gandhi Jayanti/Mahalaya Amavasye,NI Act holiday,https://www.rbi.org.in/Scripts/HolidayMatrixDisplay.aspx?drRegionalOffice=0&drMonth=10&drYear=2024 (POST form),Reserve Bank of India,2026-09-28
2024,10,11,2024-10-11,Lucknow,Dusshera (Mahashtami/Mahanavami)/Ayudha Pooja/Durga Puja (Dasain)/Durga Ashtami,NI Act holiday,https://www.rbi.org.in/Scripts/HolidayMatrixDisplay.aspx?drRegionalOffice=0&drMonth=10&drYear=2024 (POST form),Reserve Bank of India,2026-09-28
2024,10,12,2024-10-12,Lucknow,Dasara/Dussehra (Mahanavami/Vijayadashmi)/Durga Puja (Dasain),NI Act holiday,https://www.rbi.org.in/Scripts/HolidayMatrixDisplay.aspx?drRegionalOffice=0&drMonth=10&drYear=2024 (POST form),Reserve Bank of India,2026-09-28
2024,10,31,2024-10-31,Lucknow,Diwali (Deepavali)/Kali Puja/Sardar Vallabhbhai Patel's Birthday/Naraka Chaturdashi,NI Act holiday,https://www.rbi.org.in/Scripts/HolidayMatrixDisplay.aspx?drRegionalOffice=0&drMonth=10&drYear=2024 (POST form),Reserve Bank of India,2026-09-28
2024,10,2,2024-10-02,Mumbai,Mahatma Gandhi Jayanti/Mahalaya Amavasye,NI Act holiday,https://www.rbi.org.in/Scripts/HolidayMatrixDisplay.aspx?drRegionalOffice=0&drMonth=10&drYear=2024 (POST form),Reserve Bank of India,2026-09-28
2024,10,12,2024-10-12,Mumbai,Dasara/Dussehra (Mahanavami/Vijayadashmi)/Durga Puja (Dasain),NI Act holiday,https://www.rbi.org.in/Scripts/HolidayMatrixDisplay.aspx?drRegionalOffice=0&drMonth=10&drYear=2024 (POST form),Reserve Bank of India,2026-09-28
2024,10,2,2024-10-02,Nagpur,Mahatma Gandhi Jayanti/Mahalaya Amavasye,NI Act holiday,https://www.rbi.org.in/Scripts/HolidayMatrixDisplay.aspx?drRegionalOffice=0&drMonth=10&drYear=2024 (POST form),Reserve Bank of India,2026-09-28
2024,10,12,2024-10-12,Nagpur,Dasara/Dussehra (Mahanavami/Vijayadashmi)/Durga Puja (Dasain),NI Act holiday,https://www.rbi.org.in/Scripts/HolidayMatrixDisplay.aspx?drRegionalOffice=0&drMonth=10&drYear=2024 (POST form),Reserve Bank of India,2026-09-28
2024,10,2,2024-10-02,New Delhi,Mahatma Gandhi Jayanti/Mahalaya Amavasye,NI Act holiday,https://www.rbi.org.in/Scripts/HolidayMatrixDisplay.aspx?drRegionalOffice=0&drMonth=10&drYear=2024 (POST form),Reserve Bank of India,2026-09-28
2024,10,12,2024-10-12,New Delhi,Dasara/Dussehra (Mahanavami/Vijayadashmi)/Durga Puja (Dasain),NI Act holiday,https://www.rbi.org.in/Scripts/HolidayMatrixDisplay.aspx?drRegionalOffice=0&drMonth=10&drYear=2024 (POST form),Reserve Bank of India,2026-09-28
2024,10,24,2024-10-24,New Delhi,"*The office of Reserve Bank of India, New Delhi will close at 1400 hours on October 24, 2024 (Thursday)",NI Act holiday,https://www.rbi.org.in/Scripts/HolidayMatrixDisplay.aspx?drRegionalOffice=0&drMonth=10&drYear=2024 (POST form),Reserve Bank of India,2026-09-28
2024,10,31,2024-10-31,New Delhi,Diwali (Deepavali)/Kali Puja/Sardar Vallabhbhai Patel's Birthday/Naraka Chaturdashi,NI Act holiday,https://www.rbi.org.in/Scripts/HolidayMatrixDisplay.aspx?drRegionalOffice=0&drMonth=10&drYear=2024 (POST form),Reserve Bank of India,2026-09-28
2024,10,2,2024-10-02,Panaji,Mahatma Gandhi Jayanti/Mahalaya Amavasye,NI Act holiday,https://www.rbi.org.in/Scripts/HolidayMatrixDisplay.aspx?drRegionalOffice=0&drMonth=10&drYear=2024 (POST form),Reserve Bank of India,2026-09-28
2024,10,12,2024-10-12,Panaji,Dasara/Dussehra (Mahanavami/Vijayadashmi)/Durga Puja (Dasain),NI Act holiday,https://www.rbi.org.in/Scripts/HolidayMatrixDisplay.aspx?drRegionalOffice=0&drMonth=10&drYear=2024 (POST form),Reserve Bank of India,2026-09-28
2024,10,31,2024-10-31,Panaji,Diwali (Deepavali)/Kali Puja/Sardar Vallabhbhai Patel's Birthday/Naraka Chaturdashi,NI Act holiday,https://www.rbi.org.in/Scripts/HolidayMatrixDisplay.aspx?drRegionalOffice=0&drMonth=10&drYear=2024 (POST form),Reserve Bank of India,2026-09-28
2024,10,2,2024-10-02,Patna,Mahatma Gandhi Jayanti/Mahalaya Amavasye,NI Act holiday,https://www.rbi.org.in/Scripts/HolidayMatrixDisplay.aspx?drRegionalOffice=0&drMonth=10&drYear=2024 (POST form),Reserve Bank of India,2026-09-28
2024,10,11,2024-10-11,Patna,Dusshera (Mahashtami/Mahanavami)/Ayudha Pooja/Durga Puja (Dasain)/Durga Ashtami,NI Act holiday,https://www.rbi.org.in/Scripts/HolidayMatrixDisplay.aspx?drRegionalOffice=0&drMonth=10&drYear=2024 (POST form),Reserve Bank of India,2026-09-28
2024,10,12,2024-10-12,Patna,Dasara/Dussehra (Mahanavami/Vijayadashmi)/Durga Puja (Dasain),NI Act holiday,https://www.rbi.org.in/Scripts/HolidayMatrixDisplay.aspx?drRegionalOffice=0&drMonth=10&drYear=2024 (POST form),Reserve Bank of India,2026-09-28
2024,10,31,2024-10-31,Patna,Diwali (Deepavali)/Kali Puja/Sardar Vallabhbhai Patel's Birthday/Naraka Chaturdashi,NI Act holiday,https://www.rbi.org.in/Scripts/HolidayMatrixDisplay.aspx?drRegionalOffice=0&drMonth=10&drYear=2024 (POST form),Reserve Bank of India,2026-09-28
2024,10,2,2024-10-02,Raipur,Mahatma Gandhi Jayanti/Mahalaya Amavasye,NI Act holiday,https://www.rbi.org.in/Scripts/HolidayMatrixDisplay.aspx?drRegionalOffice=0&drMonth=10&drYear=2024 (POST form),Reserve Bank of India,2026-09-28
2024,10,12,2024-10-12,Raipur,Dasara/Dussehra (Mahanavami/Vijayadashmi)/Durga Puja (Dasain),NI Act holiday,https://www.rbi.org.in/Scripts/HolidayMatrixDisplay.aspx?drRegionalOffice=0&drMonth=10&drYear=2024 (POST form),Reserve Bank of India,2026-09-28
2024,10,31,2024-10-31,Raipur,Diwali (Deepavali)/Kali Puja/Sardar Vallabhbhai Patel's Birthday/Naraka Chaturdashi,NI Act holiday,https://www.rbi.org.in/Scripts/HolidayMatrixDisplay.aspx?drRegionalOffice=0&drMonth=10&drYear=2024 (POST form),Reserve Bank of India,2026-09-28
2024,10,2,2024-10-02,Ranchi,Mahatma Gandhi Jayanti/Mahalaya Amavasye,NI Act holiday,https://www.rbi.org.in/Scripts/HolidayMatrixDisplay.aspx?drRegionalOffice=0&drMonth=10&drYear=2024 (POST form),Reserve Bank of India,2026-09-28
2024,10,11,2024-10-11,Ranchi,Dusshera (Mahashtami/Mahanavami)/Ayudha Pooja/Durga Puja (Dasain)/Durga Ashtami,NI Act holiday,https://www.rbi.org.in/Scripts/HolidayMatrixDisplay.aspx?drRegionalOffice=0&drMonth=10&drYear=2024 (POST form),Reserve Bank of India,2026-09-28
2024,10,12,2024-10-12,Ranchi,Dasara/Dussehra (Mahanavami/Vijayadashmi)/Durga Puja (Dasain),NI Act holiday,https://www.rbi.org.in/Scripts/HolidayMatrixDisplay.aspx?drRegionalOffice=0&drMonth=10&drYear=2024 (POST form),Reserve Bank of India,2026-09-28
2024,10,31,2024-10-31,Ranchi,Diwali (Deepavali)/Kali Puja/Sardar Vallabhbhai Patel's Birthday/Naraka Chaturdashi,NI Act holiday,https://www.rbi.org.in/Scripts/HolidayMatrixDisplay.aspx?drRegionalOffice=0&drMonth=10&drYear=2024 (POST form),Reserve Bank of India,2026-09-28
2024,10,2,2024-10-02,Shillong,Mahatma Gandhi Jayanti/Mahalaya Amavasye,NI Act holiday,https://www.rbi.org.in/Scripts/HolidayMatrixDisplay.aspx?drRegionalOffice=0&drMonth=10&drYear=2024 (POST form),Reserve Bank of India,2026-09-28
2024,10,11,2024-10-11,Shillong,Dusshera (Mahashtami/Mahanavami)/Ayudha Pooja/Durga Puja (Dasain)/Durga Ashtami,NI Act holiday,https://www.rbi.org.in/Scripts/HolidayMatrixDisplay.aspx?drRegionalOffice=0&drMonth=10&drYear=2024 (POST form),Reserve Bank of India,2026-09-28
2024,10,12,2024-10-12,Shillong,Dasara/Dussehra (Mahanavami/Vijayadashmi)/Durga Puja (Dasain),NI Act holiday,https://www.rbi.org.in/Scripts/HolidayMatrixDisplay.aspx?drRegionalOffice=0&drMonth=10&drYear=2024 (POST form),Reserve Bank of India,2026-09-28
2024,10,2,2024-10-02,Shimla,Mahatma Gandhi Jayanti/Mahalaya Amavasye,NI Act holiday,https://www.rbi.org.in/Scripts/HolidayMatrixDisplay.aspx?drRegionalOffice=0&drMonth=10&drYear=2024 (POST form),Reserve Bank of India,2026-09-28
2024,10,12,2024-10-12,Shimla,Dasara/Dussehra (Mahanavami/Vijayadashmi)/Durga Puja (Dasain),NI Act holiday,https://www.rbi.org.in/Scripts/HolidayMatrixDisplay.aspx?drRegionalOffice=0&drMonth=10&drYear=2024 (POST form),Reserve Bank of India,2026-09-28
2024,10,17,2024-10-17,Shimla,Maharshi Valmiki Jayanti/Kati Bihu,NI Act holiday,https://www.rbi.org.in/Scripts/HolidayMatrixDisplay.aspx?drRegionalOffice=0&drMonth=10&drYear=2024 (POST form),Reserve Bank of India,2026-09-28
2024,10,31,2024-10-31,Shimla,Diwali (Deepavali)/Kali Puja/Sardar Vallabhbhai Patel's Birthday/Naraka Chaturdashi,NI Act holiday,https://www.rbi.org.in/Scripts/HolidayMatrixDisplay.aspx?drRegionalOffice=0&drMonth=10&drYear=2024 (POST form),Reserve Bank of India,2026-09-28
2024,10,2,2024-10-02,Srinagar,Mahatma Gandhi Jayanti/Mahalaya Amavasye,NI Act holiday,https://www.rbi.org.in/Scripts/HolidayMatrixDisplay.aspx?drRegionalOffice=0&drMonth=10&drYear=2024 (POST form),Reserve Bank of India,2026-09-28
2024,10,12,2024-10-12,Srinagar,Dasara/Dussehra (Mahanavami/Vijayadashmi)/Durga Puja (Dasain),NI Act holiday,https://www.rbi.org.in/Scripts/HolidayMatrixDisplay.aspx?drRegionalOffice=0&drMonth=10&drYear=2024 (POST form),Reserve Bank of India,2026-09-28
2024,10,26,2024-10-26,Srinagar,Accession Day,NI Act holiday,https://www.rbi.org.in/Scripts/HolidayMatrixDisplay.aspx?drRegionalOffice=0&drMonth=10&drYear=2024 (POST form),Reserve Bank of India,2026-09-28
2024,10,2,2024-10-02,Thiruvananthapuram,Mahatma Gandhi Jayanti/Mahalaya Amavasye,NI Act holiday,https://www.rbi.org.in/Scripts/HolidayMatrixDisplay.aspx?drRegionalOffice=0&drMonth=10&drYear=2024 (POST form),Reserve Bank of India,2026-09-28
2024,10,11,2024-10-11,Thiruvananthapuram,Dusshera (Mahashtami/Mahanavami)/Ayudha Pooja/Durga Puja (Dasain)/Durga Ashtami,NI Act holiday,https://www.rbi.org.in/Scripts/HolidayMatrixDisplay.aspx?drRegionalOffice=0&drMonth=10&drYear=2024 (POST form),Reserve Bank of India,2026-09-28
2024,10,12,2024-10-12,Thiruvananthapuram,Dasara/Dussehra (Mahanavami/Vijayadashmi)/Durga Puja (Dasain),NI Act holiday,https://www.rbi.org.in/Scripts/HolidayMatrixDisplay.aspx?drRegionalOffice=0&drMonth=10&drYear=2024 (POST form),Reserve Bank of India,2026-09-28
2024,10,31,2024-10-31,Thiruvananthapuram,Diwali (Deepavali)/Kali Puja/Sardar Vallabhbhai Patel's Birthday/Naraka Chaturdashi,NI Act holiday,https://www.rbi.org.in/Scripts/HolidayMatrixDisplay.aspx?drRegionalOffice=0&drMonth=10&drYear=2024 (POST form),Reserve Bank of India,2026-09-28
2024,10,2,2024-10-02,Vijayawada,Mahatma Gandhi Jayanti/Mahalaya Amavasye,NI Act holiday,https://www.rbi.org.in/Scripts/HolidayMatrixDisplay.aspx?drRegionalOffice=0&drMonth=10&drYear=2024 (POST form),Reserve Bank of India,2026-09-28
2024,10,12,2024-10-12,Vijayawada,Dasara/Dussehra (Mahanavami/Vijayadashmi)/Durga Puja (Dasain),NI Act holiday,https://www.rbi.org.in/Scripts/HolidayMatrixDisplay.aspx?drRegionalOffice=0&drMonth=10&drYear=2024 (POST form),Reserve Bank of India,2026-09-28
2024,10,31,2024-10-31,Vijayawada,Diwali (Deepavali)/Kali Puja/Sardar Vallabhbhai Patel's Birthday/Naraka Chaturdashi,NI Act holiday,https://www.rbi.org.in/Scripts/HolidayMatrixDisplay.aspx?drRegionalOffice=0&drMonth=10&drYear=2024 (POST form),Reserve Bank of India,2026-09-28
2024,11,1,2024-11-01,Agartala,Diwali Amavasya (Laxmi Pujan)/Deepawali/Kut/Kannada Rajyothsava/Govardhan Pooja,NI Act holiday,https://www.rbi.org.in/Scripts/HolidayMatrixDisplay.aspx?drRegionalOffice=0&drMonth=11&drYear=2024 (POST form),Reserve Bank of India,2026-09-28
2024,11,2,2024-11-02,Ahmedabad,Diwali (Bali Pratipada)/Balipadyami/Laxmi Puja (Deepawali)/Govardhan Pooja/Vikram Samvant New Year Day,NI Act holiday,https://www.rbi.org.in/Scripts/HolidayMatrixDisplay.aspx?drRegionalOffice=0&drMonth=11&drYear=2024 (POST form),Reserve Bank of India,2026-09-28
2024,11,15,2024-11-15,Aizawl,Guru Nanak Jayanti/Karthika Purnima/Rahas Purnima,NI Act holiday,https://www.rbi.org.in/Scripts/HolidayMatrixDisplay.aspx?drRegionalOffice=0&drMonth=11&drYear=2024 (POST form),Reserve Bank of India,2026-09-28
2024,11,1,2024-11-01,Belapur,Diwali Amavasya (Laxmi Pujan)/Deepawali/Kut/Kannada Rajyothsava/Govardhan Pooja,NI Act holiday,https://www.rbi.org.in/Scripts/HolidayMatrixDisplay.aspx?drRegionalOffice=0&drMonth=11&drYear=2024 (POST form),Reserve Bank of India,2026-09-28
2024,11,2,2024-11-02,Belapur,Diwali (Bali Pratipada)/Balipadyami/Laxmi Puja (Deepawali)/Govardhan Pooja/Vikram Samvant New Year Day,NI Act holiday,https://www.rbi.org.in/Scripts/HolidayMatrixDisplay.aspx?drRegionalOffice=0&drMonth=11&drYear=2024 (POST form),Reserve Bank of India,2026-09-28
2024,11,15,2024-11-15,Belapur,Guru Nanak Jayanti/Karthika Purnima/Rahas Purnima,NI Act holiday,https://www.rbi.org.in/Scripts/HolidayMatrixDisplay.aspx?drRegionalOffice=0&drMonth=11&drYear=2024 (POST form),Reserve Bank of India,2026-09-28
2024,11,20,2024-11-20,Belapur,"Assembly General Election, 2024",NI Act holiday,https://www.rbi.org.in/Scripts/HolidayMatrixDisplay.aspx?drRegionalOffice=0&drMonth=11&drYear=2024 (POST form),Reserve Bank of India,2026-09-28
2024,11,1,2024-11-01,Bengaluru,Diwali Amavasya (Laxmi Pujan)/Deepawali/Kut/Kannada Rajyothsava/Govardhan Pooja,NI Act holiday,https://www.rbi.org.in/Scripts/HolidayMatrixDisplay.aspx?drRegionalOffice=0&drMonth=11&drYear=2024 (POST form),Reserve Bank of India,2026-09-28
2024,11,2,2024-11-02,Bengaluru,Diwali (Bali Pratipada)/Balipadyami/Laxmi Puja (Deepawali)/Govardhan Pooja/Vikram Samvant New Year Day,NI Act holiday,https://www.rbi.org.in/Scripts/HolidayMatrixDisplay.aspx?drRegionalOffice=0&drMonth=11&drYear=2024 (POST form),Reserve Bank of India,2026-09-28
2024,11,18,2024-11-18,Bengaluru,Kanakadasa Jayanti,NI Act holiday,https://www.rbi.org.in/Scripts/HolidayMatrixDisplay.aspx?drRegionalOffice=0&drMonth=11&drYear=2024 (POST form),Reserve Bank of India,2026-09-28
2024,11,1,2024-11-01,Bhopal,Diwali Amavasya (Laxmi Pujan)/Deepawali/Kut/Kannada Rajyothsava/Govardhan Pooja,NI Act holiday,https://www.rbi.org.in/Scripts/HolidayMatrixDisplay.aspx?drRegionalOffice=0&drMonth=11&drYear=2024 (POST form),Reserve Bank of India,2026-09-28
2024,11,15,2024-11-15,Bhopal,Guru Nanak Jayanti/Karthika Purnima/Rahas Purnima,NI Act holiday,https://www.rbi.org.in/Scripts/HolidayMatrixDisplay.aspx?drRegionalOffice=0&drMonth=11&drYear=2024 (POST form),Reserve Bank of India,2026-09-28
2024,11,15,2024-11-15,Bhubaneswar,Guru Nanak Jayanti/Karthika Purnima/Rahas Purnima,NI Act holiday,https://www.rbi.org.in/Scripts/HolidayMatrixDisplay.aspx?drRegionalOffice=0&drMonth=11&drYear=2024 (POST form),Reserve Bank of India,2026-09-28
2024,11,15,2024-11-15,Chandigarh,Guru Nanak Jayanti/Karthika Purnima/Rahas Purnima,NI Act holiday,https://www.rbi.org.in/Scripts/HolidayMatrixDisplay.aspx?drRegionalOffice=0&drMonth=11&drYear=2024 (POST form),Reserve Bank of India,2026-09-28
2024,11,1,2024-11-01,Dehradun,Diwali Amavasya (Laxmi Pujan)/Deepawali/Kut/Kannada Rajyothsava/Govardhan Pooja,NI Act holiday,https://www.rbi.org.in/Scripts/HolidayMatrixDisplay.aspx?drRegionalOffice=0&drMonth=11&drYear=2024 (POST form),Reserve Bank of India,2026-09-28
2024,11,2,2024-11-02,Dehradun,Diwali (Bali Pratipada)/Balipadyami/Laxmi Puja (Deepawali)/Govardhan Pooja/Vikram Samvant New Year Day,NI Act holiday,https://www.rbi.org.in/Scripts/HolidayMatrixDisplay.aspx?drRegionalOffice=0&drMonth=11&drYear=2024 (POST form),Reserve Bank of India,2026-09-28
2024,11,12,2024-11-12,Dehradun,Egaas-Bagwaal/Nongkrem Dance,NI Act holiday,https://www.rbi.org.in/Scripts/HolidayMatrixDisplay.aspx?drRegionalOffice=0&drMonth=11&drYear=2024 (POST form),Reserve Bank of India,2026-09-28
2024,11,15,2024-11-15,Dehradun,Guru Nanak Jayanti/Karthika Purnima/Rahas Purnima,NI Act holiday,https://www.rbi.org.in/Scripts/HolidayMatrixDisplay.aspx?drRegionalOffice=0&drMonth=11&drYear=2024 (POST form),Reserve Bank of India,2026-09-28
2024,11,1,2024-11-01,Gangtok,Diwali Amavasya (Laxmi Pujan)/Deepawali/Kut/Kannada Rajyothsava/Govardhan Pooja,NI Act holiday,https://www.rbi.org.in/Scripts/HolidayMatrixDisplay.aspx?drRegionalOffice=0&drMonth=11&drYear=2024 (POST form),Reserve Bank of India,2026-09-28
2024,11,2,2024-11-02,Gangtok,Diwali (Bali Pratipada)/Balipadyami/Laxmi Puja (Deepawali)/Govardhan Pooja/Vikram Samvant New Year Day,NI Act holiday,https://www.rbi.org.in/Scripts/HolidayMatrixDisplay.aspx?drRegionalOffice=0&drMonth=11&drYear=2024 (POST form),Reserve Bank of India,2026-09-28
2024,11,1,2024-11-01,Guwahati,Diwali Amavasya (Laxmi Pujan)/Deepawali/Kut/Kannada Rajyothsava/Govardhan Pooja,NI Act holiday,https://www.rbi.org.in/Scripts/HolidayMatrixDisplay.aspx?drRegionalOffice=0&drMonth=11&drYear=2024 (POST form),Reserve Bank of India,2026-09-28
2024,11,15,2024-11-15,Hyderabad,Guru Nanak Jayanti/Karthika Purnima/Rahas Purnima,NI Act holiday,https://www.rbi.org.in/Scripts/HolidayMatrixDisplay.aspx?drRegionalOffice=0&drMonth=11&drYear=2024 (POST form),Reserve Bank of India,2026-09-28
2024,11,1,2024-11-01,Imphal,Diwali Amavasya (Laxmi Pujan)/Deepawali/Kut/Kannada Rajyothsava/Govardhan Pooja,NI Act holiday,https://www.rbi.org.in/Scripts/HolidayMatrixDisplay.aspx?drRegionalOffice=0&drMonth=11&drYear=2024 (POST form),Reserve Bank of India,2026-09-28
2024,11,15,2024-11-15,Itanagar,Guru Nanak Jayanti/Karthika Purnima/Rahas Purnima,NI Act holiday,https://www.rbi.org.in/Scripts/HolidayMatrixDisplay.aspx?drRegionalOffice=0&drMonth=11&drYear=2024 (POST form),Reserve Bank of India,2026-09-28
2024,11,2,2024-11-02,Jaipur,Diwali (Bali Pratipada)/Balipadyami/Laxmi Puja (Deepawali)/Govardhan Pooja/Vikram Samvant New Year Day,NI Act holiday,https://www.rbi.org.in/Scripts/HolidayMatrixDisplay.aspx?drRegionalOffice=0&drMonth=11&drYear=2024 (POST form),Reserve Bank of India,2026-09-28
2024,11,15,2024-11-15,Jaipur,Guru Nanak Jayanti/Karthika Purnima/Rahas Purnima,NI Act holiday,https://www.rbi.org.in/Scripts/HolidayMatrixDisplay.aspx?drRegionalOffice=0&drMonth=11&drYear=2024 (POST form),Reserve Bank of India,2026-09-28
2024,11,1,2024-11-01,Jammu,Diwali Amavasya (Laxmi Pujan)/Deepawali/Kut/Kannada Rajyothsava/Govardhan Pooja,NI Act holiday,https://www.rbi.org.in/Scripts/HolidayMatrixDisplay.aspx?drRegionalOffice=0&drMonth=11&drYear=2024 (POST form),Reserve Bank of India,2026-09-28
2024,11,15,2024-11-15,Jammu,Guru Nanak Jayanti/Karthika Purnima/Rahas Purnima,NI Act holiday,https://www.rbi.org.in/Scripts/HolidayMatrixDisplay.aspx?drRegionalOffice=0&drMonth=11&drYear=2024 (POST form),Reserve Bank of India,2026-09-28
2024,11,1,2024-11-01,Kanpur,Diwali Amavasya (Laxmi Pujan)/Deepawali/Kut/Kannada Rajyothsava/Govardhan Pooja,NI Act holiday,https://www.rbi.org.in/Scripts/HolidayMatrixDisplay.aspx?drRegionalOffice=0&drMonth=11&drYear=2024 (POST form),Reserve Bank of India,2026-09-28
2024,11,2,2024-11-02,Kanpur,Diwali (Bali Pratipada)/Balipadyami/Laxmi Puja (Deepawali)/Govardhan Pooja/Vikram Samvant New Year Day,NI Act holiday,https://www.rbi.org.in/Scripts/HolidayMatrixDisplay.aspx?drRegionalOffice=0&drMonth=11&drYear=2024 (POST form),Reserve Bank of India,2026-09-28
2024,11,15,2024-11-15,Kanpur,Guru Nanak Jayanti/Karthika Purnima/Rahas Purnima,NI Act holiday,https://www.rbi.org.in/Scripts/HolidayMatrixDisplay.aspx?drRegionalOffice=0&drMonth=11&drYear=2024 (POST form),Reserve Bank of India,2026-09-28
2024,11,20,2024-11-20,Kanpur,"Assembly General Election, 2024",NI Act holiday,https://www.rbi.org.in/Scripts/HolidayMatrixDisplay.aspx?drRegionalOffice=0&drMonth=11&drYear=2024 (POST form),Reserve Bank of India,2026-09-28
2024,11,15,2024-11-15,Kohima,Guru Nanak Jayanti/Karthika Purnima/Rahas Purnima,NI Act holiday,https://www.rbi.org.in/Scripts/HolidayMatrixDisplay.aspx?drRegionalOffice=0&drMonth=11&drYear=2024 (POST form),Reserve Bank of India,2026-09-28
2024,11,7,2024-11-07,Kolkata,Chhath (Evening Arghya),NI Act holiday,https://www.rbi.org.in/Scripts/HolidayMatrixDisplay.aspx?drRegionalOffice=0&drMonth=11&drYear=2024 (POST form),Reserve Bank of India,2026-09-28
2024,11,15,2024-11-15,Kolkata,Guru Nanak Jayanti/Karthika Purnima/Rahas Purnima,NI Act holiday,https://www.rbi.org.in/Scripts/HolidayMatrixDisplay.aspx?drRegionalOffice=0&drMonth=11&drYear=2024 (POST form),Reserve Bank of India,2026-09-28
2024,11,1,2024-11-01,Lucknow,Diwali Amavasya (Laxmi Pujan)/Deepawali/Kut/Kannada Rajyothsava/Govardhan Pooja,NI Act holiday,https://www.rbi.org.in/Scripts/HolidayMatrixDisplay.aspx?drRegionalOffice=0&drMonth=11&drYear=2024 (POST form),Reserve Bank of India,2026-09-28
2024,11,2,2024-11-02,Lucknow,Diwali (Bali Pratipada)/Balipadyami/Laxmi Puja (Deepawali)/Govardhan Pooja/Vikram Samvant New Year Day,NI Act holiday,https://www.rbi.org.in/Scripts/HolidayMatrixDisplay.aspx?drRegionalOffice=0&drMonth=11&drYear=2024 (POST form),Reserve Bank of India,2026-09-28
2024,11,15,2024-11-15,Lucknow,Guru Nanak Jayanti/Karthika Purnima/Rahas Purnima,NI Act holiday,https://www.rbi.org.in/Scripts/HolidayMatrixDisplay.aspx?drRegionalOffice=0&drMonth=11&drYear=2024 (POST form),Reserve Bank of India,2026-09-28
2024,11,1,2024-11-01,Mumbai,Diwali Amavasya (Laxmi Pujan)/Deepawali/Kut/Kannada Rajyothsava/Govardhan Pooja,NI Act holiday,https://www.rbi.org.in/Scripts/HolidayMatrixDisplay.aspx?drRegionalOffice=0&drMonth=11&drYear=2024 (POST form),Reserve Bank of India,2026-09-28
2024,11,2,2024-11-02,Mumbai,Diwali (Bali Pratipada)/Balipadyami/Laxmi Puja (Deepawali)/Govardhan Pooja/Vikram Samvant New Year Day,NI Act holiday,https://www.rbi.org.in/Scripts/HolidayMatrixDisplay.aspx?drRegionalOffice=0&drMonth=11&drYear=2024 (POST form),Reserve Bank of India,2026-09-28
2024,11,15,2024-11-15,Mumbai,Guru Nanak Jayanti/Karthika Purnima/Rahas Purnima,NI Act holiday,https://www.rbi.org.in/Scripts/HolidayMatrixDisplay.aspx?drRegionalOffice=0&drMonth=11&drYear=2024 (POST form),Reserve Bank of India,2026-09-28
2024,11,20,2024-11-20,Mumbai,"Assembly General Election, 2024",NI Act holiday,https://www.rbi.org.in/Scripts/HolidayMatrixDisplay.aspx?drRegionalOffice=0&drMonth=11&drYear=2024 (POST form),Reserve Bank of India,2026-09-28
2024,11,1,2024-11-01,Nagpur,Diwali Amavasya (Laxmi Pujan)/Deepawali/Kut/Kannada Rajyothsava/Govardhan Pooja,NI Act holiday,https://www.rbi.org.in/Scripts/HolidayMatrixDisplay.aspx?drRegionalOffice=0&drMonth=11&drYear=2024 (POST form),Reserve Bank of India,2026-09-28
2024,11,2,2024-11-02,Nagpur,Diwali (Bali Pratipada)/Balipadyami/Laxmi Puja (Deepawali)/Govardhan Pooja/Vikram Samvant New Year Day,NI Act holiday,https://www.rbi.org.in/Scripts/HolidayMatrixDisplay.aspx?drRegionalOffice=0&drMonth=11&drYear=2024 (POST form),Reserve Bank of India,2026-09-28
2024,11,15,2024-11-15,Nagpur,Guru Nanak Jayanti/Karthika Purnima/Rahas Purnima,NI Act holiday,https://www.rbi.org.in/Scripts/HolidayMatrixDisplay.aspx?drRegionalOffice=0&drMonth=11&drYear=2024 (POST form),Reserve Bank of India,2026-09-28
2024,11,20,2024-11-20,Nagpur,"Assembly General Election, 2024",NI Act holiday,https://www.rbi.org.in/Scripts/HolidayMatrixDisplay.aspx?drRegionalOffice=0&drMonth=11&drYear=2024 (POST form),Reserve Bank of India,2026-09-28
2024,11,15,2024-11-15,New Delhi,Guru Nanak Jayanti/Karthika Purnima/Rahas Purnima,NI Act holiday,https://www.rbi.org.in/Scripts/HolidayMatrixDisplay.aspx?drRegionalOffice=0&drMonth=11&drYear=2024 (POST form),Reserve Bank of India,2026-09-28
2024,11,7,2024-11-07,Patna,Chhath (Evening Arghya),NI Act holiday,https://www.rbi.org.in/Scripts/HolidayMatrixDisplay.aspx?drRegionalOffice=0&drMonth=11&drYear=2024 (POST form),Reserve Bank of India,2026-09-28
2024,11,8,2024-11-08,Patna,Chhath (Morning Arghya)/Wangala Festival,NI Act holiday,https://www.rbi.org.in/Scripts/HolidayMatrixDisplay.aspx?drRegionalOffice=0&drMonth=11&drYear=2024 (POST form),Reserve Bank of India,2026-09-28
2024,11,1,2024-11-01,Raipur,Diwali Amavasya (Laxmi Pujan)/Deepawali/Kut/Kannada Rajyothsava/Govardhan Pooja,NI Act holiday,https://www.rbi.org.in/Scripts/HolidayMatrixDisplay.aspx?drRegionalOffice=0&drMonth=11&drYear=2024 (POST form),Reserve Bank of India,2026-09-28
2024,11,15,2024-11-15,Raipur,Guru Nanak Jayanti/Karthika Purnima/Rahas Purnima,NI Act holiday,https://www.rbi.org.in/Scripts/HolidayMatrixDisplay.aspx?drRegionalOffice=0&drMonth=11&drYear=2024 (POST form),Reserve Bank of India,2026-09-28
2024,11,7,2024-11-07,Ranchi,Chhath (Evening Arghya),NI Act holiday,https://www.rbi.org.in/Scripts/HolidayMatrixDisplay.aspx?drRegionalOffice=0&drMonth=11&drYear=2024 (POST form),Reserve Bank of India,2026-09-28
2024,11,8,2024-11-08,Ranchi,Chhath (Morning Arghya)/Wangala Festival,NI Act holiday,https://www.rbi.org.in/Scripts/HolidayMatrixDisplay.aspx?drRegionalOffice=0&drMonth=11&drYear=2024 (POST form),Reserve Bank of India,2026-09-28
2024,11,13,2024-11-13,Ranchi,"Assembly General Election, 2024",NI Act holiday,https://www.rbi.org.in/Scripts/HolidayMatrixDisplay.aspx?drRegionalOffice=0&drMonth=11&drYear=2024 (POST form),Reserve Bank of India,2026-09-28
2024,11,15,2024-11-15,Ranchi,Guru Nanak Jayanti/Karthika Purnima/Rahas Purnima,NI Act holiday,https://www.rbi.org.in/Scripts/HolidayMatrixDisplay.aspx?drRegionalOffice=0&drMonth=11&drYear=2024 (POST form),Reserve Bank of India,2026-09-28
2024,11,1,2024-11-01,Shillong,Diwali Amavasya (Laxmi Pujan)/Deepawali/Kut/Kannada Rajyothsava/Govardhan Pooja,NI Act holiday,https://www.rbi.org.in/Scripts/HolidayMatrixDisplay.aspx?drRegionalOffice=0&drMonth=11&drYear=2024 (POST form),Reserve Bank of India,2026-09-28
2024,11,8,2024-11-08,Shillong,Chhath (Morning Arghya)/Wangala Festival,NI Act holiday,https://www.rbi.org.in/Scripts/HolidayMatrixDisplay.aspx?drRegionalOffice=0&drMonth=11&drYear=2024 (POST form),Reserve Bank of India,2026-09-28
2024,11,12,2024-11-12,Shillong,Egaas-Bagwaal/Nongkrem Dance,NI Act holiday,https://www.rbi.org.in/Scripts/HolidayMatrixDisplay.aspx?drRegionalOffice=0&drMonth=11&drYear=2024 (POST form),Reserve Bank of India,2026-09-28
2024,11,23,2024-11-23,Shillong,Seng Kutsnem,NI Act holiday,https://www.rbi.org.in/Scripts/HolidayMatrixDisplay.aspx?drRegionalOffice=0&drMonth=11&drYear=2024 (POST form),Reserve Bank of India,2026-09-28
2024,11,15,2024-11-15,Shimla,Guru Nanak Jayanti/Karthika Purnima/Rahas Purnima,NI Act holiday,https://www.rbi.org.in/Scripts/HolidayMatrixDisplay.aspx?drRegionalOffice=0&drMonth=11&drYear=2024 (POST form),Reserve Bank of India,2026-09-28
2024,11,1,2024-11-01,Srinagar,Diwali Amavasya (Laxmi Pujan)/Deepawali/Kut/Kannada Rajyothsava/Govardhan Pooja,NI Act holiday,https://www.rbi.org.in/Scripts/HolidayMatrixDisplay.aspx?drRegionalOffice=0&drMonth=11&drYear=2024 (POST form),Reserve Bank of India,2026-09-28
2024,11,15,2024-11-15,Srinagar,Guru Nanak Jayanti/Karthika Purnima/Rahas Purnima,NI Act holiday,https://www.rbi.org.in/Scripts/HolidayMatrixDisplay.aspx?drRegionalOffice=0&drMonth=11&drYear=2024 (POST form),Reserve Bank of India,2026-09-28
2024,12,25,2024-12-25,Agartala,Christmas,NI Act holiday,https://www.rbi.org.in/Scripts/HolidayMatrixDisplay.aspx?drRegionalOffice=0&drMonth=12&drYear=2024 (POST form),Reserve Bank of India,2026-09-28
2024,12,25,2024-12-25,Ahmedabad,Christmas,NI Act holiday,https://www.rbi.org.in/Scripts/HolidayMatrixDisplay.aspx?drRegionalOffice=0&drMonth=12&drYear=2024 (POST form),Reserve Bank of India,2026-09-28
2024,12,24,2024-12-24,Aizawl,Christmas Eve,NI Act holiday,https://www.rbi.org.in/Scripts/HolidayMatrixDisplay.aspx?drRegionalOffice=0&drMonth=12&drYear=2024 (POST form),Reserve Bank of India,2026-09-28
2024,12,25,2024-12-25,Aizawl,Christmas,NI Act holiday,https://www.rbi.org.in/Scripts/HolidayMatrixDisplay.aspx?drRegionalOffice=0&drMonth=12&drYear=2024 (POST form),Reserve Bank of India,2026-09-28
2024,12,26,2024-12-26,Aizawl,Christmas Celebration,NI Act holiday,https://www.rbi.org.in/Scripts/HolidayMatrixDisplay.aspx?drRegionalOffice=0&drMonth=12&drYear=2024 (POST form),Reserve Bank of India,2026-09-28
2024,12,31,2024-12-31,Aizawl,New Year’s Eve/Lossong/Namsoong,NI Act holiday,https://www.rbi.org.in/Scripts/HolidayMatrixDisplay.aspx?drRegionalOffice=0&drMonth=12&drYear=2024 (POST form),Reserve Bank of India,2026-09-28
2024,12,25,2024-12-25,Belapur,Christmas,NI Act holiday,https://www.rbi.org.in/Scripts/HolidayMatrixDisplay.aspx?drRegionalOffice=0&drMonth=12&drYear=2024 (POST form),Reserve Bank of India,2026-09-28
2024,12,25,2024-12-25,Bengaluru,Christmas,NI Act holiday,https://www.rbi.org.in/Scripts/HolidayMatrixDisplay.aspx?drRegionalOffice=0&drMonth=12&drYear=2024 (POST form),Reserve Bank of India,2026-09-28
2024,12,27,2024-12-27,Bengaluru,"As a mark of respect to Late Dr. Manmohan Singh, the former Prime Minister of India | Christmas  Celebration",NI Act holiday,https://www.rbi.org.in/Scripts/HolidayMatrixDisplay.aspx?drRegionalOffice=0&drMonth=12&drYear=2024 (POST form),Reserve Bank of India,2026-09-28
2024,12,27,2024-12-27,Bengaluru,"As a mark of respect to Late Dr. Manmohan Singh, the former Prime Minister of India | Christmas  Celebration",NI Act holiday,https://www.rbi.org.in/Scripts/HolidayMatrixDisplay.aspx?drRegionalOffice=0&drMonth=12&drYear=2024 (POST form),Reserve Bank of India,2026-09-28
2024,12,25,2024-12-25,Bhopal,Christmas,NI Act holiday,https://www.rbi.org.in/Scripts/HolidayMatrixDisplay.aspx?drRegionalOffice=0&drMonth=12&drYear=2024 (POST form),Reserve Bank of India,2026-09-28
2024,12,25,2024-12-25,Bhubaneswar,Christmas,NI Act holiday,https://www.rbi.org.in/Scripts/HolidayMatrixDisplay.aspx?drRegionalOffice=0&drMonth=12&drYear=2024 (POST form),Reserve Bank of India,2026-09-28
2024,12,25,2024-12-25,Chandigarh,Christmas,NI Act holiday,https://www.rbi.org.in/Scripts/HolidayMatrixDisplay.aspx?drRegionalOffice=0&drMonth=12&drYear=2024 (POST form),Reserve Bank of India,2026-09-28
2024,12,25,2024-12-25,Chennai,Christmas,NI Act holiday,https://www.rbi.org.in/Scripts/HolidayMatrixDisplay.aspx?drRegionalOffice=0&drMonth=12&drYear=2024 (POST form),Reserve Bank of India,2026-09-28
2024,12,25,2024-12-25,Dehradun,Christmas,NI Act holiday,https://www.rbi.org.in/Scripts/HolidayMatrixDisplay.aspx?drRegionalOffice=0&drMonth=12&drYear=2024 (POST form),Reserve Bank of India,2026-09-28
2024,12,25,2024-12-25,Gangtok,Christmas,NI Act holiday,https://www.rbi.org.in/Scripts/HolidayMatrixDisplay.aspx?drRegionalOffice=0&drMonth=12&drYear=2024 (POST form),Reserve Bank of India,2026-09-28
2024,12,31,2024-12-31,Gangtok,New Year’s Eve/Lossong/Namsoong,NI Act holiday,https://www.rbi.org.in/Scripts/HolidayMatrixDisplay.aspx?drRegionalOffice=0&drMonth=12&drYear=2024 (POST form),Reserve Bank of India,2026-09-28
2024,12,25,2024-12-25,Guwahati,Christmas,NI Act holiday,https://www.rbi.org.in/Scripts/HolidayMatrixDisplay.aspx?drRegionalOffice=0&drMonth=12&drYear=2024 (POST form),Reserve Bank of India,2026-09-28
2024,12,25,2024-12-25,Hyderabad,Christmas,NI Act holiday,https://www.rbi.org.in/Scripts/HolidayMatrixDisplay.aspx?drRegionalOffice=0&drMonth=12&drYear=2024 (POST form),Reserve Bank of India,2026-09-28
2024,12,25,2024-12-25,Imphal,Christmas,NI Act holiday,https://www.rbi.org.in/Scripts/HolidayMatrixDisplay.aspx?drRegionalOffice=0&drMonth=12&drYear=2024 (POST form),Reserve Bank of India,2026-09-28
2024,12,25,2024-12-25,Itanagar,Christmas,NI Act holiday,https://www.rbi.org.in/Scripts/HolidayMatrixDisplay.aspx?drRegionalOffice=0&drMonth=12&drYear=2024 (POST form),Reserve Bank of India,2026-09-28
2024,12,25,2024-12-25,Jaipur,Christmas,NI Act holiday,https://www.rbi.org.in/Scripts/HolidayMatrixDisplay.aspx?drRegionalOffice=0&drMonth=12&drYear=2024 (POST form),Reserve Bank of India,2026-09-28
2024,12,25,2024-12-25,Jammu,Christmas,NI Act holiday,https://www.rbi.org.in/Scripts/HolidayMatrixDisplay.aspx?drRegionalOffice=0&drMonth=12&drYear=2024 (POST form),Reserve Bank of India,2026-09-28
2024,12,25,2024-12-25,Kanpur,Christmas,NI Act holiday,https://www.rbi.org.in/Scripts/HolidayMatrixDisplay.aspx?drRegionalOffice=0&drMonth=12&drYear=2024 (POST form),Reserve Bank of India,2026-09-28
2024,12,25,2024-12-25,Kochi,Christmas,NI Act holiday,https://www.rbi.org.in/Scripts/HolidayMatrixDisplay.aspx?drRegionalOffice=0&drMonth=12&drYear=2024 (POST form),Reserve Bank of India,2026-09-28
2024,12,24,2024-12-24,Kohima,Christmas Eve,NI Act holiday,https://www.rbi.org.in/Scripts/HolidayMatrixDisplay.aspx?drRegionalOffice=0&drMonth=12&drYear=2024 (POST form),Reserve Bank of India,2026-09-28
2024,12,25,2024-12-25,Kohima,Christmas,NI Act holiday,https://www.rbi.org.in/Scripts/HolidayMatrixDisplay.aspx?drRegionalOffice=0&drMonth=12&drYear=2024 (POST form),Reserve Bank of India,2026-09-28
2024,12,26,2024-12-26,Kohima,Christmas Celebration,NI Act holiday,https://www.rbi.org.in/Scripts/HolidayMatrixDisplay.aspx?drRegionalOffice=0&drMonth=12&drYear=2024 (POST form),Reserve Bank of India,2026-09-28
2024,12,27,2024-12-27,Kohima,"As a mark of respect to Late Dr. Manmohan Singh, the former Prime Minister of India | Christmas  Celebration",NI Act holiday,https://www.rbi.org.in/Scripts/HolidayMatrixDisplay.aspx?drRegionalOffice=0&drMonth=12&drYear=2024 (POST form),Reserve Bank of India,2026-09-28
2024,12,27,2024-12-27,Kohima,"As a mark of respect to Late Dr. Manmohan Singh, the former Prime Minister of India | Christmas  Celebration",NI Act holiday,https://www.rbi.org.in/Scripts/HolidayMatrixDisplay.aspx?drRegionalOffice=0&drMonth=12&drYear=2024 (POST form),Reserve Bank of India,2026-09-28
2024,12,25,2024-12-25,Kolkata,Christmas,NI Act holiday,https://www.rbi.org.in/Scripts/HolidayMatrixDisplay.aspx?drRegionalOffice=0&drMonth=12&drYear=2024 (POST form),Reserve Bank of India,2026-09-28
2024,12,25,2024-12-25,Lucknow,Christmas,NI Act holiday,https://www.rbi.org.in/Scripts/HolidayMatrixDisplay.aspx?drRegionalOffice=0&drMonth=12&drYear=2024 (POST form),Reserve Bank of India,2026-09-28
2024,12,25,2024-12-25,Mumbai,Christmas,NI Act holiday,https://www.rbi.org.in/Scripts/HolidayMatrixDisplay.aspx?drRegionalOffice=0&drMonth=12&drYear=2024 (POST form),Reserve Bank of India,2026-09-28
2024,12,25,2024-12-25,Nagpur,Christmas,NI Act holiday,https://www.rbi.org.in/Scripts/HolidayMatrixDisplay.aspx?drRegionalOffice=0&drMonth=12&drYear=2024 (POST form),Reserve Bank of India,2026-09-28
2024,12,25,2024-12-25,New Delhi,Christmas,NI Act holiday,https://www.rbi.org.in/Scripts/HolidayMatrixDisplay.aspx?drRegionalOffice=0&drMonth=12&drYear=2024 (POST form),Reserve Bank of India,2026-09-28
2024,12,3,2024-12-03,Panaji,Feast of St. Francis Xavier,NI Act holiday,https://www.rbi.org.in/Scripts/HolidayMatrixDisplay.aspx?drRegionalOffice=0&drMonth=12&drYear=2024 (POST form),Reserve Bank of India,2026-09-28
2024,12,19,2024-12-19,Panaji,Goa Liberation Day,NI Act holiday,https://www.rbi.org.in/Scripts/HolidayMatrixDisplay.aspx?drRegionalOffice=0&drMonth=12&drYear=2024 (POST form),Reserve Bank of India,2026-09-28
2024,12,25,2024-12-25,Panaji,Christmas,NI Act holiday,https://www.rbi.org.in/Scripts/HolidayMatrixDisplay.aspx?drRegionalOffice=0&drMonth=12&drYear=2024 (POST form),Reserve Bank of India,2026-09-28
2024,12,25,2024-12-25,Patna,Christmas,NI Act holiday,https://www.rbi.org.in/Scripts/HolidayMatrixDisplay.aspx?drRegionalOffice=0&drMonth=12&drYear=2024 (POST form),Reserve Bank of India,2026-09-28
2024,12,25,2024-12-25,Raipur,Christmas,NI Act holiday,https://www.rbi.org.in/Scripts/HolidayMatrixDisplay.aspx?drRegionalOffice=0&drMonth=12&drYear=2024 (POST form),Reserve Bank of India,2026-09-28
2024,12,25,2024-12-25,Ranchi,Christmas,NI Act holiday,https://www.rbi.org.in/Scripts/HolidayMatrixDisplay.aspx?drRegionalOffice=0&drMonth=12&drYear=2024 (POST form),Reserve Bank of India,2026-09-28
2024,12,12,2024-12-12,Shillong,Pa-Togan Nengminja Sangma,NI Act holiday,https://www.rbi.org.in/Scripts/HolidayMatrixDisplay.aspx?drRegionalOffice=0&drMonth=12&drYear=2024 (POST form),Reserve Bank of India,2026-09-28
2024,12,18,2024-12-18,Shillong,Death Anniversary of U SoSo Tham,NI Act holiday,https://www.rbi.org.in/Scripts/HolidayMatrixDisplay.aspx?drRegionalOffice=0&drMonth=12&drYear=2024 (POST form),Reserve Bank of India,2026-09-28
2024,12,24,2024-12-24,Shillong,Christmas Eve,NI Act holiday,https://www.rbi.org.in/Scripts/HolidayMatrixDisplay.aspx?drRegionalOffice=0&drMonth=12&drYear=2024 (POST form),Reserve Bank of India,2026-09-28
2024,12,25,2024-12-25,Shillong,Christmas,NI Act holiday,https://www.rbi.org.in/Scripts/HolidayMatrixDisplay.aspx?drRegionalOffice=0&drMonth=12&drYear=2024 (POST form),Reserve Bank of India,2026-09-28
2024,12,26,2024-12-26,Shillong,Christmas Celebration,NI Act holiday,https://www.rbi.org.in/Scripts/HolidayMatrixDisplay.aspx?drRegionalOffice=0&drMonth=12&drYear=2024 (POST form),Reserve Bank of India,2026-09-28
2024,12,30,2024-12-30,Shillong,U Kiang Nangbah,NI Act holiday,https://www.rbi.org.in/Scripts/HolidayMatrixDisplay.aspx?drRegionalOffice=0&drMonth=12&drYear=2024 (POST form),Reserve Bank of India,2026-09-28
2024,12,25,2024-12-25,Shimla,Christmas,NI Act holiday,https://www.rbi.org.in/Scripts/HolidayMatrixDisplay.aspx?drRegionalOffice=0&drMonth=12&drYear=2024 (POST form),Reserve Bank of India,2026-09-28
2024,12,25,2024-12-25,Srinagar,Christmas,NI Act holiday,https://www.rbi.org.in/Scripts/HolidayMatrixDisplay.aspx?drRegionalOffice=0&drMonth=12&drYear=2024 (POST form),Reserve Bank of India,2026-09-28
2024,12,25,2024-12-25,Thiruvananthapuram,Christmas,NI Act holiday,https://www.rbi.org.in/Scripts/HolidayMatrixDisplay.aspx?drRegionalOffice=0&drMonth=12&drYear=2024 (POST form),Reserve Bank of India,2026-09-28
2024,12,25,2024-12-25,Vijayawada,Christmas,NI Act holiday,https://www.rbi.org.in/Scripts/HolidayMatrixDisplay.aspx?drRegionalOffice=0&drMonth=12&drYear=2024 (POST form),Reserve Bank of India,2026-09-28
2025,1,23,2025-01-23,Agartala,Birthday of Netaji Subhas Chandra Bose/Vir Surendrasai Jayanti/General Elections to the Municipal Local Bodies,NI Act holiday,https://www.rbi.org.in/Scripts/HolidayMatrixDisplay.aspx?drRegionalOffice=0&drMonth=1&drYear=2025 (POST form),Reserve Bank of India,2026-09-28
2025,1,14,2025-01-14,Ahmedabad,Makar Sankranti/Uttarayana Punyakala/Pongal/Maghe Sankranti/Magh Bihu/Birthday of Hazarat Ali,NI Act holiday,https://www.rbi.org.in/Scripts/HolidayMatrixDisplay.aspx?drRegionalOffice=0&drMonth=1&drYear=2025 (POST form),Reserve Bank of India,2026-09-28
2025,1,1,2025-01-01,Aizawl,New Year’s Day/Loosong/Namsoong,NI Act holiday,https://www.rbi.org.in/Scripts/HolidayMatrixDisplay.aspx?drRegionalOffice=0&drMonth=1&drYear=2025 (POST form),Reserve Bank of India,2026-09-28
2025,1,2,2025-01-02,Aizawl,Loosong/Namsoong/New Year Celebration,NI Act holiday,https://www.rbi.org.in/Scripts/HolidayMatrixDisplay.aspx?drRegionalOffice=0&drMonth=1&drYear=2025 (POST form),Reserve Bank of India,2026-09-28
2025,1,11,2025-01-11,Aizawl,Missionary Day/Imoinu Iratpa,NI Act holiday,https://www.rbi.org.in/Scripts/HolidayMatrixDisplay.aspx?drRegionalOffice=0&drMonth=1&drYear=2025 (POST form),Reserve Bank of India,2026-09-28
2025,1,14,2025-01-14,Bengaluru,Makar Sankranti/Uttarayana Punyakala/Pongal/Maghe Sankranti/Magh Bihu/Birthday of Hazarat Ali,NI Act holiday,https://www.rbi.org.in/Scripts/HolidayMatrixDisplay.aspx?drRegionalOffice=0&drMonth=1&drYear=2025 (POST form),Reserve Bank of India,2026-09-28
2025,1,14,2025-01-14,Bhubaneswar,Makar Sankranti/Uttarayana Punyakala/Pongal/Maghe Sankranti/Magh Bihu/Birthday of Hazarat Ali,NI Act holiday,https://www.rbi.org.in/Scripts/HolidayMatrixDisplay.aspx?drRegionalOffice=0&drMonth=1&drYear=2025 (POST form),Reserve Bank of India,2026-09-28
2025,1,23,2025-01-23,Bhubaneswar,Birthday of Netaji Subhas Chandra Bose/Vir Surendrasai Jayanti/General Elections to the Municipal Local Bodies,NI Act holiday,https://www.rbi.org.in/Scripts/HolidayMatrixDisplay.aspx?drRegionalOffice=0&drMonth=1&drYear=2025 (POST form),Reserve Bank of India,2026-09-28
2025,1,6,2025-01-06,Chandigarh,Sri Guru Gobind Singh’s Birthday,NI Act holiday,https://www.rbi.org.in/Scripts/HolidayMatrixDisplay.aspx?drRegionalOffice=0&drMonth=1&drYear=2025 (POST form),Reserve Bank of India,2026-09-28
2025,1,1,2025-01-01,Chennai,New Year’s Day/Loosong/Namsoong,NI Act holiday,https://www.rbi.org.in/Scripts/HolidayMatrixDisplay.aspx?drRegionalOffice=0&drMonth=1&drYear=2025 (POST form),Reserve Bank of India,2026-09-28
2025,1,14,2025-01-14,Chennai,Makar Sankranti/Uttarayana Punyakala/Pongal/Maghe Sankranti/Magh Bihu/Birthday of Hazarat Ali,NI Act holiday,https://www.rbi.org.in/Scripts/HolidayMatrixDisplay.aspx?drRegionalOffice=0&drMonth=1&drYear=2025 (POST form),Reserve Bank of India,2026-09-28
2025,1,15,2025-01-15,Chennai,Thiruvalluvar Day,NI Act holiday,https://www.rbi.org.in/Scripts/HolidayMatrixDisplay.aspx?drRegionalOffice=0&drMonth=1&drYear=2025 (POST form),Reserve Bank of India,2026-09-28
2025,1,16,2025-01-16,Chennai,Uzhavar Thirunal,NI Act holiday,https://www.rbi.org.in/Scripts/HolidayMatrixDisplay.aspx?drRegionalOffice=0&drMonth=1&drYear=2025 (POST form),Reserve Bank of India,2026-09-28
2025,1,23,2025-01-23,Dehradun,Birthday of Netaji Subhas Chandra Bose/Vir Surendrasai Jayanti/General Elections to the Municipal Local Bodies,NI Act holiday,https://www.rbi.org.in/Scripts/HolidayMatrixDisplay.aspx?drRegionalOffice=0&drMonth=1&drYear=2025 (POST form),Reserve Bank of India,2026-09-28
2025,1,1,2025-01-01,Gangtok,New Year’s Day/Loosong/Namsoong,NI Act holiday,https://www.rbi.org.in/Scripts/HolidayMatrixDisplay.aspx?drRegionalOffice=0&drMonth=1&drYear=2025 (POST form),Reserve Bank of India,2026-09-28
2025,1,2,2025-01-02,Gangtok,Loosong/Namsoong/New Year Celebration,NI Act holiday,https://www.rbi.org.in/Scripts/HolidayMatrixDisplay.aspx?drRegionalOffice=0&drMonth=1&drYear=2025 (POST form),Reserve Bank of India,2026-09-28
2025,1,14,2025-01-14,Gangtok,Makar Sankranti/Uttarayana Punyakala/Pongal/Maghe Sankranti/Magh Bihu/Birthday of Hazarat Ali,NI Act holiday,https://www.rbi.org.in/Scripts/HolidayMatrixDisplay.aspx?drRegionalOffice=0&drMonth=1&drYear=2025 (POST form),Reserve Bank of India,2026-09-28
2025,1,14,2025-01-14,Guwahati,Makar Sankranti/Uttarayana Punyakala/Pongal/Maghe Sankranti/Magh Bihu/Birthday of Hazarat Ali,NI Act holiday,https://www.rbi.org.in/Scripts/HolidayMatrixDisplay.aspx?drRegionalOffice=0&drMonth=1&drYear=2025 (POST form),Reserve Bank of India,2026-09-28
2025,1,14,2025-01-14,Hyderabad,Makar Sankranti/Uttarayana Punyakala/Pongal/Maghe Sankranti/Magh Bihu/Birthday of Hazarat Ali,NI Act holiday,https://www.rbi.org.in/Scripts/HolidayMatrixDisplay.aspx?drRegionalOffice=0&drMonth=1&drYear=2025 (POST form),Reserve Bank of India,2026-09-28
2025,1,1,2025-01-01,Imphal,New Year’s Day/Loosong/Namsoong,NI Act holiday,https://www.rbi.org.in/Scripts/HolidayMatrixDisplay.aspx?drRegionalOffice=0&drMonth=1&drYear=2025 (POST form),Reserve Bank of India,2026-09-28
2025,1,11,2025-01-11,Imphal,Missionary Day/Imoinu Iratpa,NI Act holiday,https://www.rbi.org.in/Scripts/HolidayMatrixDisplay.aspx?drRegionalOffice=0&drMonth=1&drYear=2025 (POST form),Reserve Bank of India,2026-09-28
2025,1,1,2025-01-01,Itanagar,New Year’s Day/Loosong/Namsoong,NI Act holiday,https://www.rbi.org.in/Scripts/HolidayMatrixDisplay.aspx?drRegionalOffice=0&drMonth=1&drYear=2025 (POST form),Reserve Bank of India,2026-09-28
2025,1,14,2025-01-14,Itanagar,Makar Sankranti/Uttarayana Punyakala/Pongal/Maghe Sankranti/Magh Bihu/Birthday of Hazarat Ali,NI Act holiday,https://www.rbi.org.in/Scripts/HolidayMatrixDisplay.aspx?drRegionalOffice=0&drMonth=1&drYear=2025 (POST form),Reserve Bank of India,2026-09-28
2025,1,14,2025-01-14,Kanpur,Makar Sankranti/Uttarayana Punyakala/Pongal/Maghe Sankranti/Magh Bihu/Birthday of Hazarat Ali,NI Act holiday,https://www.rbi.org.in/Scripts/HolidayMatrixDisplay.aspx?drRegionalOffice=0&drMonth=1&drYear=2025 (POST form),Reserve Bank of India,2026-09-28
2025,1,1,2025-01-01,Kohima,New Year’s Day/Loosong/Namsoong,NI Act holiday,https://www.rbi.org.in/Scripts/HolidayMatrixDisplay.aspx?drRegionalOffice=0&drMonth=1&drYear=2025 (POST form),Reserve Bank of India,2026-09-28
2025,1,1,2025-01-01,Kolkata,New Year’s Day/Loosong/Namsoong,NI Act holiday,https://www.rbi.org.in/Scripts/HolidayMatrixDisplay.aspx?drRegionalOffice=0&drMonth=1&drYear=2025 (POST form),Reserve Bank of India,2026-09-28
2025,1,23,2025-01-23,Kolkata,Birthday of Netaji Subhas Chandra Bose/Vir Surendrasai Jayanti/General Elections to the Municipal Local Bodies,NI Act holiday,https://www.rbi.org.in/Scripts/HolidayMatrixDisplay.aspx?drRegionalOffice=0&drMonth=1&drYear=2025 (POST form),Reserve Bank of India,2026-09-28
2025,1,14,2025-01-14,Lucknow,Makar Sankranti/Uttarayana Punyakala/Pongal/Maghe Sankranti/Magh Bihu/Birthday of Hazarat Ali,NI Act holiday,https://www.rbi.org.in/Scripts/HolidayMatrixDisplay.aspx?drRegionalOffice=0&drMonth=1&drYear=2025 (POST form),Reserve Bank of India,2026-09-28
2025,1,1,2025-01-01,Shillong,New Year’s Day/Loosong/Namsoong,NI Act holiday,https://www.rbi.org.in/Scripts/HolidayMatrixDisplay.aspx?drRegionalOffice=0&drMonth=1&drYear=2025 (POST form),Reserve Bank of India,2026-09-28
2025,1,14,2025-01-14,Vijayawada,Makar Sankranti/Uttarayana Punyakala/Pongal/Maghe Sankranti/Magh Bihu/Birthday of Hazarat Ali,NI Act holiday,https://www.rbi.org.in/Scripts/HolidayMatrixDisplay.aspx?drRegionalOffice=0&drMonth=1&drYear=2025 (POST form),Reserve Bank of India,2026-09-28
2025,2,3,2025-02-03,Agartala,Saraswati Puja,NI Act holiday,https://www.rbi.org.in/Scripts/HolidayMatrixDisplay.aspx?drRegionalOffice=0&drMonth=2&drYear=2025 (POST form),Reserve Bank of India,2026-09-28
2025,2,26,2025-02-26,Ahmedabad,Mahashivratri,NI Act holiday,https://www.rbi.org.in/Scripts/HolidayMatrixDisplay.aspx?drRegionalOffice=0&drMonth=2&drYear=2025 (POST form),Reserve Bank of India,2026-09-28
2025,2,12,2025-02-12,Aizawl,Sant Ravidas Jayanti/Guru Ravi Das’s Birthday/General Election to Local Councils 2025,NI Act holiday,https://www.rbi.org.in/Scripts/HolidayMatrixDisplay.aspx?drRegionalOffice=0&drMonth=2&drYear=2025 (POST form),Reserve Bank of India,2026-09-28
2025,2,20,2025-02-20,Aizawl,Statehood Day/State Day,NI Act holiday,https://www.rbi.org.in/Scripts/HolidayMatrixDisplay.aspx?drRegionalOffice=0&drMonth=2&drYear=2025 (POST form),Reserve Bank of India,2026-09-28
2025,2,26,2025-02-26,Aizawl,Mahashivratri,NI Act holiday,https://www.rbi.org.in/Scripts/HolidayMatrixDisplay.aspx?drRegionalOffice=0&drMonth=2&drYear=2025 (POST form),Reserve Bank of India,2026-09-28
2025,2,19,2025-02-19,Belapur,Chhatrapati Shivaji Maharaj Jayanti,NI Act holiday,https://www.rbi.org.in/Scripts/HolidayMatrixDisplay.aspx?drRegionalOffice=0&drMonth=2&drYear=2025 (POST form),Reserve Bank of India,2026-09-28
2025,2,26,2025-02-26,Belapur,Mahashivratri,NI Act holiday,https://www.rbi.org.in/Scripts/HolidayMatrixDisplay.aspx?drRegionalOffice=0&drMonth=2&drYear=2025 (POST form),Reserve Bank of India,2026-09-28
2025,2,26,2025-02-26,Bengaluru,Mahashivratri,NI Act holiday,https://www.rbi.org.in/Scripts/HolidayMatrixDisplay.aspx?drRegionalOffice=0&drMonth=2&drYear=2025 (POST form),Reserve Bank of India,2026-09-28
2025,2,26,2025-02-26,Bhopal,Mahashivratri,NI Act holiday,https://www.rbi.org.in/Scripts/HolidayMatrixDisplay.aspx?drRegionalOffice=0&drMonth=2&drYear=2025 (POST form),Reserve Bank of India,2026-09-28
2025,2,26,2025-02-26,Bhubaneswar,Mahashivratri,NI Act holiday,https://www.rbi.org.in/Scripts/HolidayMatrixDisplay.aspx?drRegionalOffice=0&drMonth=2&drYear=2025 (POST form),Reserve Bank of India,2026-09-28
2025,2,26,2025-02-26,Chandigarh,Mahashivratri,NI Act holiday,https://www.rbi.org.in/Scripts/HolidayMatrixDisplay.aspx?drRegionalOffice=0&drMonth=2&drYear=2025 (POST form),Reserve Bank of India,2026-09-28
2025,2,11,2025-02-11,Chennai,Thai Poosam/Municipal Corporation General Election 2025,NI Act holiday,https://www.rbi.org.in/Scripts/HolidayMatrixDisplay.aspx?drRegionalOffice=0&drMonth=2&drYear=2025 (POST form),Reserve Bank of India,2026-09-28
2025,2,26,2025-02-26,Dehradun,Mahashivratri,NI Act holiday,https://www.rbi.org.in/Scripts/HolidayMatrixDisplay.aspx?drRegionalOffice=0&drMonth=2&drYear=2025 (POST form),Reserve Bank of India,2026-09-28
2025,2,28,2025-02-28,Gangtok,Losar,NI Act holiday,https://www.rbi.org.in/Scripts/HolidayMatrixDisplay.aspx?drRegionalOffice=0&drMonth=2&drYear=2025 (POST form),Reserve Bank of India,2026-09-28
2025,2,26,2025-02-26,Hyderabad,Mahashivratri,NI Act holiday,https://www.rbi.org.in/Scripts/HolidayMatrixDisplay.aspx?drRegionalOffice=0&drMonth=2&drYear=2025 (POST form),Reserve Bank of India,2026-09-28
2025,2,15,2025-02-15,Imphal,Lui-Ngai-Ni,NI Act holiday,https://www.rbi.org.in/Scripts/HolidayMatrixDisplay.aspx?drRegionalOffice=0&drMonth=2&drYear=2025 (POST form),Reserve Bank of India,2026-09-28
2025,2,20,2025-02-20,Itanagar,Statehood Day/State Day,NI Act holiday,https://www.rbi.org.in/Scripts/HolidayMatrixDisplay.aspx?drRegionalOffice=0&drMonth=2&drYear=2025 (POST form),Reserve Bank of India,2026-09-28
2025,2,26,2025-02-26,Jaipur,Mahashivratri,NI Act holiday,https://www.rbi.org.in/Scripts/HolidayMatrixDisplay.aspx?drRegionalOffice=0&drMonth=2&drYear=2025 (POST form),Reserve Bank of India,2026-09-28
2025,2,26,2025-02-26,Jammu,Mahashivratri,NI Act holiday,https://www.rbi.org.in/Scripts/HolidayMatrixDisplay.aspx?drRegionalOffice=0&drMonth=2&drYear=2025 (POST form),Reserve Bank of India,2026-09-28
2025,2,12,2025-02-12,Kanpur,Sant Ravidas Jayanti/Guru Ravi Das’s Birthday/General Election to Local Councils 2025,NI Act holiday,https://www.rbi.org.in/Scripts/HolidayMatrixDisplay.aspx?drRegionalOffice=0&drMonth=2&drYear=2025 (POST form),Reserve Bank of India,2026-09-28
2025,2,26,2025-02-26,Kanpur,Mahashivratri,NI Act holiday,https://www.rbi.org.in/Scripts/HolidayMatrixDisplay.aspx?drRegionalOffice=0&drMonth=2&drYear=2025 (POST form),Reserve Bank of India,2026-09-28
2025,2,26,2025-02-26,Kochi,Mahashivratri,NI Act holiday,https://www.rbi.org.in/Scripts/HolidayMatrixDisplay.aspx?drRegionalOffice=0&drMonth=2&drYear=2025 (POST form),Reserve Bank of India,2026-09-28
2025,2,12,2025-02-12,Lucknow,Sant Ravidas Jayanti/Guru Ravi Das’s Birthday/General Election to Local Councils 2025,NI Act holiday,https://www.rbi.org.in/Scripts/HolidayMatrixDisplay.aspx?drRegionalOffice=0&drMonth=2&drYear=2025 (POST form),Reserve Bank of India,2026-09-28
2025,2,26,2025-02-26,Lucknow,Mahashivratri,NI Act holiday,https://www.rbi.org.in/Scripts/HolidayMatrixDisplay.aspx?drRegionalOffice=0&drMonth=2&drYear=2025 (POST form),Reserve Bank of India,2026-09-28
2025,2,19,2025-02-19,Mumbai,Chhatrapati Shivaji Maharaj Jayanti,NI Act holiday,https://www.rbi.org.in/Scripts/HolidayMatrixDisplay.aspx?drRegionalOffice=0&drMonth=2&drYear=2025 (POST form),Reserve Bank of India,2026-09-28
2025,2,26,2025-02-26,Mumbai,Mahashivratri,NI Act holiday,https://www.rbi.org.in/Scripts/HolidayMatrixDisplay.aspx?drRegionalOffice=0&drMonth=2&drYear=2025 (POST form),Reserve Bank of India,2026-09-28
2025,2,19,2025-02-19,Nagpur,Chhatrapati Shivaji Maharaj Jayanti,NI Act holiday,https://www.rbi.org.in/Scripts/HolidayMatrixDisplay.aspx?drRegionalOffice=0&drMonth=2&drYear=2025 (POST form),Reserve Bank of India,2026-09-28
2025,2,26,2025-02-26,Nagpur,Mahashivratri,NI Act holiday,https://www.rbi.org.in/Scripts/HolidayMatrixDisplay.aspx?drRegionalOffice=0&drMonth=2&drYear=2025 (POST form),Reserve Bank of India,2026-09-28
2025,2,11,2025-02-11,Raipur,Thai Poosam/Municipal Corporation General Election 2025,NI Act holiday,https://www.rbi.org.in/Scripts/HolidayMatrixDisplay.aspx?drRegionalOffice=0&drMonth=2&drYear=2025 (POST form),Reserve Bank of India,2026-09-28
2025,2,26,2025-02-26,Raipur,Mahashivratri,NI Act holiday,https://www.rbi.org.in/Scripts/HolidayMatrixDisplay.aspx?drRegionalOffice=0&drMonth=2&drYear=2025 (POST form),Reserve Bank of India,2026-09-28
2025,2,26,2025-02-26,Ranchi,Mahashivratri,NI Act holiday,https://www.rbi.org.in/Scripts/HolidayMatrixDisplay.aspx?drRegionalOffice=0&drMonth=2&drYear=2025 (POST form),Reserve Bank of India,2026-09-28
2025,2,21,2025-02-21,Shillong,"General Elections, 2025",NI Act holiday,https://www.rbi.org.in/Scripts/HolidayMatrixDisplay.aspx?drRegionalOffice=0&drMonth=2&drYear=2025 (POST form),Reserve Bank of India,2026-09-28
2025,2,12,2025-02-12,Shimla,Sant Ravidas Jayanti/Guru Ravi Das’s Birthday/General Election to Local Councils 2025,NI Act holiday,https://www.rbi.org.in/Scripts/HolidayMatrixDisplay.aspx?drRegionalOffice=0&drMonth=2&drYear=2025 (POST form),Reserve Bank of India,2026-09-28
2025,2,26,2025-02-26,Shimla,Mahashivratri,NI Act holiday,https://www.rbi.org.in/Scripts/HolidayMatrixDisplay.aspx?drRegionalOffice=0&drMonth=2&drYear=2025 (POST form),Reserve Bank of India,2026-09-28
2025,2,26,2025-02-26,Srinagar,Mahashivratri,NI Act holiday,https://www.rbi.org.in/Scripts/HolidayMatrixDisplay.aspx?drRegionalOffice=0&drMonth=2&drYear=2025 (POST form),Reserve Bank of India,2026-09-28
2025,2,26,2025-02-26,Thiruvananthapuram,Mahashivratri,NI Act holiday,https://www.rbi.org.in/Scripts/HolidayMatrixDisplay.aspx?drRegionalOffice=0&drMonth=2&drYear=2025 (POST form),Reserve Bank of India,2026-09-28
2025,2,26,2025-02-26,Vijayawada,Mahashivratri,NI Act holiday,https://www.rbi.org.in/Scripts/HolidayMatrixDisplay.aspx?drRegionalOffice=0&drMonth=2&drYear=2025 (POST form),Reserve Bank of India,2026-09-28
2025,3,15,2025-03-15,Agartala,Holi/Yaosang 2nd Day,NI Act holiday,https://www.rbi.org.in/Scripts/HolidayMatrixDisplay.aspx?drRegionalOffice=0&drMonth=3&drYear=2025 (POST form),Reserve Bank of India,2026-09-28
2025,3,31,2025-03-31,Agartala,Ramzan-Id (Id-Ul-Fitr) (Shawal-1)/Khutub-E-Ramzan,NI Act holiday,https://www.rbi.org.in/Scripts/HolidayMatrixDisplay.aspx?drRegionalOffice=0&drMonth=3&drYear=2025 (POST form),Reserve Bank of India,2026-09-28
2025,3,14,2025-03-14,Ahmedabad,Holi (Second Day) - Dhuleti/Dhulandi/Dol Jatra,NI Act holiday,https://www.rbi.org.in/Scripts/HolidayMatrixDisplay.aspx?drRegionalOffice=0&drMonth=3&drYear=2025 (POST form),Reserve Bank of India,2026-09-28
2025,3,31,2025-03-31,Ahmedabad,Ramzan-Id (Id-Ul-Fitr) (Shawal-1)/Khutub-E-Ramzan,NI Act holiday,https://www.rbi.org.in/Scripts/HolidayMatrixDisplay.aspx?drRegionalOffice=0&drMonth=3&drYear=2025 (POST form),Reserve Bank of India,2026-09-28
2025,3,7,2025-03-07,Aizawl,Chapchar Kut,NI Act holiday,https://www.rbi.org.in/Scripts/HolidayMatrixDisplay.aspx?drRegionalOffice=0&drMonth=3&drYear=2025 (POST form),Reserve Bank of India,2026-09-28
2025,3,14,2025-03-14,Aizawl,Holi (Second Day) - Dhuleti/Dhulandi/Dol Jatra,NI Act holiday,https://www.rbi.org.in/Scripts/HolidayMatrixDisplay.aspx?drRegionalOffice=0&drMonth=3&drYear=2025 (POST form),Reserve Bank of India,2026-09-28
2025,3,14,2025-03-14,Belapur,Holi (Second Day) - Dhuleti/Dhulandi/Dol Jatra,NI Act holiday,https://www.rbi.org.in/Scripts/HolidayMatrixDisplay.aspx?drRegionalOffice=0&drMonth=3&drYear=2025 (POST form),Reserve Bank of India,2026-09-28
2025,3,31,2025-03-31,Belapur,Ramzan-Id (Id-Ul-Fitr) (Shawal-1)/Khutub-E-Ramzan,NI Act holiday,https://www.rbi.org.in/Scripts/HolidayMatrixDisplay.aspx?drRegionalOffice=0&drMonth=3&drYear=2025 (POST form),Reserve Bank of India,2026-09-28
2025,3,31,2025-03-31,Bengaluru,Ramzan-Id (Id-Ul-Fitr) (Shawal-1)/Khutub-E-Ramzan,NI Act holiday,https://www.rbi.org.in/Scripts/HolidayMatrixDisplay.aspx?drRegionalOffice=0&drMonth=3&drYear=2025 (POST form),Reserve Bank of India,2026-09-28
2025,3,14,2025-03-14,Bhopal,Holi (Second Day) - Dhuleti/Dhulandi/Dol Jatra,NI Act holiday,https://www.rbi.org.in/Scripts/HolidayMatrixDisplay.aspx?drRegionalOffice=0&drMonth=3&drYear=2025 (POST form),Reserve Bank of India,2026-09-28
2025,3,31,2025-03-31,Bhopal,Ramzan-Id (Id-Ul-Fitr) (Shawal-1)/Khutub-E-Ramzan,NI Act holiday,https://www.rbi.org.in/Scripts/HolidayMatrixDisplay.aspx?drRegionalOffice=0&drMonth=3&drYear=2025 (POST form),Reserve Bank of India,2026-09-28
2025,3,15,2025-03-15,Bhubaneswar,Holi/Yaosang 2nd Day,NI Act holiday,https://www.rbi.org.in/Scripts/HolidayMatrixDisplay.aspx?drRegionalOffice=0&drMonth=3&drYear=2025 (POST form),Reserve Bank of India,2026-09-28
2025,3,31,2025-03-31,Bhubaneswar,Ramzan-Id (Id-Ul-Fitr) (Shawal-1)/Khutub-E-Ramzan,NI Act holiday,https://www.rbi.org.in/Scripts/HolidayMatrixDisplay.aspx?drRegionalOffice=0&drMonth=3&drYear=2025 (POST form),Reserve Bank of India,2026-09-28
2025,3,14,2025-03-14,Chandigarh,Holi (Second Day) - Dhuleti/Dhulandi/Dol Jatra,NI Act holiday,https://www.rbi.org.in/Scripts/HolidayMatrixDisplay.aspx?drRegionalOffice=0&drMonth=3&drYear=2025 (POST form),Reserve Bank of India,2026-09-28
2025,3,31,2025-03-31,Chandigarh,Ramzan-Id (Id-Ul-Fitr) (Shawal-1)/Khutub-E-Ramzan,NI Act holiday,https://www.rbi.org.in/Scripts/HolidayMatrixDisplay.aspx?drRegionalOffice=0&drMonth=3&drYear=2025 (POST form),Reserve Bank of India,2026-09-28
2025,3,31,2025-03-31,Chennai,Ramzan-Id (Id-Ul-Fitr) (Shawal-1)/Khutub-E-Ramzan,NI Act holiday,https://www.rbi.org.in/Scripts/HolidayMatrixDisplay.aspx?drRegionalOffice=0&drMonth=3&drYear=2025 (POST form),Reserve Bank of India,2026-09-28
2025,3,13,2025-03-13,Dehradun,Holika Dahan/Attukal Pongala,NI Act holiday,https://www.rbi.org.in/Scripts/HolidayMatrixDisplay.aspx?drRegionalOffice=0&drMonth=3&drYear=2025 (POST form),Reserve Bank of India,2026-09-28
2025,3,14,2025-03-14,Dehradun,Holi (Second Day) - Dhuleti/Dhulandi/Dol Jatra,NI Act holiday,https://www.rbi.org.in/Scripts/HolidayMatrixDisplay.aspx?drRegionalOffice=0&drMonth=3&drYear=2025 (POST form),Reserve Bank of India,2026-09-28
2025,3,31,2025-03-31,Dehradun,Ramzan-Id (Id-Ul-Fitr) (Shawal-1)/Khutub-E-Ramzan,NI Act holiday,https://www.rbi.org.in/Scripts/HolidayMatrixDisplay.aspx?drRegionalOffice=0&drMonth=3&drYear=2025 (POST form),Reserve Bank of India,2026-09-28
2025,3,14,2025-03-14,Gangtok,Holi (Second Day) - Dhuleti/Dhulandi/Dol Jatra,NI Act holiday,https://www.rbi.org.in/Scripts/HolidayMatrixDisplay.aspx?drRegionalOffice=0&drMonth=3&drYear=2025 (POST form),Reserve Bank of India,2026-09-28
2025,3,31,2025-03-31,Gangtok,Ramzan-Id (Id-Ul-Fitr) (Shawal-1)/Khutub-E-Ramzan,NI Act holiday,https://www.rbi.org.in/Scripts/HolidayMatrixDisplay.aspx?drRegionalOffice=0&drMonth=3&drYear=2025 (POST form),Reserve Bank of India,2026-09-28
2025,3,14,2025-03-14,Guwahati,Holi (Second Day) - Dhuleti/Dhulandi/Dol Jatra,NI Act holiday,https://www.rbi.org.in/Scripts/HolidayMatrixDisplay.aspx?drRegionalOffice=0&drMonth=3&drYear=2025 (POST form),Reserve Bank of India,2026-09-28
2025,3,31,2025-03-31,Guwahati,Ramzan-Id (Id-Ul-Fitr) (Shawal-1)/Khutub-E-Ramzan,NI Act holiday,https://www.rbi.org.in/Scripts/HolidayMatrixDisplay.aspx?drRegionalOffice=0&drMonth=3&drYear=2025 (POST form),Reserve Bank of India,2026-09-28
2025,3,14,2025-03-14,Hyderabad,Holi (Second Day) - Dhuleti/Dhulandi/Dol Jatra,NI Act holiday,https://www.rbi.org.in/Scripts/HolidayMatrixDisplay.aspx?drRegionalOffice=0&drMonth=3&drYear=2025 (POST form),Reserve Bank of India,2026-09-28
2025,3,31,2025-03-31,Hyderabad,Ramzan-Id (Id-Ul-Fitr) (Shawal-1)/Khutub-E-Ramzan,NI Act holiday,https://www.rbi.org.in/Scripts/HolidayMatrixDisplay.aspx?drRegionalOffice=0&drMonth=3&drYear=2025 (POST form),Reserve Bank of India,2026-09-28
2025,3,15,2025-03-15,Imphal,Holi/Yaosang 2nd Day,NI Act holiday,https://www.rbi.org.in/Scripts/HolidayMatrixDisplay.aspx?drRegionalOffice=0&drMonth=3&drYear=2025 (POST form),Reserve Bank of India,2026-09-28
2025,3,31,2025-03-31,Imphal,Ramzan-Id (Id-Ul-Fitr) (Shawal-1)/Khutub-E-Ramzan,NI Act holiday,https://www.rbi.org.in/Scripts/HolidayMatrixDisplay.aspx?drRegionalOffice=0&drMonth=3&drYear=2025 (POST form),Reserve Bank of India,2026-09-28
2025,3,14,2025-03-14,Itanagar,Holi (Second Day) - Dhuleti/Dhulandi/Dol Jatra,NI Act holiday,https://www.rbi.org.in/Scripts/HolidayMatrixDisplay.aspx?drRegionalOffice=0&drMonth=3&drYear=2025 (POST form),Reserve Bank of India,2026-09-28
2025,3,31,2025-03-31,Itanagar,Ramzan-Id (Id-Ul-Fitr) (Shawal-1)/Khutub-E-Ramzan,NI Act holiday,https://www.rbi.org.in/Scripts/HolidayMatrixDisplay.aspx?drRegionalOffice=0&drMonth=3&drYear=2025 (POST form),Reserve Bank of India,2026-09-28
2025,3,14,2025-03-14,Jaipur,Holi (Second Day) - Dhuleti/Dhulandi/Dol Jatra,NI Act holiday,https://www.rbi.org.in/Scripts/HolidayMatrixDisplay.aspx?drRegionalOffice=0&drMonth=3&drYear=2025 (POST form),Reserve Bank of India,2026-09-28
2025,3,31,2025-03-31,Jaipur,Ramzan-Id (Id-Ul-Fitr) (Shawal-1)/Khutub-E-Ramzan,NI Act holiday,https://www.rbi.org.in/Scripts/HolidayMatrixDisplay.aspx?drRegionalOffice=0&drMonth=3&drYear=2025 (POST form),Reserve Bank of India,2026-09-28
2025,3,14,2025-03-14,Jammu,Holi (Second Day) - Dhuleti/Dhulandi/Dol Jatra,NI Act holiday,https://www.rbi.org.in/Scripts/HolidayMatrixDisplay.aspx?drRegionalOffice=0&drMonth=3&drYear=2025 (POST form),Reserve Bank of India,2026-09-28
2025,3,27,2025-03-27,Jammu,Shab-I-Qadr,NI Act holiday,https://www.rbi.org.in/Scripts/HolidayMatrixDisplay.aspx?drRegionalOffice=0&drMonth=3&drYear=2025 (POST form),Reserve Bank of India,2026-09-28
2025,3,28,2025-03-28,Jammu,Jumat-ul-Vida,NI Act holiday,https://www.rbi.org.in/Scripts/HolidayMatrixDisplay.aspx?drRegionalOffice=0&drMonth=3&drYear=2025 (POST form),Reserve Bank of India,2026-09-28
2025,3,31,2025-03-31,Jammu,Ramzan-Id (Id-Ul-Fitr) (Shawal-1)/Khutub-E-Ramzan,NI Act holiday,https://www.rbi.org.in/Scripts/HolidayMatrixDisplay.aspx?drRegionalOffice=0&drMonth=3&drYear=2025 (POST form),Reserve Bank of India,2026-09-28
2025,3,13,2025-03-13,Kanpur,Holika Dahan/Attukal Pongala,NI Act holiday,https://www.rbi.org.in/Scripts/HolidayMatrixDisplay.aspx?drRegionalOffice=0&drMonth=3&drYear=2025 (POST form),Reserve Bank of India,2026-09-28
2025,3,14,2025-03-14,Kanpur,Holi (Second Day) - Dhuleti/Dhulandi/Dol Jatra,NI Act holiday,https://www.rbi.org.in/Scripts/HolidayMatrixDisplay.aspx?drRegionalOffice=0&drMonth=3&drYear=2025 (POST form),Reserve Bank of India,2026-09-28
2025,3,31,2025-03-31,Kanpur,Ramzan-Id (Id-Ul-Fitr) (Shawal-1)/Khutub-E-Ramzan,NI Act holiday,https://www.rbi.org.in/Scripts/HolidayMatrixDisplay.aspx?drRegionalOffice=0&drMonth=3&drYear=2025 (POST form),Reserve Bank of India,2026-09-28
2025,3,31,2025-03-31,Kochi,Ramzan-Id (Id-Ul-Fitr) (Shawal-1)/Khutub-E-Ramzan,NI Act holiday,https://www.rbi.org.in/Scripts/HolidayMatrixDisplay.aspx?drRegionalOffice=0&drMonth=3&drYear=2025 (POST form),Reserve Bank of India,2026-09-28
2025,3,31,2025-03-31,Kohima,Ramzan-Id (Id-Ul-Fitr) (Shawal-1)/Khutub-E-Ramzan,NI Act holiday,https://www.rbi.org.in/Scripts/HolidayMatrixDisplay.aspx?drRegionalOffice=0&drMonth=3&drYear=2025 (POST form),Reserve Bank of India,2026-09-28
2025,3,14,2025-03-14,Kolkata,Holi (Second Day) - Dhuleti/Dhulandi/Dol Jatra,NI Act holiday,https://www.rbi.org.in/Scripts/HolidayMatrixDisplay.aspx?drRegionalOffice=0&drMonth=3&drYear=2025 (POST form),Reserve Bank of India,2026-09-28
2025,3,31,2025-03-31,Kolkata,Ramzan-Id (Id-Ul-Fitr) (Shawal-1)/Khutub-E-Ramzan,NI Act holiday,https://www.rbi.org.in/Scripts/HolidayMatrixDisplay.aspx?drRegionalOffice=0&drMonth=3&drYear=2025 (POST form),Reserve Bank of India,2026-09-28
2025,3,13,2025-03-13,Lucknow,Holika Dahan/Attukal Pongala,NI Act holiday,https://www.rbi.org.in/Scripts/HolidayMatrixDisplay.aspx?drRegionalOffice=0&drMonth=3&drYear=2025 (POST form),Reserve Bank of India,2026-09-28
2025,3,14,2025-03-14,Lucknow,Holi (Second Day) - Dhuleti/Dhulandi/Dol Jatra,NI Act holiday,https://www.rbi.org.in/Scripts/HolidayMatrixDisplay.aspx?drRegionalOffice=0&drMonth=3&drYear=2025 (POST form),Reserve Bank of India,2026-09-28
2025,3,31,2025-03-31,Lucknow,Ramzan-Id (Id-Ul-Fitr) (Shawal-1)/Khutub-E-Ramzan,NI Act holiday,https://www.rbi.org.in/Scripts/HolidayMatrixDisplay.aspx?drRegionalOffice=0&drMonth=3&drYear=2025 (POST form),Reserve Bank of India,2026-09-28
2025,3,14,2025-03-14,Mumbai,Holi (Second Day) - Dhuleti/Dhulandi/Dol Jatra,NI Act holiday,https://www.rbi.org.in/Scripts/HolidayMatrixDisplay.aspx?drRegionalOffice=0&drMonth=3&drYear=2025 (POST form),Reserve Bank of India,2026-09-28
2025,3,31,2025-03-31,Mumbai,Ramzan-Id (Id-Ul-Fitr) (Shawal-1)/Khutub-E-Ramzan,NI Act holiday,https://www.rbi.org.in/Scripts/HolidayMatrixDisplay.aspx?drRegionalOffice=0&drMonth=3&drYear=2025 (POST form),Reserve Bank of India,2026-09-28
2025,3,14,2025-03-14,Nagpur,Holi (Second Day) - Dhuleti/Dhulandi/Dol Jatra,NI Act holiday,https://www.rbi.org.in/Scripts/HolidayMatrixDisplay.aspx?drRegionalOffice=0&drMonth=3&drYear=2025 (POST form),Reserve Bank of India,2026-09-28
2025,3,31,2025-03-31,Nagpur,Ramzan-Id (Id-Ul-Fitr) (Shawal-1)/Khutub-E-Ramzan,NI Act holiday,https://www.rbi.org.in/Scripts/HolidayMatrixDisplay.aspx?drRegionalOffice=0&drMonth=3&drYear=2025 (POST form),Reserve Bank of India,2026-09-28
2025,3,14,2025-03-14,New Delhi,Holi (Second Day) - Dhuleti/Dhulandi/Dol Jatra,NI Act holiday,https://www.rbi.org.in/Scripts/HolidayMatrixDisplay.aspx?drRegionalOffice=0&drMonth=3&drYear=2025 (POST form),Reserve Bank of India,2026-09-28
2025,3,31,2025-03-31,New Delhi,Ramzan-Id (Id-Ul-Fitr) (Shawal-1)/Khutub-E-Ramzan,NI Act holiday,https://www.rbi.org.in/Scripts/HolidayMatrixDisplay.aspx?drRegionalOffice=0&drMonth=3&drYear=2025 (POST form),Reserve Bank of India,2026-09-28
2025,3,14,2025-03-14,Panaji,Holi (Second Day) - Dhuleti/Dhulandi/Dol Jatra,NI Act holiday,https://www.rbi.org.in/Scripts/HolidayMatrixDisplay.aspx?drRegionalOffice=0&drMonth=3&drYear=2025 (POST form),Reserve Bank of India,2026-09-28
2025,3,31,2025-03-31,Panaji,Ramzan-Id (Id-Ul-Fitr) (Shawal-1)/Khutub-E-Ramzan,NI Act holiday,https://www.rbi.org.in/Scripts/HolidayMatrixDisplay.aspx?drRegionalOffice=0&drMonth=3&drYear=2025 (POST form),Reserve Bank of India,2026-09-28
2025,3,14,2025-03-14,Patna,Holi (Second Day) - Dhuleti/Dhulandi/Dol Jatra,NI Act holiday,https://www.rbi.org.in/Scripts/HolidayMatrixDisplay.aspx?drRegionalOffice=0&drMonth=3&drYear=2025 (POST form),Reserve Bank of India,2026-09-28
2025,3,15,2025-03-15,Patna,Holi/Yaosang 2nd Day,NI Act holiday,https://www.rbi.org.in/Scripts/HolidayMatrixDisplay.aspx?drRegionalOffice=0&drMonth=3&drYear=2025 (POST form),Reserve Bank of India,2026-09-28
2025,3,22,2025-03-22,Patna,Bihar Diwas,NI Act holiday,https://www.rbi.org.in/Scripts/HolidayMatrixDisplay.aspx?drRegionalOffice=0&drMonth=3&drYear=2025 (POST form),Reserve Bank of India,2026-09-28
2025,3,31,2025-03-31,Patna,Ramzan-Id (Id-Ul-Fitr) (Shawal-1)/Khutub-E-Ramzan,NI Act holiday,https://www.rbi.org.in/Scripts/HolidayMatrixDisplay.aspx?drRegionalOffice=0&drMonth=3&drYear=2025 (POST form),Reserve Bank of India,2026-09-28
2025,3,14,2025-03-14,Raipur,Holi (Second Day) - Dhuleti/Dhulandi/Dol Jatra,NI Act holiday,https://www.rbi.org.in/Scripts/HolidayMatrixDisplay.aspx?drRegionalOffice=0&drMonth=3&drYear=2025 (POST form),Reserve Bank of India,2026-09-28
2025,3,31,2025-03-31,Raipur,Ramzan-Id (Id-Ul-Fitr) (Shawal-1)/Khutub-E-Ramzan,NI Act holiday,https://www.rbi.org.in/Scripts/HolidayMatrixDisplay.aspx?drRegionalOffice=0&drMonth=3&drYear=2025 (POST form),Reserve Bank of India,2026-09-28
2025,3,13,2025-03-13,Ranchi,Holika Dahan/Attukal Pongala,NI Act holiday,https://www.rbi.org.in/Scripts/HolidayMatrixDisplay.aspx?drRegionalOffice=0&drMonth=3&drYear=2025 (POST form),Reserve Bank of India,2026-09-28
2025,3,14,2025-03-14,Ranchi,Holi (Second Day) - Dhuleti/Dhulandi/Dol Jatra,NI Act holiday,https://www.rbi.org.in/Scripts/HolidayMatrixDisplay.aspx?drRegionalOffice=0&drMonth=3&drYear=2025 (POST form),Reserve Bank of India,2026-09-28
2025,3,15,2025-03-15,Ranchi,Holi/Yaosang 2nd Day,NI Act holiday,https://www.rbi.org.in/Scripts/HolidayMatrixDisplay.aspx?drRegionalOffice=0&drMonth=3&drYear=2025 (POST form),Reserve Bank of India,2026-09-28
2025,3,31,2025-03-31,Ranchi,Ramzan-Id (Id-Ul-Fitr) (Shawal-1)/Khutub-E-Ramzan,NI Act holiday,https://www.rbi.org.in/Scripts/HolidayMatrixDisplay.aspx?drRegionalOffice=0&drMonth=3&drYear=2025 (POST form),Reserve Bank of India,2026-09-28
2025,3,14,2025-03-14,Shillong,Holi (Second Day) - Dhuleti/Dhulandi/Dol Jatra,NI Act holiday,https://www.rbi.org.in/Scripts/HolidayMatrixDisplay.aspx?drRegionalOffice=0&drMonth=3&drYear=2025 (POST form),Reserve Bank of India,2026-09-28
2025,3,31,2025-03-31,Shillong,Ramzan-Id (Id-Ul-Fitr) (Shawal-1)/Khutub-E-Ramzan,NI Act holiday,https://www.rbi.org.in/Scripts/HolidayMatrixDisplay.aspx?drRegionalOffice=0&drMonth=3&drYear=2025 (POST form),Reserve Bank of India,2026-09-28
2025,3,14,2025-03-14,Shimla,Holi (Second Day) - Dhuleti/Dhulandi/Dol Jatra,NI Act holiday,https://www.rbi.org.in/Scripts/HolidayMatrixDisplay.aspx?drRegionalOffice=0&drMonth=3&drYear=2025 (POST form),Reserve Bank of India,2026-09-28
2025,3,14,2025-03-14,Srinagar,Holi (Second Day) - Dhuleti/Dhulandi/Dol Jatra,NI Act holiday,https://www.rbi.org.in/Scripts/HolidayMatrixDisplay.aspx?drRegionalOffice=0&drMonth=3&drYear=2025 (POST form),Reserve Bank of India,2026-09-28
2025,3,27,2025-03-27,Srinagar,Shab-I-Qadr,NI Act holiday,https://www.rbi.org.in/Scripts/HolidayMatrixDisplay.aspx?drRegionalOffice=0&drMonth=3&drYear=2025 (POST form),Reserve Bank of India,2026-09-28
2025,3,28,2025-03-28,Srinagar,Jumat-ul-Vida,NI Act holiday,https://www.rbi.org.in/Scripts/HolidayMatrixDisplay.aspx?drRegionalOffice=0&drMonth=3&drYear=2025 (POST form),Reserve Bank of India,2026-09-28
2025,3,31,2025-03-31,Srinagar,Ramzan-Id (Id-Ul-Fitr) (Shawal-1)/Khutub-E-Ramzan,NI Act holiday,https://www.rbi.org.in/Scripts/HolidayMatrixDisplay.aspx?drRegionalOffice=0&drMonth=3&drYear=2025 (POST form),Reserve Bank of India,2026-09-28
2025,3,13,2025-03-13,Thiruvananthapuram,Holika Dahan/Attukal Pongala,NI Act holiday,https://www.rbi.org.in/Scripts/HolidayMatrixDisplay.aspx?drRegionalOffice=0&drMonth=3&drYear=2025 (POST form),Reserve Bank of India,2026-09-28
2025,3,31,2025-03-31,Thiruvananthapuram,Ramzan-Id (Id-Ul-Fitr) (Shawal-1)/Khutub-E-Ramzan,NI Act holiday,https://www.rbi.org.in/Scripts/HolidayMatrixDisplay.aspx?drRegionalOffice=0&drMonth=3&drYear=2025 (POST form),Reserve Bank of India,2026-09-28
2025,3,14,2025-03-14,Vijayawada,Holi (Second Day) - Dhuleti/Dhulandi/Dol Jatra,NI Act holiday,https://www.rbi.org.in/Scripts/HolidayMatrixDisplay.aspx?drRegionalOffice=0&drMonth=3&drYear=2025 (POST form),Reserve Bank of India,2026-09-28
2025,3,31,2025-03-31,Vijayawada,Ramzan-Id (Id-Ul-Fitr) (Shawal-1)/Khutub-E-Ramzan,NI Act holiday,https://www.rbi.org.in/Scripts/HolidayMatrixDisplay.aspx?drRegionalOffice=0&drMonth=3&drYear=2025 (POST form),Reserve Bank of India,2026-09-28
2025,4,14,2025-04-14,Agartala,Dr. Babasaheb Ambedkar Jayanti/Vishu/Biju/Buisu Festival/Maha Vishuva Sankranti/Tamil New Year's Day/Bohag Bihu/Cheiraoba,NI Act holiday,https://www.rbi.org.in/Scripts/HolidayMatrixDisplay.aspx?drRegionalOffice=0&drMonth=4&drYear=2025 (POST form),Reserve Bank of India,2026-09-28
2025,4,15,2025-04-15,Agartala,Bengali New Year’s Day/Himachal Day/Bohag Bihu,NI Act holiday,https://www.rbi.org.in/Scripts/HolidayMatrixDisplay.aspx?drRegionalOffice=0&drMonth=4&drYear=2025 (POST form),Reserve Bank of India,2026-09-28
2025,4,21,2025-04-21,Agartala,Garia Puja,NI Act holiday,https://www.rbi.org.in/Scripts/HolidayMatrixDisplay.aspx?drRegionalOffice=0&drMonth=4&drYear=2025 (POST form),Reserve Bank of India,2026-09-28
2025,4,10,2025-04-10,Ahmedabad,Mahavir Janmakalyanak/Mahavir Jayanti,NI Act holiday,https://www.rbi.org.in/Scripts/HolidayMatrixDisplay.aspx?drRegionalOffice=0&drMonth=4&drYear=2025 (POST form),Reserve Bank of India,2026-09-28
2025,4,14,2025-04-14,Ahmedabad,Dr. Babasaheb Ambedkar Jayanti/Vishu/Biju/Buisu Festival/Maha Vishuva Sankranti/Tamil New Year's Day/Bohag Bihu/Cheiraoba,NI Act holiday,https://www.rbi.org.in/Scripts/HolidayMatrixDisplay.aspx?drRegionalOffice=0&drMonth=4&drYear=2025 (POST form),Reserve Bank of India,2026-09-28
2025,4,18,2025-04-18,Ahmedabad,Good Friday,NI Act holiday,https://www.rbi.org.in/Scripts/HolidayMatrixDisplay.aspx?drRegionalOffice=0&drMonth=4&drYear=2025 (POST form),Reserve Bank of India,2026-09-28
2025,4,10,2025-04-10,Aizawl,Mahavir Janmakalyanak/Mahavir Jayanti,NI Act holiday,https://www.rbi.org.in/Scripts/HolidayMatrixDisplay.aspx?drRegionalOffice=0&drMonth=4&drYear=2025 (POST form),Reserve Bank of India,2026-09-28
2025,4,14,2025-04-14,Aizawl,Dr. Babasaheb Ambedkar Jayanti/Vishu/Biju/Buisu Festival/Maha Vishuva Sankranti/Tamil New Year's Day/Bohag Bihu/Cheiraoba,NI Act holiday,https://www.rbi.org.in/Scripts/HolidayMatrixDisplay.aspx?drRegionalOffice=0&drMonth=4&drYear=2025 (POST form),Reserve Bank of India,2026-09-28
2025,4,18,2025-04-18,Aizawl,Good Friday,NI Act holiday,https://www.rbi.org.in/Scripts/HolidayMatrixDisplay.aspx?drRegionalOffice=0&drMonth=4&drYear=2025 (POST form),Reserve Bank of India,2026-09-28
2025,4,10,2025-04-10,Belapur,Mahavir Janmakalyanak/Mahavir Jayanti,NI Act holiday,https://www.rbi.org.in/Scripts/HolidayMatrixDisplay.aspx?drRegionalOffice=0&drMonth=4&drYear=2025 (POST form),Reserve Bank of India,2026-09-28
2025,4,14,2025-04-14,Belapur,Dr. Babasaheb Ambedkar Jayanti/Vishu/Biju/Buisu Festival/Maha Vishuva Sankranti/Tamil New Year's Day/Bohag Bihu/Cheiraoba,NI Act holiday,https://www.rbi.org.in/Scripts/HolidayMatrixDisplay.aspx?drRegionalOffice=0&drMonth=4&drYear=2025 (POST form),Reserve Bank of India,2026-09-28
2025,4,18,2025-04-18,Belapur,Good Friday,NI Act holiday,https://www.rbi.org.in/Scripts/HolidayMatrixDisplay.aspx?drRegionalOffice=0&drMonth=4&drYear=2025 (POST form),Reserve Bank of India,2026-09-28
2025,4,10,2025-04-10,Bengaluru,Mahavir Janmakalyanak/Mahavir Jayanti,NI Act holiday,https://www.rbi.org.in/Scripts/HolidayMatrixDisplay.aspx?drRegionalOffice=0&drMonth=4&drYear=2025 (POST form),Reserve Bank of India,2026-09-28
2025,4,14,2025-04-14,Bengaluru,Dr. Babasaheb Ambedkar Jayanti/Vishu/Biju/Buisu Festival/Maha Vishuva Sankranti/Tamil New Year's Day/Bohag Bihu/Cheiraoba,NI Act holiday,https://www.rbi.org.in/Scripts/HolidayMatrixDisplay.aspx?drRegionalOffice=0&drMonth=4&drYear=2025 (POST form),Reserve Bank of India,2026-09-28
2025,4,18,2025-04-18,Bengaluru,Good Friday,NI Act holiday,https://www.rbi.org.in/Scripts/HolidayMatrixDisplay.aspx?drRegionalOffice=0&drMonth=4&drYear=2025 (POST form),Reserve Bank of India,2026-09-28
2025,4,30,2025-04-30,Bengaluru,Basava Jayanti/Akshaya Tritiya,NI Act holiday,https://www.rbi.org.in/Scripts/HolidayMatrixDisplay.aspx?drRegionalOffice=0&drMonth=4&drYear=2025 (POST form),Reserve Bank of India,2026-09-28
2025,4,10,2025-04-10,Bhopal,Mahavir Janmakalyanak/Mahavir Jayanti,NI Act holiday,https://www.rbi.org.in/Scripts/HolidayMatrixDisplay.aspx?drRegionalOffice=0&drMonth=4&drYear=2025 (POST form),Reserve Bank of India,2026-09-28
2025,4,14,2025-04-14,Bhopal,Dr. Babasaheb Ambedkar Jayanti/Vishu/Biju/Buisu Festival/Maha Vishuva Sankranti/Tamil New Year's Day/Bohag Bihu/Cheiraoba,NI Act holiday,https://www.rbi.org.in/Scripts/HolidayMatrixDisplay.aspx?drRegionalOffice=0&drMonth=4&drYear=2025 (POST form),Reserve Bank of India,2026-09-28
2025,4,18,2025-04-18,Bhopal,Good Friday,NI Act holiday,https://www.rbi.org.in/Scripts/HolidayMatrixDisplay.aspx?drRegionalOffice=0&drMonth=4&drYear=2025 (POST form),Reserve Bank of India,2026-09-28
2025,4,14,2025-04-14,Bhubaneswar,Dr. Babasaheb Ambedkar Jayanti/Vishu/Biju/Buisu Festival/Maha Vishuva Sankranti/Tamil New Year's Day/Bohag Bihu/Cheiraoba,NI Act holiday,https://www.rbi.org.in/Scripts/HolidayMatrixDisplay.aspx?drRegionalOffice=0&drMonth=4&drYear=2025 (POST form),Reserve Bank of India,2026-09-28
2025,4,18,2025-04-18,Bhubaneswar,Good Friday,NI Act holiday,https://www.rbi.org.in/Scripts/HolidayMatrixDisplay.aspx?drRegionalOffice=0&drMonth=4&drYear=2025 (POST form),Reserve Bank of India,2026-09-28
2025,4,14,2025-04-14,Chandigarh,Dr. Babasaheb Ambedkar Jayanti/Vishu/Biju/Buisu Festival/Maha Vishuva Sankranti/Tamil New Year's Day/Bohag Bihu/Cheiraoba,NI Act holiday,https://www.rbi.org.in/Scripts/HolidayMatrixDisplay.aspx?drRegionalOffice=0&drMonth=4&drYear=2025 (POST form),Reserve Bank of India,2026-09-28
2025,4,10,2025-04-10,Chennai,Mahavir Janmakalyanak/Mahavir Jayanti,NI Act holiday,https://www.rbi.org.in/Scripts/HolidayMatrixDisplay.aspx?drRegionalOffice=0&drMonth=4&drYear=2025 (POST form),Reserve Bank of India,2026-09-28
2025,4,14,2025-04-14,Chennai,Dr. Babasaheb Ambedkar Jayanti/Vishu/Biju/Buisu Festival/Maha Vishuva Sankranti/Tamil New Year's Day/Bohag Bihu/Cheiraoba,NI Act holiday,https://www.rbi.org.in/Scripts/HolidayMatrixDisplay.aspx?drRegionalOffice=0&drMonth=4&drYear=2025 (POST form),Reserve Bank of India,2026-09-28
2025,4,18,2025-04-18,Chennai,Good Friday,NI Act holiday,https://www.rbi.org.in/Scripts/HolidayMatrixDisplay.aspx?drRegionalOffice=0&drMonth=4&drYear=2025 (POST form),Reserve Bank of India,2026-09-28
2025,4,14,2025-04-14,Dehradun,Dr. Babasaheb Ambedkar Jayanti/Vishu/Biju/Buisu Festival/Maha Vishuva Sankranti/Tamil New Year's Day/Bohag Bihu/Cheiraoba,NI Act holiday,https://www.rbi.org.in/Scripts/HolidayMatrixDisplay.aspx?drRegionalOffice=0&drMonth=4&drYear=2025 (POST form),Reserve Bank of India,2026-09-28
2025,4,18,2025-04-18,Dehradun,Good Friday,NI Act holiday,https://www.rbi.org.in/Scripts/HolidayMatrixDisplay.aspx?drRegionalOffice=0&drMonth=4&drYear=2025 (POST form),Reserve Bank of India,2026-09-28
2025,4,14,2025-04-14,Gangtok,Dr. Babasaheb Ambedkar Jayanti/Vishu/Biju/Buisu Festival/Maha Vishuva Sankranti/Tamil New Year's Day/Bohag Bihu/Cheiraoba,NI Act holiday,https://www.rbi.org.in/Scripts/HolidayMatrixDisplay.aspx?drRegionalOffice=0&drMonth=4&drYear=2025 (POST form),Reserve Bank of India,2026-09-28
2025,4,18,2025-04-18,Gangtok,Good Friday,NI Act holiday,https://www.rbi.org.in/Scripts/HolidayMatrixDisplay.aspx?drRegionalOffice=0&drMonth=4&drYear=2025 (POST form),Reserve Bank of India,2026-09-28
2025,4,14,2025-04-14,Guwahati,Dr. Babasaheb Ambedkar Jayanti/Vishu/Biju/Buisu Festival/Maha Vishuva Sankranti/Tamil New Year's Day/Bohag Bihu/Cheiraoba,NI Act holiday,https://www.rbi.org.in/Scripts/HolidayMatrixDisplay.aspx?drRegionalOffice=0&drMonth=4&drYear=2025 (POST form),Reserve Bank of India,2026-09-28
2025,4,15,2025-04-15,Guwahati,Bengali New Year’s Day/Himachal Day/Bohag Bihu,NI Act holiday,https://www.rbi.org.in/Scripts/HolidayMatrixDisplay.aspx?drRegionalOffice=0&drMonth=4&drYear=2025 (POST form),Reserve Bank of India,2026-09-28
2025,4,16,2025-04-16,Guwahati,Bohag Bihu,NI Act holiday,https://www.rbi.org.in/Scripts/HolidayMatrixDisplay.aspx?drRegionalOffice=0&drMonth=4&drYear=2025 (POST form),Reserve Bank of India,2026-09-28
2025,4,5,2025-04-05,Hyderabad,Babu Jagjivan Ram’s Birthday,NI Act holiday,https://www.rbi.org.in/Scripts/HolidayMatrixDisplay.aspx?drRegionalOffice=0&drMonth=4&drYear=2025 (POST form),Reserve Bank of India,2026-09-28
2025,4,14,2025-04-14,Hyderabad,Dr. Babasaheb Ambedkar Jayanti/Vishu/Biju/Buisu Festival/Maha Vishuva Sankranti/Tamil New Year's Day/Bohag Bihu/Cheiraoba,NI Act holiday,https://www.rbi.org.in/Scripts/HolidayMatrixDisplay.aspx?drRegionalOffice=0&drMonth=4&drYear=2025 (POST form),Reserve Bank of India,2026-09-28
2025,4,18,2025-04-18,Hyderabad,Good Friday,NI Act holiday,https://www.rbi.org.in/Scripts/HolidayMatrixDisplay.aspx?drRegionalOffice=0&drMonth=4&drYear=2025 (POST form),Reserve Bank of India,2026-09-28
2025,4,14,2025-04-14,Imphal,Dr. Babasaheb Ambedkar Jayanti/Vishu/Biju/Buisu Festival/Maha Vishuva Sankranti/Tamil New Year's Day/Bohag Bihu/Cheiraoba,NI Act holiday,https://www.rbi.org.in/Scripts/HolidayMatrixDisplay.aspx?drRegionalOffice=0&drMonth=4&drYear=2025 (POST form),Reserve Bank of India,2026-09-28
2025,4,18,2025-04-18,Imphal,Good Friday,NI Act holiday,https://www.rbi.org.in/Scripts/HolidayMatrixDisplay.aspx?drRegionalOffice=0&drMonth=4&drYear=2025 (POST form),Reserve Bank of India,2026-09-28
2025,4,14,2025-04-14,Itanagar,Dr. Babasaheb Ambedkar Jayanti/Vishu/Biju/Buisu Festival/Maha Vishuva Sankranti/Tamil New Year's Day/Bohag Bihu/Cheiraoba,NI Act holiday,https://www.rbi.org.in/Scripts/HolidayMatrixDisplay.aspx?drRegionalOffice=0&drMonth=4&drYear=2025 (POST form),Reserve Bank of India,2026-09-28
2025,4,15,2025-04-15,Itanagar,Bengali New Year’s Day/Himachal Day/Bohag Bihu,NI Act holiday,https://www.rbi.org.in/Scripts/HolidayMatrixDisplay.aspx?drRegionalOffice=0&drMonth=4&drYear=2025 (POST form),Reserve Bank of India,2026-09-28
2025,4,18,2025-04-18,Itanagar,Good Friday,NI Act holiday,https://www.rbi.org.in/Scripts/HolidayMatrixDisplay.aspx?drRegionalOffice=0&drMonth=4&drYear=2025 (POST form),Reserve Bank of India,2026-09-28
2025,4,10,2025-04-10,Jaipur,Mahavir Janmakalyanak/Mahavir Jayanti,NI Act holiday,https://www.rbi.org.in/Scripts/HolidayMatrixDisplay.aspx?drRegionalOffice=0&drMonth=4&drYear=2025 (POST form),Reserve Bank of India,2026-09-28
2025,4,14,2025-04-14,Jaipur,Dr. Babasaheb Ambedkar Jayanti/Vishu/Biju/Buisu Festival/Maha Vishuva Sankranti/Tamil New Year's Day/Bohag Bihu/Cheiraoba,NI Act holiday,https://www.rbi.org.in/Scripts/HolidayMatrixDisplay.aspx?drRegionalOffice=0&drMonth=4&drYear=2025 (POST form),Reserve Bank of India,2026-09-28
2025,4,14,2025-04-14,Jammu,Dr. Babasaheb Ambedkar Jayanti/Vishu/Biju/Buisu Festival/Maha Vishuva Sankranti/Tamil New Year's Day/Bohag Bihu/Cheiraoba,NI Act holiday,https://www.rbi.org.in/Scripts/HolidayMatrixDisplay.aspx?drRegionalOffice=0&drMonth=4&drYear=2025 (POST form),Reserve Bank of India,2026-09-28
2025,4,10,2025-04-10,Kanpur,Mahavir Janmakalyanak/Mahavir Jayanti,NI Act holiday,https://www.rbi.org.in/Scripts/HolidayMatrixDisplay.aspx?drRegionalOffice=0&drMonth=4&drYear=2025 (POST form),Reserve Bank of India,2026-09-28
2025,4,14,2025-04-14,Kanpur,Dr. Babasaheb Ambedkar Jayanti/Vishu/Biju/Buisu Festival/Maha Vishuva Sankranti/Tamil New Year's Day/Bohag Bihu/Cheiraoba,NI Act holiday,https://www.rbi.org.in/Scripts/HolidayMatrixDisplay.aspx?drRegionalOffice=0&drMonth=4&drYear=2025 (POST form),Reserve Bank of India,2026-09-28
2025,4,18,2025-04-18,Kanpur,Good Friday,NI Act holiday,https://www.rbi.org.in/Scripts/HolidayMatrixDisplay.aspx?drRegionalOffice=0&drMonth=4&drYear=2025 (POST form),Reserve Bank of India,2026-09-28
2025,4,14,2025-04-14,Kochi,Dr. Babasaheb Ambedkar Jayanti/Vishu/Biju/Buisu Festival/Maha Vishuva Sankranti/Tamil New Year's Day/Bohag Bihu/Cheiraoba,NI Act holiday,https://www.rbi.org.in/Scripts/HolidayMatrixDisplay.aspx?drRegionalOffice=0&drMonth=4&drYear=2025 (POST form),Reserve Bank of India,2026-09-28
2025,4,18,2025-04-18,Kochi,Good Friday,NI Act holiday,https://www.rbi.org.in/Scripts/HolidayMatrixDisplay.aspx?drRegionalOffice=0&drMonth=4&drYear=2025 (POST form),Reserve Bank of India,2026-09-28
2025,4,18,2025-04-18,Kohima,Good Friday,NI Act holiday,https://www.rbi.org.in/Scripts/HolidayMatrixDisplay.aspx?drRegionalOffice=0&drMonth=4&drYear=2025 (POST form),Reserve Bank of India,2026-09-28
2025,4,10,2025-04-10,Kolkata,Mahavir Janmakalyanak/Mahavir Jayanti,NI Act holiday,https://www.rbi.org.in/Scripts/HolidayMatrixDisplay.aspx?drRegionalOffice=0&drMonth=4&drYear=2025 (POST form),Reserve Bank of India,2026-09-28
2025,4,14,2025-04-14,Kolkata,Dr. Babasaheb Ambedkar Jayanti/Vishu/Biju/Buisu Festival/Maha Vishuva Sankranti/Tamil New Year's Day/Bohag Bihu/Cheiraoba,NI Act holiday,https://www.rbi.org.in/Scripts/HolidayMatrixDisplay.aspx?drRegionalOffice=0&drMonth=4&drYear=2025 (POST form),Reserve Bank of India,2026-09-28
2025,4,15,2025-04-15,Kolkata,Bengali New Year’s Day/Himachal Day/Bohag Bihu,NI Act holiday,https://www.rbi.org.in/Scripts/HolidayMatrixDisplay.aspx?drRegionalOffice=0&drMonth=4&drYear=2025 (POST form),Reserve Bank of India,2026-09-28
2025,4,18,2025-04-18,Kolkata,Good Friday,NI Act holiday,https://www.rbi.org.in/Scripts/HolidayMatrixDisplay.aspx?drRegionalOffice=0&drMonth=4&drYear=2025 (POST form),Reserve Bank of India,2026-09-28
2025,4,10,2025-04-10,Lucknow,Mahavir Janmakalyanak/Mahavir Jayanti,NI Act holiday,https://www.rbi.org.in/Scripts/HolidayMatrixDisplay.aspx?drRegionalOffice=0&drMonth=4&drYear=2025 (POST form),Reserve Bank of India,2026-09-28
2025,4,14,2025-04-14,Lucknow,Dr. Babasaheb Ambedkar Jayanti/Vishu/Biju/Buisu Festival/Maha Vishuva Sankranti/Tamil New Year's Day/Bohag Bihu/Cheiraoba,NI Act holiday,https://www.rbi.org.in/Scripts/HolidayMatrixDisplay.aspx?drRegionalOffice=0&drMonth=4&drYear=2025 (POST form),Reserve Bank of India,2026-09-28
2025,4,18,2025-04-18,Lucknow,Good Friday,NI Act holiday,https://www.rbi.org.in/Scripts/HolidayMatrixDisplay.aspx?drRegionalOffice=0&drMonth=4&drYear=2025 (POST form),Reserve Bank of India,2026-09-28
2025,4,10,2025-04-10,Mumbai,Mahavir Janmakalyanak/Mahavir Jayanti,NI Act holiday,https://www.rbi.org.in/Scripts/HolidayMatrixDisplay.aspx?drRegionalOffice=0&drMonth=4&drYear=2025 (POST form),Reserve Bank of India,2026-09-28
2025,4,14,2025-04-14,Mumbai,Dr. Babasaheb Ambedkar Jayanti/Vishu/Biju/Buisu Festival/Maha Vishuva Sankranti/Tamil New Year's Day/Bohag Bihu/Cheiraoba,NI Act holiday,https://www.rbi.org.in/Scripts/HolidayMatrixDisplay.aspx?drRegionalOffice=0&drMonth=4&drYear=2025 (POST form),Reserve Bank of India,2026-09-28
2025,4,18,2025-04-18,Mumbai,Good Friday,NI Act holiday,https://www.rbi.org.in/Scripts/HolidayMatrixDisplay.aspx?drRegionalOffice=0&drMonth=4&drYear=2025 (POST form),Reserve Bank of India,2026-09-28
2025,4,10,2025-04-10,Nagpur,Mahavir Janmakalyanak/Mahavir Jayanti,NI Act holiday,https://www.rbi.org.in/Scripts/HolidayMatrixDisplay.aspx?drRegionalOffice=0&drMonth=4&drYear=2025 (POST form),Reserve Bank of India,2026-09-28
2025,4,14,2025-04-14,Nagpur,Dr. Babasaheb Ambedkar Jayanti/Vishu/Biju/Buisu Festival/Maha Vishuva Sankranti/Tamil New Year's Day/Bohag Bihu/Cheiraoba,NI Act holiday,https://www.rbi.org.in/Scripts/HolidayMatrixDisplay.aspx?drRegionalOffice=0&drMonth=4&drYear=2025 (POST form),Reserve Bank of India,2026-09-28
2025,4,18,2025-04-18,Nagpur,Good Friday,NI Act holiday,https://www.rbi.org.in/Scripts/HolidayMatrixDisplay.aspx?drRegionalOffice=0&drMonth=4&drYear=2025 (POST form),Reserve Bank of India,2026-09-28
2025,4,10,2025-04-10,New Delhi,Mahavir Janmakalyanak/Mahavir Jayanti,NI Act holiday,https://www.rbi.org.in/Scripts/HolidayMatrixDisplay.aspx?drRegionalOffice=0&drMonth=4&drYear=2025 (POST form),Reserve Bank of India,2026-09-28
2025,4,14,2025-04-14,New Delhi,Dr. Babasaheb Ambedkar Jayanti/Vishu/Biju/Buisu Festival/Maha Vishuva Sankranti/Tamil New Year's Day/Bohag Bihu/Cheiraoba,NI Act holiday,https://www.rbi.org.in/Scripts/HolidayMatrixDisplay.aspx?drRegionalOffice=0&drMonth=4&drYear=2025 (POST form),Reserve Bank of India,2026-09-28
2025,4,18,2025-04-18,New Delhi,Good Friday,NI Act holiday,https://www.rbi.org.in/Scripts/HolidayMatrixDisplay.aspx?drRegionalOffice=0&drMonth=4&drYear=2025 (POST form),Reserve Bank of India,2026-09-28
2025,4,14,2025-04-14,Panaji,Dr. Babasaheb Ambedkar Jayanti/Vishu/Biju/Buisu Festival/Maha Vishuva Sankranti/Tamil New Year's Day/Bohag Bihu/Cheiraoba,NI Act holiday,https://www.rbi.org.in/Scripts/HolidayMatrixDisplay.aspx?drRegionalOffice=0&drMonth=4&drYear=2025 (POST form),Reserve Bank of India,2026-09-28
2025,4,18,2025-04-18,Panaji,Good Friday,NI Act holiday,https://www.rbi.org.in/Scripts/HolidayMatrixDisplay.aspx?drRegionalOffice=0&drMonth=4&drYear=2025 (POST form),Reserve Bank of India,2026-09-28
2025,4,14,2025-04-14,Patna,Dr. Babasaheb Ambedkar Jayanti/Vishu/Biju/Buisu Festival/Maha Vishuva Sankranti/Tamil New Year's Day/Bohag Bihu/Cheiraoba,NI Act holiday,https://www.rbi.org.in/Scripts/HolidayMatrixDisplay.aspx?drRegionalOffice=0&drMonth=4&drYear=2025 (POST form),Reserve Bank of India,2026-09-28
2025,4,18,2025-04-18,Patna,Good Friday,NI Act holiday,https://www.rbi.org.in/Scripts/HolidayMatrixDisplay.aspx?drRegionalOffice=0&drMonth=4&drYear=2025 (POST form),Reserve Bank of India,2026-09-28
2025,4,10,2025-04-10,Raipur,Mahavir Janmakalyanak/Mahavir Jayanti,NI Act holiday,https://www.rbi.org.in/Scripts/HolidayMatrixDisplay.aspx?drRegionalOffice=0&drMonth=4&drYear=2025 (POST form),Reserve Bank of India,2026-09-28
2025,4,14,2025-04-14,Raipur,Dr. Babasaheb Ambedkar Jayanti/Vishu/Biju/Buisu Festival/Maha Vishuva Sankranti/Tamil New Year's Day/Bohag Bihu/Cheiraoba,NI Act holiday,https://www.rbi.org.in/Scripts/HolidayMatrixDisplay.aspx?drRegionalOffice=0&drMonth=4&drYear=2025 (POST form),Reserve Bank of India,2026-09-28
2025,4,18,2025-04-18,Raipur,Good Friday,NI Act holiday,https://www.rbi.org.in/Scripts/HolidayMatrixDisplay.aspx?drRegionalOffice=0&drMonth=4&drYear=2025 (POST form),Reserve Bank of India,2026-09-28
2025,4,1,2025-04-01,Ranchi,To enable to Banks to close their yearly accounts/Sarhul,NI Act holiday,https://www.rbi.org.in/Scripts/HolidayMatrixDisplay.aspx?drRegionalOffice=0&drMonth=4&drYear=2025 (POST form),Reserve Bank of India,2026-09-28
2025,4,10,2025-04-10,Ranchi,Mahavir Janmakalyanak/Mahavir Jayanti,NI Act holiday,https://www.rbi.org.in/Scripts/HolidayMatrixDisplay.aspx?drRegionalOffice=0&drMonth=4&drYear=2025 (POST form),Reserve Bank of India,2026-09-28
2025,4,14,2025-04-14,Ranchi,Dr. Babasaheb Ambedkar Jayanti/Vishu/Biju/Buisu Festival/Maha Vishuva Sankranti/Tamil New Year's Day/Bohag Bihu/Cheiraoba,NI Act holiday,https://www.rbi.org.in/Scripts/HolidayMatrixDisplay.aspx?drRegionalOffice=0&drMonth=4&drYear=2025 (POST form),Reserve Bank of India,2026-09-28
2025,4,18,2025-04-18,Ranchi,Good Friday,NI Act holiday,https://www.rbi.org.in/Scripts/HolidayMatrixDisplay.aspx?drRegionalOffice=0&drMonth=4&drYear=2025 (POST form),Reserve Bank of India,2026-09-28
2025,4,7,2025-04-07,Shillong,Shad Suk Mynsiem,NI Act holiday,https://www.rbi.org.in/Scripts/HolidayMatrixDisplay.aspx?drRegionalOffice=0&drMonth=4&drYear=2025 (POST form),Reserve Bank of India,2026-09-28
2025,4,18,2025-04-18,Shillong,Good Friday,NI Act holiday,https://www.rbi.org.in/Scripts/HolidayMatrixDisplay.aspx?drRegionalOffice=0&drMonth=4&drYear=2025 (POST form),Reserve Bank of India,2026-09-28
2025,4,15,2025-04-15,Shimla,Bengali New Year’s Day/Himachal Day/Bohag Bihu,NI Act holiday,https://www.rbi.org.in/Scripts/HolidayMatrixDisplay.aspx?drRegionalOffice=0&drMonth=4&drYear=2025 (POST form),Reserve Bank of India,2026-09-28
2025,4,29,2025-04-29,Shimla,Bhagvan Shri Parshuram Jayanti,NI Act holiday,https://www.rbi.org.in/Scripts/HolidayMatrixDisplay.aspx?drRegionalOffice=0&drMonth=4&drYear=2025 (POST form),Reserve Bank of India,2026-09-28
2025,4,14,2025-04-14,Srinagar,Dr. Babasaheb Ambedkar Jayanti/Vishu/Biju/Buisu Festival/Maha Vishuva Sankranti/Tamil New Year's Day/Bohag Bihu/Cheiraoba,NI Act holiday,https://www.rbi.org.in/Scripts/HolidayMatrixDisplay.aspx?drRegionalOffice=0&drMonth=4&drYear=2025 (POST form),Reserve Bank of India,2026-09-28
2025,4,14,2025-04-14,Thiruvananthapuram,Dr. Babasaheb Ambedkar Jayanti/Vishu/Biju/Buisu Festival/Maha Vishuva Sankranti/Tamil New Year's Day/Bohag Bihu/Cheiraoba,NI Act holiday,https://www.rbi.org.in/Scripts/HolidayMatrixDisplay.aspx?drRegionalOffice=0&drMonth=4&drYear=2025 (POST form),Reserve Bank of India,2026-09-28
2025,4,18,2025-04-18,Thiruvananthapuram,Good Friday,NI Act holiday,https://www.rbi.org.in/Scripts/HolidayMatrixDisplay.aspx?drRegionalOffice=0&drMonth=4&drYear=2025 (POST form),Reserve Bank of India,2026-09-28
2025,4,14,2025-04-14,Vijayawada,Dr. Babasaheb Ambedkar Jayanti/Vishu/Biju/Buisu Festival/Maha Vishuva Sankranti/Tamil New Year's Day/Bohag Bihu/Cheiraoba,NI Act holiday,https://www.rbi.org.in/Scripts/HolidayMatrixDisplay.aspx?drRegionalOffice=0&drMonth=4&drYear=2025 (POST form),Reserve Bank of India,2026-09-28
2025,4,18,2025-04-18,Vijayawada,Good Friday,NI Act holiday,https://www.rbi.org.in/Scripts/HolidayMatrixDisplay.aspx?drRegionalOffice=0&drMonth=4&drYear=2025 (POST form),Reserve Bank of India,2026-09-28
2025,5,12,2025-05-12,Agartala,Buddha Pournima,NI Act holiday,https://www.rbi.org.in/Scripts/HolidayMatrixDisplay.aspx?drRegionalOffice=0&drMonth=5&drYear=2025 (POST form),Reserve Bank of India,2026-09-28
2025,5,26,2025-05-26,Agartala,Birthday of Kazi Nazrul Islam,NI Act holiday,https://www.rbi.org.in/Scripts/HolidayMatrixDisplay.aspx?drRegionalOffice=0&drMonth=5&drYear=2025 (POST form),Reserve Bank of India,2026-09-28
2025,5,12,2025-05-12,Aizawl,Buddha Pournima,NI Act holiday,https://www.rbi.org.in/Scripts/HolidayMatrixDisplay.aspx?drRegionalOffice=0&drMonth=5&drYear=2025 (POST form),Reserve Bank of India,2026-09-28
2025,5,1,2025-05-01,Belapur,Maharashtra Din/May Day (Labor Day),NI Act holiday,https://www.rbi.org.in/Scripts/HolidayMatrixDisplay.aspx?drRegionalOffice=0&drMonth=5&drYear=2025 (POST form),Reserve Bank of India,2026-09-28
2025,5,12,2025-05-12,Belapur,Buddha Pournima,NI Act holiday,https://www.rbi.org.in/Scripts/HolidayMatrixDisplay.aspx?drRegionalOffice=0&drMonth=5&drYear=2025 (POST form),Reserve Bank of India,2026-09-28
2025,5,1,2025-05-01,Bengaluru,Maharashtra Din/May Day (Labor Day),NI Act holiday,https://www.rbi.org.in/Scripts/HolidayMatrixDisplay.aspx?drRegionalOffice=0&drMonth=5&drYear=2025 (POST form),Reserve Bank of India,2026-09-28
2025,5,12,2025-05-12,Bhopal,Buddha Pournima,NI Act holiday,https://www.rbi.org.in/Scripts/HolidayMatrixDisplay.aspx?drRegionalOffice=0&drMonth=5&drYear=2025 (POST form),Reserve Bank of India,2026-09-28
2025,5,1,2025-05-01,Chennai,Maharashtra Din/May Day (Labor Day),NI Act holiday,https://www.rbi.org.in/Scripts/HolidayMatrixDisplay.aspx?drRegionalOffice=0&drMonth=5&drYear=2025 (POST form),Reserve Bank of India,2026-09-28
2025,5,12,2025-05-12,Dehradun,Buddha Pournima,NI Act holiday,https://www.rbi.org.in/Scripts/HolidayMatrixDisplay.aspx?drRegionalOffice=0&drMonth=5&drYear=2025 (POST form),Reserve Bank of India,2026-09-28
2025,5,16,2025-05-16,Gangtok,State Day,NI Act holiday,https://www.rbi.org.in/Scripts/HolidayMatrixDisplay.aspx?drRegionalOffice=0&drMonth=5&drYear=2025 (POST form),Reserve Bank of India,2026-09-28
2025,5,1,2025-05-01,Guwahati,Maharashtra Din/May Day (Labor Day),NI Act holiday,https://www.rbi.org.in/Scripts/HolidayMatrixDisplay.aspx?drRegionalOffice=0&drMonth=5&drYear=2025 (POST form),Reserve Bank of India,2026-09-28
2025,5,1,2025-05-01,Hyderabad,Maharashtra Din/May Day (Labor Day),NI Act holiday,https://www.rbi.org.in/Scripts/HolidayMatrixDisplay.aspx?drRegionalOffice=0&drMonth=5&drYear=2025 (POST form),Reserve Bank of India,2026-09-28
2025,5,1,2025-05-01,Imphal,Maharashtra Din/May Day (Labor Day),NI Act holiday,https://www.rbi.org.in/Scripts/HolidayMatrixDisplay.aspx?drRegionalOffice=0&drMonth=5&drYear=2025 (POST form),Reserve Bank of India,2026-09-28
2025,5,12,2025-05-12,Itanagar,Buddha Pournima,NI Act holiday,https://www.rbi.org.in/Scripts/HolidayMatrixDisplay.aspx?drRegionalOffice=0&drMonth=5&drYear=2025 (POST form),Reserve Bank of India,2026-09-28
2025,5,12,2025-05-12,Jammu,Buddha Pournima,NI Act holiday,https://www.rbi.org.in/Scripts/HolidayMatrixDisplay.aspx?drRegionalOffice=0&drMonth=5&drYear=2025 (POST form),Reserve Bank of India,2026-09-28
2025,5,12,2025-05-12,Kanpur,Buddha Pournima,NI Act holiday,https://www.rbi.org.in/Scripts/HolidayMatrixDisplay.aspx?drRegionalOffice=0&drMonth=5&drYear=2025 (POST form),Reserve Bank of India,2026-09-28
2025,5,1,2025-05-01,Kochi,Maharashtra Din/May Day (Labor Day),NI Act holiday,https://www.rbi.org.in/Scripts/HolidayMatrixDisplay.aspx?drRegionalOffice=0&drMonth=5&drYear=2025 (POST form),Reserve Bank of India,2026-09-28
2025,5,1,2025-05-01,Kolkata,Maharashtra Din/May Day (Labor Day),NI Act holiday,https://www.rbi.org.in/Scripts/HolidayMatrixDisplay.aspx?drRegionalOffice=0&drMonth=5&drYear=2025 (POST form),Reserve Bank of India,2026-09-28
2025,5,9,2025-05-09,Kolkata,Birthday of Rabindranath Tagore,NI Act holiday,https://www.rbi.org.in/Scripts/HolidayMatrixDisplay.aspx?drRegionalOffice=0&drMonth=5&drYear=2025 (POST form),Reserve Bank of India,2026-09-28
2025,5,12,2025-05-12,Kolkata,Buddha Pournima,NI Act holiday,https://www.rbi.org.in/Scripts/HolidayMatrixDisplay.aspx?drRegionalOffice=0&drMonth=5&drYear=2025 (POST form),Reserve Bank of India,2026-09-28
2025,5,12,2025-05-12,Lucknow,Buddha Pournima,NI Act holiday,https://www.rbi.org.in/Scripts/HolidayMatrixDisplay.aspx?drRegionalOffice=0&drMonth=5&drYear=2025 (POST form),Reserve Bank of India,2026-09-28
2025,5,1,2025-05-01,Mumbai,Maharashtra Din/May Day (Labor Day),NI Act holiday,https://www.rbi.org.in/Scripts/HolidayMatrixDisplay.aspx?drRegionalOffice=0&drMonth=5&drYear=2025 (POST form),Reserve Bank of India,2026-09-28
2025,5,12,2025-05-12,Mumbai,Buddha Pournima,NI Act holiday,https://www.rbi.org.in/Scripts/HolidayMatrixDisplay.aspx?drRegionalOffice=0&drMonth=5&drYear=2025 (POST form),Reserve Bank of India,2026-09-28
2025,5,1,2025-05-01,Nagpur,Maharashtra Din/May Day (Labor Day),NI Act holiday,https://www.rbi.org.in/Scripts/HolidayMatrixDisplay.aspx?drRegionalOffice=0&drMonth=5&drYear=2025 (POST form),Reserve Bank of India,2026-09-28
2025,5,12,2025-05-12,Nagpur,Buddha Pournima,NI Act holiday,https://www.rbi.org.in/Scripts/HolidayMatrixDisplay.aspx?drRegionalOffice=0&drMonth=5&drYear=2025 (POST form),Reserve Bank of India,2026-09-28
2025,5,12,2025-05-12,New Delhi,Buddha Pournima,NI Act holiday,https://www.rbi.org.in/Scripts/HolidayMatrixDisplay.aspx?drRegionalOffice=0&drMonth=5&drYear=2025 (POST form),Reserve Bank of India,2026-09-28
2025,5,1,2025-05-01,Panaji,Maharashtra Din/May Day (Labor Day),NI Act holiday,https://www.rbi.org.in/Scripts/HolidayMatrixDisplay.aspx?drRegionalOffice=0&drMonth=5&drYear=2025 (POST form),Reserve Bank of India,2026-09-28
2025,5,1,2025-05-01,Patna,Maharashtra Din/May Day (Labor Day),NI Act holiday,https://www.rbi.org.in/Scripts/HolidayMatrixDisplay.aspx?drRegionalOffice=0&drMonth=5&drYear=2025 (POST form),Reserve Bank of India,2026-09-28
2025,5,12,2025-05-12,Raipur,Buddha Pournima,NI Act holiday,https://www.rbi.org.in/Scripts/HolidayMatrixDisplay.aspx?drRegionalOffice=0&drMonth=5&drYear=2025 (POST form),Reserve Bank of India,2026-09-28
2025,5,12,2025-05-12,Ranchi,Buddha Pournima,NI Act holiday,https://www.rbi.org.in/Scripts/HolidayMatrixDisplay.aspx?drRegionalOffice=0&drMonth=5&drYear=2025 (POST form),Reserve Bank of India,2026-09-28
2025,5,12,2025-05-12,Shimla,Buddha Pournima,NI Act holiday,https://www.rbi.org.in/Scripts/HolidayMatrixDisplay.aspx?drRegionalOffice=0&drMonth=5&drYear=2025 (POST form),Reserve Bank of India,2026-09-28
2025,5,29,2025-05-29,Shimla,Maharana Pratap Jayanti,NI Act holiday,https://www.rbi.org.in/Scripts/HolidayMatrixDisplay.aspx?drRegionalOffice=0&drMonth=5&drYear=2025 (POST form),Reserve Bank of India,2026-09-28
2025,5,12,2025-05-12,Srinagar,Buddha Pournima,NI Act holiday,https://www.rbi.org.in/Scripts/HolidayMatrixDisplay.aspx?drRegionalOffice=0&drMonth=5&drYear=2025 (POST form),Reserve Bank of India,2026-09-28
2025,5,1,2025-05-01,Thiruvananthapuram,Maharashtra Din/May Day (Labor Day),NI Act holiday,https://www.rbi.org.in/Scripts/HolidayMatrixDisplay.aspx?drRegionalOffice=0&drMonth=5&drYear=2025 (POST form),Reserve Bank of India,2026-09-28
2025,5,1,2025-05-01,Vijayawada,Maharashtra Din/May Day (Labor Day),NI Act holiday,https://www.rbi.org.in/Scripts/HolidayMatrixDisplay.aspx?drRegionalOffice=0&drMonth=5&drYear=2025 (POST form),Reserve Bank of India,2026-09-28
2025,6,7,2025-06-07,Agartala,Bakri ID (Id-Uz-Zuha),NI Act holiday,https://www.rbi.org.in/Scripts/HolidayMatrixDisplay.aspx?drRegionalOffice=0&drMonth=6&drYear=2025 (POST form),Reserve Bank of India,2026-09-28
2025,6,7,2025-06-07,Aizawl,Bakri ID (Id-Uz-Zuha),NI Act holiday,https://www.rbi.org.in/Scripts/HolidayMatrixDisplay.aspx?drRegionalOffice=0&drMonth=6&drYear=2025 (POST form),Reserve Bank of India,2026-09-28
2025,6,30,2025-06-30,Aizawl,Remna Ni,NI Act holiday,https://www.rbi.org.in/Scripts/HolidayMatrixDisplay.aspx?drRegionalOffice=0&drMonth=6&drYear=2025 (POST form),Reserve Bank of India,2026-09-28
2025,6,7,2025-06-07,Belapur,Bakri ID (Id-Uz-Zuha),NI Act holiday,https://www.rbi.org.in/Scripts/HolidayMatrixDisplay.aspx?drRegionalOffice=0&drMonth=6&drYear=2025 (POST form),Reserve Bank of India,2026-09-28
2025,6,7,2025-06-07,Bengaluru,Bakri ID (Id-Uz-Zuha),NI Act holiday,https://www.rbi.org.in/Scripts/HolidayMatrixDisplay.aspx?drRegionalOffice=0&drMonth=6&drYear=2025 (POST form),Reserve Bank of India,2026-09-28
2025,6,7,2025-06-07,Bhopal,Bakri ID (Id-Uz-Zuha),NI Act holiday,https://www.rbi.org.in/Scripts/HolidayMatrixDisplay.aspx?drRegionalOffice=0&drMonth=6&drYear=2025 (POST form),Reserve Bank of India,2026-09-28
2025,6,7,2025-06-07,Bhubaneswar,Bakri ID (Id-Uz-Zuha),NI Act holiday,https://www.rbi.org.in/Scripts/HolidayMatrixDisplay.aspx?drRegionalOffice=0&drMonth=6&drYear=2025 (POST form),Reserve Bank of India,2026-09-28
2025,6,27,2025-06-27,Bhubaneswar,Ratha Yatra/Kang (Rathajatra),NI Act holiday,https://www.rbi.org.in/Scripts/HolidayMatrixDisplay.aspx?drRegionalOffice=0&drMonth=6&drYear=2025 (POST form),Reserve Bank of India,2026-09-28
2025,6,7,2025-06-07,Chandigarh,Bakri ID (Id-Uz-Zuha),NI Act holiday,https://www.rbi.org.in/Scripts/HolidayMatrixDisplay.aspx?drRegionalOffice=0&drMonth=6&drYear=2025 (POST form),Reserve Bank of India,2026-09-28
2025,6,7,2025-06-07,Chennai,Bakri ID (Id-Uz-Zuha),NI Act holiday,https://www.rbi.org.in/Scripts/HolidayMatrixDisplay.aspx?drRegionalOffice=0&drMonth=6&drYear=2025 (POST form),Reserve Bank of India,2026-09-28
2025,6,7,2025-06-07,Dehradun,Bakri ID (Id-Uz-Zuha),NI Act holiday,https://www.rbi.org.in/Scripts/HolidayMatrixDisplay.aspx?drRegionalOffice=0&drMonth=6&drYear=2025 (POST form),Reserve Bank of India,2026-09-28
2025,6,11,2025-06-11,Gangtok,Sant Guru Kabir Jayanti/Saga Dawa,NI Act holiday,https://www.rbi.org.in/Scripts/HolidayMatrixDisplay.aspx?drRegionalOffice=0&drMonth=6&drYear=2025 (POST form),Reserve Bank of India,2026-09-28
2025,6,7,2025-06-07,Guwahati,Bakri ID (Id-Uz-Zuha),NI Act holiday,https://www.rbi.org.in/Scripts/HolidayMatrixDisplay.aspx?drRegionalOffice=0&drMonth=6&drYear=2025 (POST form),Reserve Bank of India,2026-09-28
2025,6,7,2025-06-07,Hyderabad,Bakri ID (Id-Uz-Zuha),NI Act holiday,https://www.rbi.org.in/Scripts/HolidayMatrixDisplay.aspx?drRegionalOffice=0&drMonth=6&drYear=2025 (POST form),Reserve Bank of India,2026-09-28
2025,6,7,2025-06-07,Imphal,Bakri ID (Id-Uz-Zuha),NI Act holiday,https://www.rbi.org.in/Scripts/HolidayMatrixDisplay.aspx?drRegionalOffice=0&drMonth=6&drYear=2025 (POST form),Reserve Bank of India,2026-09-28
2025,6,27,2025-06-27,Imphal,Ratha Yatra/Kang (Rathajatra),NI Act holiday,https://www.rbi.org.in/Scripts/HolidayMatrixDisplay.aspx?drRegionalOffice=0&drMonth=6&drYear=2025 (POST form),Reserve Bank of India,2026-09-28
2025,6,7,2025-06-07,Jaipur,Bakri ID (Id-Uz-Zuha),NI Act holiday,https://www.rbi.org.in/Scripts/HolidayMatrixDisplay.aspx?drRegionalOffice=0&drMonth=6&drYear=2025 (POST form),Reserve Bank of India,2026-09-28
2025,6,7,2025-06-07,Jammu,Bakri ID (Id-Uz-Zuha),NI Act holiday,https://www.rbi.org.in/Scripts/HolidayMatrixDisplay.aspx?drRegionalOffice=0&drMonth=6&drYear=2025 (POST form),Reserve Bank of India,2026-09-28
2025,6,7,2025-06-07,Kanpur,Bakri ID (Id-Uz-Zuha),NI Act holiday,https://www.rbi.org.in/Scripts/HolidayMatrixDisplay.aspx?drRegionalOffice=0&drMonth=6&drYear=2025 (POST form),Reserve Bank of India,2026-09-28
2025,6,7,2025-06-07,Kochi,Bakri ID (Id-Uz-Zuha),NI Act holiday,https://www.rbi.org.in/Scripts/HolidayMatrixDisplay.aspx?drRegionalOffice=0&drMonth=6&drYear=2025 (POST form),Reserve Bank of India,2026-09-28
2025,6,7,2025-06-07,Kohima,Bakri ID (Id-Uz-Zuha),NI Act holiday,https://www.rbi.org.in/Scripts/HolidayMatrixDisplay.aspx?drRegionalOffice=0&drMonth=6&drYear=2025 (POST form),Reserve Bank of India,2026-09-28
2025,6,7,2025-06-07,Kolkata,Bakri ID (Id-Uz-Zuha),NI Act holiday,https://www.rbi.org.in/Scripts/HolidayMatrixDisplay.aspx?drRegionalOffice=0&drMonth=6&drYear=2025 (POST form),Reserve Bank of India,2026-09-28
2025,6,7,2025-06-07,Lucknow,Bakri ID (Id-Uz-Zuha),NI Act holiday,https://www.rbi.org.in/Scripts/HolidayMatrixDisplay.aspx?drRegionalOffice=0&drMonth=6&drYear=2025 (POST form),Reserve Bank of India,2026-09-28
2025,6,7,2025-06-07,Mumbai,Bakri ID (Id-Uz-Zuha),NI Act holiday,https://www.rbi.org.in/Scripts/HolidayMatrixDisplay.aspx?drRegionalOffice=0&drMonth=6&drYear=2025 (POST form),Reserve Bank of India,2026-09-28
2025,6,7,2025-06-07,Nagpur,Bakri ID (Id-Uz-Zuha),NI Act holiday,https://www.rbi.org.in/Scripts/HolidayMatrixDisplay.aspx?drRegionalOffice=0&drMonth=6&drYear=2025 (POST form),Reserve Bank of India,2026-09-28
2025,6,7,2025-06-07,New Delhi,Bakri ID (Id-Uz-Zuha),NI Act holiday,https://www.rbi.org.in/Scripts/HolidayMatrixDisplay.aspx?drRegionalOffice=0&drMonth=6&drYear=2025 (POST form),Reserve Bank of India,2026-09-28
2025,6,7,2025-06-07,Panaji,Bakri ID (Id-Uz-Zuha),NI Act holiday,https://www.rbi.org.in/Scripts/HolidayMatrixDisplay.aspx?drRegionalOffice=0&drMonth=6&drYear=2025 (POST form),Reserve Bank of India,2026-09-28
2025,6,7,2025-06-07,Patna,Bakri ID (Id-Uz-Zuha),NI Act holiday,https://www.rbi.org.in/Scripts/HolidayMatrixDisplay.aspx?drRegionalOffice=0&drMonth=6&drYear=2025 (POST form),Reserve Bank of India,2026-09-28
2025,6,7,2025-06-07,Raipur,Bakri ID (Id-Uz-Zuha),NI Act holiday,https://www.rbi.org.in/Scripts/HolidayMatrixDisplay.aspx?drRegionalOffice=0&drMonth=6&drYear=2025 (POST form),Reserve Bank of India,2026-09-28
2025,6,7,2025-06-07,Ranchi,Bakri ID (Id-Uz-Zuha),NI Act holiday,https://www.rbi.org.in/Scripts/HolidayMatrixDisplay.aspx?drRegionalOffice=0&drMonth=6&drYear=2025 (POST form),Reserve Bank of India,2026-09-28
2025,6,7,2025-06-07,Shillong,Bakri ID (Id-Uz-Zuha),NI Act holiday,https://www.rbi.org.in/Scripts/HolidayMatrixDisplay.aspx?drRegionalOffice=0&drMonth=6&drYear=2025 (POST form),Reserve Bank of India,2026-09-28
2025,6,7,2025-06-07,Shimla,Bakri ID (Id-Uz-Zuha),NI Act holiday,https://www.rbi.org.in/Scripts/HolidayMatrixDisplay.aspx?drRegionalOffice=0&drMonth=6&drYear=2025 (POST form),Reserve Bank of India,2026-09-28
2025,6,11,2025-06-11,Shimla,Sant Guru Kabir Jayanti/Saga Dawa,NI Act holiday,https://www.rbi.org.in/Scripts/HolidayMatrixDisplay.aspx?drRegionalOffice=0&drMonth=6&drYear=2025 (POST form),Reserve Bank of India,2026-09-28
2025,6,7,2025-06-07,Srinagar,Bakri ID (Id-Uz-Zuha),NI Act holiday,https://www.rbi.org.in/Scripts/HolidayMatrixDisplay.aspx?drRegionalOffice=0&drMonth=6&drYear=2025 (POST form),Reserve Bank of India,2026-09-28
2025,6,7,2025-06-07,Thiruvananthapuram,Bakri ID (Id-Uz-Zuha),NI Act holiday,https://www.rbi.org.in/Scripts/HolidayMatrixDisplay.aspx?drRegionalOffice=0&drMonth=6&drYear=2025 (POST form),Reserve Bank of India,2026-09-28
2025,6,7,2025-06-07,Vijayawada,Bakri ID (Id-Uz-Zuha),NI Act holiday,https://www.rbi.org.in/Scripts/HolidayMatrixDisplay.aspx?drRegionalOffice=0&drMonth=6&drYear=2025 (POST form),Reserve Bank of India,2026-09-28
2025,7,3,2025-07-03,Agartala,Kharchi Puja,NI Act holiday,https://www.rbi.org.in/Scripts/HolidayMatrixDisplay.aspx?drRegionalOffice=0&drMonth=7&drYear=2025 (POST form),Reserve Bank of India,2026-09-28
2025,7,19,2025-07-19,Agartala,Ker Puja,NI Act holiday,https://www.rbi.org.in/Scripts/HolidayMatrixDisplay.aspx?drRegionalOffice=0&drMonth=7&drYear=2025 (POST form),Reserve Bank of India,2026-09-28
2025,7,16,2025-07-16,Dehradun,Harela,NI Act holiday,https://www.rbi.org.in/Scripts/HolidayMatrixDisplay.aspx?drRegionalOffice=0&drMonth=7&drYear=2025 (POST form),Reserve Bank of India,2026-09-28
2025,7,28,2025-07-28,Gangtok,Drukpa Tshe-zi,NI Act holiday,https://www.rbi.org.in/Scripts/HolidayMatrixDisplay.aspx?drRegionalOffice=0&drMonth=7&drYear=2025 (POST form),Reserve Bank of India,2026-09-28
2025,7,5,2025-07-05,Jammu,Guru Hargobind Ji’s Birthday,NI Act holiday,https://www.rbi.org.in/Scripts/HolidayMatrixDisplay.aspx?drRegionalOffice=0&drMonth=7&drYear=2025 (POST form),Reserve Bank of India,2026-09-28
2025,7,22,2025-07-22,Kochi,"Demise of Shri V.S.Achuthanandan, former Chief Minister of Kerala",NI Act holiday,https://www.rbi.org.in/Scripts/HolidayMatrixDisplay.aspx?drRegionalOffice=0&drMonth=7&drYear=2025 (POST form),Reserve Bank of India,2026-09-28
2025,7,14,2025-07-14,Shillong,Beh Deinkhlam,NI Act holiday,https://www.rbi.org.in/Scripts/HolidayMatrixDisplay.aspx?drRegionalOffice=0&drMonth=7&drYear=2025 (POST form),Reserve Bank of India,2026-09-28
2025,7,17,2025-07-17,Shillong,Death Anniversary of U Tirot Singh,NI Act holiday,https://www.rbi.org.in/Scripts/HolidayMatrixDisplay.aspx?drRegionalOffice=0&drMonth=7&drYear=2025 (POST form),Reserve Bank of India,2026-09-28
2025,7,5,2025-07-05,Srinagar,Guru Hargobind Ji’s Birthday,NI Act holiday,https://www.rbi.org.in/Scripts/HolidayMatrixDisplay.aspx?drRegionalOffice=0&drMonth=7&drYear=2025 (POST form),Reserve Bank of India,2026-09-28
2025,7,22,2025-07-22,Thiruvananthapuram,"Demise of Shri V.S.Achuthanandan, former Chief Minister of Kerala",NI Act holiday,https://www.rbi.org.in/Scripts/HolidayMatrixDisplay.aspx?drRegionalOffice=0&drMonth=7&drYear=2025 (POST form),Reserve Bank of India,2026-09-28
2025,8,15,2025-08-15,Agartala,Independence Day/Parsi New Year (Shahenshahi)/Janmashtami,NI Act holiday,https://www.rbi.org.in/Scripts/HolidayMatrixDisplay.aspx?drRegionalOffice=0&drMonth=8&drYear=2025 (POST form),Reserve Bank of India,2026-09-28
2025,8,19,2025-08-19,Agartala,Birthday of Maharaja Bir Bikram Kishore Manikya Bahadur,NI Act holiday,https://www.rbi.org.in/Scripts/HolidayMatrixDisplay.aspx?drRegionalOffice=0&drMonth=8&drYear=2025 (POST form),Reserve Bank of India,2026-09-28
2025,8,9,2025-08-09,Ahmedabad,Raksha Bandhan/Jhulana Purnima,NI Act holiday,https://www.rbi.org.in/Scripts/HolidayMatrixDisplay.aspx?drRegionalOffice=0&drMonth=8&drYear=2025 (POST form),Reserve Bank of India,2026-09-28
2025,8,15,2025-08-15,Ahmedabad,Independence Day/Parsi New Year (Shahenshahi)/Janmashtami,NI Act holiday,https://www.rbi.org.in/Scripts/HolidayMatrixDisplay.aspx?drRegionalOffice=0&drMonth=8&drYear=2025 (POST form),Reserve Bank of India,2026-09-28
2025,8,16,2025-08-16,Ahmedabad,Janmashtami (Shravan Vad-8)/Krishna Jayanthi,NI Act holiday,https://www.rbi.org.in/Scripts/HolidayMatrixDisplay.aspx?drRegionalOffice=0&drMonth=8&drYear=2025 (POST form),Reserve Bank of India,2026-09-28
2025,8,27,2025-08-27,Ahmedabad,Ganesh Chaturthi/Samvatsari (Chaturthi Paksha)/Varasiddhi Vinayaka Vrata/Ganesh Puja/Vinayakar Chathurthi,NI Act holiday,https://www.rbi.org.in/Scripts/HolidayMatrixDisplay.aspx?drRegionalOffice=0&drMonth=8&drYear=2025 (POST form),Reserve Bank of India,2026-09-28
2025,8,15,2025-08-15,Aizawl,Independence Day/Parsi New Year (Shahenshahi)/Janmashtami,NI Act holiday,https://www.rbi.org.in/Scripts/HolidayMatrixDisplay.aspx?drRegionalOffice=0&drMonth=8&drYear=2025 (POST form),Reserve Bank of India,2026-09-28
2025,8,16,2025-08-16,Aizawl,Janmashtami (Shravan Vad-8)/Krishna Jayanthi,NI Act holiday,https://www.rbi.org.in/Scripts/HolidayMatrixDisplay.aspx?drRegionalOffice=0&drMonth=8&drYear=2025 (POST form),Reserve Bank of India,2026-09-28
2025,8,15,2025-08-15,Belapur,Independence Day/Parsi New Year (Shahenshahi)/Janmashtami,NI Act holiday,https://www.rbi.org.in/Scripts/HolidayMatrixDisplay.aspx?drRegionalOffice=0&drMonth=8&drYear=2025 (POST form),Reserve Bank of India,2026-09-28
2025,8,27,2025-08-27,Belapur,Ganesh Chaturthi/Samvatsari (Chaturthi Paksha)/Varasiddhi Vinayaka Vrata/Ganesh Puja/Vinayakar Chathurthi,NI Act holiday,https://www.rbi.org.in/Scripts/HolidayMatrixDisplay.aspx?drRegionalOffice=0&drMonth=8&drYear=2025 (POST form),Reserve Bank of India,2026-09-28
2025,8,15,2025-08-15,Bengaluru,Independence Day/Parsi New Year (Shahenshahi)/Janmashtami,NI Act holiday,https://www.rbi.org.in/Scripts/HolidayMatrixDisplay.aspx?drRegionalOffice=0&drMonth=8&drYear=2025 (POST form),Reserve Bank of India,2026-09-28
2025,8,27,2025-08-27,Bengaluru,Ganesh Chaturthi/Samvatsari (Chaturthi Paksha)/Varasiddhi Vinayaka Vrata/Ganesh Puja/Vinayakar Chathurthi,NI Act holiday,https://www.rbi.org.in/Scripts/HolidayMatrixDisplay.aspx?drRegionalOffice=0&drMonth=8&drYear=2025 (POST form),Reserve Bank of India,2026-09-28
2025,8,9,2025-08-09,Bhopal,Raksha Bandhan/Jhulana Purnima,NI Act holiday,https://www.rbi.org.in/Scripts/HolidayMatrixDisplay.aspx?drRegionalOffice=0&drMonth=8&drYear=2025 (POST form),Reserve Bank of India,2026-09-28
2025,8,15,2025-08-15,Bhopal,Independence Day/Parsi New Year (Shahenshahi)/Janmashtami,NI Act holiday,https://www.rbi.org.in/Scripts/HolidayMatrixDisplay.aspx?drRegionalOffice=0&drMonth=8&drYear=2025 (POST form),Reserve Bank of India,2026-09-28
2025,8,16,2025-08-16,Bhopal,Janmashtami (Shravan Vad-8)/Krishna Jayanthi,NI Act holiday,https://www.rbi.org.in/Scripts/HolidayMatrixDisplay.aspx?drRegionalOffice=0&drMonth=8&drYear=2025 (POST form),Reserve Bank of India,2026-09-28
2025,8,9,2025-08-09,Bhubaneswar,Raksha Bandhan/Jhulana Purnima,NI Act holiday,https://www.rbi.org.in/Scripts/HolidayMatrixDisplay.aspx?drRegionalOffice=0&drMonth=8&drYear=2025 (POST form),Reserve Bank of India,2026-09-28
2025,8,15,2025-08-15,Bhubaneswar,Independence Day/Parsi New Year (Shahenshahi)/Janmashtami,NI Act holiday,https://www.rbi.org.in/Scripts/HolidayMatrixDisplay.aspx?drRegionalOffice=0&drMonth=8&drYear=2025 (POST form),Reserve Bank of India,2026-09-28
2025,8,27,2025-08-27,Bhubaneswar,Ganesh Chaturthi/Samvatsari (Chaturthi Paksha)/Varasiddhi Vinayaka Vrata/Ganesh Puja/Vinayakar Chathurthi,NI Act holiday,https://www.rbi.org.in/Scripts/HolidayMatrixDisplay.aspx?drRegionalOffice=0&drMonth=8&drYear=2025 (POST form),Reserve Bank of India,2026-09-28
2025,8,28,2025-08-28,Bhubaneswar,Ganesh Chaturthi (2nd Day)/Nuakhai,NI Act holiday,https://www.rbi.org.in/Scripts/HolidayMatrixDisplay.aspx?drRegionalOffice=0&drMonth=8&drYear=2025 (POST form),Reserve Bank of India,2026-09-28
2025,8,15,2025-08-15,Chandigarh,Independence Day/Parsi New Year (Shahenshahi)/Janmashtami,NI Act holiday,https://www.rbi.org.in/Scripts/HolidayMatrixDisplay.aspx?drRegionalOffice=0&drMonth=8&drYear=2025 (POST form),Reserve Bank of India,2026-09-28
2025,8,16,2025-08-16,Chandigarh,Janmashtami (Shravan Vad-8)/Krishna Jayanthi,NI Act holiday,https://www.rbi.org.in/Scripts/HolidayMatrixDisplay.aspx?drRegionalOffice=0&drMonth=8&drYear=2025 (POST form),Reserve Bank of India,2026-09-28
2025,8,15,2025-08-15,Chennai,Independence Day/Parsi New Year (Shahenshahi)/Janmashtami,NI Act holiday,https://www.rbi.org.in/Scripts/HolidayMatrixDisplay.aspx?drRegionalOffice=0&drMonth=8&drYear=2025 (POST form),Reserve Bank of India,2026-09-28
2025,8,16,2025-08-16,Chennai,Janmashtami (Shravan Vad-8)/Krishna Jayanthi,NI Act holiday,https://www.rbi.org.in/Scripts/HolidayMatrixDisplay.aspx?drRegionalOffice=0&drMonth=8&drYear=2025 (POST form),Reserve Bank of India,2026-09-28
2025,8,27,2025-08-27,Chennai,Ganesh Chaturthi/Samvatsari (Chaturthi Paksha)/Varasiddhi Vinayaka Vrata/Ganesh Puja/Vinayakar Chathurthi,NI Act holiday,https://www.rbi.org.in/Scripts/HolidayMatrixDisplay.aspx?drRegionalOffice=0&drMonth=8&drYear=2025 (POST form),Reserve Bank of India,2026-09-28
2025,8,9,2025-08-09,Dehradun,Raksha Bandhan/Jhulana Purnima,NI Act holiday,https://www.rbi.org.in/Scripts/HolidayMatrixDisplay.aspx?drRegionalOffice=0&drMonth=8&drYear=2025 (POST form),Reserve Bank of India,2026-09-28
2025,8,15,2025-08-15,Dehradun,Independence Day/Parsi New Year (Shahenshahi)/Janmashtami,NI Act holiday,https://www.rbi.org.in/Scripts/HolidayMatrixDisplay.aspx?drRegionalOffice=0&drMonth=8&drYear=2025 (POST form),Reserve Bank of India,2026-09-28
2025,8,16,2025-08-16,Dehradun,Janmashtami (Shravan Vad-8)/Krishna Jayanthi,NI Act holiday,https://www.rbi.org.in/Scripts/HolidayMatrixDisplay.aspx?drRegionalOffice=0&drMonth=8&drYear=2025 (POST form),Reserve Bank of India,2026-09-28
2025,8,8,2025-08-08,Gangtok,Tendong Lho Rum Faat,NI Act holiday,https://www.rbi.org.in/Scripts/HolidayMatrixDisplay.aspx?drRegionalOffice=0&drMonth=8&drYear=2025 (POST form),Reserve Bank of India,2026-09-28
2025,8,15,2025-08-15,Gangtok,Independence Day/Parsi New Year (Shahenshahi)/Janmashtami,NI Act holiday,https://www.rbi.org.in/Scripts/HolidayMatrixDisplay.aspx?drRegionalOffice=0&drMonth=8&drYear=2025 (POST form),Reserve Bank of India,2026-09-28
2025,8,16,2025-08-16,Gangtok,Janmashtami (Shravan Vad-8)/Krishna Jayanthi,NI Act holiday,https://www.rbi.org.in/Scripts/HolidayMatrixDisplay.aspx?drRegionalOffice=0&drMonth=8&drYear=2025 (POST form),Reserve Bank of India,2026-09-28
2025,8,15,2025-08-15,Guwahati,Independence Day/Parsi New Year (Shahenshahi)/Janmashtami,NI Act holiday,https://www.rbi.org.in/Scripts/HolidayMatrixDisplay.aspx?drRegionalOffice=0&drMonth=8&drYear=2025 (POST form),Reserve Bank of India,2026-09-28
2025,8,25,2025-08-25,Guwahati,Tirubhav Tithi of Srimanta Sankardeva,NI Act holiday,https://www.rbi.org.in/Scripts/HolidayMatrixDisplay.aspx?drRegionalOffice=0&drMonth=8&drYear=2025 (POST form),Reserve Bank of India,2026-09-28
2025,8,15,2025-08-15,Hyderabad,Independence Day/Parsi New Year (Shahenshahi)/Janmashtami,NI Act holiday,https://www.rbi.org.in/Scripts/HolidayMatrixDisplay.aspx?drRegionalOffice=0&drMonth=8&drYear=2025 (POST form),Reserve Bank of India,2026-09-28
2025,8,16,2025-08-16,Hyderabad,Janmashtami (Shravan Vad-8)/Krishna Jayanthi,NI Act holiday,https://www.rbi.org.in/Scripts/HolidayMatrixDisplay.aspx?drRegionalOffice=0&drMonth=8&drYear=2025 (POST form),Reserve Bank of India,2026-09-28
2025,8,27,2025-08-27,Hyderabad,Ganesh Chaturthi/Samvatsari (Chaturthi Paksha)/Varasiddhi Vinayaka Vrata/Ganesh Puja/Vinayakar Chathurthi,NI Act holiday,https://www.rbi.org.in/Scripts/HolidayMatrixDisplay.aspx?drRegionalOffice=0&drMonth=8&drYear=2025 (POST form),Reserve Bank of India,2026-09-28
2025,8,13,2025-08-13,Imphal,Patriot’s Day,NI Act holiday,https://www.rbi.org.in/Scripts/HolidayMatrixDisplay.aspx?drRegionalOffice=0&drMonth=8&drYear=2025 (POST form),Reserve Bank of India,2026-09-28
2025,8,15,2025-08-15,Imphal,Independence Day/Parsi New Year (Shahenshahi)/Janmashtami,NI Act holiday,https://www.rbi.org.in/Scripts/HolidayMatrixDisplay.aspx?drRegionalOffice=0&drMonth=8&drYear=2025 (POST form),Reserve Bank of India,2026-09-28
2025,8,15,2025-08-15,Itanagar,Independence Day/Parsi New Year (Shahenshahi)/Janmashtami,NI Act holiday,https://www.rbi.org.in/Scripts/HolidayMatrixDisplay.aspx?drRegionalOffice=0&drMonth=8&drYear=2025 (POST form),Reserve Bank of India,2026-09-28
2025,8,9,2025-08-09,Jaipur,Raksha Bandhan/Jhulana Purnima,NI Act holiday,https://www.rbi.org.in/Scripts/HolidayMatrixDisplay.aspx?drRegionalOffice=0&drMonth=8&drYear=2025 (POST form),Reserve Bank of India,2026-09-28
2025,8,15,2025-08-15,Jaipur,Independence Day/Parsi New Year (Shahenshahi)/Janmashtami,NI Act holiday,https://www.rbi.org.in/Scripts/HolidayMatrixDisplay.aspx?drRegionalOffice=0&drMonth=8&drYear=2025 (POST form),Reserve Bank of India,2026-09-28
2025,8,16,2025-08-16,Jaipur,Janmashtami (Shravan Vad-8)/Krishna Jayanthi,NI Act holiday,https://www.rbi.org.in/Scripts/HolidayMatrixDisplay.aspx?drRegionalOffice=0&drMonth=8&drYear=2025 (POST form),Reserve Bank of India,2026-09-28
2025,8,15,2025-08-15,Jammu,Independence Day/Parsi New Year (Shahenshahi)/Janmashtami,NI Act holiday,https://www.rbi.org.in/Scripts/HolidayMatrixDisplay.aspx?drRegionalOffice=0&drMonth=8&drYear=2025 (POST form),Reserve Bank of India,2026-09-28
2025,8,16,2025-08-16,Jammu,Janmashtami (Shravan Vad-8)/Krishna Jayanthi,NI Act holiday,https://www.rbi.org.in/Scripts/HolidayMatrixDisplay.aspx?drRegionalOffice=0&drMonth=8&drYear=2025 (POST form),Reserve Bank of India,2026-09-28
2025,8,9,2025-08-09,Kanpur,Raksha Bandhan/Jhulana Purnima,NI Act holiday,https://www.rbi.org.in/Scripts/HolidayMatrixDisplay.aspx?drRegionalOffice=0&drMonth=8&drYear=2025 (POST form),Reserve Bank of India,2026-09-28
2025,8,15,2025-08-15,Kanpur,Independence Day/Parsi New Year (Shahenshahi)/Janmashtami,NI Act holiday,https://www.rbi.org.in/Scripts/HolidayMatrixDisplay.aspx?drRegionalOffice=0&drMonth=8&drYear=2025 (POST form),Reserve Bank of India,2026-09-28
2025,8,16,2025-08-16,Kanpur,Janmashtami (Shravan Vad-8)/Krishna Jayanthi,NI Act holiday,https://www.rbi.org.in/Scripts/HolidayMatrixDisplay.aspx?drRegionalOffice=0&drMonth=8&drYear=2025 (POST form),Reserve Bank of India,2026-09-28
2025,8,15,2025-08-15,Kochi,Independence Day/Parsi New Year (Shahenshahi)/Janmashtami,NI Act holiday,https://www.rbi.org.in/Scripts/HolidayMatrixDisplay.aspx?drRegionalOffice=0&drMonth=8&drYear=2025 (POST form),Reserve Bank of India,2026-09-28
2025,8,15,2025-08-15,Kohima,Independence Day/Parsi New Year (Shahenshahi)/Janmashtami,NI Act holiday,https://www.rbi.org.in/Scripts/HolidayMatrixDisplay.aspx?drRegionalOffice=0&drMonth=8&drYear=2025 (POST form),Reserve Bank of India,2026-09-28
2025,8,15,2025-08-15,Kolkata,Independence Day/Parsi New Year (Shahenshahi)/Janmashtami,NI Act holiday,https://www.rbi.org.in/Scripts/HolidayMatrixDisplay.aspx?drRegionalOffice=0&drMonth=8&drYear=2025 (POST form),Reserve Bank of India,2026-09-28
2025,8,16,2025-08-16,Kolkata,Janmashtami (Shravan Vad-8)/Krishna Jayanthi,NI Act holiday,https://www.rbi.org.in/Scripts/HolidayMatrixDisplay.aspx?drRegionalOffice=0&drMonth=8&drYear=2025 (POST form),Reserve Bank of India,2026-09-28
2025,8,9,2025-08-09,Lucknow,Raksha Bandhan/Jhulana Purnima,NI Act holiday,https://www.rbi.org.in/Scripts/HolidayMatrixDisplay.aspx?drRegionalOffice=0&drMonth=8&drYear=2025 (POST form),Reserve Bank of India,2026-09-28
2025,8,15,2025-08-15,Lucknow,Independence Day/Parsi New Year (Shahenshahi)/Janmashtami,NI Act holiday,https://www.rbi.org.in/Scripts/HolidayMatrixDisplay.aspx?drRegionalOffice=0&drMonth=8&drYear=2025 (POST form),Reserve Bank of India,2026-09-28
2025,8,16,2025-08-16,Lucknow,Janmashtami (Shravan Vad-8)/Krishna Jayanthi,NI Act holiday,https://www.rbi.org.in/Scripts/HolidayMatrixDisplay.aspx?drRegionalOffice=0&drMonth=8&drYear=2025 (POST form),Reserve Bank of India,2026-09-28
2025,8,15,2025-08-15,Mumbai,Independence Day/Parsi New Year (Shahenshahi)/Janmashtami,NI Act holiday,https://www.rbi.org.in/Scripts/HolidayMatrixDisplay.aspx?drRegionalOffice=0&drMonth=8&drYear=2025 (POST form),Reserve Bank of India,2026-09-28
2025,8,27,2025-08-27,Mumbai,Ganesh Chaturthi/Samvatsari (Chaturthi Paksha)/Varasiddhi Vinayaka Vrata/Ganesh Puja/Vinayakar Chathurthi,NI Act holiday,https://www.rbi.org.in/Scripts/HolidayMatrixDisplay.aspx?drRegionalOffice=0&drMonth=8&drYear=2025 (POST form),Reserve Bank of India,2026-09-28
2025,8,15,2025-08-15,Nagpur,Independence Day/Parsi New Year (Shahenshahi)/Janmashtami,NI Act holiday,https://www.rbi.org.in/Scripts/HolidayMatrixDisplay.aspx?drRegionalOffice=0&drMonth=8&drYear=2025 (POST form),Reserve Bank of India,2026-09-28
2025,8,27,2025-08-27,Nagpur,Ganesh Chaturthi/Samvatsari (Chaturthi Paksha)/Varasiddhi Vinayaka Vrata/Ganesh Puja/Vinayakar Chathurthi,NI Act holiday,https://www.rbi.org.in/Scripts/HolidayMatrixDisplay.aspx?drRegionalOffice=0&drMonth=8&drYear=2025 (POST form),Reserve Bank of India,2026-09-28
2025,8,15,2025-08-15,New Delhi,Independence Day/Parsi New Year (Shahenshahi)/Janmashtami,NI Act holiday,https://www.rbi.org.in/Scripts/HolidayMatrixDisplay.aspx?drRegionalOffice=0&drMonth=8&drYear=2025 (POST form),Reserve Bank of India,2026-09-28
2025,8,15,2025-08-15,Panaji,Independence Day/Parsi New Year (Shahenshahi)/Janmashtami,NI Act holiday,https://www.rbi.org.in/Scripts/HolidayMatrixDisplay.aspx?drRegionalOffice=0&drMonth=8&drYear=2025 (POST form),Reserve Bank of India,2026-09-28
2025,8,27,2025-08-27,Panaji,Ganesh Chaturthi/Samvatsari (Chaturthi Paksha)/Varasiddhi Vinayaka Vrata/Ganesh Puja/Vinayakar Chathurthi,NI Act holiday,https://www.rbi.org.in/Scripts/HolidayMatrixDisplay.aspx?drRegionalOffice=0&drMonth=8&drYear=2025 (POST form),Reserve Bank of India,2026-09-28
2025,8,28,2025-08-28,Panaji,Ganesh Chaturthi (2nd Day)/Nuakhai,NI Act holiday,https://www.rbi.org.in/Scripts/HolidayMatrixDisplay.aspx?drRegionalOffice=0&drMonth=8&drYear=2025 (POST form),Reserve Bank of India,2026-09-28
2025,8,15,2025-08-15,Patna,Independence Day/Parsi New Year (Shahenshahi)/Janmashtami,NI Act holiday,https://www.rbi.org.in/Scripts/HolidayMatrixDisplay.aspx?drRegionalOffice=0&drMonth=8&drYear=2025 (POST form),Reserve Bank of India,2026-09-28
2025,8,16,2025-08-16,Patna,Janmashtami (Shravan Vad-8)/Krishna Jayanthi,NI Act holiday,https://www.rbi.org.in/Scripts/HolidayMatrixDisplay.aspx?drRegionalOffice=0&drMonth=8&drYear=2025 (POST form),Reserve Bank of India,2026-09-28
2025,8,15,2025-08-15,Raipur,Independence Day/Parsi New Year (Shahenshahi)/Janmashtami,NI Act holiday,https://www.rbi.org.in/Scripts/HolidayMatrixDisplay.aspx?drRegionalOffice=0&drMonth=8&drYear=2025 (POST form),Reserve Bank of India,2026-09-28
2025,8,16,2025-08-16,Raipur,Janmashtami (Shravan Vad-8)/Krishna Jayanthi,NI Act holiday,https://www.rbi.org.in/Scripts/HolidayMatrixDisplay.aspx?drRegionalOffice=0&drMonth=8&drYear=2025 (POST form),Reserve Bank of India,2026-09-28
2025,8,15,2025-08-15,Ranchi,Independence Day/Parsi New Year (Shahenshahi)/Janmashtami,NI Act holiday,https://www.rbi.org.in/Scripts/HolidayMatrixDisplay.aspx?drRegionalOffice=0&drMonth=8&drYear=2025 (POST form),Reserve Bank of India,2026-09-28
2025,8,16,2025-08-16,Ranchi,Janmashtami (Shravan Vad-8)/Krishna Jayanthi,NI Act holiday,https://www.rbi.org.in/Scripts/HolidayMatrixDisplay.aspx?drRegionalOffice=0&drMonth=8&drYear=2025 (POST form),Reserve Bank of India,2026-09-28
2025,8,15,2025-08-15,Shillong,Independence Day/Parsi New Year (Shahenshahi)/Janmashtami,NI Act holiday,https://www.rbi.org.in/Scripts/HolidayMatrixDisplay.aspx?drRegionalOffice=0&drMonth=8&drYear=2025 (POST form),Reserve Bank of India,2026-09-28
2025,8,16,2025-08-16,Shillong,Janmashtami (Shravan Vad-8)/Krishna Jayanthi,NI Act holiday,https://www.rbi.org.in/Scripts/HolidayMatrixDisplay.aspx?drRegionalOffice=0&drMonth=8&drYear=2025 (POST form),Reserve Bank of India,2026-09-28
2025,8,9,2025-08-09,Shimla,Raksha Bandhan/Jhulana Purnima,NI Act holiday,https://www.rbi.org.in/Scripts/HolidayMatrixDisplay.aspx?drRegionalOffice=0&drMonth=8&drYear=2025 (POST form),Reserve Bank of India,2026-09-28
2025,8,15,2025-08-15,Shimla,Independence Day/Parsi New Year (Shahenshahi)/Janmashtami,NI Act holiday,https://www.rbi.org.in/Scripts/HolidayMatrixDisplay.aspx?drRegionalOffice=0&drMonth=8&drYear=2025 (POST form),Reserve Bank of India,2026-09-28
2025,8,15,2025-08-15,Srinagar,Independence Day/Parsi New Year (Shahenshahi)/Janmashtami,NI Act holiday,https://www.rbi.org.in/Scripts/HolidayMatrixDisplay.aspx?drRegionalOffice=0&drMonth=8&drYear=2025 (POST form),Reserve Bank of India,2026-09-28
2025,8,16,2025-08-16,Srinagar,Janmashtami (Shravan Vad-8)/Krishna Jayanthi,NI Act holiday,https://www.rbi.org.in/Scripts/HolidayMatrixDisplay.aspx?drRegionalOffice=0&drMonth=8&drYear=2025 (POST form),Reserve Bank of India,2026-09-28
2025,8,15,2025-08-15,Thiruvananthapuram,Independence Day/Parsi New Year (Shahenshahi)/Janmashtami,NI Act holiday,https://www.rbi.org.in/Scripts/HolidayMatrixDisplay.aspx?drRegionalOffice=0&drMonth=8&drYear=2025 (POST form),Reserve Bank of India,2026-09-28
2025,8,15,2025-08-15,Vijayawada,Independence Day/Parsi New Year (Shahenshahi)/Janmashtami,NI Act holiday,https://www.rbi.org.in/Scripts/HolidayMatrixDisplay.aspx?drRegionalOffice=0&drMonth=8&drYear=2025 (POST form),Reserve Bank of India,2026-09-28
2025,8,16,2025-08-16,Vijayawada,Janmashtami (Shravan Vad-8)/Krishna Jayanthi,NI Act holiday,https://www.rbi.org.in/Scripts/HolidayMatrixDisplay.aspx?drRegionalOffice=0&drMonth=8&drYear=2025 (POST form),Reserve Bank of India,2026-09-28
2025,8,27,2025-08-27,Vijayawada,Ganesh Chaturthi/Samvatsari (Chaturthi Paksha)/Varasiddhi Vinayaka Vrata/Ganesh Puja/Vinayakar Chathurthi,NI Act holiday,https://www.rbi.org.in/Scripts/HolidayMatrixDisplay.aspx?drRegionalOffice=0&drMonth=8&drYear=2025 (POST form),Reserve Bank of India,2026-09-28
2025,9,29,2025-09-29,Agartala,Maha Saptami/Durga Puja,NI Act holiday,https://www.rbi.org.in/Scripts/HolidayMatrixDisplay.aspx?drRegionalOffice=0&drMonth=9&drYear=2025 (POST form),Reserve Bank of India,2026-09-28
2025,9,30,2025-09-30,Agartala,Maha Ashtami/Durga Ashtami/Durga Puja,NI Act holiday,https://www.rbi.org.in/Scripts/HolidayMatrixDisplay.aspx?drRegionalOffice=0&drMonth=9&drYear=2025 (POST form),Reserve Bank of India,2026-09-28
2025,9,5,2025-09-05,Ahmedabad,Id-E-Milad/Milad-un-Nabi or Id-e Milad (Birthday of Prophet Mohammad) (bara vafat)/Thiruvonam/Milad-i-Sherif,NI Act holiday,https://www.rbi.org.in/Scripts/HolidayMatrixDisplay.aspx?drRegionalOffice=0&drMonth=9&drYear=2025 (POST form),Reserve Bank of India,2026-09-28
2025,9,5,2025-09-05,Aizawl,Id-E-Milad/Milad-un-Nabi or Id-e Milad (Birthday of Prophet Mohammad) (bara vafat)/Thiruvonam/Milad-i-Sherif,NI Act holiday,https://www.rbi.org.in/Scripts/HolidayMatrixDisplay.aspx?drRegionalOffice=0&drMonth=9&drYear=2025 (POST form),Reserve Bank of India,2026-09-28
2025,9,5,2025-09-05,Belapur,Id-E-Milad/Milad-un-Nabi or Id-e Milad (Birthday of Prophet Mohammad) (bara vafat)/Thiruvonam/Milad-i-Sherif,NI Act holiday,https://www.rbi.org.in/Scripts/HolidayMatrixDisplay.aspx?drRegionalOffice=0&drMonth=9&drYear=2025 (POST form),Reserve Bank of India,2026-09-28
2025,9,5,2025-09-05,Bengaluru,Id-E-Milad/Milad-un-Nabi or Id-e Milad (Birthday of Prophet Mohammad) (bara vafat)/Thiruvonam/Milad-i-Sherif,NI Act holiday,https://www.rbi.org.in/Scripts/HolidayMatrixDisplay.aspx?drRegionalOffice=0&drMonth=9&drYear=2025 (POST form),Reserve Bank of India,2026-09-28
2025,9,5,2025-09-05,Bhopal,Id-E-Milad/Milad-un-Nabi or Id-e Milad (Birthday of Prophet Mohammad) (bara vafat)/Thiruvonam/Milad-i-Sherif,NI Act holiday,https://www.rbi.org.in/Scripts/HolidayMatrixDisplay.aspx?drRegionalOffice=0&drMonth=9&drYear=2025 (POST form),Reserve Bank of India,2026-09-28
2025,9,30,2025-09-30,Bhubaneswar,Maha Ashtami/Durga Ashtami/Durga Puja,NI Act holiday,https://www.rbi.org.in/Scripts/HolidayMatrixDisplay.aspx?drRegionalOffice=0&drMonth=9&drYear=2025 (POST form),Reserve Bank of India,2026-09-28
2025,9,5,2025-09-05,Chennai,Id-E-Milad/Milad-un-Nabi or Id-e Milad (Birthday of Prophet Mohammad) (bara vafat)/Thiruvonam/Milad-i-Sherif,NI Act holiday,https://www.rbi.org.in/Scripts/HolidayMatrixDisplay.aspx?drRegionalOffice=0&drMonth=9&drYear=2025 (POST form),Reserve Bank of India,2026-09-28
2025,9,5,2025-09-05,Dehradun,Id-E-Milad/Milad-un-Nabi or Id-e Milad (Birthday of Prophet Mohammad) (bara vafat)/Thiruvonam/Milad-i-Sherif,NI Act holiday,https://www.rbi.org.in/Scripts/HolidayMatrixDisplay.aspx?drRegionalOffice=0&drMonth=9&drYear=2025 (POST form),Reserve Bank of India,2026-09-28
2025,9,6,2025-09-06,Gangtok,Id-e-Milad (Milad-Un-Nabi)/Indrajatra,NI Act holiday,https://www.rbi.org.in/Scripts/HolidayMatrixDisplay.aspx?drRegionalOffice=0&drMonth=9&drYear=2025 (POST form),Reserve Bank of India,2026-09-28
2025,9,29,2025-09-29,Guwahati,Maha Saptami/Durga Puja,NI Act holiday,https://www.rbi.org.in/Scripts/HolidayMatrixDisplay.aspx?drRegionalOffice=0&drMonth=9&drYear=2025 (POST form),Reserve Bank of India,2026-09-28
2025,9,30,2025-09-30,Guwahati,Maha Ashtami/Durga Ashtami/Durga Puja,NI Act holiday,https://www.rbi.org.in/Scripts/HolidayMatrixDisplay.aspx?drRegionalOffice=0&drMonth=9&drYear=2025 (POST form),Reserve Bank of India,2026-09-28
2025,9,5,2025-09-05,Hyderabad,Id-E-Milad/Milad-un-Nabi or Id-e Milad (Birthday of Prophet Mohammad) (bara vafat)/Thiruvonam/Milad-i-Sherif,NI Act holiday,https://www.rbi.org.in/Scripts/HolidayMatrixDisplay.aspx?drRegionalOffice=0&drMonth=9&drYear=2025 (POST form),Reserve Bank of India,2026-09-28
2025,9,5,2025-09-05,Imphal,Id-E-Milad/Milad-un-Nabi or Id-e Milad (Birthday of Prophet Mohammad) (bara vafat)/Thiruvonam/Milad-i-Sherif,NI Act holiday,https://www.rbi.org.in/Scripts/HolidayMatrixDisplay.aspx?drRegionalOffice=0&drMonth=9&drYear=2025 (POST form),Reserve Bank of India,2026-09-28
2025,9,30,2025-09-30,Imphal,Maha Ashtami/Durga Ashtami/Durga Puja,NI Act holiday,https://www.rbi.org.in/Scripts/HolidayMatrixDisplay.aspx?drRegionalOffice=0&drMonth=9&drYear=2025 (POST form),Reserve Bank of India,2026-09-28
2025,9,22,2025-09-22,Jaipur,Navratra Sthapna,NI Act holiday,https://www.rbi.org.in/Scripts/HolidayMatrixDisplay.aspx?drRegionalOffice=0&drMonth=9&drYear=2025 (POST form),Reserve Bank of India,2026-09-28
2025,9,30,2025-09-30,Jaipur,Maha Ashtami/Durga Ashtami/Durga Puja,NI Act holiday,https://www.rbi.org.in/Scripts/HolidayMatrixDisplay.aspx?drRegionalOffice=0&drMonth=9&drYear=2025 (POST form),Reserve Bank of India,2026-09-28
2025,9,5,2025-09-05,Jammu,Id-E-Milad/Milad-un-Nabi or Id-e Milad (Birthday of Prophet Mohammad) (bara vafat)/Thiruvonam/Milad-i-Sherif,NI Act holiday,https://www.rbi.org.in/Scripts/HolidayMatrixDisplay.aspx?drRegionalOffice=0&drMonth=9&drYear=2025 (POST form),Reserve Bank of India,2026-09-28
2025,9,12,2025-09-12,Jammu,Friday following Eid-i-Milad-ul-Nabi,NI Act holiday,https://www.rbi.org.in/Scripts/HolidayMatrixDisplay.aspx?drRegionalOffice=0&drMonth=9&drYear=2025 (POST form),Reserve Bank of India,2026-09-28
2025,9,23,2025-09-23,Jammu,Birthday of Maharaja Hari Singh Ji,NI Act holiday,https://www.rbi.org.in/Scripts/HolidayMatrixDisplay.aspx?drRegionalOffice=0&drMonth=9&drYear=2025 (POST form),Reserve Bank of India,2026-09-28
2025,9,5,2025-09-05,Kanpur,Id-E-Milad/Milad-un-Nabi or Id-e Milad (Birthday of Prophet Mohammad) (bara vafat)/Thiruvonam/Milad-i-Sherif,NI Act holiday,https://www.rbi.org.in/Scripts/HolidayMatrixDisplay.aspx?drRegionalOffice=0&drMonth=9&drYear=2025 (POST form),Reserve Bank of India,2026-09-28
2025,9,4,2025-09-04,Kochi,First Onam,NI Act holiday,https://www.rbi.org.in/Scripts/HolidayMatrixDisplay.aspx?drRegionalOffice=0&drMonth=9&drYear=2025 (POST form),Reserve Bank of India,2026-09-28
2025,9,5,2025-09-05,Kochi,Id-E-Milad/Milad-un-Nabi or Id-e Milad (Birthday of Prophet Mohammad) (bara vafat)/Thiruvonam/Milad-i-Sherif,NI Act holiday,https://www.rbi.org.in/Scripts/HolidayMatrixDisplay.aspx?drRegionalOffice=0&drMonth=9&drYear=2025 (POST form),Reserve Bank of India,2026-09-28
2025,9,29,2025-09-29,Kolkata,Maha Saptami/Durga Puja,NI Act holiday,https://www.rbi.org.in/Scripts/HolidayMatrixDisplay.aspx?drRegionalOffice=0&drMonth=9&drYear=2025 (POST form),Reserve Bank of India,2026-09-28
2025,9,30,2025-09-30,Kolkata,Maha Ashtami/Durga Ashtami/Durga Puja,NI Act holiday,https://www.rbi.org.in/Scripts/HolidayMatrixDisplay.aspx?drRegionalOffice=0&drMonth=9&drYear=2025 (POST form),Reserve Bank of India,2026-09-28
2025,9,5,2025-09-05,Lucknow,Id-E-Milad/Milad-un-Nabi or Id-e Milad (Birthday of Prophet Mohammad) (bara vafat)/Thiruvonam/Milad-i-Sherif,NI Act holiday,https://www.rbi.org.in/Scripts/HolidayMatrixDisplay.aspx?drRegionalOffice=0&drMonth=9&drYear=2025 (POST form),Reserve Bank of India,2026-09-28
2025,9,8,2025-09-08,Mumbai,Id-E-Milad,NI Act holiday,https://www.rbi.org.in/Scripts/HolidayMatrixDisplay.aspx?drRegionalOffice=0&drMonth=9&drYear=2025 (POST form),Reserve Bank of India,2026-09-28
2025,9,5,2025-09-05,Nagpur,Id-E-Milad/Milad-un-Nabi or Id-e Milad (Birthday of Prophet Mohammad) (bara vafat)/Thiruvonam/Milad-i-Sherif,NI Act holiday,https://www.rbi.org.in/Scripts/HolidayMatrixDisplay.aspx?drRegionalOffice=0&drMonth=9&drYear=2025 (POST form),Reserve Bank of India,2026-09-28
2025,9,5,2025-09-05,New Delhi,Id-E-Milad/Milad-un-Nabi or Id-e Milad (Birthday of Prophet Mohammad) (bara vafat)/Thiruvonam/Milad-i-Sherif,NI Act holiday,https://www.rbi.org.in/Scripts/HolidayMatrixDisplay.aspx?drRegionalOffice=0&drMonth=9&drYear=2025 (POST form),Reserve Bank of India,2026-09-28
2025,9,30,2025-09-30,Patna,Maha Ashtami/Durga Ashtami/Durga Puja,NI Act holiday,https://www.rbi.org.in/Scripts/HolidayMatrixDisplay.aspx?drRegionalOffice=0&drMonth=9&drYear=2025 (POST form),Reserve Bank of India,2026-09-28
2025,9,5,2025-09-05,Raipur,Id-E-Milad/Milad-un-Nabi or Id-e Milad (Birthday of Prophet Mohammad) (bara vafat)/Thiruvonam/Milad-i-Sherif,NI Act holiday,https://www.rbi.org.in/Scripts/HolidayMatrixDisplay.aspx?drRegionalOffice=0&drMonth=9&drYear=2025 (POST form),Reserve Bank of India,2026-09-28
2025,9,3,2025-09-03,Ranchi,Karma Puja,NI Act holiday,https://www.rbi.org.in/Scripts/HolidayMatrixDisplay.aspx?drRegionalOffice=0&drMonth=9&drYear=2025 (POST form),Reserve Bank of India,2026-09-28
2025,9,5,2025-09-05,Ranchi,Id-E-Milad/Milad-un-Nabi or Id-e Milad (Birthday of Prophet Mohammad) (bara vafat)/Thiruvonam/Milad-i-Sherif,NI Act holiday,https://www.rbi.org.in/Scripts/HolidayMatrixDisplay.aspx?drRegionalOffice=0&drMonth=9&drYear=2025 (POST form),Reserve Bank of India,2026-09-28
2025,9,30,2025-09-30,Ranchi,Maha Ashtami/Durga Ashtami/Durga Puja,NI Act holiday,https://www.rbi.org.in/Scripts/HolidayMatrixDisplay.aspx?drRegionalOffice=0&drMonth=9&drYear=2025 (POST form),Reserve Bank of India,2026-09-28
2025,9,18,2025-09-18,Shillong,Unitarian Anniversary Day,NI Act holiday,https://www.rbi.org.in/Scripts/HolidayMatrixDisplay.aspx?drRegionalOffice=0&drMonth=9&drYear=2025 (POST form),Reserve Bank of India,2026-09-28
2025,9,5,2025-09-05,Srinagar,Id-E-Milad/Milad-un-Nabi or Id-e Milad (Birthday of Prophet Mohammad) (bara vafat)/Thiruvonam/Milad-i-Sherif,NI Act holiday,https://www.rbi.org.in/Scripts/HolidayMatrixDisplay.aspx?drRegionalOffice=0&drMonth=9&drYear=2025 (POST form),Reserve Bank of India,2026-09-28
2025,9,12,2025-09-12,Srinagar,Friday following Eid-i-Milad-ul-Nabi,NI Act holiday,https://www.rbi.org.in/Scripts/HolidayMatrixDisplay.aspx?drRegionalOffice=0&drMonth=9&drYear=2025 (POST form),Reserve Bank of India,2026-09-28
2025,9,23,2025-09-23,Srinagar,Birthday of Maharaja Hari Singh Ji,NI Act holiday,https://www.rbi.org.in/Scripts/HolidayMatrixDisplay.aspx?drRegionalOffice=0&drMonth=9&drYear=2025 (POST form),Reserve Bank of India,2026-09-28
2025,9,4,2025-09-04,Thiruvananthapuram,First Onam,NI Act holiday,https://www.rbi.org.in/Scripts/HolidayMatrixDisplay.aspx?drRegionalOffice=0&drMonth=9&drYear=2025 (POST form),Reserve Bank of India,2026-09-28
2025,9,5,2025-09-05,Thiruvananthapuram,Id-E-Milad/Milad-un-Nabi or Id-e Milad (Birthday of Prophet Mohammad) (bara vafat)/Thiruvonam/Milad-i-Sherif,NI Act holiday,https://www.rbi.org.in/Scripts/HolidayMatrixDisplay.aspx?drRegionalOffice=0&drMonth=9&drYear=2025 (POST form),Reserve Bank of India,2026-09-28
2025,9,30,2025-09-30,Thiruvananthapuram,Maha Ashtami/Durga Ashtami/Durga Puja,NI Act holiday,https://www.rbi.org.in/Scripts/HolidayMatrixDisplay.aspx?drRegionalOffice=0&drMonth=9&drYear=2025 (POST form),Reserve Bank of India,2026-09-28
2025,9,5,2025-09-05,Vijayawada,Id-E-Milad/Milad-un-Nabi or Id-e Milad (Birthday of Prophet Mohammad) (bara vafat)/Thiruvonam/Milad-i-Sherif,NI Act holiday,https://www.rbi.org.in/Scripts/HolidayMatrixDisplay.aspx?drRegionalOffice=0&drMonth=9&drYear=2025 (POST form),Reserve Bank of India,2026-09-28
2025,10,1,2025-10-01,Agartala,"Navaratri Ends/Maha Navami/Dussehra/Ayudhapooja, Vijayadasami/Durga Puja (Dasain)",NI Act holiday,https://www.rbi.org.in/Scripts/HolidayMatrixDisplay.aspx?drRegionalOffice=0&drMonth=10&drYear=2025 (POST form),Reserve Bank of India,2026-09-28
2025,10,2,2025-10-02,Agartala,Mahatma Gandhi Jayanti/Dasara/Vijaya Dashami/Dussehra/Durga Puja (Dasain)/Janmotsav of Sri Sri Sankardeva,NI Act holiday,https://www.rbi.org.in/Scripts/HolidayMatrixDisplay.aspx?drRegionalOffice=0&drMonth=10&drYear=2025 (POST form),Reserve Bank of India,2026-09-28
2025,10,6,2025-10-06,Agartala,Lakshmi Puja,NI Act holiday,https://www.rbi.org.in/Scripts/HolidayMatrixDisplay.aspx?drRegionalOffice=0&drMonth=10&drYear=2025 (POST form),Reserve Bank of India,2026-09-28
2025,10,20,2025-10-20,Agartala,Diwali (Deepavali)/Naraka Chaturdashi/Kali Puja,NI Act holiday,https://www.rbi.org.in/Scripts/HolidayMatrixDisplay.aspx?drRegionalOffice=0&drMonth=10&drYear=2025 (POST form),Reserve Bank of India,2026-09-28
2025,10,2,2025-10-02,Ahmedabad,Mahatma Gandhi Jayanti/Dasara/Vijaya Dashami/Dussehra/Durga Puja (Dasain)/Janmotsav of Sri Sri Sankardeva,NI Act holiday,https://www.rbi.org.in/Scripts/HolidayMatrixDisplay.aspx?drRegionalOffice=0&drMonth=10&drYear=2025 (POST form),Reserve Bank of India,2026-09-28
2025,10,20,2025-10-20,Ahmedabad,Diwali (Deepavali)/Naraka Chaturdashi/Kali Puja,NI Act holiday,https://www.rbi.org.in/Scripts/HolidayMatrixDisplay.aspx?drRegionalOffice=0&drMonth=10&drYear=2025 (POST form),Reserve Bank of India,2026-09-28
2025,10,22,2025-10-22,Ahmedabad,"Diwali (Bali Pratipada)/Vikram Samvant New Year Day/Govardhan Pooja/Balipadyami, Laxmi Puja (Deepawali)",NI Act holiday,https://www.rbi.org.in/Scripts/HolidayMatrixDisplay.aspx?drRegionalOffice=0&drMonth=10&drYear=2025 (POST form),Reserve Bank of India,2026-09-28
2025,10,23,2025-10-23,Ahmedabad,Bhai Bij/Bhaidooj/Chitragupt Jayanti/Laxmi Puja (Deepawali)/Bhratridwitiya/Ningol Chakkouba,NI Act holiday,https://www.rbi.org.in/Scripts/HolidayMatrixDisplay.aspx?drRegionalOffice=0&drMonth=10&drYear=2025 (POST form),Reserve Bank of India,2026-09-28
2025,10,31,2025-10-31,Ahmedabad,Sardar Vallabhbhai Patel's Birthday,NI Act holiday,https://www.rbi.org.in/Scripts/HolidayMatrixDisplay.aspx?drRegionalOffice=0&drMonth=10&drYear=2025 (POST form),Reserve Bank of India,2026-09-28
2025,10,2,2025-10-02,Aizawl,Mahatma Gandhi Jayanti/Dasara/Vijaya Dashami/Dussehra/Durga Puja (Dasain)/Janmotsav of Sri Sri Sankardeva,NI Act holiday,https://www.rbi.org.in/Scripts/HolidayMatrixDisplay.aspx?drRegionalOffice=0&drMonth=10&drYear=2025 (POST form),Reserve Bank of India,2026-09-28
2025,10,20,2025-10-20,Aizawl,Diwali (Deepavali)/Naraka Chaturdashi/Kali Puja,NI Act holiday,https://www.rbi.org.in/Scripts/HolidayMatrixDisplay.aspx?drRegionalOffice=0&drMonth=10&drYear=2025 (POST form),Reserve Bank of India,2026-09-28
2025,10,2,2025-10-02,Belapur,Mahatma Gandhi Jayanti/Dasara/Vijaya Dashami/Dussehra/Durga Puja (Dasain)/Janmotsav of Sri Sri Sankardeva,NI Act holiday,https://www.rbi.org.in/Scripts/HolidayMatrixDisplay.aspx?drRegionalOffice=0&drMonth=10&drYear=2025 (POST form),Reserve Bank of India,2026-09-28
2025,10,21,2025-10-21,Belapur,Diwali Amavasya (Laxmi Pujan)/Deepawali/Govardhan Pooja,NI Act holiday,https://www.rbi.org.in/Scripts/HolidayMatrixDisplay.aspx?drRegionalOffice=0&drMonth=10&drYear=2025 (POST form),Reserve Bank of India,2026-09-28
2025,10,22,2025-10-22,Belapur,"Diwali (Bali Pratipada)/Vikram Samvant New Year Day/Govardhan Pooja/Balipadyami, Laxmi Puja (Deepawali)",NI Act holiday,https://www.rbi.org.in/Scripts/HolidayMatrixDisplay.aspx?drRegionalOffice=0&drMonth=10&drYear=2025 (POST form),Reserve Bank of India,2026-09-28
2025,10,1,2025-10-01,Bengaluru,"Navaratri Ends/Maha Navami/Dussehra/Ayudhapooja, Vijayadasami/Durga Puja (Dasain)",NI Act holiday,https://www.rbi.org.in/Scripts/HolidayMatrixDisplay.aspx?drRegionalOffice=0&drMonth=10&drYear=2025 (POST form),Reserve Bank of India,2026-09-28
2025,10,2,2025-10-02,Bengaluru,Mahatma Gandhi Jayanti/Dasara/Vijaya Dashami/Dussehra/Durga Puja (Dasain)/Janmotsav of Sri Sri Sankardeva,NI Act holiday,https://www.rbi.org.in/Scripts/HolidayMatrixDisplay.aspx?drRegionalOffice=0&drMonth=10&drYear=2025 (POST form),Reserve Bank of India,2026-09-28
2025,10,7,2025-10-07,Bengaluru,Maharshi Valmiki Jayanti/Kumar Purnima,NI Act holiday,https://www.rbi.org.in/Scripts/HolidayMatrixDisplay.aspx?drRegionalOffice=0&drMonth=10&drYear=2025 (POST form),Reserve Bank of India,2026-09-28
2025,10,20,2025-10-20,Bengaluru,Diwali (Deepavali)/Naraka Chaturdashi/Kali Puja,NI Act holiday,https://www.rbi.org.in/Scripts/HolidayMatrixDisplay.aspx?drRegionalOffice=0&drMonth=10&drYear=2025 (POST form),Reserve Bank of India,2026-09-28
2025,10,22,2025-10-22,Bengaluru,"Diwali (Bali Pratipada)/Vikram Samvant New Year Day/Govardhan Pooja/Balipadyami, Laxmi Puja (Deepawali)",NI Act holiday,https://www.rbi.org.in/Scripts/HolidayMatrixDisplay.aspx?drRegionalOffice=0&drMonth=10&drYear=2025 (POST form),Reserve Bank of India,2026-09-28
2025,10,2,2025-10-02,Bhopal,Mahatma Gandhi Jayanti/Dasara/Vijaya Dashami/Dussehra/Durga Puja (Dasain)/Janmotsav of Sri Sri Sankardeva,NI Act holiday,https://www.rbi.org.in/Scripts/HolidayMatrixDisplay.aspx?drRegionalOffice=0&drMonth=10&drYear=2025 (POST form),Reserve Bank of India,2026-09-28
2025,10,20,2025-10-20,Bhopal,Diwali (Deepavali)/Naraka Chaturdashi/Kali Puja,NI Act holiday,https://www.rbi.org.in/Scripts/HolidayMatrixDisplay.aspx?drRegionalOffice=0&drMonth=10&drYear=2025 (POST form),Reserve Bank of India,2026-09-28
2025,10,21,2025-10-21,Bhopal,Diwali Amavasya (Laxmi Pujan)/Deepawali/Govardhan Pooja,NI Act holiday,https://www.rbi.org.in/Scripts/HolidayMatrixDisplay.aspx?drRegionalOffice=0&drMonth=10&drYear=2025 (POST form),Reserve Bank of India,2026-09-28
2025,10,1,2025-10-01,Bhubaneswar,"Navaratri Ends/Maha Navami/Dussehra/Ayudhapooja, Vijayadasami/Durga Puja (Dasain)",NI Act holiday,https://www.rbi.org.in/Scripts/HolidayMatrixDisplay.aspx?drRegionalOffice=0&drMonth=10&drYear=2025 (POST form),Reserve Bank of India,2026-09-28
2025,10,2,2025-10-02,Bhubaneswar,Mahatma Gandhi Jayanti/Dasara/Vijaya Dashami/Dussehra/Durga Puja (Dasain)/Janmotsav of Sri Sri Sankardeva,NI Act holiday,https://www.rbi.org.in/Scripts/HolidayMatrixDisplay.aspx?drRegionalOffice=0&drMonth=10&drYear=2025 (POST form),Reserve Bank of India,2026-09-28
2025,10,7,2025-10-07,Bhubaneswar,Maharshi Valmiki Jayanti/Kumar Purnima,NI Act holiday,https://www.rbi.org.in/Scripts/HolidayMatrixDisplay.aspx?drRegionalOffice=0&drMonth=10&drYear=2025 (POST form),Reserve Bank of India,2026-09-28
2025,10,20,2025-10-20,Bhubaneswar,Diwali (Deepavali)/Naraka Chaturdashi/Kali Puja,NI Act holiday,https://www.rbi.org.in/Scripts/HolidayMatrixDisplay.aspx?drRegionalOffice=0&drMonth=10&drYear=2025 (POST form),Reserve Bank of India,2026-09-28
2025,10,2,2025-10-02,Chandigarh,Mahatma Gandhi Jayanti/Dasara/Vijaya Dashami/Dussehra/Durga Puja (Dasain)/Janmotsav of Sri Sri Sankardeva,NI Act holiday,https://www.rbi.org.in/Scripts/HolidayMatrixDisplay.aspx?drRegionalOffice=0&drMonth=10&drYear=2025 (POST form),Reserve Bank of India,2026-09-28
2025,10,7,2025-10-07,Chandigarh,Maharshi Valmiki Jayanti/Kumar Purnima,NI Act holiday,https://www.rbi.org.in/Scripts/HolidayMatrixDisplay.aspx?drRegionalOffice=0&drMonth=10&drYear=2025 (POST form),Reserve Bank of India,2026-09-28
2025,10,20,2025-10-20,Chandigarh,Diwali (Deepavali)/Naraka Chaturdashi/Kali Puja,NI Act holiday,https://www.rbi.org.in/Scripts/HolidayMatrixDisplay.aspx?drRegionalOffice=0&drMonth=10&drYear=2025 (POST form),Reserve Bank of India,2026-09-28
2025,10,1,2025-10-01,Chennai,"Navaratri Ends/Maha Navami/Dussehra/Ayudhapooja, Vijayadasami/Durga Puja (Dasain)",NI Act holiday,https://www.rbi.org.in/Scripts/HolidayMatrixDisplay.aspx?drRegionalOffice=0&drMonth=10&drYear=2025 (POST form),Reserve Bank of India,2026-09-28
2025,10,2,2025-10-02,Chennai,Mahatma Gandhi Jayanti/Dasara/Vijaya Dashami/Dussehra/Durga Puja (Dasain)/Janmotsav of Sri Sri Sankardeva,NI Act holiday,https://www.rbi.org.in/Scripts/HolidayMatrixDisplay.aspx?drRegionalOffice=0&drMonth=10&drYear=2025 (POST form),Reserve Bank of India,2026-09-28
2025,10,20,2025-10-20,Chennai,Diwali (Deepavali)/Naraka Chaturdashi/Kali Puja,NI Act holiday,https://www.rbi.org.in/Scripts/HolidayMatrixDisplay.aspx?drRegionalOffice=0&drMonth=10&drYear=2025 (POST form),Reserve Bank of India,2026-09-28
2025,10,1,2025-10-01,Dehradun,"Navaratri Ends/Maha Navami/Dussehra/Ayudhapooja, Vijayadasami/Durga Puja (Dasain)",NI Act holiday,https://www.rbi.org.in/Scripts/HolidayMatrixDisplay.aspx?drRegionalOffice=0&drMonth=10&drYear=2025 (POST form),Reserve Bank of India,2026-09-28
2025,10,2,2025-10-02,Dehradun,Mahatma Gandhi Jayanti/Dasara/Vijaya Dashami/Dussehra/Durga Puja (Dasain)/Janmotsav of Sri Sri Sankardeva,NI Act holiday,https://www.rbi.org.in/Scripts/HolidayMatrixDisplay.aspx?drRegionalOffice=0&drMonth=10&drYear=2025 (POST form),Reserve Bank of India,2026-09-28
2025,10,20,2025-10-20,Dehradun,Diwali (Deepavali)/Naraka Chaturdashi/Kali Puja,NI Act holiday,https://www.rbi.org.in/Scripts/HolidayMatrixDisplay.aspx?drRegionalOffice=0&drMonth=10&drYear=2025 (POST form),Reserve Bank of India,2026-09-28
2025,10,22,2025-10-22,Dehradun,"Diwali (Bali Pratipada)/Vikram Samvant New Year Day/Govardhan Pooja/Balipadyami, Laxmi Puja (Deepawali)",NI Act holiday,https://www.rbi.org.in/Scripts/HolidayMatrixDisplay.aspx?drRegionalOffice=0&drMonth=10&drYear=2025 (POST form),Reserve Bank of India,2026-09-28
2025,10,1,2025-10-01,Gangtok,"Navaratri Ends/Maha Navami/Dussehra/Ayudhapooja, Vijayadasami/Durga Puja (Dasain)",NI Act holiday,https://www.rbi.org.in/Scripts/HolidayMatrixDisplay.aspx?drRegionalOffice=0&drMonth=10&drYear=2025 (POST form),Reserve Bank of India,2026-09-28
2025,10,2,2025-10-02,Gangtok,Mahatma Gandhi Jayanti/Dasara/Vijaya Dashami/Dussehra/Durga Puja (Dasain)/Janmotsav of Sri Sri Sankardeva,NI Act holiday,https://www.rbi.org.in/Scripts/HolidayMatrixDisplay.aspx?drRegionalOffice=0&drMonth=10&drYear=2025 (POST form),Reserve Bank of India,2026-09-28
2025,10,3,2025-10-03,Gangtok,Durga Puja (Dasain),NI Act holiday,https://www.rbi.org.in/Scripts/HolidayMatrixDisplay.aspx?drRegionalOffice=0&drMonth=10&drYear=2025 (POST form),Reserve Bank of India,2026-09-28
2025,10,4,2025-10-04,Gangtok,Durga Puja (Dasain),NI Act holiday,https://www.rbi.org.in/Scripts/HolidayMatrixDisplay.aspx?drRegionalOffice=0&drMonth=10&drYear=2025 (POST form),Reserve Bank of India,2026-09-28
2025,10,20,2025-10-20,Gangtok,Diwali (Deepavali)/Naraka Chaturdashi/Kali Puja,NI Act holiday,https://www.rbi.org.in/Scripts/HolidayMatrixDisplay.aspx?drRegionalOffice=0&drMonth=10&drYear=2025 (POST form),Reserve Bank of India,2026-09-28
2025,10,21,2025-10-21,Gangtok,Diwali Amavasya (Laxmi Pujan)/Deepawali/Govardhan Pooja,NI Act holiday,https://www.rbi.org.in/Scripts/HolidayMatrixDisplay.aspx?drRegionalOffice=0&drMonth=10&drYear=2025 (POST form),Reserve Bank of India,2026-09-28
2025,10,22,2025-10-22,Gangtok,"Diwali (Bali Pratipada)/Vikram Samvant New Year Day/Govardhan Pooja/Balipadyami, Laxmi Puja (Deepawali)",NI Act holiday,https://www.rbi.org.in/Scripts/HolidayMatrixDisplay.aspx?drRegionalOffice=0&drMonth=10&drYear=2025 (POST form),Reserve Bank of India,2026-09-28
2025,10,23,2025-10-23,Gangtok,Bhai Bij/Bhaidooj/Chitragupt Jayanti/Laxmi Puja (Deepawali)/Bhratridwitiya/Ningol Chakkouba,NI Act holiday,https://www.rbi.org.in/Scripts/HolidayMatrixDisplay.aspx?drRegionalOffice=0&drMonth=10&drYear=2025 (POST form),Reserve Bank of India,2026-09-28
2025,10,1,2025-10-01,Guwahati,"Navaratri Ends/Maha Navami/Dussehra/Ayudhapooja, Vijayadasami/Durga Puja (Dasain)",NI Act holiday,https://www.rbi.org.in/Scripts/HolidayMatrixDisplay.aspx?drRegionalOffice=0&drMonth=10&drYear=2025 (POST form),Reserve Bank of India,2026-09-28
2025,10,2,2025-10-02,Guwahati,Mahatma Gandhi Jayanti/Dasara/Vijaya Dashami/Dussehra/Durga Puja (Dasain)/Janmotsav of Sri Sri Sankardeva,NI Act holiday,https://www.rbi.org.in/Scripts/HolidayMatrixDisplay.aspx?drRegionalOffice=0&drMonth=10&drYear=2025 (POST form),Reserve Bank of India,2026-09-28
2025,10,18,2025-10-18,Guwahati,Kati Bihu,NI Act holiday,https://www.rbi.org.in/Scripts/HolidayMatrixDisplay.aspx?drRegionalOffice=0&drMonth=10&drYear=2025 (POST form),Reserve Bank of India,2026-09-28
2025,10,20,2025-10-20,Guwahati,Diwali (Deepavali)/Naraka Chaturdashi/Kali Puja,NI Act holiday,https://www.rbi.org.in/Scripts/HolidayMatrixDisplay.aspx?drRegionalOffice=0&drMonth=10&drYear=2025 (POST form),Reserve Bank of India,2026-09-28
2025,10,21,2025-10-21,Guwahati,Diwali Amavasya (Laxmi Pujan)/Deepawali/Govardhan Pooja,NI Act holiday,https://www.rbi.org.in/Scripts/HolidayMatrixDisplay.aspx?drRegionalOffice=0&drMonth=10&drYear=2025 (POST form),Reserve Bank of India,2026-09-28
2025,10,2,2025-10-02,Hyderabad,Mahatma Gandhi Jayanti/Dasara/Vijaya Dashami/Dussehra/Durga Puja (Dasain)/Janmotsav of Sri Sri Sankardeva,NI Act holiday,https://www.rbi.org.in/Scripts/HolidayMatrixDisplay.aspx?drRegionalOffice=0&drMonth=10&drYear=2025 (POST form),Reserve Bank of India,2026-09-28
2025,10,20,2025-10-20,Hyderabad,Diwali (Deepavali)/Naraka Chaturdashi/Kali Puja,NI Act holiday,https://www.rbi.org.in/Scripts/HolidayMatrixDisplay.aspx?drRegionalOffice=0&drMonth=10&drYear=2025 (POST form),Reserve Bank of India,2026-09-28
2025,10,2,2025-10-02,Imphal,Mahatma Gandhi Jayanti/Dasara/Vijaya Dashami/Dussehra/Durga Puja (Dasain)/Janmotsav of Sri Sri Sankardeva,NI Act holiday,https://www.rbi.org.in/Scripts/HolidayMatrixDisplay.aspx?drRegionalOffice=0&drMonth=10&drYear=2025 (POST form),Reserve Bank of India,2026-09-28
2025,10,21,2025-10-21,Imphal,Diwali Amavasya (Laxmi Pujan)/Deepawali/Govardhan Pooja,NI Act holiday,https://www.rbi.org.in/Scripts/HolidayMatrixDisplay.aspx?drRegionalOffice=0&drMonth=10&drYear=2025 (POST form),Reserve Bank of India,2026-09-28
2025,10,23,2025-10-23,Imphal,Bhai Bij/Bhaidooj/Chitragupt Jayanti/Laxmi Puja (Deepawali)/Bhratridwitiya/Ningol Chakkouba,NI Act holiday,https://www.rbi.org.in/Scripts/HolidayMatrixDisplay.aspx?drRegionalOffice=0&drMonth=10&drYear=2025 (POST form),Reserve Bank of India,2026-09-28
2025,10,1,2025-10-01,Itanagar,"Navaratri Ends/Maha Navami/Dussehra/Ayudhapooja, Vijayadasami/Durga Puja (Dasain)",NI Act holiday,https://www.rbi.org.in/Scripts/HolidayMatrixDisplay.aspx?drRegionalOffice=0&drMonth=10&drYear=2025 (POST form),Reserve Bank of India,2026-09-28
2025,10,2,2025-10-02,Itanagar,Mahatma Gandhi Jayanti/Dasara/Vijaya Dashami/Dussehra/Durga Puja (Dasain)/Janmotsav of Sri Sri Sankardeva,NI Act holiday,https://www.rbi.org.in/Scripts/HolidayMatrixDisplay.aspx?drRegionalOffice=0&drMonth=10&drYear=2025 (POST form),Reserve Bank of India,2026-09-28
2025,10,20,2025-10-20,Itanagar,Diwali (Deepavali)/Naraka Chaturdashi/Kali Puja,NI Act holiday,https://www.rbi.org.in/Scripts/HolidayMatrixDisplay.aspx?drRegionalOffice=0&drMonth=10&drYear=2025 (POST form),Reserve Bank of India,2026-09-28
2025,10,2,2025-10-02,Jaipur,Mahatma Gandhi Jayanti/Dasara/Vijaya Dashami/Dussehra/Durga Puja (Dasain)/Janmotsav of Sri Sri Sankardeva,NI Act holiday,https://www.rbi.org.in/Scripts/HolidayMatrixDisplay.aspx?drRegionalOffice=0&drMonth=10&drYear=2025 (POST form),Reserve Bank of India,2026-09-28
2025,10,20,2025-10-20,Jaipur,Diwali (Deepavali)/Naraka Chaturdashi/Kali Puja,NI Act holiday,https://www.rbi.org.in/Scripts/HolidayMatrixDisplay.aspx?drRegionalOffice=0&drMonth=10&drYear=2025 (POST form),Reserve Bank of India,2026-09-28
2025,10,22,2025-10-22,Jaipur,"Diwali (Bali Pratipada)/Vikram Samvant New Year Day/Govardhan Pooja/Balipadyami, Laxmi Puja (Deepawali)",NI Act holiday,https://www.rbi.org.in/Scripts/HolidayMatrixDisplay.aspx?drRegionalOffice=0&drMonth=10&drYear=2025 (POST form),Reserve Bank of India,2026-09-28
2025,10,2,2025-10-02,Jammu,Mahatma Gandhi Jayanti/Dasara/Vijaya Dashami/Dussehra/Durga Puja (Dasain)/Janmotsav of Sri Sri Sankardeva,NI Act holiday,https://www.rbi.org.in/Scripts/HolidayMatrixDisplay.aspx?drRegionalOffice=0&drMonth=10&drYear=2025 (POST form),Reserve Bank of India,2026-09-28
2025,10,21,2025-10-21,Jammu,Diwali Amavasya (Laxmi Pujan)/Deepawali/Govardhan Pooja,NI Act holiday,https://www.rbi.org.in/Scripts/HolidayMatrixDisplay.aspx?drRegionalOffice=0&drMonth=10&drYear=2025 (POST form),Reserve Bank of India,2026-09-28
2025,10,1,2025-10-01,Kanpur,"Navaratri Ends/Maha Navami/Dussehra/Ayudhapooja, Vijayadasami/Durga Puja (Dasain)",NI Act holiday,https://www.rbi.org.in/Scripts/HolidayMatrixDisplay.aspx?drRegionalOffice=0&drMonth=10&drYear=2025 (POST form),Reserve Bank of India,2026-09-28
2025,10,2,2025-10-02,Kanpur,Mahatma Gandhi Jayanti/Dasara/Vijaya Dashami/Dussehra/Durga Puja (Dasain)/Janmotsav of Sri Sri Sankardeva,NI Act holiday,https://www.rbi.org.in/Scripts/HolidayMatrixDisplay.aspx?drRegionalOffice=0&drMonth=10&drYear=2025 (POST form),Reserve Bank of India,2026-09-28
2025,10,20,2025-10-20,Kanpur,Diwali (Deepavali)/Naraka Chaturdashi/Kali Puja,NI Act holiday,https://www.rbi.org.in/Scripts/HolidayMatrixDisplay.aspx?drRegionalOffice=0&drMonth=10&drYear=2025 (POST form),Reserve Bank of India,2026-09-28
2025,10,22,2025-10-22,Kanpur,"Diwali (Bali Pratipada)/Vikram Samvant New Year Day/Govardhan Pooja/Balipadyami, Laxmi Puja (Deepawali)",NI Act holiday,https://www.rbi.org.in/Scripts/HolidayMatrixDisplay.aspx?drRegionalOffice=0&drMonth=10&drYear=2025 (POST form),Reserve Bank of India,2026-09-28
2025,10,23,2025-10-23,Kanpur,Bhai Bij/Bhaidooj/Chitragupt Jayanti/Laxmi Puja (Deepawali)/Bhratridwitiya/Ningol Chakkouba,NI Act holiday,https://www.rbi.org.in/Scripts/HolidayMatrixDisplay.aspx?drRegionalOffice=0&drMonth=10&drYear=2025 (POST form),Reserve Bank of India,2026-09-28
2025,10,1,2025-10-01,Kochi,"Navaratri Ends/Maha Navami/Dussehra/Ayudhapooja, Vijayadasami/Durga Puja (Dasain)",NI Act holiday,https://www.rbi.org.in/Scripts/HolidayMatrixDisplay.aspx?drRegionalOffice=0&drMonth=10&drYear=2025 (POST form),Reserve Bank of India,2026-09-28
2025,10,2,2025-10-02,Kochi,Mahatma Gandhi Jayanti/Dasara/Vijaya Dashami/Dussehra/Durga Puja (Dasain)/Janmotsav of Sri Sri Sankardeva,NI Act holiday,https://www.rbi.org.in/Scripts/HolidayMatrixDisplay.aspx?drRegionalOffice=0&drMonth=10&drYear=2025 (POST form),Reserve Bank of India,2026-09-28
2025,10,20,2025-10-20,Kochi,Diwali (Deepavali)/Naraka Chaturdashi/Kali Puja,NI Act holiday,https://www.rbi.org.in/Scripts/HolidayMatrixDisplay.aspx?drRegionalOffice=0&drMonth=10&drYear=2025 (POST form),Reserve Bank of India,2026-09-28
2025,10,1,2025-10-01,Kohima,"Navaratri Ends/Maha Navami/Dussehra/Ayudhapooja, Vijayadasami/Durga Puja (Dasain)",NI Act holiday,https://www.rbi.org.in/Scripts/HolidayMatrixDisplay.aspx?drRegionalOffice=0&drMonth=10&drYear=2025 (POST form),Reserve Bank of India,2026-09-28
2025,10,2,2025-10-02,Kohima,Mahatma Gandhi Jayanti/Dasara/Vijaya Dashami/Dussehra/Durga Puja (Dasain)/Janmotsav of Sri Sri Sankardeva,NI Act holiday,https://www.rbi.org.in/Scripts/HolidayMatrixDisplay.aspx?drRegionalOffice=0&drMonth=10&drYear=2025 (POST form),Reserve Bank of India,2026-09-28
2025,10,20,2025-10-20,Kohima,Diwali (Deepavali)/Naraka Chaturdashi/Kali Puja,NI Act holiday,https://www.rbi.org.in/Scripts/HolidayMatrixDisplay.aspx?drRegionalOffice=0&drMonth=10&drYear=2025 (POST form),Reserve Bank of India,2026-09-28
2025,10,1,2025-10-01,Kolkata,"Navaratri Ends/Maha Navami/Dussehra/Ayudhapooja, Vijayadasami/Durga Puja (Dasain)",NI Act holiday,https://www.rbi.org.in/Scripts/HolidayMatrixDisplay.aspx?drRegionalOffice=0&drMonth=10&drYear=2025 (POST form),Reserve Bank of India,2026-09-28
2025,10,2,2025-10-02,Kolkata,Mahatma Gandhi Jayanti/Dasara/Vijaya Dashami/Dussehra/Durga Puja (Dasain)/Janmotsav of Sri Sri Sankardeva,NI Act holiday,https://www.rbi.org.in/Scripts/HolidayMatrixDisplay.aspx?drRegionalOffice=0&drMonth=10&drYear=2025 (POST form),Reserve Bank of India,2026-09-28
2025,10,6,2025-10-06,Kolkata,Lakshmi Puja,NI Act holiday,https://www.rbi.org.in/Scripts/HolidayMatrixDisplay.aspx?drRegionalOffice=0&drMonth=10&drYear=2025 (POST form),Reserve Bank of India,2026-09-28
2025,10,20,2025-10-20,Kolkata,Diwali (Deepavali)/Naraka Chaturdashi/Kali Puja,NI Act holiday,https://www.rbi.org.in/Scripts/HolidayMatrixDisplay.aspx?drRegionalOffice=0&drMonth=10&drYear=2025 (POST form),Reserve Bank of India,2026-09-28
2025,10,23,2025-10-23,Kolkata,Bhai Bij/Bhaidooj/Chitragupt Jayanti/Laxmi Puja (Deepawali)/Bhratridwitiya/Ningol Chakkouba,NI Act holiday,https://www.rbi.org.in/Scripts/HolidayMatrixDisplay.aspx?drRegionalOffice=0&drMonth=10&drYear=2025 (POST form),Reserve Bank of India,2026-09-28
2025,10,27,2025-10-27,Kolkata,Chath Puja (Evening Puja),NI Act holiday,https://www.rbi.org.in/Scripts/HolidayMatrixDisplay.aspx?drRegionalOffice=0&drMonth=10&drYear=2025 (POST form),Reserve Bank of India,2026-09-28
2025,10,1,2025-10-01,Lucknow,"Navaratri Ends/Maha Navami/Dussehra/Ayudhapooja, Vijayadasami/Durga Puja (Dasain)",NI Act holiday,https://www.rbi.org.in/Scripts/HolidayMatrixDisplay.aspx?drRegionalOffice=0&drMonth=10&drYear=2025 (POST form),Reserve Bank of India,2026-09-28
2025,10,2,2025-10-02,Lucknow,Mahatma Gandhi Jayanti/Dasara/Vijaya Dashami/Dussehra/Durga Puja (Dasain)/Janmotsav of Sri Sri Sankardeva,NI Act holiday,https://www.rbi.org.in/Scripts/HolidayMatrixDisplay.aspx?drRegionalOffice=0&drMonth=10&drYear=2025 (POST form),Reserve Bank of India,2026-09-28
2025,10,20,2025-10-20,Lucknow,Diwali (Deepavali)/Naraka Chaturdashi/Kali Puja,NI Act holiday,https://www.rbi.org.in/Scripts/HolidayMatrixDisplay.aspx?drRegionalOffice=0&drMonth=10&drYear=2025 (POST form),Reserve Bank of India,2026-09-28
2025,10,22,2025-10-22,Lucknow,"Diwali (Bali Pratipada)/Vikram Samvant New Year Day/Govardhan Pooja/Balipadyami, Laxmi Puja (Deepawali)",NI Act holiday,https://www.rbi.org.in/Scripts/HolidayMatrixDisplay.aspx?drRegionalOffice=0&drMonth=10&drYear=2025 (POST form),Reserve Bank of India,2026-09-28
2025,10,23,2025-10-23,Lucknow,Bhai Bij/Bhaidooj/Chitragupt Jayanti/Laxmi Puja (Deepawali)/Bhratridwitiya/Ningol Chakkouba,NI Act holiday,https://www.rbi.org.in/Scripts/HolidayMatrixDisplay.aspx?drRegionalOffice=0&drMonth=10&drYear=2025 (POST form),Reserve Bank of India,2026-09-28
2025,10,2,2025-10-02,Mumbai,Mahatma Gandhi Jayanti/Dasara/Vijaya Dashami/Dussehra/Durga Puja (Dasain)/Janmotsav of Sri Sri Sankardeva,NI Act holiday,https://www.rbi.org.in/Scripts/HolidayMatrixDisplay.aspx?drRegionalOffice=0&drMonth=10&drYear=2025 (POST form),Reserve Bank of India,2026-09-28
2025,10,21,2025-10-21,Mumbai,Diwali Amavasya (Laxmi Pujan)/Deepawali/Govardhan Pooja,NI Act holiday,https://www.rbi.org.in/Scripts/HolidayMatrixDisplay.aspx?drRegionalOffice=0&drMonth=10&drYear=2025 (POST form),Reserve Bank of India,2026-09-28
2025,10,22,2025-10-22,Mumbai,"Diwali (Bali Pratipada)/Vikram Samvant New Year Day/Govardhan Pooja/Balipadyami, Laxmi Puja (Deepawali)",NI Act holiday,https://www.rbi.org.in/Scripts/HolidayMatrixDisplay.aspx?drRegionalOffice=0&drMonth=10&drYear=2025 (POST form),Reserve Bank of India,2026-09-28
2025,10,2,2025-10-02,Nagpur,Mahatma Gandhi Jayanti/Dasara/Vijaya Dashami/Dussehra/Durga Puja (Dasain)/Janmotsav of Sri Sri Sankardeva,NI Act holiday,https://www.rbi.org.in/Scripts/HolidayMatrixDisplay.aspx?drRegionalOffice=0&drMonth=10&drYear=2025 (POST form),Reserve Bank of India,2026-09-28
2025,10,21,2025-10-21,Nagpur,Diwali Amavasya (Laxmi Pujan)/Deepawali/Govardhan Pooja,NI Act holiday,https://www.rbi.org.in/Scripts/HolidayMatrixDisplay.aspx?drRegionalOffice=0&drMonth=10&drYear=2025 (POST form),Reserve Bank of India,2026-09-28
2025,10,22,2025-10-22,Nagpur,"Diwali (Bali Pratipada)/Vikram Samvant New Year Day/Govardhan Pooja/Balipadyami, Laxmi Puja (Deepawali)",NI Act holiday,https://www.rbi.org.in/Scripts/HolidayMatrixDisplay.aspx?drRegionalOffice=0&drMonth=10&drYear=2025 (POST form),Reserve Bank of India,2026-09-28
2025,10,2,2025-10-02,New Delhi,Mahatma Gandhi Jayanti/Dasara/Vijaya Dashami/Dussehra/Durga Puja (Dasain)/Janmotsav of Sri Sri Sankardeva,NI Act holiday,https://www.rbi.org.in/Scripts/HolidayMatrixDisplay.aspx?drRegionalOffice=0&drMonth=10&drYear=2025 (POST form),Reserve Bank of India,2026-09-28
2025,10,20,2025-10-20,New Delhi,Diwali (Deepavali)/Naraka Chaturdashi/Kali Puja,NI Act holiday,https://www.rbi.org.in/Scripts/HolidayMatrixDisplay.aspx?drRegionalOffice=0&drMonth=10&drYear=2025 (POST form),Reserve Bank of India,2026-09-28
2025,10,2,2025-10-02,Panaji,Mahatma Gandhi Jayanti/Dasara/Vijaya Dashami/Dussehra/Durga Puja (Dasain)/Janmotsav of Sri Sri Sankardeva,NI Act holiday,https://www.rbi.org.in/Scripts/HolidayMatrixDisplay.aspx?drRegionalOffice=0&drMonth=10&drYear=2025 (POST form),Reserve Bank of India,2026-09-28
2025,10,20,2025-10-20,Panaji,Diwali (Deepavali)/Naraka Chaturdashi/Kali Puja,NI Act holiday,https://www.rbi.org.in/Scripts/HolidayMatrixDisplay.aspx?drRegionalOffice=0&drMonth=10&drYear=2025 (POST form),Reserve Bank of India,2026-09-28
2025,10,1,2025-10-01,Patna,"Navaratri Ends/Maha Navami/Dussehra/Ayudhapooja, Vijayadasami/Durga Puja (Dasain)",NI Act holiday,https://www.rbi.org.in/Scripts/HolidayMatrixDisplay.aspx?drRegionalOffice=0&drMonth=10&drYear=2025 (POST form),Reserve Bank of India,2026-09-28
2025,10,2,2025-10-02,Patna,Mahatma Gandhi Jayanti/Dasara/Vijaya Dashami/Dussehra/Durga Puja (Dasain)/Janmotsav of Sri Sri Sankardeva,NI Act holiday,https://www.rbi.org.in/Scripts/HolidayMatrixDisplay.aspx?drRegionalOffice=0&drMonth=10&drYear=2025 (POST form),Reserve Bank of India,2026-09-28
2025,10,27,2025-10-27,Patna,Chath Puja (Evening Puja),NI Act holiday,https://www.rbi.org.in/Scripts/HolidayMatrixDisplay.aspx?drRegionalOffice=0&drMonth=10&drYear=2025 (POST form),Reserve Bank of India,2026-09-28
2025,10,28,2025-10-28,Patna,Chath Puja (Morning Puja),NI Act holiday,https://www.rbi.org.in/Scripts/HolidayMatrixDisplay.aspx?drRegionalOffice=0&drMonth=10&drYear=2025 (POST form),Reserve Bank of India,2026-09-28
2025,10,2,2025-10-02,Raipur,Mahatma Gandhi Jayanti/Dasara/Vijaya Dashami/Dussehra/Durga Puja (Dasain)/Janmotsav of Sri Sri Sankardeva,NI Act holiday,https://www.rbi.org.in/Scripts/HolidayMatrixDisplay.aspx?drRegionalOffice=0&drMonth=10&drYear=2025 (POST form),Reserve Bank of India,2026-09-28
2025,10,20,2025-10-20,Raipur,Diwali (Deepavali)/Naraka Chaturdashi/Kali Puja,NI Act holiday,https://www.rbi.org.in/Scripts/HolidayMatrixDisplay.aspx?drRegionalOffice=0&drMonth=10&drYear=2025 (POST form),Reserve Bank of India,2026-09-28
2025,10,21,2025-10-21,Raipur,Diwali Amavasya (Laxmi Pujan)/Deepawali/Govardhan Pooja,NI Act holiday,https://www.rbi.org.in/Scripts/HolidayMatrixDisplay.aspx?drRegionalOffice=0&drMonth=10&drYear=2025 (POST form),Reserve Bank of India,2026-09-28
2025,10,1,2025-10-01,Ranchi,"Navaratri Ends/Maha Navami/Dussehra/Ayudhapooja, Vijayadasami/Durga Puja (Dasain)",NI Act holiday,https://www.rbi.org.in/Scripts/HolidayMatrixDisplay.aspx?drRegionalOffice=0&drMonth=10&drYear=2025 (POST form),Reserve Bank of India,2026-09-28
2025,10,2,2025-10-02,Ranchi,Mahatma Gandhi Jayanti/Dasara/Vijaya Dashami/Dussehra/Durga Puja (Dasain)/Janmotsav of Sri Sri Sankardeva,NI Act holiday,https://www.rbi.org.in/Scripts/HolidayMatrixDisplay.aspx?drRegionalOffice=0&drMonth=10&drYear=2025 (POST form),Reserve Bank of India,2026-09-28
2025,10,20,2025-10-20,Ranchi,Diwali (Deepavali)/Naraka Chaturdashi/Kali Puja,NI Act holiday,https://www.rbi.org.in/Scripts/HolidayMatrixDisplay.aspx?drRegionalOffice=0&drMonth=10&drYear=2025 (POST form),Reserve Bank of India,2026-09-28
2025,10,27,2025-10-27,Ranchi,Chath Puja (Evening Puja),NI Act holiday,https://www.rbi.org.in/Scripts/HolidayMatrixDisplay.aspx?drRegionalOffice=0&drMonth=10&drYear=2025 (POST form),Reserve Bank of India,2026-09-28
2025,10,28,2025-10-28,Ranchi,Chath Puja (Morning Puja),NI Act holiday,https://www.rbi.org.in/Scripts/HolidayMatrixDisplay.aspx?drRegionalOffice=0&drMonth=10&drYear=2025 (POST form),Reserve Bank of India,2026-09-28
2025,10,1,2025-10-01,Shillong,"Navaratri Ends/Maha Navami/Dussehra/Ayudhapooja, Vijayadasami/Durga Puja (Dasain)",NI Act holiday,https://www.rbi.org.in/Scripts/HolidayMatrixDisplay.aspx?drRegionalOffice=0&drMonth=10&drYear=2025 (POST form),Reserve Bank of India,2026-09-28
2025,10,2,2025-10-02,Shillong,Mahatma Gandhi Jayanti/Dasara/Vijaya Dashami/Dussehra/Durga Puja (Dasain)/Janmotsav of Sri Sri Sankardeva,NI Act holiday,https://www.rbi.org.in/Scripts/HolidayMatrixDisplay.aspx?drRegionalOffice=0&drMonth=10&drYear=2025 (POST form),Reserve Bank of India,2026-09-28
2025,10,20,2025-10-20,Shillong,Diwali (Deepavali)/Naraka Chaturdashi/Kali Puja,NI Act holiday,https://www.rbi.org.in/Scripts/HolidayMatrixDisplay.aspx?drRegionalOffice=0&drMonth=10&drYear=2025 (POST form),Reserve Bank of India,2026-09-28
2025,10,2,2025-10-02,Shimla,Mahatma Gandhi Jayanti/Dasara/Vijaya Dashami/Dussehra/Durga Puja (Dasain)/Janmotsav of Sri Sri Sankardeva,NI Act holiday,https://www.rbi.org.in/Scripts/HolidayMatrixDisplay.aspx?drRegionalOffice=0&drMonth=10&drYear=2025 (POST form),Reserve Bank of India,2026-09-28
2025,10,7,2025-10-07,Shimla,Maharshi Valmiki Jayanti/Kumar Purnima,NI Act holiday,https://www.rbi.org.in/Scripts/HolidayMatrixDisplay.aspx?drRegionalOffice=0&drMonth=10&drYear=2025 (POST form),Reserve Bank of India,2026-09-28
2025,10,10,2025-10-10,Shimla,Karva Chauth,NI Act holiday,https://www.rbi.org.in/Scripts/HolidayMatrixDisplay.aspx?drRegionalOffice=0&drMonth=10&drYear=2025 (POST form),Reserve Bank of India,2026-09-28
2025,10,20,2025-10-20,Shimla,Diwali (Deepavali)/Naraka Chaturdashi/Kali Puja,NI Act holiday,https://www.rbi.org.in/Scripts/HolidayMatrixDisplay.aspx?drRegionalOffice=0&drMonth=10&drYear=2025 (POST form),Reserve Bank of India,2026-09-28
2025,10,23,2025-10-23,Shimla,Bhai Bij/Bhaidooj/Chitragupt Jayanti/Laxmi Puja (Deepawali)/Bhratridwitiya/Ningol Chakkouba,NI Act holiday,https://www.rbi.org.in/Scripts/HolidayMatrixDisplay.aspx?drRegionalOffice=0&drMonth=10&drYear=2025 (POST form),Reserve Bank of India,2026-09-28
2025,10,2,2025-10-02,Srinagar,Mahatma Gandhi Jayanti/Dasara/Vijaya Dashami/Dussehra/Durga Puja (Dasain)/Janmotsav of Sri Sri Sankardeva,NI Act holiday,https://www.rbi.org.in/Scripts/HolidayMatrixDisplay.aspx?drRegionalOffice=0&drMonth=10&drYear=2025 (POST form),Reserve Bank of India,2026-09-28
2025,10,21,2025-10-21,Srinagar,Diwali Amavasya (Laxmi Pujan)/Deepawali/Govardhan Pooja,NI Act holiday,https://www.rbi.org.in/Scripts/HolidayMatrixDisplay.aspx?drRegionalOffice=0&drMonth=10&drYear=2025 (POST form),Reserve Bank of India,2026-09-28
2025,10,1,2025-10-01,Thiruvananthapuram,"Navaratri Ends/Maha Navami/Dussehra/Ayudhapooja, Vijayadasami/Durga Puja (Dasain)",NI Act holiday,https://www.rbi.org.in/Scripts/HolidayMatrixDisplay.aspx?drRegionalOffice=0&drMonth=10&drYear=2025 (POST form),Reserve Bank of India,2026-09-28
2025,10,2,2025-10-02,Thiruvananthapuram,Mahatma Gandhi Jayanti/Dasara/Vijaya Dashami/Dussehra/Durga Puja (Dasain)/Janmotsav of Sri Sri Sankardeva,NI Act holiday,https://www.rbi.org.in/Scripts/HolidayMatrixDisplay.aspx?drRegionalOffice=0&drMonth=10&drYear=2025 (POST form),Reserve Bank of India,2026-09-28
2025,10,20,2025-10-20,Thiruvananthapuram,Diwali (Deepavali)/Naraka Chaturdashi/Kali Puja,NI Act holiday,https://www.rbi.org.in/Scripts/HolidayMatrixDisplay.aspx?drRegionalOffice=0&drMonth=10&drYear=2025 (POST form),Reserve Bank of India,2026-09-28
2025,10,2,2025-10-02,Vijayawada,Mahatma Gandhi Jayanti/Dasara/Vijaya Dashami/Dussehra/Durga Puja (Dasain)/Janmotsav of Sri Sri Sankardeva,NI Act holiday,https://www.rbi.org.in/Scripts/HolidayMatrixDisplay.aspx?drRegionalOffice=0&drMonth=10&drYear=2025 (POST form),Reserve Bank of India,2026-09-28
2025,10,20,2025-10-20,Vijayawada,Diwali (Deepavali)/Naraka Chaturdashi/Kali Puja,NI Act holiday,https://www.rbi.org.in/Scripts/HolidayMatrixDisplay.aspx?drRegionalOffice=0&drMonth=10&drYear=2025 (POST form),Reserve Bank of India,2026-09-28
2025,11,5,2025-11-05,Aizawl,Guru Nanak Jayanti/Kartika Purnima/Rahas Purnima,NI Act holiday,https://www.rbi.org.in/Scripts/HolidayMatrixDisplay.aspx?drRegionalOffice=0&drMonth=11&drYear=2025 (POST form),Reserve Bank of India,2026-09-28
2025,11,5,2025-11-05,Belapur,Guru Nanak Jayanti/Kartika Purnima/Rahas Purnima,NI Act holiday,https://www.rbi.org.in/Scripts/HolidayMatrixDisplay.aspx?drRegionalOffice=0&drMonth=11&drYear=2025 (POST form),Reserve Bank of India,2026-09-28
2025,11,1,2025-11-01,Bengaluru,Kannada Rajyothsava/Igas-Bagwal,NI Act holiday,https://www.rbi.org.in/Scripts/HolidayMatrixDisplay.aspx?drRegionalOffice=0&drMonth=11&drYear=2025 (POST form),Reserve Bank of India,2026-09-28
2025,11,8,2025-11-08,Bengaluru,Kanakadasa Jayanthi,NI Act holiday,https://www.rbi.org.in/Scripts/HolidayMatrixDisplay.aspx?drRegionalOffice=0&drMonth=11&drYear=2025 (POST form),Reserve Bank of India,2026-09-28
2025,11,5,2025-11-05,Bhopal,Guru Nanak Jayanti/Kartika Purnima/Rahas Purnima,NI Act holiday,https://www.rbi.org.in/Scripts/HolidayMatrixDisplay.aspx?drRegionalOffice=0&drMonth=11&drYear=2025 (POST form),Reserve Bank of India,2026-09-28
2025,11,5,2025-11-05,Bhubaneswar,Guru Nanak Jayanti/Kartika Purnima/Rahas Purnima,NI Act holiday,https://www.rbi.org.in/Scripts/HolidayMatrixDisplay.aspx?drRegionalOffice=0&drMonth=11&drYear=2025 (POST form),Reserve Bank of India,2026-09-28
2025,11,5,2025-11-05,Chandigarh,Guru Nanak Jayanti/Kartika Purnima/Rahas Purnima,NI Act holiday,https://www.rbi.org.in/Scripts/HolidayMatrixDisplay.aspx?drRegionalOffice=0&drMonth=11&drYear=2025 (POST form),Reserve Bank of India,2026-09-28
2025,11,1,2025-11-01,Dehradun,Kannada Rajyothsava/Igas-Bagwal,NI Act holiday,https://www.rbi.org.in/Scripts/HolidayMatrixDisplay.aspx?drRegionalOffice=0&drMonth=11&drYear=2025 (POST form),Reserve Bank of India,2026-09-28
2025,11,5,2025-11-05,Dehradun,Guru Nanak Jayanti/Kartika Purnima/Rahas Purnima,NI Act holiday,https://www.rbi.org.in/Scripts/HolidayMatrixDisplay.aspx?drRegionalOffice=0&drMonth=11&drYear=2025 (POST form),Reserve Bank of India,2026-09-28
2025,11,5,2025-11-05,Hyderabad,Guru Nanak Jayanti/Kartika Purnima/Rahas Purnima,NI Act holiday,https://www.rbi.org.in/Scripts/HolidayMatrixDisplay.aspx?drRegionalOffice=0&drMonth=11&drYear=2025 (POST form),Reserve Bank of India,2026-09-28
2025,11,5,2025-11-05,Itanagar,Guru Nanak Jayanti/Kartika Purnima/Rahas Purnima,NI Act holiday,https://www.rbi.org.in/Scripts/HolidayMatrixDisplay.aspx?drRegionalOffice=0&drMonth=11&drYear=2025 (POST form),Reserve Bank of India,2026-09-28
2025,11,5,2025-11-05,Jaipur,Guru Nanak Jayanti/Kartika Purnima/Rahas Purnima,NI Act holiday,https://www.rbi.org.in/Scripts/HolidayMatrixDisplay.aspx?drRegionalOffice=0&drMonth=11&drYear=2025 (POST form),Reserve Bank of India,2026-09-28
2025,11,5,2025-11-05,Jammu,Guru Nanak Jayanti/Kartika Purnima/Rahas Purnima,NI Act holiday,https://www.rbi.org.in/Scripts/HolidayMatrixDisplay.aspx?drRegionalOffice=0&drMonth=11&drYear=2025 (POST form),Reserve Bank of India,2026-09-28
2025,11,5,2025-11-05,Kanpur,Guru Nanak Jayanti/Kartika Purnima/Rahas Purnima,NI Act holiday,https://www.rbi.org.in/Scripts/HolidayMatrixDisplay.aspx?drRegionalOffice=0&drMonth=11&drYear=2025 (POST form),Reserve Bank of India,2026-09-28
2025,11,5,2025-11-05,Kohima,Guru Nanak Jayanti/Kartika Purnima/Rahas Purnima,NI Act holiday,https://www.rbi.org.in/Scripts/HolidayMatrixDisplay.aspx?drRegionalOffice=0&drMonth=11&drYear=2025 (POST form),Reserve Bank of India,2026-09-28
2025,11,5,2025-11-05,Kolkata,Guru Nanak Jayanti/Kartika Purnima/Rahas Purnima,NI Act holiday,https://www.rbi.org.in/Scripts/HolidayMatrixDisplay.aspx?drRegionalOffice=0&drMonth=11&drYear=2025 (POST form),Reserve Bank of India,2026-09-28
2025,11,5,2025-11-05,Lucknow,Guru Nanak Jayanti/Kartika Purnima/Rahas Purnima,NI Act holiday,https://www.rbi.org.in/Scripts/HolidayMatrixDisplay.aspx?drRegionalOffice=0&drMonth=11&drYear=2025 (POST form),Reserve Bank of India,2026-09-28
2025,11,5,2025-11-05,Mumbai,Guru Nanak Jayanti/Kartika Purnima/Rahas Purnima,NI Act holiday,https://www.rbi.org.in/Scripts/HolidayMatrixDisplay.aspx?drRegionalOffice=0&drMonth=11&drYear=2025 (POST form),Reserve Bank of India,2026-09-28
2025,11,5,2025-11-05,Nagpur,Guru Nanak Jayanti/Kartika Purnima/Rahas Purnima,NI Act holiday,https://www.rbi.org.in/Scripts/HolidayMatrixDisplay.aspx?drRegionalOffice=0&drMonth=11&drYear=2025 (POST form),Reserve Bank of India,2026-09-28
2025,11,5,2025-11-05,New Delhi,Guru Nanak Jayanti/Kartika Purnima/Rahas Purnima,NI Act holiday,https://www.rbi.org.in/Scripts/HolidayMatrixDisplay.aspx?drRegionalOffice=0&drMonth=11&drYear=2025 (POST form),Reserve Bank of India,2026-09-28
2025,11,6,2025-11-06,Patna,"Nongkrem Dance/Bihar Legislative Assembly General Election, 2025",NI Act holiday,https://www.rbi.org.in/Scripts/HolidayMatrixDisplay.aspx?drRegionalOffice=0&drMonth=11&drYear=2025 (POST form),Reserve Bank of India,2026-09-28
2025,11,5,2025-11-05,Raipur,Guru Nanak Jayanti/Kartika Purnima/Rahas Purnima,NI Act holiday,https://www.rbi.org.in/Scripts/HolidayMatrixDisplay.aspx?drRegionalOffice=0&drMonth=11&drYear=2025 (POST form),Reserve Bank of India,2026-09-28
2025,11,5,2025-11-05,Ranchi,Guru Nanak Jayanti/Kartika Purnima/Rahas Purnima,NI Act holiday,https://www.rbi.org.in/Scripts/HolidayMatrixDisplay.aspx?drRegionalOffice=0&drMonth=11&drYear=2025 (POST form),Reserve Bank of India,2026-09-28
2025,11,15,2025-11-15,Ranchi,Birsa Munda Birth Anniversary / State Formation Day,NI Act holiday,https://www.rbi.org.in/Scripts/HolidayMatrixDisplay.aspx?drRegionalOffice=0&drMonth=11&drYear=2025 (POST form),Reserve Bank of India,2026-09-28
2025,11,6,2025-11-06,Shillong,"Nongkrem Dance/Bihar Legislative Assembly General Election, 2025",NI Act holiday,https://www.rbi.org.in/Scripts/HolidayMatrixDisplay.aspx?drRegionalOffice=0&drMonth=11&drYear=2025 (POST form),Reserve Bank of India,2026-09-28
2025,11,7,2025-11-07,Shillong,Wangala Festival,NI Act holiday,https://www.rbi.org.in/Scripts/HolidayMatrixDisplay.aspx?drRegionalOffice=0&drMonth=11&drYear=2025 (POST form),Reserve Bank of India,2026-09-28
2025,11,5,2025-11-05,Shimla,Guru Nanak Jayanti/Kartika Purnima/Rahas Purnima,NI Act holiday,https://www.rbi.org.in/Scripts/HolidayMatrixDisplay.aspx?drRegionalOffice=0&drMonth=11&drYear=2025 (POST form),Reserve Bank of India,2026-09-28
2025,11,5,2025-11-05,Srinagar,Guru Nanak Jayanti/Kartika Purnima/Rahas Purnima,NI Act holiday,https://www.rbi.org.in/Scripts/HolidayMatrixDisplay.aspx?drRegionalOffice=0&drMonth=11&drYear=2025 (POST form),Reserve Bank of India,2026-09-28
2025,12,25,2025-12-25,Agartala,Christmas,NI Act holiday,https://www.rbi.org.in/Scripts/HolidayMatrixDisplay.aspx?drRegionalOffice=0&drMonth=12&drYear=2025 (POST form),Reserve Bank of India,2026-09-28
2025,12,25,2025-12-25,Ahmedabad,Christmas,NI Act holiday,https://www.rbi.org.in/Scripts/HolidayMatrixDisplay.aspx?drRegionalOffice=0&drMonth=12&drYear=2025 (POST form),Reserve Bank of India,2026-09-28
2025,12,24,2025-12-24,Aizawl,Christmas Eve,NI Act holiday,https://www.rbi.org.in/Scripts/HolidayMatrixDisplay.aspx?drRegionalOffice=0&drMonth=12&drYear=2025 (POST form),Reserve Bank of India,2026-09-28
2025,12,25,2025-12-25,Aizawl,Christmas,NI Act holiday,https://www.rbi.org.in/Scripts/HolidayMatrixDisplay.aspx?drRegionalOffice=0&drMonth=12&drYear=2025 (POST form),Reserve Bank of India,2026-09-28
2025,12,26,2025-12-26,Aizawl,Christmas Celebration,NI Act holiday,https://www.rbi.org.in/Scripts/HolidayMatrixDisplay.aspx?drRegionalOffice=0&drMonth=12&drYear=2025 (POST form),Reserve Bank of India,2026-09-28
2025,12,31,2025-12-31,Aizawl,New Year's Eve/Imoinu Iratpa,NI Act holiday,https://www.rbi.org.in/Scripts/HolidayMatrixDisplay.aspx?drRegionalOffice=0&drMonth=12&drYear=2025 (POST form),Reserve Bank of India,2026-09-28
2025,12,25,2025-12-25,Belapur,Christmas,NI Act holiday,https://www.rbi.org.in/Scripts/HolidayMatrixDisplay.aspx?drRegionalOffice=0&drMonth=12&drYear=2025 (POST form),Reserve Bank of India,2026-09-28
2025,12,25,2025-12-25,Bengaluru,Christmas,NI Act holiday,https://www.rbi.org.in/Scripts/HolidayMatrixDisplay.aspx?drRegionalOffice=0&drMonth=12&drYear=2025 (POST form),Reserve Bank of India,2026-09-28
2025,12,25,2025-12-25,Bhopal,Christmas,NI Act holiday,https://www.rbi.org.in/Scripts/HolidayMatrixDisplay.aspx?drRegionalOffice=0&drMonth=12&drYear=2025 (POST form),Reserve Bank of India,2026-09-28
2025,12,25,2025-12-25,Bhubaneswar,Christmas,NI Act holiday,https://www.rbi.org.in/Scripts/HolidayMatrixDisplay.aspx?drRegionalOffice=0&drMonth=12&drYear=2025 (POST form),Reserve Bank of India,2026-09-28
2025,12,25,2025-12-25,Chandigarh,Christmas,NI Act holiday,https://www.rbi.org.in/Scripts/HolidayMatrixDisplay.aspx?drRegionalOffice=0&drMonth=12&drYear=2025 (POST form),Reserve Bank of India,2026-09-28
2025,12,25,2025-12-25,Chennai,Christmas,NI Act holiday,https://www.rbi.org.in/Scripts/HolidayMatrixDisplay.aspx?drRegionalOffice=0&drMonth=12&drYear=2025 (POST form),Reserve Bank of India,2026-09-28
2025,12,25,2025-12-25,Dehradun,Christmas,NI Act holiday,https://www.rbi.org.in/Scripts/HolidayMatrixDisplay.aspx?drRegionalOffice=0&drMonth=12&drYear=2025 (POST form),Reserve Bank of India,2026-09-28
2025,12,20,2025-12-20,Gangtok,Losoong / Namsoong,NI Act holiday,https://www.rbi.org.in/Scripts/HolidayMatrixDisplay.aspx?drRegionalOffice=0&drMonth=12&drYear=2025 (POST form),Reserve Bank of India,2026-09-28
2025,12,22,2025-12-22,Gangtok,Losoong / Namsoong,NI Act holiday,https://www.rbi.org.in/Scripts/HolidayMatrixDisplay.aspx?drRegionalOffice=0&drMonth=12&drYear=2025 (POST form),Reserve Bank of India,2026-09-28
2025,12,25,2025-12-25,Gangtok,Christmas,NI Act holiday,https://www.rbi.org.in/Scripts/HolidayMatrixDisplay.aspx?drRegionalOffice=0&drMonth=12&drYear=2025 (POST form),Reserve Bank of India,2026-09-28
2025,12,25,2025-12-25,Guwahati,Christmas,NI Act holiday,https://www.rbi.org.in/Scripts/HolidayMatrixDisplay.aspx?drRegionalOffice=0&drMonth=12&drYear=2025 (POST form),Reserve Bank of India,2026-09-28
2025,12,25,2025-12-25,Hyderabad,Christmas,NI Act holiday,https://www.rbi.org.in/Scripts/HolidayMatrixDisplay.aspx?drRegionalOffice=0&drMonth=12&drYear=2025 (POST form),Reserve Bank of India,2026-09-28
2025,12,25,2025-12-25,Imphal,Christmas,NI Act holiday,https://www.rbi.org.in/Scripts/HolidayMatrixDisplay.aspx?drRegionalOffice=0&drMonth=12&drYear=2025 (POST form),Reserve Bank of India,2026-09-28
2025,12,31,2025-12-31,Imphal,New Year's Eve/Imoinu Iratpa,NI Act holiday,https://www.rbi.org.in/Scripts/HolidayMatrixDisplay.aspx?drRegionalOffice=0&drMonth=12&drYear=2025 (POST form),Reserve Bank of India,2026-09-28
2025,12,1,2025-12-01,Itanagar,State Inauguration Day/Indigenous Faith Day,NI Act holiday,https://www.rbi.org.in/Scripts/HolidayMatrixDisplay.aspx?drRegionalOffice=0&drMonth=12&drYear=2025 (POST form),Reserve Bank of India,2026-09-28
2025,12,15,2025-12-15,Itanagar,General Election to the Panchayati Raj institutions and Municipality across Arunachal Pradesh,NI Act holiday,https://www.rbi.org.in/Scripts/HolidayMatrixDisplay.aspx?drRegionalOffice=0&drMonth=12&drYear=2025 (POST form),Reserve Bank of India,2026-09-28
2025,12,25,2025-12-25,Itanagar,Christmas,NI Act holiday,https://www.rbi.org.in/Scripts/HolidayMatrixDisplay.aspx?drRegionalOffice=0&drMonth=12&drYear=2025 (POST form),Reserve Bank of India,2026-09-28
2025,12,25,2025-12-25,Jaipur,Christmas,NI Act holiday,https://www.rbi.org.in/Scripts/HolidayMatrixDisplay.aspx?drRegionalOffice=0&drMonth=12&drYear=2025 (POST form),Reserve Bank of India,2026-09-28
2025,12,25,2025-12-25,Jammu,Christmas,NI Act holiday,https://www.rbi.org.in/Scripts/HolidayMatrixDisplay.aspx?drRegionalOffice=0&drMonth=12&drYear=2025 (POST form),Reserve Bank of India,2026-09-28
2025,12,25,2025-12-25,Kanpur,Christmas,NI Act holiday,https://www.rbi.org.in/Scripts/HolidayMatrixDisplay.aspx?drRegionalOffice=0&drMonth=12&drYear=2025 (POST form),Reserve Bank of India,2026-09-28
2025,12,9,2025-12-09,Kochi,General election to Local Government Institutions 2025,NI Act holiday,https://www.rbi.org.in/Scripts/HolidayMatrixDisplay.aspx?drRegionalOffice=0&drMonth=12&drYear=2025 (POST form),Reserve Bank of India,2026-09-28
2025,12,25,2025-12-25,Kochi,Christmas,NI Act holiday,https://www.rbi.org.in/Scripts/HolidayMatrixDisplay.aspx?drRegionalOffice=0&drMonth=12&drYear=2025 (POST form),Reserve Bank of India,2026-09-28
2025,12,1,2025-12-01,Kohima,State Inauguration Day/Indigenous Faith Day,NI Act holiday,https://www.rbi.org.in/Scripts/HolidayMatrixDisplay.aspx?drRegionalOffice=0&drMonth=12&drYear=2025 (POST form),Reserve Bank of India,2026-09-28
2025,12,23,2025-12-23,Kohima,Holiday for Bank employees in Nagaland (notification No. GAB/GEN/16/2010),NI Act holiday,https://www.rbi.org.in/Scripts/HolidayMatrixDisplay.aspx?drRegionalOffice=0&drMonth=12&drYear=2025 (POST form),Reserve Bank of India,2026-09-28
2025,12,24,2025-12-24,Kohima,Christmas Eve,NI Act holiday,https://www.rbi.org.in/Scripts/HolidayMatrixDisplay.aspx?drRegionalOffice=0&drMonth=12&drYear=2025 (POST form),Reserve Bank of India,2026-09-28
2025,12,25,2025-12-25,Kohima,Christmas,NI Act holiday,https://www.rbi.org.in/Scripts/HolidayMatrixDisplay.aspx?drRegionalOffice=0&drMonth=12&drYear=2025 (POST form),Reserve Bank of India,2026-09-28
2025,12,26,2025-12-26,Kohima,Christmas Celebration,NI Act holiday,https://www.rbi.org.in/Scripts/HolidayMatrixDisplay.aspx?drRegionalOffice=0&drMonth=12&drYear=2025 (POST form),Reserve Bank of India,2026-09-28
2025,12,27,2025-12-27,Kohima,Christmas,NI Act holiday,https://www.rbi.org.in/Scripts/HolidayMatrixDisplay.aspx?drRegionalOffice=0&drMonth=12&drYear=2025 (POST form),Reserve Bank of India,2026-09-28
2025,12,25,2025-12-25,Kolkata,Christmas,NI Act holiday,https://www.rbi.org.in/Scripts/HolidayMatrixDisplay.aspx?drRegionalOffice=0&drMonth=12&drYear=2025 (POST form),Reserve Bank of India,2026-09-28
2025,12,25,2025-12-25,Lucknow,Christmas,NI Act holiday,https://www.rbi.org.in/Scripts/HolidayMatrixDisplay.aspx?drRegionalOffice=0&drMonth=12&drYear=2025 (POST form),Reserve Bank of India,2026-09-28
2025,12,25,2025-12-25,Mumbai,Christmas,NI Act holiday,https://www.rbi.org.in/Scripts/HolidayMatrixDisplay.aspx?drRegionalOffice=0&drMonth=12&drYear=2025 (POST form),Reserve Bank of India,2026-09-28
2025,12,25,2025-12-25,Nagpur,Christmas,NI Act holiday,https://www.rbi.org.in/Scripts/HolidayMatrixDisplay.aspx?drRegionalOffice=0&drMonth=12&drYear=2025 (POST form),Reserve Bank of India,2026-09-28
2025,12,25,2025-12-25,New Delhi,Christmas,NI Act holiday,https://www.rbi.org.in/Scripts/HolidayMatrixDisplay.aspx?drRegionalOffice=0&drMonth=12&drYear=2025 (POST form),Reserve Bank of India,2026-09-28
2025,12,3,2025-12-03,Panaji,Feast of St. Francis Xavier,NI Act holiday,https://www.rbi.org.in/Scripts/HolidayMatrixDisplay.aspx?drRegionalOffice=0&drMonth=12&drYear=2025 (POST form),Reserve Bank of India,2026-09-28
2025,12,19,2025-12-19,Panaji,Goa Liberation Day,NI Act holiday,https://www.rbi.org.in/Scripts/HolidayMatrixDisplay.aspx?drRegionalOffice=0&drMonth=12&drYear=2025 (POST form),Reserve Bank of India,2026-09-28
2025,12,25,2025-12-25,Panaji,Christmas,NI Act holiday,https://www.rbi.org.in/Scripts/HolidayMatrixDisplay.aspx?drRegionalOffice=0&drMonth=12&drYear=2025 (POST form),Reserve Bank of India,2026-09-28
2025,12,25,2025-12-25,Patna,Christmas,NI Act holiday,https://www.rbi.org.in/Scripts/HolidayMatrixDisplay.aspx?drRegionalOffice=0&drMonth=12&drYear=2025 (POST form),Reserve Bank of India,2026-09-28
2025,12,25,2025-12-25,Raipur,Christmas,NI Act holiday,https://www.rbi.org.in/Scripts/HolidayMatrixDisplay.aspx?drRegionalOffice=0&drMonth=12&drYear=2025 (POST form),Reserve Bank of India,2026-09-28
2025,12,25,2025-12-25,Ranchi,Christmas,NI Act holiday,https://www.rbi.org.in/Scripts/HolidayMatrixDisplay.aspx?drRegionalOffice=0&drMonth=12&drYear=2025 (POST form),Reserve Bank of India,2026-09-28
2025,12,12,2025-12-12,Shillong,Death Anniversary of Pa Togan Nengminja Sangma,NI Act holiday,https://www.rbi.org.in/Scripts/HolidayMatrixDisplay.aspx?drRegionalOffice=0&drMonth=12&drYear=2025 (POST form),Reserve Bank of India,2026-09-28
2025,12,18,2025-12-18,Shillong,Death Anniversary of U SoSo Tham,NI Act holiday,https://www.rbi.org.in/Scripts/HolidayMatrixDisplay.aspx?drRegionalOffice=0&drMonth=12&drYear=2025 (POST form),Reserve Bank of India,2026-09-28
2025,12,24,2025-12-24,Shillong,Christmas Eve,NI Act holiday,https://www.rbi.org.in/Scripts/HolidayMatrixDisplay.aspx?drRegionalOffice=0&drMonth=12&drYear=2025 (POST form),Reserve Bank of India,2026-09-28
2025,12,25,2025-12-25,Shillong,Christmas,NI Act holiday,https://www.rbi.org.in/Scripts/HolidayMatrixDisplay.aspx?drRegionalOffice=0&drMonth=12&drYear=2025 (POST form),Reserve Bank of India,2026-09-28
2025,12,26,2025-12-26,Shillong,Christmas Celebration,NI Act holiday,https://www.rbi.org.in/Scripts/HolidayMatrixDisplay.aspx?drRegionalOffice=0&drMonth=12&drYear=2025 (POST form),Reserve Bank of India,2026-09-28
2025,12,30,2025-12-30,Shillong,Death Anniversary of U Kiang Nangbah,NI Act holiday,https://www.rbi.org.in/Scripts/HolidayMatrixDisplay.aspx?drRegionalOffice=0&drMonth=12&drYear=2025 (POST form),Reserve Bank of India,2026-09-28
2025,12,25,2025-12-25,Shimla,Christmas,NI Act holiday,https://www.rbi.org.in/Scripts/HolidayMatrixDisplay.aspx?drRegionalOffice=0&drMonth=12&drYear=2025 (POST form),Reserve Bank of India,2026-09-28
2025,12,25,2025-12-25,Srinagar,Christmas,NI Act holiday,https://www.rbi.org.in/Scripts/HolidayMatrixDisplay.aspx?drRegionalOffice=0&drMonth=12&drYear=2025 (POST form),Reserve Bank of India,2026-09-28
2025,12,9,2025-12-09,Thiruvananthapuram,General election to Local Government Institutions 2025,NI Act holiday,https://www.rbi.org.in/Scripts/HolidayMatrixDisplay.aspx?drRegionalOffice=0&drMonth=12&drYear=2025 (POST form),Reserve Bank of India,2026-09-28
2025,12,25,2025-12-25,Thiruvananthapuram,Christmas,NI Act holiday,https://www.rbi.org.in/Scripts/HolidayMatrixDisplay.aspx?drRegionalOffice=0&drMonth=12&drYear=2025 (POST form),Reserve Bank of India,2026-09-28
2025,12,25,2025-12-25,Vijayawada,Christmas,NI Act holiday,https://www.rbi.org.in/Scripts/HolidayMatrixDisplay.aspx?drRegionalOffice=0&drMonth=12&drYear=2025 (POST form),Reserve Bank of India,2026-09-28
2026,1,23,2026-01-23,Agartala,Birthday of Netaji Subhas Chandra Bose/Saraswati Puja (Shree Panchami)/Vir Surendrasai Jayanti/Basanta Panchami,NI Act holiday,https://www.rbi.org.in/Scripts/HolidayMatrixDisplay.aspx?drRegionalOffice=0&drMonth=1&drYear=2026 (POST form),Reserve Bank of India,2026-09-28
2026,1,26,2026-01-26,Agartala,Republic Day,NI Act holiday,https://www.rbi.org.in/Scripts/HolidayMatrixDisplay.aspx?drRegionalOffice=0&drMonth=1&drYear=2026 (POST form),Reserve Bank of India,2026-09-28
2026,1,14,2026-01-14,Ahmedabad,Makar Sankranti/Magh Bihu,NI Act holiday,https://www.rbi.org.in/Scripts/HolidayMatrixDisplay.aspx?drRegionalOffice=0&drMonth=1&drYear=2026 (POST form),Reserve Bank of India,2026-09-28
2026,1,26,2026-01-26,Ahmedabad,Republic Day,NI Act holiday,https://www.rbi.org.in/Scripts/HolidayMatrixDisplay.aspx?drRegionalOffice=0&drMonth=1&drYear=2026 (POST form),Reserve Bank of India,2026-09-28
2026,1,1,2026-01-01,Aizawl,New Year’s Day/Gaan-Ngai,NI Act holiday,https://www.rbi.org.in/Scripts/HolidayMatrixDisplay.aspx?drRegionalOffice=0&drMonth=1&drYear=2026 (POST form),Reserve Bank of India,2026-09-28
2026,1,2,2026-01-02,Aizawl,New Year Celebration/Mannam Jayanthi,NI Act holiday,https://www.rbi.org.in/Scripts/HolidayMatrixDisplay.aspx?drRegionalOffice=0&drMonth=1&drYear=2026 (POST form),Reserve Bank of India,2026-09-28
2026,1,26,2026-01-26,Aizawl,Republic Day,NI Act holiday,https://www.rbi.org.in/Scripts/HolidayMatrixDisplay.aspx?drRegionalOffice=0&drMonth=1&drYear=2026 (POST form),Reserve Bank of India,2026-09-28
2026,1,15,2026-01-15,Belapur,Uttarayana Punyakala/Pongal/Maghe Sankranti/Makara Sankranti/Election to Municipal Corporations in Maharashtra,NI Act holiday,https://www.rbi.org.in/Scripts/HolidayMatrixDisplay.aspx?drRegionalOffice=0&drMonth=1&drYear=2026 (POST form),Reserve Bank of India,2026-09-28
2026,1,26,2026-01-26,Belapur,Republic Day,NI Act holiday,https://www.rbi.org.in/Scripts/HolidayMatrixDisplay.aspx?drRegionalOffice=0&drMonth=1&drYear=2026 (POST form),Reserve Bank of India,2026-09-28
2026,1,15,2026-01-15,Bengaluru,Uttarayana Punyakala/Pongal/Maghe Sankranti/Makara Sankranti/Election to Municipal Corporations in Maharashtra,NI Act holiday,https://www.rbi.org.in/Scripts/HolidayMatrixDisplay.aspx?drRegionalOffice=0&drMonth=1&drYear=2026 (POST form),Reserve Bank of India,2026-09-28
2026,1,26,2026-01-26,Bengaluru,Republic Day,NI Act holiday,https://www.rbi.org.in/Scripts/HolidayMatrixDisplay.aspx?drRegionalOffice=0&drMonth=1&drYear=2026 (POST form),Reserve Bank of India,2026-09-28
2026,1,26,2026-01-26,Bhopal,Republic Day,NI Act holiday,https://www.rbi.org.in/Scripts/HolidayMatrixDisplay.aspx?drRegionalOffice=0&drMonth=1&drYear=2026 (POST form),Reserve Bank of India,2026-09-28
2026,1,14,2026-01-14,Bhubaneswar,Makar Sankranti/Magh Bihu,NI Act holiday,https://www.rbi.org.in/Scripts/HolidayMatrixDisplay.aspx?drRegionalOffice=0&drMonth=1&drYear=2026 (POST form),Reserve Bank of India,2026-09-28
2026,1,23,2026-01-23,Bhubaneswar,Birthday of Netaji Subhas Chandra Bose/Saraswati Puja (Shree Panchami)/Vir Surendrasai Jayanti/Basanta Panchami,NI Act holiday,https://www.rbi.org.in/Scripts/HolidayMatrixDisplay.aspx?drRegionalOffice=0&drMonth=1&drYear=2026 (POST form),Reserve Bank of India,2026-09-28
2026,1,26,2026-01-26,Bhubaneswar,Republic Day,NI Act holiday,https://www.rbi.org.in/Scripts/HolidayMatrixDisplay.aspx?drRegionalOffice=0&drMonth=1&drYear=2026 (POST form),Reserve Bank of India,2026-09-28
2026,1,26,2026-01-26,Chandigarh,Republic Day,NI Act holiday,https://www.rbi.org.in/Scripts/HolidayMatrixDisplay.aspx?drRegionalOffice=0&drMonth=1&drYear=2026 (POST form),Reserve Bank of India,2026-09-28
2026,1,1,2026-01-01,Chennai,New Year’s Day/Gaan-Ngai,NI Act holiday,https://www.rbi.org.in/Scripts/HolidayMatrixDisplay.aspx?drRegionalOffice=0&drMonth=1&drYear=2026 (POST form),Reserve Bank of India,2026-09-28
2026,1,15,2026-01-15,Chennai,Uttarayana Punyakala/Pongal/Maghe Sankranti/Makara Sankranti/Election to Municipal Corporations in Maharashtra,NI Act holiday,https://www.rbi.org.in/Scripts/HolidayMatrixDisplay.aspx?drRegionalOffice=0&drMonth=1&drYear=2026 (POST form),Reserve Bank of India,2026-09-28
2026,1,16,2026-01-16,Chennai,Thiruvalluvar Day/Kanuma,NI Act holiday,https://www.rbi.org.in/Scripts/HolidayMatrixDisplay.aspx?drRegionalOffice=0&drMonth=1&drYear=2026 (POST form),Reserve Bank of India,2026-09-28
2026,1,17,2026-01-17,Chennai,Uzhavar Thirunal,NI Act holiday,https://www.rbi.org.in/Scripts/HolidayMatrixDisplay.aspx?drRegionalOffice=0&drMonth=1&drYear=2026 (POST form),Reserve Bank of India,2026-09-28
2026,1,26,2026-01-26,Chennai,Republic Day,NI Act holiday,https://www.rbi.org.in/Scripts/HolidayMatrixDisplay.aspx?drRegionalOffice=0&drMonth=1&drYear=2026 (POST form),Reserve Bank of India,2026-09-28
2026,1,26,2026-01-26,Dehradun,Republic Day,NI Act holiday,https://www.rbi.org.in/Scripts/HolidayMatrixDisplay.aspx?drRegionalOffice=0&drMonth=1&drYear=2026 (POST form),Reserve Bank of India,2026-09-28
2026,1,1,2026-01-01,Gangtok,New Year’s Day/Gaan-Ngai,NI Act holiday,https://www.rbi.org.in/Scripts/HolidayMatrixDisplay.aspx?drRegionalOffice=0&drMonth=1&drYear=2026 (POST form),Reserve Bank of India,2026-09-28
2026,1,15,2026-01-15,Gangtok,Uttarayana Punyakala/Pongal/Maghe Sankranti/Makara Sankranti/Election to Municipal Corporations in Maharashtra,NI Act holiday,https://www.rbi.org.in/Scripts/HolidayMatrixDisplay.aspx?drRegionalOffice=0&drMonth=1&drYear=2026 (POST form),Reserve Bank of India,2026-09-28
2026,1,26,2026-01-26,Gangtok,Republic Day,NI Act holiday,https://www.rbi.org.in/Scripts/HolidayMatrixDisplay.aspx?drRegionalOffice=0&drMonth=1&drYear=2026 (POST form),Reserve Bank of India,2026-09-28
2026,1,14,2026-01-14,Guwahati,Makar Sankranti/Magh Bihu,NI Act holiday,https://www.rbi.org.in/Scripts/HolidayMatrixDisplay.aspx?drRegionalOffice=0&drMonth=1&drYear=2026 (POST form),Reserve Bank of India,2026-09-28
2026,1,26,2026-01-26,Guwahati,Republic Day,NI Act holiday,https://www.rbi.org.in/Scripts/HolidayMatrixDisplay.aspx?drRegionalOffice=0&drMonth=1&drYear=2026 (POST form),Reserve Bank of India,2026-09-28
2026,1,15,2026-01-15,Hyderabad,Uttarayana Punyakala/Pongal/Maghe Sankranti/Makara Sankranti/Election to Municipal Corporations in Maharashtra,NI Act holiday,https://www.rbi.org.in/Scripts/HolidayMatrixDisplay.aspx?drRegionalOffice=0&drMonth=1&drYear=2026 (POST form),Reserve Bank of India,2026-09-28
2026,1,26,2026-01-26,Hyderabad,Republic Day,NI Act holiday,https://www.rbi.org.in/Scripts/HolidayMatrixDisplay.aspx?drRegionalOffice=0&drMonth=1&drYear=2026 (POST form),Reserve Bank of India,2026-09-28
2026,1,1,2026-01-01,Imphal,New Year’s Day/Gaan-Ngai,NI Act holiday,https://www.rbi.org.in/Scripts/HolidayMatrixDisplay.aspx?drRegionalOffice=0&drMonth=1&drYear=2026 (POST form),Reserve Bank of India,2026-09-28
2026,1,26,2026-01-26,Imphal,Republic Day,NI Act holiday,https://www.rbi.org.in/Scripts/HolidayMatrixDisplay.aspx?drRegionalOffice=0&drMonth=1&drYear=2026 (POST form),Reserve Bank of India,2026-09-28
2026,1,1,2026-01-01,Itanagar,New Year’s Day/Gaan-Ngai,NI Act holiday,https://www.rbi.org.in/Scripts/HolidayMatrixDisplay.aspx?drRegionalOffice=0&drMonth=1&drYear=2026 (POST form),Reserve Bank of India,2026-09-28
2026,1,14,2026-01-14,Itanagar,Makar Sankranti/Magh Bihu,NI Act holiday,https://www.rbi.org.in/Scripts/HolidayMatrixDisplay.aspx?drRegionalOffice=0&drMonth=1&drYear=2026 (POST form),Reserve Bank of India,2026-09-28
2026,1,26,2026-01-26,Itanagar,Republic Day,NI Act holiday,https://www.rbi.org.in/Scripts/HolidayMatrixDisplay.aspx?drRegionalOffice=0&drMonth=1&drYear=2026 (POST form),Reserve Bank of India,2026-09-28
2026,1,26,2026-01-26,Jaipur,Republic Day,NI Act holiday,https://www.rbi.org.in/Scripts/HolidayMatrixDisplay.aspx?drRegionalOffice=0&drMonth=1&drYear=2026 (POST form),Reserve Bank of India,2026-09-28
2026,1,26,2026-01-26,Jammu,Republic Day,NI Act holiday,https://www.rbi.org.in/Scripts/HolidayMatrixDisplay.aspx?drRegionalOffice=0&drMonth=1&drYear=2026 (POST form),Reserve Bank of India,2026-09-28
2026,1,3,2026-01-03,Kanpur,Birthday of Hazrat Ali,NI Act holiday,https://www.rbi.org.in/Scripts/HolidayMatrixDisplay.aspx?drRegionalOffice=0&drMonth=1&drYear=2026 (POST form),Reserve Bank of India,2026-09-28
2026,1,15,2026-01-15,Kanpur,Uttarayana Punyakala/Pongal/Maghe Sankranti/Makara Sankranti/Election to Municipal Corporations in Maharashtra,NI Act holiday,https://www.rbi.org.in/Scripts/HolidayMatrixDisplay.aspx?drRegionalOffice=0&drMonth=1&drYear=2026 (POST form),Reserve Bank of India,2026-09-28
2026,1,26,2026-01-26,Kanpur,Republic Day,NI Act holiday,https://www.rbi.org.in/Scripts/HolidayMatrixDisplay.aspx?drRegionalOffice=0&drMonth=1&drYear=2026 (POST form),Reserve Bank of India,2026-09-28
2026,1,2,2026-01-02,Kochi,New Year Celebration/Mannam Jayanthi,NI Act holiday,https://www.rbi.org.in/Scripts/HolidayMatrixDisplay.aspx?drRegionalOffice=0&drMonth=1&drYear=2026 (POST form),Reserve Bank of India,2026-09-28
2026,1,26,2026-01-26,Kochi,Republic Day,NI Act holiday,https://www.rbi.org.in/Scripts/HolidayMatrixDisplay.aspx?drRegionalOffice=0&drMonth=1&drYear=2026 (POST form),Reserve Bank of India,2026-09-28
2026,1,1,2026-01-01,Kohima,New Year’s Day/Gaan-Ngai,NI Act holiday,https://www.rbi.org.in/Scripts/HolidayMatrixDisplay.aspx?drRegionalOffice=0&drMonth=1&drYear=2026 (POST form),Reserve Bank of India,2026-09-28
2026,1,26,2026-01-26,Kohima,Republic Day,NI Act holiday,https://www.rbi.org.in/Scripts/HolidayMatrixDisplay.aspx?drRegionalOffice=0&drMonth=1&drYear=2026 (POST form),Reserve Bank of India,2026-09-28
2026,1,1,2026-01-01,Kolkata,New Year’s Day/Gaan-Ngai,NI Act holiday,https://www.rbi.org.in/Scripts/HolidayMatrixDisplay.aspx?drRegionalOffice=0&drMonth=1&drYear=2026 (POST form),Reserve Bank of India,2026-09-28
2026,1,12,2026-01-12,Kolkata,Birth Day of Swami Vivekananda,NI Act holiday,https://www.rbi.org.in/Scripts/HolidayMatrixDisplay.aspx?drRegionalOffice=0&drMonth=1&drYear=2026 (POST form),Reserve Bank of India,2026-09-28
2026,1,23,2026-01-23,Kolkata,Birthday of Netaji Subhas Chandra Bose/Saraswati Puja (Shree Panchami)/Vir Surendrasai Jayanti/Basanta Panchami,NI Act holiday,https://www.rbi.org.in/Scripts/HolidayMatrixDisplay.aspx?drRegionalOffice=0&drMonth=1&drYear=2026 (POST form),Reserve Bank of India,2026-09-28
2026,1,26,2026-01-26,Kolkata,Republic Day,NI Act holiday,https://www.rbi.org.in/Scripts/HolidayMatrixDisplay.aspx?drRegionalOffice=0&drMonth=1&drYear=2026 (POST form),Reserve Bank of India,2026-09-28
2026,1,3,2026-01-03,Lucknow,Birthday of Hazrat Ali,NI Act holiday,https://www.rbi.org.in/Scripts/HolidayMatrixDisplay.aspx?drRegionalOffice=0&drMonth=1&drYear=2026 (POST form),Reserve Bank of India,2026-09-28
2026,1,15,2026-01-15,Lucknow,Uttarayana Punyakala/Pongal/Maghe Sankranti/Makara Sankranti/Election to Municipal Corporations in Maharashtra,NI Act holiday,https://www.rbi.org.in/Scripts/HolidayMatrixDisplay.aspx?drRegionalOffice=0&drMonth=1&drYear=2026 (POST form),Reserve Bank of India,2026-09-28
2026,1,26,2026-01-26,Lucknow,Republic Day,NI Act holiday,https://www.rbi.org.in/Scripts/HolidayMatrixDisplay.aspx?drRegionalOffice=0&drMonth=1&drYear=2026 (POST form),Reserve Bank of India,2026-09-28
2026,1,15,2026-01-15,Mumbai,Uttarayana Punyakala/Pongal/Maghe Sankranti/Makara Sankranti/Election to Municipal Corporations in Maharashtra,NI Act holiday,https://www.rbi.org.in/Scripts/HolidayMatrixDisplay.aspx?drRegionalOffice=0&drMonth=1&drYear=2026 (POST form),Reserve Bank of India,2026-09-28
2026,1,26,2026-01-26,Mumbai,Republic Day,NI Act holiday,https://www.rbi.org.in/Scripts/HolidayMatrixDisplay.aspx?drRegionalOffice=0&drMonth=1&drYear=2026 (POST form),Reserve Bank of India,2026-09-28
2026,1,15,2026-01-15,Nagpur,Uttarayana Punyakala/Pongal/Maghe Sankranti/Makara Sankranti/Election to Municipal Corporations in Maharashtra,NI Act holiday,https://www.rbi.org.in/Scripts/HolidayMatrixDisplay.aspx?drRegionalOffice=0&drMonth=1&drYear=2026 (POST form),Reserve Bank of India,2026-09-28
2026,1,26,2026-01-26,Nagpur,Republic Day,NI Act holiday,https://www.rbi.org.in/Scripts/HolidayMatrixDisplay.aspx?drRegionalOffice=0&drMonth=1&drYear=2026 (POST form),Reserve Bank of India,2026-09-28
2026,1,26,2026-01-26,New Delhi,Republic Day,NI Act holiday,https://www.rbi.org.in/Scripts/HolidayMatrixDisplay.aspx?drRegionalOffice=0&drMonth=1&drYear=2026 (POST form),Reserve Bank of India,2026-09-28
2026,1,26,2026-01-26,Panaji,Republic Day,NI Act holiday,https://www.rbi.org.in/Scripts/HolidayMatrixDisplay.aspx?drRegionalOffice=0&drMonth=1&drYear=2026 (POST form),Reserve Bank of India,2026-09-28
2026,1,26,2026-01-26,Patna,Republic Day,NI Act holiday,https://www.rbi.org.in/Scripts/HolidayMatrixDisplay.aspx?drRegionalOffice=0&drMonth=1&drYear=2026 (POST form),Reserve Bank of India,2026-09-28
2026,1,26,2026-01-26,Raipur,Republic Day,NI Act holiday,https://www.rbi.org.in/Scripts/HolidayMatrixDisplay.aspx?drRegionalOffice=0&drMonth=1&drYear=2026 (POST form),Reserve Bank of India,2026-09-28
2026,1,26,2026-01-26,Ranchi,Republic Day,NI Act holiday,https://www.rbi.org.in/Scripts/HolidayMatrixDisplay.aspx?drRegionalOffice=0&drMonth=1&drYear=2026 (POST form),Reserve Bank of India,2026-09-28
2026,1,1,2026-01-01,Shillong,New Year’s Day/Gaan-Ngai,NI Act holiday,https://www.rbi.org.in/Scripts/HolidayMatrixDisplay.aspx?drRegionalOffice=0&drMonth=1&drYear=2026 (POST form),Reserve Bank of India,2026-09-28
2026,1,26,2026-01-26,Shillong,Republic Day,NI Act holiday,https://www.rbi.org.in/Scripts/HolidayMatrixDisplay.aspx?drRegionalOffice=0&drMonth=1&drYear=2026 (POST form),Reserve Bank of India,2026-09-28
2026,1,26,2026-01-26,Shimla,Republic Day,NI Act holiday,https://www.rbi.org.in/Scripts/HolidayMatrixDisplay.aspx?drRegionalOffice=0&drMonth=1&drYear=2026 (POST form),Reserve Bank of India,2026-09-28
2026,1,26,2026-01-26,Srinagar,Republic Day,NI Act holiday,https://www.rbi.org.in/Scripts/HolidayMatrixDisplay.aspx?drRegionalOffice=0&drMonth=1&drYear=2026 (POST form),Reserve Bank of India,2026-09-28
2026,1,2,2026-01-02,Thiruvananthapuram,New Year Celebration/Mannam Jayanthi,NI Act holiday,https://www.rbi.org.in/Scripts/HolidayMatrixDisplay.aspx?drRegionalOffice=0&drMonth=1&drYear=2026 (POST form),Reserve Bank of India,2026-09-28
2026,1,26,2026-01-26,Thiruvananthapuram,Republic Day,NI Act holiday,https://www.rbi.org.in/Scripts/HolidayMatrixDisplay.aspx?drRegionalOffice=0&drMonth=1&drYear=2026 (POST form),Reserve Bank of India,2026-09-28
2026,1,15,2026-01-15,Vijayawada,Uttarayana Punyakala/Pongal/Maghe Sankranti/Makara Sankranti/Election to Municipal Corporations in Maharashtra,NI Act holiday,https://www.rbi.org.in/Scripts/HolidayMatrixDisplay.aspx?drRegionalOffice=0&drMonth=1&drYear=2026 (POST form),Reserve Bank of India,2026-09-28
2026,1,16,2026-01-16,Vijayawada,Thiruvalluvar Day/Kanuma,NI Act holiday,https://www.rbi.org.in/Scripts/HolidayMatrixDisplay.aspx?drRegionalOffice=0&drMonth=1&drYear=2026 (POST form),Reserve Bank of India,2026-09-28
2026,1,26,2026-01-26,Vijayawada,Republic Day,NI Act holiday,https://www.rbi.org.in/Scripts/HolidayMatrixDisplay.aspx?drRegionalOffice=0&drMonth=1&drYear=2026 (POST form),Reserve Bank of India,2026-09-28
2026,2,20,2026-02-20,Aizawl,State Day/Statehood Day,NI Act holiday,https://www.rbi.org.in/Scripts/HolidayMatrixDisplay.aspx?drRegionalOffice=0&drMonth=2&drYear=2026 (POST form),Reserve Bank of India,2026-09-28
2026,2,19,2026-02-19,Belapur,Chhatrapati Shivaji Maharaj Jayanti,NI Act holiday,https://www.rbi.org.in/Scripts/HolidayMatrixDisplay.aspx?drRegionalOffice=0&drMonth=2&drYear=2026 (POST form),Reserve Bank of India,2026-09-28
2026,2,18,2026-02-18,Gangtok,Losar,NI Act holiday,https://www.rbi.org.in/Scripts/HolidayMatrixDisplay.aspx?drRegionalOffice=0&drMonth=2&drYear=2026 (POST form),Reserve Bank of India,2026-09-28
2026,2,20,2026-02-20,Itanagar,State Day/Statehood Day,NI Act holiday,https://www.rbi.org.in/Scripts/HolidayMatrixDisplay.aspx?drRegionalOffice=0&drMonth=2&drYear=2026 (POST form),Reserve Bank of India,2026-09-28
2026,2,19,2026-02-19,Mumbai,Chhatrapati Shivaji Maharaj Jayanti,NI Act holiday,https://www.rbi.org.in/Scripts/HolidayMatrixDisplay.aspx?drRegionalOffice=0&drMonth=2&drYear=2026 (POST form),Reserve Bank of India,2026-09-28
2026,2,19,2026-02-19,Nagpur,Chhatrapati Shivaji Maharaj Jayanti,NI Act holiday,https://www.rbi.org.in/Scripts/HolidayMatrixDisplay.aspx?drRegionalOffice=0&drMonth=2&drYear=2026 (POST form),Reserve Bank of India,2026-09-28
2026,2,23,2026-02-23,Ranchi,Municipal (General) Election 2026,NI Act holiday,https://www.rbi.org.in/Scripts/HolidayMatrixDisplay.aspx?drRegionalOffice=0&drMonth=2&drYear=2026 (POST form),Reserve Bank of India,2026-09-28
2026,3,4,2026-03-04,Agartala,Holi/Holi 2nd Day – Dhuleti/Yaosang 2nd Day/Dol Jatra,NI Act holiday,https://www.rbi.org.in/Scripts/HolidayMatrixDisplay.aspx?drRegionalOffice=0&drMonth=3&drYear=2026 (POST form),Reserve Bank of India,2026-09-28
2026,3,21,2026-03-21,Agartala,Ramzan-Id (Id-Ul-Fitr) (Shawal-1)/Khutub-E-Ramzan/Sarhul,NI Act holiday,https://www.rbi.org.in/Scripts/HolidayMatrixDisplay.aspx?drRegionalOffice=0&drMonth=3&drYear=2026 (POST form),Reserve Bank of India,2026-09-28
2026,3,4,2026-03-04,Ahmedabad,Holi/Holi 2nd Day – Dhuleti/Yaosang 2nd Day/Dol Jatra,NI Act holiday,https://www.rbi.org.in/Scripts/HolidayMatrixDisplay.aspx?drRegionalOffice=0&drMonth=3&drYear=2026 (POST form),Reserve Bank of India,2026-09-28
2026,3,21,2026-03-21,Ahmedabad,Ramzan-Id (Id-Ul-Fitr) (Shawal-1)/Khutub-E-Ramzan/Sarhul,NI Act holiday,https://www.rbi.org.in/Scripts/HolidayMatrixDisplay.aspx?drRegionalOffice=0&drMonth=3&drYear=2026 (POST form),Reserve Bank of India,2026-09-28
2026,3,26,2026-03-26,Ahmedabad,Shree Ram Navami,NI Act holiday,https://www.rbi.org.in/Scripts/HolidayMatrixDisplay.aspx?drRegionalOffice=0&drMonth=3&drYear=2026 (POST form),Reserve Bank of India,2026-09-28
2026,3,31,2026-03-31,Ahmedabad,Mahavir Janmakalyanak/Mahavir Jayanti,NI Act holiday,https://www.rbi.org.in/Scripts/HolidayMatrixDisplay.aspx?drRegionalOffice=0&drMonth=3&drYear=2026 (POST form),Reserve Bank of India,2026-09-28
2026,3,4,2026-03-04,Aizawl,Holi/Holi 2nd Day – Dhuleti/Yaosang 2nd Day/Dol Jatra,NI Act holiday,https://www.rbi.org.in/Scripts/HolidayMatrixDisplay.aspx?drRegionalOffice=0&drMonth=3&drYear=2026 (POST form),Reserve Bank of India,2026-09-28
2026,3,13,2026-03-13,Aizawl,Chapchar Kut/Jumat-ul-Vida,NI Act holiday,https://www.rbi.org.in/Scripts/HolidayMatrixDisplay.aspx?drRegionalOffice=0&drMonth=3&drYear=2026 (POST form),Reserve Bank of India,2026-09-28
2026,3,21,2026-03-21,Aizawl,Ramzan-Id (Id-Ul-Fitr) (Shawal-1)/Khutub-E-Ramzan/Sarhul,NI Act holiday,https://www.rbi.org.in/Scripts/HolidayMatrixDisplay.aspx?drRegionalOffice=0&drMonth=3&drYear=2026 (POST form),Reserve Bank of India,2026-09-28
2026,3,26,2026-03-26,Aizawl,Shree Ram Navami,NI Act holiday,https://www.rbi.org.in/Scripts/HolidayMatrixDisplay.aspx?drRegionalOffice=0&drMonth=3&drYear=2026 (POST form),Reserve Bank of India,2026-09-28
2026,3,3,2026-03-03,Belapur,Holi (Second Day)/Dol Jatra/Dhulandi/Holika Dahan/Attukal Pongala,NI Act holiday,https://www.rbi.org.in/Scripts/HolidayMatrixDisplay.aspx?drRegionalOffice=0&drMonth=3&drYear=2026 (POST form),Reserve Bank of India,2026-09-28
2026,3,19,2026-03-19,Belapur,Gudhi Padwa/Ugadi Festival/Telugu New Year's Day/Sajibu Nongmapanba (Cheiraoba)/1st Navratra,NI Act holiday,https://www.rbi.org.in/Scripts/HolidayMatrixDisplay.aspx?drRegionalOffice=0&drMonth=3&drYear=2026 (POST form),Reserve Bank of India,2026-09-28
2026,3,21,2026-03-21,Belapur,Ramzan-Id (Id-Ul-Fitr) (Shawal-1)/Khutub-E-Ramzan/Sarhul,NI Act holiday,https://www.rbi.org.in/Scripts/HolidayMatrixDisplay.aspx?drRegionalOffice=0&drMonth=3&drYear=2026 (POST form),Reserve Bank of India,2026-09-28
2026,3,26,2026-03-26,Belapur,Shree Ram Navami,NI Act holiday,https://www.rbi.org.in/Scripts/HolidayMatrixDisplay.aspx?drRegionalOffice=0&drMonth=3&drYear=2026 (POST form),Reserve Bank of India,2026-09-28
2026,3,31,2026-03-31,Belapur,Mahavir Janmakalyanak/Mahavir Jayanti,NI Act holiday,https://www.rbi.org.in/Scripts/HolidayMatrixDisplay.aspx?drRegionalOffice=0&drMonth=3&drYear=2026 (POST form),Reserve Bank of India,2026-09-28
2026,3,19,2026-03-19,Bengaluru,Gudhi Padwa/Ugadi Festival/Telugu New Year's Day/Sajibu Nongmapanba (Cheiraoba)/1st Navratra,NI Act holiday,https://www.rbi.org.in/Scripts/HolidayMatrixDisplay.aspx?drRegionalOffice=0&drMonth=3&drYear=2026 (POST form),Reserve Bank of India,2026-09-28
2026,3,21,2026-03-21,Bengaluru,Ramzan-Id (Id-Ul-Fitr) (Shawal-1)/Khutub-E-Ramzan/Sarhul,NI Act holiday,https://www.rbi.org.in/Scripts/HolidayMatrixDisplay.aspx?drRegionalOffice=0&drMonth=3&drYear=2026 (POST form),Reserve Bank of India,2026-09-28
2026,3,30,2026-03-30,Bengaluru,Mahavir Jayanti,NI Act holiday,https://www.rbi.org.in/Scripts/HolidayMatrixDisplay.aspx?drRegionalOffice=0&drMonth=3&drYear=2026 (POST form),Reserve Bank of India,2026-09-28
2026,3,3,2026-03-03,Bhopal,Holi (Second Day)/Dol Jatra/Dhulandi/Holika Dahan/Attukal Pongala,NI Act holiday,https://www.rbi.org.in/Scripts/HolidayMatrixDisplay.aspx?drRegionalOffice=0&drMonth=3&drYear=2026 (POST form),Reserve Bank of India,2026-09-28
2026,3,4,2026-03-04,Bhopal,Holi/Holi 2nd Day – Dhuleti/Yaosang 2nd Day/Dol Jatra,NI Act holiday,https://www.rbi.org.in/Scripts/HolidayMatrixDisplay.aspx?drRegionalOffice=0&drMonth=3&drYear=2026 (POST form),Reserve Bank of India,2026-09-28
2026,3,21,2026-03-21,Bhopal,Ramzan-Id (Id-Ul-Fitr) (Shawal-1)/Khutub-E-Ramzan/Sarhul,NI Act holiday,https://www.rbi.org.in/Scripts/HolidayMatrixDisplay.aspx?drRegionalOffice=0&drMonth=3&drYear=2026 (POST form),Reserve Bank of India,2026-09-28
2026,3,27,2026-03-27,Bhopal,Shree Ram Navami (Chaite Dasain),NI Act holiday,https://www.rbi.org.in/Scripts/HolidayMatrixDisplay.aspx?drRegionalOffice=0&drMonth=3&drYear=2026 (POST form),Reserve Bank of India,2026-09-28
2026,3,30,2026-03-30,Bhopal,Mahavir Jayanti,NI Act holiday,https://www.rbi.org.in/Scripts/HolidayMatrixDisplay.aspx?drRegionalOffice=0&drMonth=3&drYear=2026 (POST form),Reserve Bank of India,2026-09-28
2026,3,4,2026-03-04,Bhubaneswar,Holi/Holi 2nd Day – Dhuleti/Yaosang 2nd Day/Dol Jatra,NI Act holiday,https://www.rbi.org.in/Scripts/HolidayMatrixDisplay.aspx?drRegionalOffice=0&drMonth=3&drYear=2026 (POST form),Reserve Bank of India,2026-09-28
2026,3,21,2026-03-21,Bhubaneswar,Ramzan-Id (Id-Ul-Fitr) (Shawal-1)/Khutub-E-Ramzan/Sarhul,NI Act holiday,https://www.rbi.org.in/Scripts/HolidayMatrixDisplay.aspx?drRegionalOffice=0&drMonth=3&drYear=2026 (POST form),Reserve Bank of India,2026-09-28
2026,3,27,2026-03-27,Bhubaneswar,Shree Ram Navami (Chaite Dasain),NI Act holiday,https://www.rbi.org.in/Scripts/HolidayMatrixDisplay.aspx?drRegionalOffice=0&drMonth=3&drYear=2026 (POST form),Reserve Bank of India,2026-09-28
2026,3,4,2026-03-04,Chandigarh,Holi/Holi 2nd Day – Dhuleti/Yaosang 2nd Day/Dol Jatra,NI Act holiday,https://www.rbi.org.in/Scripts/HolidayMatrixDisplay.aspx?drRegionalOffice=0&drMonth=3&drYear=2026 (POST form),Reserve Bank of India,2026-09-28
2026,3,21,2026-03-21,Chandigarh,Ramzan-Id (Id-Ul-Fitr) (Shawal-1)/Khutub-E-Ramzan/Sarhul,NI Act holiday,https://www.rbi.org.in/Scripts/HolidayMatrixDisplay.aspx?drRegionalOffice=0&drMonth=3&drYear=2026 (POST form),Reserve Bank of India,2026-09-28
2026,3,26,2026-03-26,Chandigarh,Shree Ram Navami,NI Act holiday,https://www.rbi.org.in/Scripts/HolidayMatrixDisplay.aspx?drRegionalOffice=0&drMonth=3&drYear=2026 (POST form),Reserve Bank of India,2026-09-28
2026,3,19,2026-03-19,Chennai,Gudhi Padwa/Ugadi Festival/Telugu New Year's Day/Sajibu Nongmapanba (Cheiraoba)/1st Navratra,NI Act holiday,https://www.rbi.org.in/Scripts/HolidayMatrixDisplay.aspx?drRegionalOffice=0&drMonth=3&drYear=2026 (POST form),Reserve Bank of India,2026-09-28
2026,3,21,2026-03-21,Chennai,Ramzan-Id (Id-Ul-Fitr) (Shawal-1)/Khutub-E-Ramzan/Sarhul,NI Act holiday,https://www.rbi.org.in/Scripts/HolidayMatrixDisplay.aspx?drRegionalOffice=0&drMonth=3&drYear=2026 (POST form),Reserve Bank of India,2026-09-28
2026,3,31,2026-03-31,Chennai,Mahavir Janmakalyanak/Mahavir Jayanti,NI Act holiday,https://www.rbi.org.in/Scripts/HolidayMatrixDisplay.aspx?drRegionalOffice=0&drMonth=3&drYear=2026 (POST form),Reserve Bank of India,2026-09-28
2026,3,3,2026-03-03,Dehradun,Holi (Second Day)/Dol Jatra/Dhulandi/Holika Dahan/Attukal Pongala,NI Act holiday,https://www.rbi.org.in/Scripts/HolidayMatrixDisplay.aspx?drRegionalOffice=0&drMonth=3&drYear=2026 (POST form),Reserve Bank of India,2026-09-28
2026,3,4,2026-03-04,Dehradun,Holi/Holi 2nd Day – Dhuleti/Yaosang 2nd Day/Dol Jatra,NI Act holiday,https://www.rbi.org.in/Scripts/HolidayMatrixDisplay.aspx?drRegionalOffice=0&drMonth=3&drYear=2026 (POST form),Reserve Bank of India,2026-09-28
2026,3,21,2026-03-21,Dehradun,Ramzan-Id (Id-Ul-Fitr) (Shawal-1)/Khutub-E-Ramzan/Sarhul,NI Act holiday,https://www.rbi.org.in/Scripts/HolidayMatrixDisplay.aspx?drRegionalOffice=0&drMonth=3&drYear=2026 (POST form),Reserve Bank of India,2026-09-28
2026,3,26,2026-03-26,Dehradun,Shree Ram Navami,NI Act holiday,https://www.rbi.org.in/Scripts/HolidayMatrixDisplay.aspx?drRegionalOffice=0&drMonth=3&drYear=2026 (POST form),Reserve Bank of India,2026-09-28
2026,3,4,2026-03-04,Gangtok,Holi/Holi 2nd Day – Dhuleti/Yaosang 2nd Day/Dol Jatra,NI Act holiday,https://www.rbi.org.in/Scripts/HolidayMatrixDisplay.aspx?drRegionalOffice=0&drMonth=3&drYear=2026 (POST form),Reserve Bank of India,2026-09-28
2026,3,21,2026-03-21,Gangtok,Ramzan-Id (Id-Ul-Fitr) (Shawal-1)/Khutub-E-Ramzan/Sarhul,NI Act holiday,https://www.rbi.org.in/Scripts/HolidayMatrixDisplay.aspx?drRegionalOffice=0&drMonth=3&drYear=2026 (POST form),Reserve Bank of India,2026-09-28
2026,3,27,2026-03-27,Gangtok,Shree Ram Navami (Chaite Dasain),NI Act holiday,https://www.rbi.org.in/Scripts/HolidayMatrixDisplay.aspx?drRegionalOffice=0&drMonth=3&drYear=2026 (POST form),Reserve Bank of India,2026-09-28
2026,3,3,2026-03-03,Guwahati,Holi (Second Day)/Dol Jatra/Dhulandi/Holika Dahan/Attukal Pongala,NI Act holiday,https://www.rbi.org.in/Scripts/HolidayMatrixDisplay.aspx?drRegionalOffice=0&drMonth=3&drYear=2026 (POST form),Reserve Bank of India,2026-09-28
2026,3,4,2026-03-04,Guwahati,Holi/Holi 2nd Day – Dhuleti/Yaosang 2nd Day/Dol Jatra,NI Act holiday,https://www.rbi.org.in/Scripts/HolidayMatrixDisplay.aspx?drRegionalOffice=0&drMonth=3&drYear=2026 (POST form),Reserve Bank of India,2026-09-28
2026,3,21,2026-03-21,Guwahati,Ramzan-Id (Id-Ul-Fitr) (Shawal-1)/Khutub-E-Ramzan/Sarhul,NI Act holiday,https://www.rbi.org.in/Scripts/HolidayMatrixDisplay.aspx?drRegionalOffice=0&drMonth=3&drYear=2026 (POST form),Reserve Bank of India,2026-09-28
2026,3,3,2026-03-03,Hyderabad,Holi (Second Day)/Dol Jatra/Dhulandi/Holika Dahan/Attukal Pongala,NI Act holiday,https://www.rbi.org.in/Scripts/HolidayMatrixDisplay.aspx?drRegionalOffice=0&drMonth=3&drYear=2026 (POST form),Reserve Bank of India,2026-09-28
2026,3,19,2026-03-19,Hyderabad,Gudhi Padwa/Ugadi Festival/Telugu New Year's Day/Sajibu Nongmapanba (Cheiraoba)/1st Navratra,NI Act holiday,https://www.rbi.org.in/Scripts/HolidayMatrixDisplay.aspx?drRegionalOffice=0&drMonth=3&drYear=2026 (POST form),Reserve Bank of India,2026-09-28
2026,3,21,2026-03-21,Hyderabad,Ramzan-Id (Id-Ul-Fitr) (Shawal-1)/Khutub-E-Ramzan/Sarhul,NI Act holiday,https://www.rbi.org.in/Scripts/HolidayMatrixDisplay.aspx?drRegionalOffice=0&drMonth=3&drYear=2026 (POST form),Reserve Bank of India,2026-09-28
2026,3,27,2026-03-27,Hyderabad,Shree Ram Navami (Chaite Dasain),NI Act holiday,https://www.rbi.org.in/Scripts/HolidayMatrixDisplay.aspx?drRegionalOffice=0&drMonth=3&drYear=2026 (POST form),Reserve Bank of India,2026-09-28
2026,3,4,2026-03-04,Imphal,Holi/Holi 2nd Day – Dhuleti/Yaosang 2nd Day/Dol Jatra,NI Act holiday,https://www.rbi.org.in/Scripts/HolidayMatrixDisplay.aspx?drRegionalOffice=0&drMonth=3&drYear=2026 (POST form),Reserve Bank of India,2026-09-28
2026,3,19,2026-03-19,Imphal,Gudhi Padwa/Ugadi Festival/Telugu New Year's Day/Sajibu Nongmapanba (Cheiraoba)/1st Navratra,NI Act holiday,https://www.rbi.org.in/Scripts/HolidayMatrixDisplay.aspx?drRegionalOffice=0&drMonth=3&drYear=2026 (POST form),Reserve Bank of India,2026-09-28
2026,3,21,2026-03-21,Imphal,Ramzan-Id (Id-Ul-Fitr) (Shawal-1)/Khutub-E-Ramzan/Sarhul,NI Act holiday,https://www.rbi.org.in/Scripts/HolidayMatrixDisplay.aspx?drRegionalOffice=0&drMonth=3&drYear=2026 (POST form),Reserve Bank of India,2026-09-28
2026,3,4,2026-03-04,Itanagar,Holi/Holi 2nd Day – Dhuleti/Yaosang 2nd Day/Dol Jatra,NI Act holiday,https://www.rbi.org.in/Scripts/HolidayMatrixDisplay.aspx?drRegionalOffice=0&drMonth=3&drYear=2026 (POST form),Reserve Bank of India,2026-09-28
2026,3,21,2026-03-21,Itanagar,Ramzan-Id (Id-Ul-Fitr) (Shawal-1)/Khutub-E-Ramzan/Sarhul,NI Act holiday,https://www.rbi.org.in/Scripts/HolidayMatrixDisplay.aspx?drRegionalOffice=0&drMonth=3&drYear=2026 (POST form),Reserve Bank of India,2026-09-28
2026,3,3,2026-03-03,Jaipur,Holi (Second Day)/Dol Jatra/Dhulandi/Holika Dahan/Attukal Pongala,NI Act holiday,https://www.rbi.org.in/Scripts/HolidayMatrixDisplay.aspx?drRegionalOffice=0&drMonth=3&drYear=2026 (POST form),Reserve Bank of India,2026-09-28
2026,3,21,2026-03-21,Jaipur,Ramzan-Id (Id-Ul-Fitr) (Shawal-1)/Khutub-E-Ramzan/Sarhul,NI Act holiday,https://www.rbi.org.in/Scripts/HolidayMatrixDisplay.aspx?drRegionalOffice=0&drMonth=3&drYear=2026 (POST form),Reserve Bank of India,2026-09-28
2026,3,26,2026-03-26,Jaipur,Shree Ram Navami,NI Act holiday,https://www.rbi.org.in/Scripts/HolidayMatrixDisplay.aspx?drRegionalOffice=0&drMonth=3&drYear=2026 (POST form),Reserve Bank of India,2026-09-28
2026,3,31,2026-03-31,Jaipur,Mahavir Janmakalyanak/Mahavir Jayanti,NI Act holiday,https://www.rbi.org.in/Scripts/HolidayMatrixDisplay.aspx?drRegionalOffice=0&drMonth=3&drYear=2026 (POST form),Reserve Bank of India,2026-09-28
2026,3,4,2026-03-04,Jammu,Holi/Holi 2nd Day – Dhuleti/Yaosang 2nd Day/Dol Jatra,NI Act holiday,https://www.rbi.org.in/Scripts/HolidayMatrixDisplay.aspx?drRegionalOffice=0&drMonth=3&drYear=2026 (POST form),Reserve Bank of India,2026-09-28
2026,3,13,2026-03-13,Jammu,Chapchar Kut/Jumat-ul-Vida,NI Act holiday,https://www.rbi.org.in/Scripts/HolidayMatrixDisplay.aspx?drRegionalOffice=0&drMonth=3&drYear=2026 (POST form),Reserve Bank of India,2026-09-28
2026,3,17,2026-03-17,Jammu,Shab-I-Qadr,NI Act holiday,https://www.rbi.org.in/Scripts/HolidayMatrixDisplay.aspx?drRegionalOffice=0&drMonth=3&drYear=2026 (POST form),Reserve Bank of India,2026-09-28
2026,3,19,2026-03-19,Jammu,Gudhi Padwa/Ugadi Festival/Telugu New Year's Day/Sajibu Nongmapanba (Cheiraoba)/1st Navratra,NI Act holiday,https://www.rbi.org.in/Scripts/HolidayMatrixDisplay.aspx?drRegionalOffice=0&drMonth=3&drYear=2026 (POST form),Reserve Bank of India,2026-09-28
2026,3,21,2026-03-21,Jammu,Ramzan-Id (Id-Ul-Fitr) (Shawal-1)/Khutub-E-Ramzan/Sarhul,NI Act holiday,https://www.rbi.org.in/Scripts/HolidayMatrixDisplay.aspx?drRegionalOffice=0&drMonth=3&drYear=2026 (POST form),Reserve Bank of India,2026-09-28
2026,3,2,2026-03-02,Kanpur,Holika Dahan,NI Act holiday,https://www.rbi.org.in/Scripts/HolidayMatrixDisplay.aspx?drRegionalOffice=0&drMonth=3&drYear=2026 (POST form),Reserve Bank of India,2026-09-28
2026,3,3,2026-03-03,Kanpur,Holi (Second Day)/Dol Jatra/Dhulandi/Holika Dahan/Attukal Pongala,NI Act holiday,https://www.rbi.org.in/Scripts/HolidayMatrixDisplay.aspx?drRegionalOffice=0&drMonth=3&drYear=2026 (POST form),Reserve Bank of India,2026-09-28
2026,3,4,2026-03-04,Kanpur,Holi/Holi 2nd Day – Dhuleti/Yaosang 2nd Day/Dol Jatra,NI Act holiday,https://www.rbi.org.in/Scripts/HolidayMatrixDisplay.aspx?drRegionalOffice=0&drMonth=3&drYear=2026 (POST form),Reserve Bank of India,2026-09-28
2026,3,21,2026-03-21,Kanpur,Ramzan-Id (Id-Ul-Fitr) (Shawal-1)/Khutub-E-Ramzan/Sarhul,NI Act holiday,https://www.rbi.org.in/Scripts/HolidayMatrixDisplay.aspx?drRegionalOffice=0&drMonth=3&drYear=2026 (POST form),Reserve Bank of India,2026-09-28
2026,3,26,2026-03-26,Kanpur,Shree Ram Navami,NI Act holiday,https://www.rbi.org.in/Scripts/HolidayMatrixDisplay.aspx?drRegionalOffice=0&drMonth=3&drYear=2026 (POST form),Reserve Bank of India,2026-09-28
2026,3,31,2026-03-31,Kanpur,Mahavir Janmakalyanak/Mahavir Jayanti,NI Act holiday,https://www.rbi.org.in/Scripts/HolidayMatrixDisplay.aspx?drRegionalOffice=0&drMonth=3&drYear=2026 (POST form),Reserve Bank of India,2026-09-28
2026,3,20,2026-03-20,Kochi,Eid-Ul-Fitr (Ramzan),NI Act holiday,https://www.rbi.org.in/Scripts/HolidayMatrixDisplay.aspx?drRegionalOffice=0&drMonth=3&drYear=2026 (POST form),Reserve Bank of India,2026-09-28
2026,3,4,2026-03-04,Kohima,Holi/Holi 2nd Day – Dhuleti/Yaosang 2nd Day/Dol Jatra,NI Act holiday,https://www.rbi.org.in/Scripts/HolidayMatrixDisplay.aspx?drRegionalOffice=0&drMonth=3&drYear=2026 (POST form),Reserve Bank of India,2026-09-28
2026,3,21,2026-03-21,Kohima,Ramzan-Id (Id-Ul-Fitr) (Shawal-1)/Khutub-E-Ramzan/Sarhul,NI Act holiday,https://www.rbi.org.in/Scripts/HolidayMatrixDisplay.aspx?drRegionalOffice=0&drMonth=3&drYear=2026 (POST form),Reserve Bank of India,2026-09-28
2026,3,3,2026-03-03,Kolkata,Holi (Second Day)/Dol Jatra/Dhulandi/Holika Dahan/Attukal Pongala,NI Act holiday,https://www.rbi.org.in/Scripts/HolidayMatrixDisplay.aspx?drRegionalOffice=0&drMonth=3&drYear=2026 (POST form),Reserve Bank of India,2026-09-28
2026,3,21,2026-03-21,Kolkata,Ramzan-Id (Id-Ul-Fitr) (Shawal-1)/Khutub-E-Ramzan/Sarhul,NI Act holiday,https://www.rbi.org.in/Scripts/HolidayMatrixDisplay.aspx?drRegionalOffice=0&drMonth=3&drYear=2026 (POST form),Reserve Bank of India,2026-09-28
2026,3,26,2026-03-26,Kolkata,Shree Ram Navami,NI Act holiday,https://www.rbi.org.in/Scripts/HolidayMatrixDisplay.aspx?drRegionalOffice=0&drMonth=3&drYear=2026 (POST form),Reserve Bank of India,2026-09-28
2026,3,31,2026-03-31,Kolkata,Mahavir Janmakalyanak/Mahavir Jayanti,NI Act holiday,https://www.rbi.org.in/Scripts/HolidayMatrixDisplay.aspx?drRegionalOffice=0&drMonth=3&drYear=2026 (POST form),Reserve Bank of India,2026-09-28
2026,3,2,2026-03-02,Lucknow,Holika Dahan,NI Act holiday,https://www.rbi.org.in/Scripts/HolidayMatrixDisplay.aspx?drRegionalOffice=0&drMonth=3&drYear=2026 (POST form),Reserve Bank of India,2026-09-28
2026,3,3,2026-03-03,Lucknow,Holi (Second Day)/Dol Jatra/Dhulandi/Holika Dahan/Attukal Pongala,NI Act holiday,https://www.rbi.org.in/Scripts/HolidayMatrixDisplay.aspx?drRegionalOffice=0&drMonth=3&drYear=2026 (POST form),Reserve Bank of India,2026-09-28
2026,3,4,2026-03-04,Lucknow,Holi/Holi 2nd Day – Dhuleti/Yaosang 2nd Day/Dol Jatra,NI Act holiday,https://www.rbi.org.in/Scripts/HolidayMatrixDisplay.aspx?drRegionalOffice=0&drMonth=3&drYear=2026 (POST form),Reserve Bank of India,2026-09-28
2026,3,21,2026-03-21,Lucknow,Ramzan-Id (Id-Ul-Fitr) (Shawal-1)/Khutub-E-Ramzan/Sarhul,NI Act holiday,https://www.rbi.org.in/Scripts/HolidayMatrixDisplay.aspx?drRegionalOffice=0&drMonth=3&drYear=2026 (POST form),Reserve Bank of India,2026-09-28
2026,3,26,2026-03-26,Lucknow,Shree Ram Navami,NI Act holiday,https://www.rbi.org.in/Scripts/HolidayMatrixDisplay.aspx?drRegionalOffice=0&drMonth=3&drYear=2026 (POST form),Reserve Bank of India,2026-09-28
2026,3,31,2026-03-31,Lucknow,Mahavir Janmakalyanak/Mahavir Jayanti,NI Act holiday,https://www.rbi.org.in/Scripts/HolidayMatrixDisplay.aspx?drRegionalOffice=0&drMonth=3&drYear=2026 (POST form),Reserve Bank of India,2026-09-28
2026,3,3,2026-03-03,Mumbai,Holi (Second Day)/Dol Jatra/Dhulandi/Holika Dahan/Attukal Pongala,NI Act holiday,https://www.rbi.org.in/Scripts/HolidayMatrixDisplay.aspx?drRegionalOffice=0&drMonth=3&drYear=2026 (POST form),Reserve Bank of India,2026-09-28
2026,3,19,2026-03-19,Mumbai,Gudhi Padwa/Ugadi Festival/Telugu New Year's Day/Sajibu Nongmapanba (Cheiraoba)/1st Navratra,NI Act holiday,https://www.rbi.org.in/Scripts/HolidayMatrixDisplay.aspx?drRegionalOffice=0&drMonth=3&drYear=2026 (POST form),Reserve Bank of India,2026-09-28
2026,3,21,2026-03-21,Mumbai,Ramzan-Id (Id-Ul-Fitr) (Shawal-1)/Khutub-E-Ramzan/Sarhul,NI Act holiday,https://www.rbi.org.in/Scripts/HolidayMatrixDisplay.aspx?drRegionalOffice=0&drMonth=3&drYear=2026 (POST form),Reserve Bank of India,2026-09-28
2026,3,26,2026-03-26,Mumbai,Shree Ram Navami,NI Act holiday,https://www.rbi.org.in/Scripts/HolidayMatrixDisplay.aspx?drRegionalOffice=0&drMonth=3&drYear=2026 (POST form),Reserve Bank of India,2026-09-28
2026,3,31,2026-03-31,Mumbai,Mahavir Janmakalyanak/Mahavir Jayanti,NI Act holiday,https://www.rbi.org.in/Scripts/HolidayMatrixDisplay.aspx?drRegionalOffice=0&drMonth=3&drYear=2026 (POST form),Reserve Bank of India,2026-09-28
2026,3,3,2026-03-03,Nagpur,Holi (Second Day)/Dol Jatra/Dhulandi/Holika Dahan/Attukal Pongala,NI Act holiday,https://www.rbi.org.in/Scripts/HolidayMatrixDisplay.aspx?drRegionalOffice=0&drMonth=3&drYear=2026 (POST form),Reserve Bank of India,2026-09-28
2026,3,19,2026-03-19,Nagpur,Gudhi Padwa/Ugadi Festival/Telugu New Year's Day/Sajibu Nongmapanba (Cheiraoba)/1st Navratra,NI Act holiday,https://www.rbi.org.in/Scripts/HolidayMatrixDisplay.aspx?drRegionalOffice=0&drMonth=3&drYear=2026 (POST form),Reserve Bank of India,2026-09-28
2026,3,21,2026-03-21,Nagpur,Ramzan-Id (Id-Ul-Fitr) (Shawal-1)/Khutub-E-Ramzan/Sarhul,NI Act holiday,https://www.rbi.org.in/Scripts/HolidayMatrixDisplay.aspx?drRegionalOffice=0&drMonth=3&drYear=2026 (POST form),Reserve Bank of India,2026-09-28
2026,3,26,2026-03-26,Nagpur,Shree Ram Navami,NI Act holiday,https://www.rbi.org.in/Scripts/HolidayMatrixDisplay.aspx?drRegionalOffice=0&drMonth=3&drYear=2026 (POST form),Reserve Bank of India,2026-09-28
2026,3,31,2026-03-31,Nagpur,Mahavir Janmakalyanak/Mahavir Jayanti,NI Act holiday,https://www.rbi.org.in/Scripts/HolidayMatrixDisplay.aspx?drRegionalOffice=0&drMonth=3&drYear=2026 (POST form),Reserve Bank of India,2026-09-28
2026,3,4,2026-03-04,New Delhi,Holi/Holi 2nd Day – Dhuleti/Yaosang 2nd Day/Dol Jatra,NI Act holiday,https://www.rbi.org.in/Scripts/HolidayMatrixDisplay.aspx?drRegionalOffice=0&drMonth=3&drYear=2026 (POST form),Reserve Bank of India,2026-09-28
2026,3,21,2026-03-21,New Delhi,Ramzan-Id (Id-Ul-Fitr) (Shawal-1)/Khutub-E-Ramzan/Sarhul,NI Act holiday,https://www.rbi.org.in/Scripts/HolidayMatrixDisplay.aspx?drRegionalOffice=0&drMonth=3&drYear=2026 (POST form),Reserve Bank of India,2026-09-28
2026,3,31,2026-03-31,New Delhi,Mahavir Janmakalyanak/Mahavir Jayanti,NI Act holiday,https://www.rbi.org.in/Scripts/HolidayMatrixDisplay.aspx?drRegionalOffice=0&drMonth=3&drYear=2026 (POST form),Reserve Bank of India,2026-09-28
2026,3,3,2026-03-03,Panaji,Holi (Second Day)/Dol Jatra/Dhulandi/Holika Dahan/Attukal Pongala,NI Act holiday,https://www.rbi.org.in/Scripts/HolidayMatrixDisplay.aspx?drRegionalOffice=0&drMonth=3&drYear=2026 (POST form),Reserve Bank of India,2026-09-28
2026,3,19,2026-03-19,Panaji,Gudhi Padwa/Ugadi Festival/Telugu New Year's Day/Sajibu Nongmapanba (Cheiraoba)/1st Navratra,NI Act holiday,https://www.rbi.org.in/Scripts/HolidayMatrixDisplay.aspx?drRegionalOffice=0&drMonth=3&drYear=2026 (POST form),Reserve Bank of India,2026-09-28
2026,3,21,2026-03-21,Panaji,Ramzan-Id (Id-Ul-Fitr) (Shawal-1)/Khutub-E-Ramzan/Sarhul,NI Act holiday,https://www.rbi.org.in/Scripts/HolidayMatrixDisplay.aspx?drRegionalOffice=0&drMonth=3&drYear=2026 (POST form),Reserve Bank of India,2026-09-28
2026,3,3,2026-03-03,Patna,Holi (Second Day)/Dol Jatra/Dhulandi/Holika Dahan/Attukal Pongala,NI Act holiday,https://www.rbi.org.in/Scripts/HolidayMatrixDisplay.aspx?drRegionalOffice=0&drMonth=3&drYear=2026 (POST form),Reserve Bank of India,2026-09-28
2026,3,4,2026-03-04,Patna,Holi/Holi 2nd Day – Dhuleti/Yaosang 2nd Day/Dol Jatra,NI Act holiday,https://www.rbi.org.in/Scripts/HolidayMatrixDisplay.aspx?drRegionalOffice=0&drMonth=3&drYear=2026 (POST form),Reserve Bank of India,2026-09-28
2026,3,21,2026-03-21,Patna,Ramzan-Id (Id-Ul-Fitr) (Shawal-1)/Khutub-E-Ramzan/Sarhul,NI Act holiday,https://www.rbi.org.in/Scripts/HolidayMatrixDisplay.aspx?drRegionalOffice=0&drMonth=3&drYear=2026 (POST form),Reserve Bank of India,2026-09-28
2026,3,27,2026-03-27,Patna,Shree Ram Navami (Chaite Dasain),NI Act holiday,https://www.rbi.org.in/Scripts/HolidayMatrixDisplay.aspx?drRegionalOffice=0&drMonth=3&drYear=2026 (POST form),Reserve Bank of India,2026-09-28
2026,3,31,2026-03-31,Patna,Mahavir Janmakalyanak/Mahavir Jayanti,NI Act holiday,https://www.rbi.org.in/Scripts/HolidayMatrixDisplay.aspx?drRegionalOffice=0&drMonth=3&drYear=2026 (POST form),Reserve Bank of India,2026-09-28
2026,3,4,2026-03-04,Raipur,Holi/Holi 2nd Day – Dhuleti/Yaosang 2nd Day/Dol Jatra,NI Act holiday,https://www.rbi.org.in/Scripts/HolidayMatrixDisplay.aspx?drRegionalOffice=0&drMonth=3&drYear=2026 (POST form),Reserve Bank of India,2026-09-28
2026,3,21,2026-03-21,Raipur,Ramzan-Id (Id-Ul-Fitr) (Shawal-1)/Khutub-E-Ramzan/Sarhul,NI Act holiday,https://www.rbi.org.in/Scripts/HolidayMatrixDisplay.aspx?drRegionalOffice=0&drMonth=3&drYear=2026 (POST form),Reserve Bank of India,2026-09-28
2026,3,31,2026-03-31,Raipur,Mahavir Janmakalyanak/Mahavir Jayanti,NI Act holiday,https://www.rbi.org.in/Scripts/HolidayMatrixDisplay.aspx?drRegionalOffice=0&drMonth=3&drYear=2026 (POST form),Reserve Bank of India,2026-09-28
2026,3,3,2026-03-03,Ranchi,Holi (Second Day)/Dol Jatra/Dhulandi/Holika Dahan/Attukal Pongala,NI Act holiday,https://www.rbi.org.in/Scripts/HolidayMatrixDisplay.aspx?drRegionalOffice=0&drMonth=3&drYear=2026 (POST form),Reserve Bank of India,2026-09-28
2026,3,4,2026-03-04,Ranchi,Holi/Holi 2nd Day – Dhuleti/Yaosang 2nd Day/Dol Jatra,NI Act holiday,https://www.rbi.org.in/Scripts/HolidayMatrixDisplay.aspx?drRegionalOffice=0&drMonth=3&drYear=2026 (POST form),Reserve Bank of India,2026-09-28
2026,3,21,2026-03-21,Ranchi,Ramzan-Id (Id-Ul-Fitr) (Shawal-1)/Khutub-E-Ramzan/Sarhul,NI Act holiday,https://www.rbi.org.in/Scripts/HolidayMatrixDisplay.aspx?drRegionalOffice=0&drMonth=3&drYear=2026 (POST form),Reserve Bank of India,2026-09-28
2026,3,27,2026-03-27,Ranchi,Shree Ram Navami (Chaite Dasain),NI Act holiday,https://www.rbi.org.in/Scripts/HolidayMatrixDisplay.aspx?drRegionalOffice=0&drMonth=3&drYear=2026 (POST form),Reserve Bank of India,2026-09-28
2026,3,31,2026-03-31,Ranchi,Mahavir Janmakalyanak/Mahavir Jayanti,NI Act holiday,https://www.rbi.org.in/Scripts/HolidayMatrixDisplay.aspx?drRegionalOffice=0&drMonth=3&drYear=2026 (POST form),Reserve Bank of India,2026-09-28
2026,3,4,2026-03-04,Shillong,Holi/Holi 2nd Day – Dhuleti/Yaosang 2nd Day/Dol Jatra,NI Act holiday,https://www.rbi.org.in/Scripts/HolidayMatrixDisplay.aspx?drRegionalOffice=0&drMonth=3&drYear=2026 (POST form),Reserve Bank of India,2026-09-28
2026,3,21,2026-03-21,Shillong,Ramzan-Id (Id-Ul-Fitr) (Shawal-1)/Khutub-E-Ramzan/Sarhul,NI Act holiday,https://www.rbi.org.in/Scripts/HolidayMatrixDisplay.aspx?drRegionalOffice=0&drMonth=3&drYear=2026 (POST form),Reserve Bank of India,2026-09-28
2026,3,4,2026-03-04,Shimla,Holi/Holi 2nd Day – Dhuleti/Yaosang 2nd Day/Dol Jatra,NI Act holiday,https://www.rbi.org.in/Scripts/HolidayMatrixDisplay.aspx?drRegionalOffice=0&drMonth=3&drYear=2026 (POST form),Reserve Bank of India,2026-09-28
2026,3,26,2026-03-26,Shimla,Shree Ram Navami,NI Act holiday,https://www.rbi.org.in/Scripts/HolidayMatrixDisplay.aspx?drRegionalOffice=0&drMonth=3&drYear=2026 (POST form),Reserve Bank of India,2026-09-28
2026,3,13,2026-03-13,Srinagar,Chapchar Kut/Jumat-ul-Vida,NI Act holiday,https://www.rbi.org.in/Scripts/HolidayMatrixDisplay.aspx?drRegionalOffice=0&drMonth=3&drYear=2026 (POST form),Reserve Bank of India,2026-09-28
2026,3,17,2026-03-17,Srinagar,Shab-I-Qadr,NI Act holiday,https://www.rbi.org.in/Scripts/HolidayMatrixDisplay.aspx?drRegionalOffice=0&drMonth=3&drYear=2026 (POST form),Reserve Bank of India,2026-09-28
2026,3,19,2026-03-19,Srinagar,Gudhi Padwa/Ugadi Festival/Telugu New Year's Day/Sajibu Nongmapanba (Cheiraoba)/1st Navratra,NI Act holiday,https://www.rbi.org.in/Scripts/HolidayMatrixDisplay.aspx?drRegionalOffice=0&drMonth=3&drYear=2026 (POST form),Reserve Bank of India,2026-09-28
2026,3,21,2026-03-21,Srinagar,Ramzan-Id (Id-Ul-Fitr) (Shawal-1)/Khutub-E-Ramzan/Sarhul,NI Act holiday,https://www.rbi.org.in/Scripts/HolidayMatrixDisplay.aspx?drRegionalOffice=0&drMonth=3&drYear=2026 (POST form),Reserve Bank of India,2026-09-28
2026,3,3,2026-03-03,Thiruvananthapuram,Holi (Second Day)/Dol Jatra/Dhulandi/Holika Dahan/Attukal Pongala,NI Act holiday,https://www.rbi.org.in/Scripts/HolidayMatrixDisplay.aspx?drRegionalOffice=0&drMonth=3&drYear=2026 (POST form),Reserve Bank of India,2026-09-28
2026,3,20,2026-03-20,Thiruvananthapuram,Eid-Ul-Fitr (Ramzan),NI Act holiday,https://www.rbi.org.in/Scripts/HolidayMatrixDisplay.aspx?drRegionalOffice=0&drMonth=3&drYear=2026 (POST form),Reserve Bank of India,2026-09-28
2026,3,3,2026-03-03,Vijayawada,Holi (Second Day)/Dol Jatra/Dhulandi/Holika Dahan/Attukal Pongala,NI Act holiday,https://www.rbi.org.in/Scripts/HolidayMatrixDisplay.aspx?drRegionalOffice=0&drMonth=3&drYear=2026 (POST form),Reserve Bank of India,2026-09-28
2026,3,19,2026-03-19,Vijayawada,Gudhi Padwa/Ugadi Festival/Telugu New Year's Day/Sajibu Nongmapanba (Cheiraoba)/1st Navratra,NI Act holiday,https://www.rbi.org.in/Scripts/HolidayMatrixDisplay.aspx?drRegionalOffice=0&drMonth=3&drYear=2026 (POST form),Reserve Bank of India,2026-09-28
2026,3,21,2026-03-21,Vijayawada,Ramzan-Id (Id-Ul-Fitr) (Shawal-1)/Khutub-E-Ramzan/Sarhul,NI Act holiday,https://www.rbi.org.in/Scripts/HolidayMatrixDisplay.aspx?drRegionalOffice=0&drMonth=3&drYear=2026 (POST form),Reserve Bank of India,2026-09-28
2026,3,27,2026-03-27,Vijayawada,Shree Ram Navami (Chaite Dasain),NI Act holiday,https://www.rbi.org.in/Scripts/HolidayMatrixDisplay.aspx?drRegionalOffice=0&drMonth=3&drYear=2026 (POST form),Reserve Bank of India,2026-09-28
2026,4,14,2026-04-14,Agartala,Dr. Babasaheb Ambedkar Jayanti/Maha Vishuva Sankranti/Biju/Buisu Festival/Tamil New Year's Day/Bohag Bihu/Cheiraoba/Baisakhi,NI Act holiday,https://www.rbi.org.in/Scripts/HolidayMatrixDisplay.aspx?drRegionalOffice=0&drMonth=4&drYear=2026 (POST form),Reserve Bank of India,2026-09-28
2026,4,15,2026-04-15,Agartala,Bengali New Year’s Day (Nababarsha)/Bohag Bihu/Vishu/Himachal Day,NI Act holiday,https://www.rbi.org.in/Scripts/HolidayMatrixDisplay.aspx?drRegionalOffice=0&drMonth=4&drYear=2026 (POST form),Reserve Bank of India,2026-09-28
2026,4,21,2026-04-21,Agartala,"Garia Puja/General Election to Aizawl Municipal Corporation, 2026",NI Act holiday,https://www.rbi.org.in/Scripts/HolidayMatrixDisplay.aspx?drRegionalOffice=0&drMonth=4&drYear=2026 (POST form),Reserve Bank of India,2026-09-28
2026,4,3,2026-04-03,Ahmedabad,Good Friday,NI Act holiday,https://www.rbi.org.in/Scripts/HolidayMatrixDisplay.aspx?drRegionalOffice=0&drMonth=4&drYear=2026 (POST form),Reserve Bank of India,2026-09-28
2026,4,14,2026-04-14,Ahmedabad,Dr. Babasaheb Ambedkar Jayanti/Maha Vishuva Sankranti/Biju/Buisu Festival/Tamil New Year's Day/Bohag Bihu/Cheiraoba/Baisakhi,NI Act holiday,https://www.rbi.org.in/Scripts/HolidayMatrixDisplay.aspx?drRegionalOffice=0&drMonth=4&drYear=2026 (POST form),Reserve Bank of India,2026-09-28
2026,4,3,2026-04-03,Aizawl,Good Friday,NI Act holiday,https://www.rbi.org.in/Scripts/HolidayMatrixDisplay.aspx?drRegionalOffice=0&drMonth=4&drYear=2026 (POST form),Reserve Bank of India,2026-09-28
2026,4,14,2026-04-14,Aizawl,Dr. Babasaheb Ambedkar Jayanti/Maha Vishuva Sankranti/Biju/Buisu Festival/Tamil New Year's Day/Bohag Bihu/Cheiraoba/Baisakhi,NI Act holiday,https://www.rbi.org.in/Scripts/HolidayMatrixDisplay.aspx?drRegionalOffice=0&drMonth=4&drYear=2026 (POST form),Reserve Bank of India,2026-09-28
2026,4,21,2026-04-21,Aizawl,"Garia Puja/General Election to Aizawl Municipal Corporation, 2026",NI Act holiday,https://www.rbi.org.in/Scripts/HolidayMatrixDisplay.aspx?drRegionalOffice=0&drMonth=4&drYear=2026 (POST form),Reserve Bank of India,2026-09-28
2026,4,3,2026-04-03,Belapur,Good Friday,NI Act holiday,https://www.rbi.org.in/Scripts/HolidayMatrixDisplay.aspx?drRegionalOffice=0&drMonth=4&drYear=2026 (POST form),Reserve Bank of India,2026-09-28
2026,4,14,2026-04-14,Belapur,Dr. Babasaheb Ambedkar Jayanti/Maha Vishuva Sankranti/Biju/Buisu Festival/Tamil New Year's Day/Bohag Bihu/Cheiraoba/Baisakhi,NI Act holiday,https://www.rbi.org.in/Scripts/HolidayMatrixDisplay.aspx?drRegionalOffice=0&drMonth=4&drYear=2026 (POST form),Reserve Bank of India,2026-09-28
2026,4,3,2026-04-03,Bengaluru,Good Friday,NI Act holiday,https://www.rbi.org.in/Scripts/HolidayMatrixDisplay.aspx?drRegionalOffice=0&drMonth=4&drYear=2026 (POST form),Reserve Bank of India,2026-09-28
2026,4,14,2026-04-14,Bengaluru,Dr. Babasaheb Ambedkar Jayanti/Maha Vishuva Sankranti/Biju/Buisu Festival/Tamil New Year's Day/Bohag Bihu/Cheiraoba/Baisakhi,NI Act holiday,https://www.rbi.org.in/Scripts/HolidayMatrixDisplay.aspx?drRegionalOffice=0&drMonth=4&drYear=2026 (POST form),Reserve Bank of India,2026-09-28
2026,4,20,2026-04-20,Bengaluru,Basava Jayanti / Akshaya Tritiya,NI Act holiday,https://www.rbi.org.in/Scripts/HolidayMatrixDisplay.aspx?drRegionalOffice=0&drMonth=4&drYear=2026 (POST form),Reserve Bank of India,2026-09-28
2026,4,3,2026-04-03,Bhopal,Good Friday,NI Act holiday,https://www.rbi.org.in/Scripts/HolidayMatrixDisplay.aspx?drRegionalOffice=0&drMonth=4&drYear=2026 (POST form),Reserve Bank of India,2026-09-28
2026,4,14,2026-04-14,Bhopal,Dr. Babasaheb Ambedkar Jayanti/Maha Vishuva Sankranti/Biju/Buisu Festival/Tamil New Year's Day/Bohag Bihu/Cheiraoba/Baisakhi,NI Act holiday,https://www.rbi.org.in/Scripts/HolidayMatrixDisplay.aspx?drRegionalOffice=0&drMonth=4&drYear=2026 (POST form),Reserve Bank of India,2026-09-28
2026,4,3,2026-04-03,Bhubaneswar,Good Friday,NI Act holiday,https://www.rbi.org.in/Scripts/HolidayMatrixDisplay.aspx?drRegionalOffice=0&drMonth=4&drYear=2026 (POST form),Reserve Bank of India,2026-09-28
2026,4,14,2026-04-14,Bhubaneswar,Dr. Babasaheb Ambedkar Jayanti/Maha Vishuva Sankranti/Biju/Buisu Festival/Tamil New Year's Day/Bohag Bihu/Cheiraoba/Baisakhi,NI Act holiday,https://www.rbi.org.in/Scripts/HolidayMatrixDisplay.aspx?drRegionalOffice=0&drMonth=4&drYear=2026 (POST form),Reserve Bank of India,2026-09-28
2026,4,14,2026-04-14,Chandigarh,Dr. Babasaheb Ambedkar Jayanti/Maha Vishuva Sankranti/Biju/Buisu Festival/Tamil New Year's Day/Bohag Bihu/Cheiraoba/Baisakhi,NI Act holiday,https://www.rbi.org.in/Scripts/HolidayMatrixDisplay.aspx?drRegionalOffice=0&drMonth=4&drYear=2026 (POST form),Reserve Bank of India,2026-09-28
2026,4,3,2026-04-03,Chennai,Good Friday,NI Act holiday,https://www.rbi.org.in/Scripts/HolidayMatrixDisplay.aspx?drRegionalOffice=0&drMonth=4&drYear=2026 (POST form),Reserve Bank of India,2026-09-28
2026,4,14,2026-04-14,Chennai,Dr. Babasaheb Ambedkar Jayanti/Maha Vishuva Sankranti/Biju/Buisu Festival/Tamil New Year's Day/Bohag Bihu/Cheiraoba/Baisakhi,NI Act holiday,https://www.rbi.org.in/Scripts/HolidayMatrixDisplay.aspx?drRegionalOffice=0&drMonth=4&drYear=2026 (POST form),Reserve Bank of India,2026-09-28
2026,4,23,2026-04-23,Chennai,General Elections to Tamil Nadu Legislative Assembly 2026,NI Act holiday,https://www.rbi.org.in/Scripts/HolidayMatrixDisplay.aspx?drRegionalOffice=0&drMonth=4&drYear=2026 (POST form),Reserve Bank of India,2026-09-28
2026,4,3,2026-04-03,Dehradun,Good Friday,NI Act holiday,https://www.rbi.org.in/Scripts/HolidayMatrixDisplay.aspx?drRegionalOffice=0&drMonth=4&drYear=2026 (POST form),Reserve Bank of India,2026-09-28
2026,4,14,2026-04-14,Dehradun,Dr. Babasaheb Ambedkar Jayanti/Maha Vishuva Sankranti/Biju/Buisu Festival/Tamil New Year's Day/Bohag Bihu/Cheiraoba/Baisakhi,NI Act holiday,https://www.rbi.org.in/Scripts/HolidayMatrixDisplay.aspx?drRegionalOffice=0&drMonth=4&drYear=2026 (POST form),Reserve Bank of India,2026-09-28
2026,4,3,2026-04-03,Gangtok,Good Friday,NI Act holiday,https://www.rbi.org.in/Scripts/HolidayMatrixDisplay.aspx?drRegionalOffice=0&drMonth=4&drYear=2026 (POST form),Reserve Bank of India,2026-09-28
2026,4,14,2026-04-14,Gangtok,Dr. Babasaheb Ambedkar Jayanti/Maha Vishuva Sankranti/Biju/Buisu Festival/Tamil New Year's Day/Bohag Bihu/Cheiraoba/Baisakhi,NI Act holiday,https://www.rbi.org.in/Scripts/HolidayMatrixDisplay.aspx?drRegionalOffice=0&drMonth=4&drYear=2026 (POST form),Reserve Bank of India,2026-09-28
2026,4,14,2026-04-14,Guwahati,Dr. Babasaheb Ambedkar Jayanti/Maha Vishuva Sankranti/Biju/Buisu Festival/Tamil New Year's Day/Bohag Bihu/Cheiraoba/Baisakhi,NI Act holiday,https://www.rbi.org.in/Scripts/HolidayMatrixDisplay.aspx?drRegionalOffice=0&drMonth=4&drYear=2026 (POST form),Reserve Bank of India,2026-09-28
2026,4,15,2026-04-15,Guwahati,Bengali New Year’s Day (Nababarsha)/Bohag Bihu/Vishu/Himachal Day,NI Act holiday,https://www.rbi.org.in/Scripts/HolidayMatrixDisplay.aspx?drRegionalOffice=0&drMonth=4&drYear=2026 (POST form),Reserve Bank of India,2026-09-28
2026,4,16,2026-04-16,Guwahati,Bohag Bihu,NI Act holiday,https://www.rbi.org.in/Scripts/HolidayMatrixDisplay.aspx?drRegionalOffice=0&drMonth=4&drYear=2026 (POST form),Reserve Bank of India,2026-09-28
2026,4,3,2026-04-03,Hyderabad,Good Friday,NI Act holiday,https://www.rbi.org.in/Scripts/HolidayMatrixDisplay.aspx?drRegionalOffice=0&drMonth=4&drYear=2026 (POST form),Reserve Bank of India,2026-09-28
2026,4,14,2026-04-14,Hyderabad,Dr. Babasaheb Ambedkar Jayanti/Maha Vishuva Sankranti/Biju/Buisu Festival/Tamil New Year's Day/Bohag Bihu/Cheiraoba/Baisakhi,NI Act holiday,https://www.rbi.org.in/Scripts/HolidayMatrixDisplay.aspx?drRegionalOffice=0&drMonth=4&drYear=2026 (POST form),Reserve Bank of India,2026-09-28
2026,4,3,2026-04-03,Imphal,Good Friday,NI Act holiday,https://www.rbi.org.in/Scripts/HolidayMatrixDisplay.aspx?drRegionalOffice=0&drMonth=4&drYear=2026 (POST form),Reserve Bank of India,2026-09-28
2026,4,14,2026-04-14,Imphal,Dr. Babasaheb Ambedkar Jayanti/Maha Vishuva Sankranti/Biju/Buisu Festival/Tamil New Year's Day/Bohag Bihu/Cheiraoba/Baisakhi,NI Act holiday,https://www.rbi.org.in/Scripts/HolidayMatrixDisplay.aspx?drRegionalOffice=0&drMonth=4&drYear=2026 (POST form),Reserve Bank of India,2026-09-28
2026,4,3,2026-04-03,Itanagar,Good Friday,NI Act holiday,https://www.rbi.org.in/Scripts/HolidayMatrixDisplay.aspx?drRegionalOffice=0&drMonth=4&drYear=2026 (POST form),Reserve Bank of India,2026-09-28
2026,4,14,2026-04-14,Itanagar,Dr. Babasaheb Ambedkar Jayanti/Maha Vishuva Sankranti/Biju/Buisu Festival/Tamil New Year's Day/Bohag Bihu/Cheiraoba/Baisakhi,NI Act holiday,https://www.rbi.org.in/Scripts/HolidayMatrixDisplay.aspx?drRegionalOffice=0&drMonth=4&drYear=2026 (POST form),Reserve Bank of India,2026-09-28
2026,4,15,2026-04-15,Itanagar,Bengali New Year’s Day (Nababarsha)/Bohag Bihu/Vishu/Himachal Day,NI Act holiday,https://www.rbi.org.in/Scripts/HolidayMatrixDisplay.aspx?drRegionalOffice=0&drMonth=4&drYear=2026 (POST form),Reserve Bank of India,2026-09-28
2026,4,14,2026-04-14,Jaipur,Dr. Babasaheb Ambedkar Jayanti/Maha Vishuva Sankranti/Biju/Buisu Festival/Tamil New Year's Day/Bohag Bihu/Cheiraoba/Baisakhi,NI Act holiday,https://www.rbi.org.in/Scripts/HolidayMatrixDisplay.aspx?drRegionalOffice=0&drMonth=4&drYear=2026 (POST form),Reserve Bank of India,2026-09-28
2026,4,14,2026-04-14,Jammu,Dr. Babasaheb Ambedkar Jayanti/Maha Vishuva Sankranti/Biju/Buisu Festival/Tamil New Year's Day/Bohag Bihu/Cheiraoba/Baisakhi,NI Act holiday,https://www.rbi.org.in/Scripts/HolidayMatrixDisplay.aspx?drRegionalOffice=0&drMonth=4&drYear=2026 (POST form),Reserve Bank of India,2026-09-28
2026,4,3,2026-04-03,Kanpur,Good Friday,NI Act holiday,https://www.rbi.org.in/Scripts/HolidayMatrixDisplay.aspx?drRegionalOffice=0&drMonth=4&drYear=2026 (POST form),Reserve Bank of India,2026-09-28
2026,4,14,2026-04-14,Kanpur,Dr. Babasaheb Ambedkar Jayanti/Maha Vishuva Sankranti/Biju/Buisu Festival/Tamil New Year's Day/Bohag Bihu/Cheiraoba/Baisakhi,NI Act holiday,https://www.rbi.org.in/Scripts/HolidayMatrixDisplay.aspx?drRegionalOffice=0&drMonth=4&drYear=2026 (POST form),Reserve Bank of India,2026-09-28
2026,4,2,2026-04-02,Kochi,Maundy Thursday,NI Act holiday,https://www.rbi.org.in/Scripts/HolidayMatrixDisplay.aspx?drRegionalOffice=0&drMonth=4&drYear=2026 (POST form),Reserve Bank of India,2026-09-28
2026,4,3,2026-04-03,Kochi,Good Friday,NI Act holiday,https://www.rbi.org.in/Scripts/HolidayMatrixDisplay.aspx?drRegionalOffice=0&drMonth=4&drYear=2026 (POST form),Reserve Bank of India,2026-09-28
2026,4,9,2026-04-09,Kochi,General Election to Kerala Legislative Assembly 2026,NI Act holiday,https://www.rbi.org.in/Scripts/HolidayMatrixDisplay.aspx?drRegionalOffice=0&drMonth=4&drYear=2026 (POST form),Reserve Bank of India,2026-09-28
2026,4,14,2026-04-14,Kochi,Dr. Babasaheb Ambedkar Jayanti/Maha Vishuva Sankranti/Biju/Buisu Festival/Tamil New Year's Day/Bohag Bihu/Cheiraoba/Baisakhi,NI Act holiday,https://www.rbi.org.in/Scripts/HolidayMatrixDisplay.aspx?drRegionalOffice=0&drMonth=4&drYear=2026 (POST form),Reserve Bank of India,2026-09-28
2026,4,15,2026-04-15,Kochi,Bengali New Year’s Day (Nababarsha)/Bohag Bihu/Vishu/Himachal Day,NI Act holiday,https://www.rbi.org.in/Scripts/HolidayMatrixDisplay.aspx?drRegionalOffice=0&drMonth=4&drYear=2026 (POST form),Reserve Bank of India,2026-09-28
2026,4,3,2026-04-03,Kohima,Good Friday,NI Act holiday,https://www.rbi.org.in/Scripts/HolidayMatrixDisplay.aspx?drRegionalOffice=0&drMonth=4&drYear=2026 (POST form),Reserve Bank of India,2026-09-28
2026,4,3,2026-04-03,Kolkata,Good Friday,NI Act holiday,https://www.rbi.org.in/Scripts/HolidayMatrixDisplay.aspx?drRegionalOffice=0&drMonth=4&drYear=2026 (POST form),Reserve Bank of India,2026-09-28
2026,4,14,2026-04-14,Kolkata,Dr. Babasaheb Ambedkar Jayanti/Maha Vishuva Sankranti/Biju/Buisu Festival/Tamil New Year's Day/Bohag Bihu/Cheiraoba/Baisakhi,NI Act holiday,https://www.rbi.org.in/Scripts/HolidayMatrixDisplay.aspx?drRegionalOffice=0&drMonth=4&drYear=2026 (POST form),Reserve Bank of India,2026-09-28
2026,4,15,2026-04-15,Kolkata,Bengali New Year’s Day (Nababarsha)/Bohag Bihu/Vishu/Himachal Day,NI Act holiday,https://www.rbi.org.in/Scripts/HolidayMatrixDisplay.aspx?drRegionalOffice=0&drMonth=4&drYear=2026 (POST form),Reserve Bank of India,2026-09-28
2026,4,29,2026-04-29,Kolkata,General Elections to West Bengal Legislative Assembly 2026,NI Act holiday,https://www.rbi.org.in/Scripts/HolidayMatrixDisplay.aspx?drRegionalOffice=0&drMonth=4&drYear=2026 (POST form),Reserve Bank of India,2026-09-28
2026,4,3,2026-04-03,Lucknow,Good Friday,NI Act holiday,https://www.rbi.org.in/Scripts/HolidayMatrixDisplay.aspx?drRegionalOffice=0&drMonth=4&drYear=2026 (POST form),Reserve Bank of India,2026-09-28
2026,4,14,2026-04-14,Lucknow,Dr. Babasaheb Ambedkar Jayanti/Maha Vishuva Sankranti/Biju/Buisu Festival/Tamil New Year's Day/Bohag Bihu/Cheiraoba/Baisakhi,NI Act holiday,https://www.rbi.org.in/Scripts/HolidayMatrixDisplay.aspx?drRegionalOffice=0&drMonth=4&drYear=2026 (POST form),Reserve Bank of India,2026-09-28
2026,4,3,2026-04-03,Mumbai,Good Friday,NI Act holiday,https://www.rbi.org.in/Scripts/HolidayMatrixDisplay.aspx?drRegionalOffice=0&drMonth=4&drYear=2026 (POST form),Reserve Bank of India,2026-09-28
2026,4,14,2026-04-14,Mumbai,Dr. Babasaheb Ambedkar Jayanti/Maha Vishuva Sankranti/Biju/Buisu Festival/Tamil New Year's Day/Bohag Bihu/Cheiraoba/Baisakhi,NI Act holiday,https://www.rbi.org.in/Scripts/HolidayMatrixDisplay.aspx?drRegionalOffice=0&drMonth=4&drYear=2026 (POST form),Reserve Bank of India,2026-09-28
2026,4,3,2026-04-03,Nagpur,Good Friday,NI Act holiday,https://www.rbi.org.in/Scripts/HolidayMatrixDisplay.aspx?drRegionalOffice=0&drMonth=4&drYear=2026 (POST form),Reserve Bank of India,2026-09-28
2026,4,14,2026-04-14,Nagpur,Dr. Babasaheb Ambedkar Jayanti/Maha Vishuva Sankranti/Biju/Buisu Festival/Tamil New Year's Day/Bohag Bihu/Cheiraoba/Baisakhi,NI Act holiday,https://www.rbi.org.in/Scripts/HolidayMatrixDisplay.aspx?drRegionalOffice=0&drMonth=4&drYear=2026 (POST form),Reserve Bank of India,2026-09-28
2026,4,3,2026-04-03,New Delhi,Good Friday,NI Act holiday,https://www.rbi.org.in/Scripts/HolidayMatrixDisplay.aspx?drRegionalOffice=0&drMonth=4&drYear=2026 (POST form),Reserve Bank of India,2026-09-28
2026,4,14,2026-04-14,New Delhi,Dr. Babasaheb Ambedkar Jayanti/Maha Vishuva Sankranti/Biju/Buisu Festival/Tamil New Year's Day/Bohag Bihu/Cheiraoba/Baisakhi,NI Act holiday,https://www.rbi.org.in/Scripts/HolidayMatrixDisplay.aspx?drRegionalOffice=0&drMonth=4&drYear=2026 (POST form),Reserve Bank of India,2026-09-28
2026,4,3,2026-04-03,Panaji,Good Friday,NI Act holiday,https://www.rbi.org.in/Scripts/HolidayMatrixDisplay.aspx?drRegionalOffice=0&drMonth=4&drYear=2026 (POST form),Reserve Bank of India,2026-09-28
2026,4,14,2026-04-14,Panaji,Dr. Babasaheb Ambedkar Jayanti/Maha Vishuva Sankranti/Biju/Buisu Festival/Tamil New Year's Day/Bohag Bihu/Cheiraoba/Baisakhi,NI Act holiday,https://www.rbi.org.in/Scripts/HolidayMatrixDisplay.aspx?drRegionalOffice=0&drMonth=4&drYear=2026 (POST form),Reserve Bank of India,2026-09-28
2026,4,3,2026-04-03,Patna,Good Friday,NI Act holiday,https://www.rbi.org.in/Scripts/HolidayMatrixDisplay.aspx?drRegionalOffice=0&drMonth=4&drYear=2026 (POST form),Reserve Bank of India,2026-09-28
2026,4,14,2026-04-14,Patna,Dr. Babasaheb Ambedkar Jayanti/Maha Vishuva Sankranti/Biju/Buisu Festival/Tamil New Year's Day/Bohag Bihu/Cheiraoba/Baisakhi,NI Act holiday,https://www.rbi.org.in/Scripts/HolidayMatrixDisplay.aspx?drRegionalOffice=0&drMonth=4&drYear=2026 (POST form),Reserve Bank of India,2026-09-28
2026,4,3,2026-04-03,Raipur,Good Friday,NI Act holiday,https://www.rbi.org.in/Scripts/HolidayMatrixDisplay.aspx?drRegionalOffice=0&drMonth=4&drYear=2026 (POST form),Reserve Bank of India,2026-09-28
2026,4,3,2026-04-03,Ranchi,Good Friday,NI Act holiday,https://www.rbi.org.in/Scripts/HolidayMatrixDisplay.aspx?drRegionalOffice=0&drMonth=4&drYear=2026 (POST form),Reserve Bank of India,2026-09-28
2026,4,14,2026-04-14,Ranchi,Dr. Babasaheb Ambedkar Jayanti/Maha Vishuva Sankranti/Biju/Buisu Festival/Tamil New Year's Day/Bohag Bihu/Cheiraoba/Baisakhi,NI Act holiday,https://www.rbi.org.in/Scripts/HolidayMatrixDisplay.aspx?drRegionalOffice=0&drMonth=4&drYear=2026 (POST form),Reserve Bank of India,2026-09-28
2026,4,3,2026-04-03,Shillong,Good Friday,NI Act holiday,https://www.rbi.org.in/Scripts/HolidayMatrixDisplay.aspx?drRegionalOffice=0&drMonth=4&drYear=2026 (POST form),Reserve Bank of India,2026-09-28
2026,4,13,2026-04-13,Shillong,Shad Suk Mynsiem,NI Act holiday,https://www.rbi.org.in/Scripts/HolidayMatrixDisplay.aspx?drRegionalOffice=0&drMonth=4&drYear=2026 (POST form),Reserve Bank of India,2026-09-28
2026,4,3,2026-04-03,Shimla,Good Friday,NI Act holiday,https://www.rbi.org.in/Scripts/HolidayMatrixDisplay.aspx?drRegionalOffice=0&drMonth=4&drYear=2026 (POST form),Reserve Bank of India,2026-09-28
2026,4,14,2026-04-14,Shimla,Dr. Babasaheb Ambedkar Jayanti/Maha Vishuva Sankranti/Biju/Buisu Festival/Tamil New Year's Day/Bohag Bihu/Cheiraoba/Baisakhi,NI Act holiday,https://www.rbi.org.in/Scripts/HolidayMatrixDisplay.aspx?drRegionalOffice=0&drMonth=4&drYear=2026 (POST form),Reserve Bank of India,2026-09-28
2026,4,15,2026-04-15,Shimla,Bengali New Year’s Day (Nababarsha)/Bohag Bihu/Vishu/Himachal Day,NI Act holiday,https://www.rbi.org.in/Scripts/HolidayMatrixDisplay.aspx?drRegionalOffice=0&drMonth=4&drYear=2026 (POST form),Reserve Bank of India,2026-09-28
2026,4,14,2026-04-14,Srinagar,Dr. Babasaheb Ambedkar Jayanti/Maha Vishuva Sankranti/Biju/Buisu Festival/Tamil New Year's Day/Bohag Bihu/Cheiraoba/Baisakhi,NI Act holiday,https://www.rbi.org.in/Scripts/HolidayMatrixDisplay.aspx?drRegionalOffice=0&drMonth=4&drYear=2026 (POST form),Reserve Bank of India,2026-09-28
2026,4,2,2026-04-02,Thiruvananthapuram,Maundy Thursday,NI Act holiday,https://www.rbi.org.in/Scripts/HolidayMatrixDisplay.aspx?drRegionalOffice=0&drMonth=4&drYear=2026 (POST form),Reserve Bank of India,2026-09-28
2026,4,3,2026-04-03,Thiruvananthapuram,Good Friday,NI Act holiday,https://www.rbi.org.in/Scripts/HolidayMatrixDisplay.aspx?drRegionalOffice=0&drMonth=4&drYear=2026 (POST form),Reserve Bank of India,2026-09-28
2026,4,9,2026-04-09,Thiruvananthapuram,General Election to Kerala Legislative Assembly 2026,NI Act holiday,https://www.rbi.org.in/Scripts/HolidayMatrixDisplay.aspx?drRegionalOffice=0&drMonth=4&drYear=2026 (POST form),Reserve Bank of India,2026-09-28
2026,4,14,2026-04-14,Thiruvananthapuram,Dr. Babasaheb Ambedkar Jayanti/Maha Vishuva Sankranti/Biju/Buisu Festival/Tamil New Year's Day/Bohag Bihu/Cheiraoba/Baisakhi,NI Act holiday,https://www.rbi.org.in/Scripts/HolidayMatrixDisplay.aspx?drRegionalOffice=0&drMonth=4&drYear=2026 (POST form),Reserve Bank of India,2026-09-28
2026,4,15,2026-04-15,Thiruvananthapuram,Bengali New Year’s Day (Nababarsha)/Bohag Bihu/Vishu/Himachal Day,NI Act holiday,https://www.rbi.org.in/Scripts/HolidayMatrixDisplay.aspx?drRegionalOffice=0&drMonth=4&drYear=2026 (POST form),Reserve Bank of India,2026-09-28
2026,4,3,2026-04-03,Vijayawada,Good Friday,NI Act holiday,https://www.rbi.org.in/Scripts/HolidayMatrixDisplay.aspx?drRegionalOffice=0&drMonth=4&drYear=2026 (POST form),Reserve Bank of India,2026-09-28
2026,4,14,2026-04-14,Vijayawada,Dr. Babasaheb Ambedkar Jayanti/Maha Vishuva Sankranti/Biju/Buisu Festival/Tamil New Year's Day/Bohag Bihu/Cheiraoba/Baisakhi,NI Act holiday,https://www.rbi.org.in/Scripts/HolidayMatrixDisplay.aspx?drRegionalOffice=0&drMonth=4&drYear=2026 (POST form),Reserve Bank of India,2026-09-28
2026,5,1,2026-05-01,Agartala,Maharashtra Din/Buddha Pournima/May Day (Labour Day)/Birth Anniversary of Pandit Raghunath Murmu,NI Act holiday,https://www.rbi.org.in/Scripts/HolidayMatrixDisplay.aspx?drRegionalOffice=0&drMonth=5&drYear=2026 (POST form),Reserve Bank of India,2026-09-28
2026,5,26,2026-05-26,Agartala,Birthday of Kazi Nazrul Islam,NI Act holiday,https://www.rbi.org.in/Scripts/HolidayMatrixDisplay.aspx?drRegionalOffice=0&drMonth=5&drYear=2026 (POST form),Reserve Bank of India,2026-09-28
2026,5,28,2026-05-28,Agartala,Bakri ID (Id-Uz-Zuha),NI Act holiday,https://www.rbi.org.in/Scripts/HolidayMatrixDisplay.aspx?drRegionalOffice=0&drMonth=5&drYear=2026 (POST form),Reserve Bank of India,2026-09-28
2026,5,28,2026-05-28,Ahmedabad,Bakri ID (Id-Uz-Zuha),NI Act holiday,https://www.rbi.org.in/Scripts/HolidayMatrixDisplay.aspx?drRegionalOffice=0&drMonth=5&drYear=2026 (POST form),Reserve Bank of India,2026-09-28
2026,5,1,2026-05-01,Aizawl,Maharashtra Din/Buddha Pournima/May Day (Labour Day)/Birth Anniversary of Pandit Raghunath Murmu,NI Act holiday,https://www.rbi.org.in/Scripts/HolidayMatrixDisplay.aspx?drRegionalOffice=0&drMonth=5&drYear=2026 (POST form),Reserve Bank of India,2026-09-28
2026,5,28,2026-05-28,Aizawl,Bakri ID (Id-Uz-Zuha),NI Act holiday,https://www.rbi.org.in/Scripts/HolidayMatrixDisplay.aspx?drRegionalOffice=0&drMonth=5&drYear=2026 (POST form),Reserve Bank of India,2026-09-28
2026,5,1,2026-05-01,Belapur,Maharashtra Din/Buddha Pournima/May Day (Labour Day)/Birth Anniversary of Pandit Raghunath Murmu,NI Act holiday,https://www.rbi.org.in/Scripts/HolidayMatrixDisplay.aspx?drRegionalOffice=0&drMonth=5&drYear=2026 (POST form),Reserve Bank of India,2026-09-28
2026,5,28,2026-05-28,Belapur,Bakri ID (Id-Uz-Zuha),NI Act holiday,https://www.rbi.org.in/Scripts/HolidayMatrixDisplay.aspx?drRegionalOffice=0&drMonth=5&drYear=2026 (POST form),Reserve Bank of India,2026-09-28
2026,5,1,2026-05-01,Bengaluru,Maharashtra Din/Buddha Pournima/May Day (Labour Day)/Birth Anniversary of Pandit Raghunath Murmu,NI Act holiday,https://www.rbi.org.in/Scripts/HolidayMatrixDisplay.aspx?drRegionalOffice=0&drMonth=5&drYear=2026 (POST form),Reserve Bank of India,2026-09-28
2026,5,28,2026-05-28,Bengaluru,Bakri ID (Id-Uz-Zuha),NI Act holiday,https://www.rbi.org.in/Scripts/HolidayMatrixDisplay.aspx?drRegionalOffice=0&drMonth=5&drYear=2026 (POST form),Reserve Bank of India,2026-09-28
2026,5,1,2026-05-01,Bhopal,Maharashtra Din/Buddha Pournima/May Day (Labour Day)/Birth Anniversary of Pandit Raghunath Murmu,NI Act holiday,https://www.rbi.org.in/Scripts/HolidayMatrixDisplay.aspx?drRegionalOffice=0&drMonth=5&drYear=2026 (POST form),Reserve Bank of India,2026-09-28
2026,5,28,2026-05-28,Bhopal,Bakri ID (Id-Uz-Zuha),NI Act holiday,https://www.rbi.org.in/Scripts/HolidayMatrixDisplay.aspx?drRegionalOffice=0&drMonth=5&drYear=2026 (POST form),Reserve Bank of India,2026-09-28
2026,5,1,2026-05-01,Chandigarh,Maharashtra Din/Buddha Pournima/May Day (Labour Day)/Birth Anniversary of Pandit Raghunath Murmu,NI Act holiday,https://www.rbi.org.in/Scripts/HolidayMatrixDisplay.aspx?drRegionalOffice=0&drMonth=5&drYear=2026 (POST form),Reserve Bank of India,2026-09-28
2026,5,28,2026-05-28,Chandigarh,Bakri ID (Id-Uz-Zuha),NI Act holiday,https://www.rbi.org.in/Scripts/HolidayMatrixDisplay.aspx?drRegionalOffice=0&drMonth=5&drYear=2026 (POST form),Reserve Bank of India,2026-09-28
2026,5,1,2026-05-01,Chennai,Maharashtra Din/Buddha Pournima/May Day (Labour Day)/Birth Anniversary of Pandit Raghunath Murmu,NI Act holiday,https://www.rbi.org.in/Scripts/HolidayMatrixDisplay.aspx?drRegionalOffice=0&drMonth=5&drYear=2026 (POST form),Reserve Bank of India,2026-09-28
2026,5,28,2026-05-28,Chennai,Bakri ID (Id-Uz-Zuha),NI Act holiday,https://www.rbi.org.in/Scripts/HolidayMatrixDisplay.aspx?drRegionalOffice=0&drMonth=5&drYear=2026 (POST form),Reserve Bank of India,2026-09-28
2026,5,1,2026-05-01,Dehradun,Maharashtra Din/Buddha Pournima/May Day (Labour Day)/Birth Anniversary of Pandit Raghunath Murmu,NI Act holiday,https://www.rbi.org.in/Scripts/HolidayMatrixDisplay.aspx?drRegionalOffice=0&drMonth=5&drYear=2026 (POST form),Reserve Bank of India,2026-09-28
2026,5,28,2026-05-28,Dehradun,Bakri ID (Id-Uz-Zuha),NI Act holiday,https://www.rbi.org.in/Scripts/HolidayMatrixDisplay.aspx?drRegionalOffice=0&drMonth=5&drYear=2026 (POST form),Reserve Bank of India,2026-09-28
2026,5,16,2026-05-16,Gangtok,State Day,NI Act holiday,https://www.rbi.org.in/Scripts/HolidayMatrixDisplay.aspx?drRegionalOffice=0&drMonth=5&drYear=2026 (POST form),Reserve Bank of India,2026-09-28
2026,5,1,2026-05-01,Guwahati,Maharashtra Din/Buddha Pournima/May Day (Labour Day)/Birth Anniversary of Pandit Raghunath Murmu,NI Act holiday,https://www.rbi.org.in/Scripts/HolidayMatrixDisplay.aspx?drRegionalOffice=0&drMonth=5&drYear=2026 (POST form),Reserve Bank of India,2026-09-28
2026,5,27,2026-05-27,Guwahati,Eid-UI-Adha-(Bakri-Eid)/Id-ul-Zuha,NI Act holiday,https://www.rbi.org.in/Scripts/HolidayMatrixDisplay.aspx?drRegionalOffice=0&drMonth=5&drYear=2026 (POST form),Reserve Bank of India,2026-09-28
2026,5,1,2026-05-01,Hyderabad,Maharashtra Din/Buddha Pournima/May Day (Labour Day)/Birth Anniversary of Pandit Raghunath Murmu,NI Act holiday,https://www.rbi.org.in/Scripts/HolidayMatrixDisplay.aspx?drRegionalOffice=0&drMonth=5&drYear=2026 (POST form),Reserve Bank of India,2026-09-28
2026,5,28,2026-05-28,Hyderabad,Bakri ID (Id-Uz-Zuha),NI Act holiday,https://www.rbi.org.in/Scripts/HolidayMatrixDisplay.aspx?drRegionalOffice=0&drMonth=5&drYear=2026 (POST form),Reserve Bank of India,2026-09-28
2026,5,1,2026-05-01,Imphal,Maharashtra Din/Buddha Pournima/May Day (Labour Day)/Birth Anniversary of Pandit Raghunath Murmu,NI Act holiday,https://www.rbi.org.in/Scripts/HolidayMatrixDisplay.aspx?drRegionalOffice=0&drMonth=5&drYear=2026 (POST form),Reserve Bank of India,2026-09-28
2026,5,28,2026-05-28,Imphal,Bakri ID (Id-Uz-Zuha),NI Act holiday,https://www.rbi.org.in/Scripts/HolidayMatrixDisplay.aspx?drRegionalOffice=0&drMonth=5&drYear=2026 (POST form),Reserve Bank of India,2026-09-28
2026,5,1,2026-05-01,Itanagar,Maharashtra Din/Buddha Pournima/May Day (Labour Day)/Birth Anniversary of Pandit Raghunath Murmu,NI Act holiday,https://www.rbi.org.in/Scripts/HolidayMatrixDisplay.aspx?drRegionalOffice=0&drMonth=5&drYear=2026 (POST form),Reserve Bank of India,2026-09-28
2026,5,28,2026-05-28,Jaipur,Bakri ID (Id-Uz-Zuha),NI Act holiday,https://www.rbi.org.in/Scripts/HolidayMatrixDisplay.aspx?drRegionalOffice=0&drMonth=5&drYear=2026 (POST form),Reserve Bank of India,2026-09-28
2026,5,1,2026-05-01,Jammu,Maharashtra Din/Buddha Pournima/May Day (Labour Day)/Birth Anniversary of Pandit Raghunath Murmu,NI Act holiday,https://www.rbi.org.in/Scripts/HolidayMatrixDisplay.aspx?drRegionalOffice=0&drMonth=5&drYear=2026 (POST form),Reserve Bank of India,2026-09-28
2026,5,27,2026-05-27,Jammu,Eid-UI-Adha-(Bakri-Eid)/Id-ul-Zuha,NI Act holiday,https://www.rbi.org.in/Scripts/HolidayMatrixDisplay.aspx?drRegionalOffice=0&drMonth=5&drYear=2026 (POST form),Reserve Bank of India,2026-09-28
2026,5,28,2026-05-28,Jammu,Bakri ID (Id-Uz-Zuha),NI Act holiday,https://www.rbi.org.in/Scripts/HolidayMatrixDisplay.aspx?drRegionalOffice=0&drMonth=5&drYear=2026 (POST form),Reserve Bank of India,2026-09-28
2026,5,1,2026-05-01,Kanpur,Maharashtra Din/Buddha Pournima/May Day (Labour Day)/Birth Anniversary of Pandit Raghunath Murmu,NI Act holiday,https://www.rbi.org.in/Scripts/HolidayMatrixDisplay.aspx?drRegionalOffice=0&drMonth=5&drYear=2026 (POST form),Reserve Bank of India,2026-09-28
2026,5,28,2026-05-28,Kanpur,Bakri ID (Id-Uz-Zuha),NI Act holiday,https://www.rbi.org.in/Scripts/HolidayMatrixDisplay.aspx?drRegionalOffice=0&drMonth=5&drYear=2026 (POST form),Reserve Bank of India,2026-09-28
2026,5,1,2026-05-01,Kochi,Maharashtra Din/Buddha Pournima/May Day (Labour Day)/Birth Anniversary of Pandit Raghunath Murmu,NI Act holiday,https://www.rbi.org.in/Scripts/HolidayMatrixDisplay.aspx?drRegionalOffice=0&drMonth=5&drYear=2026 (POST form),Reserve Bank of India,2026-09-28
2026,5,27,2026-05-27,Kochi,Eid-UI-Adha-(Bakri-Eid)/Id-ul-Zuha,NI Act holiday,https://www.rbi.org.in/Scripts/HolidayMatrixDisplay.aspx?drRegionalOffice=0&drMonth=5&drYear=2026 (POST form),Reserve Bank of India,2026-09-28
2026,5,28,2026-05-28,Kochi,Bakri ID (Id-Uz-Zuha),NI Act holiday,https://www.rbi.org.in/Scripts/HolidayMatrixDisplay.aspx?drRegionalOffice=0&drMonth=5&drYear=2026 (POST form),Reserve Bank of India,2026-09-28
2026,5,28,2026-05-28,Kohima,Bakri ID (Id-Uz-Zuha),NI Act holiday,https://www.rbi.org.in/Scripts/HolidayMatrixDisplay.aspx?drRegionalOffice=0&drMonth=5&drYear=2026 (POST form),Reserve Bank of India,2026-09-28
2026,5,1,2026-05-01,Kolkata,Maharashtra Din/Buddha Pournima/May Day (Labour Day)/Birth Anniversary of Pandit Raghunath Murmu,NI Act holiday,https://www.rbi.org.in/Scripts/HolidayMatrixDisplay.aspx?drRegionalOffice=0&drMonth=5&drYear=2026 (POST form),Reserve Bank of India,2026-09-28
2026,5,9,2026-05-09,Kolkata,Birthday of Rabindranath Tagore,NI Act holiday,https://www.rbi.org.in/Scripts/HolidayMatrixDisplay.aspx?drRegionalOffice=0&drMonth=5&drYear=2026 (POST form),Reserve Bank of India,2026-09-28
2026,5,28,2026-05-28,Kolkata,Bakri ID (Id-Uz-Zuha),NI Act holiday,https://www.rbi.org.in/Scripts/HolidayMatrixDisplay.aspx?drRegionalOffice=0&drMonth=5&drYear=2026 (POST form),Reserve Bank of India,2026-09-28
2026,5,1,2026-05-01,Lucknow,Maharashtra Din/Buddha Pournima/May Day (Labour Day)/Birth Anniversary of Pandit Raghunath Murmu,NI Act holiday,https://www.rbi.org.in/Scripts/HolidayMatrixDisplay.aspx?drRegionalOffice=0&drMonth=5&drYear=2026 (POST form),Reserve Bank of India,2026-09-28
2026,5,28,2026-05-28,Lucknow,Bakri ID (Id-Uz-Zuha),NI Act holiday,https://www.rbi.org.in/Scripts/HolidayMatrixDisplay.aspx?drRegionalOffice=0&drMonth=5&drYear=2026 (POST form),Reserve Bank of India,2026-09-28
2026,5,1,2026-05-01,Mumbai,Maharashtra Din/Buddha Pournima/May Day (Labour Day)/Birth Anniversary of Pandit Raghunath Murmu,NI Act holiday,https://www.rbi.org.in/Scripts/HolidayMatrixDisplay.aspx?drRegionalOffice=0&drMonth=5&drYear=2026 (POST form),Reserve Bank of India,2026-09-28
2026,5,28,2026-05-28,Mumbai,Bakri ID (Id-Uz-Zuha),NI Act holiday,https://www.rbi.org.in/Scripts/HolidayMatrixDisplay.aspx?drRegionalOffice=0&drMonth=5&drYear=2026 (POST form),Reserve Bank of India,2026-09-28
2026,5,1,2026-05-01,Nagpur,Maharashtra Din/Buddha Pournima/May Day (Labour Day)/Birth Anniversary of Pandit Raghunath Murmu,NI Act holiday,https://www.rbi.org.in/Scripts/HolidayMatrixDisplay.aspx?drRegionalOffice=0&drMonth=5&drYear=2026 (POST form),Reserve Bank of India,2026-09-28
2026,5,28,2026-05-28,Nagpur,Bakri ID (Id-Uz-Zuha),NI Act holiday,https://www.rbi.org.in/Scripts/HolidayMatrixDisplay.aspx?drRegionalOffice=0&drMonth=5&drYear=2026 (POST form),Reserve Bank of India,2026-09-28
2026,5,1,2026-05-01,New Delhi,Maharashtra Din/Buddha Pournima/May Day (Labour Day)/Birth Anniversary of Pandit Raghunath Murmu,NI Act holiday,https://www.rbi.org.in/Scripts/HolidayMatrixDisplay.aspx?drRegionalOffice=0&drMonth=5&drYear=2026 (POST form),Reserve Bank of India,2026-09-28
2026,5,28,2026-05-28,New Delhi,Bakri ID (Id-Uz-Zuha),NI Act holiday,https://www.rbi.org.in/Scripts/HolidayMatrixDisplay.aspx?drRegionalOffice=0&drMonth=5&drYear=2026 (POST form),Reserve Bank of India,2026-09-28
2026,5,1,2026-05-01,Panaji,Maharashtra Din/Buddha Pournima/May Day (Labour Day)/Birth Anniversary of Pandit Raghunath Murmu,NI Act holiday,https://www.rbi.org.in/Scripts/HolidayMatrixDisplay.aspx?drRegionalOffice=0&drMonth=5&drYear=2026 (POST form),Reserve Bank of India,2026-09-28
2026,5,28,2026-05-28,Panaji,Bakri ID (Id-Uz-Zuha),NI Act holiday,https://www.rbi.org.in/Scripts/HolidayMatrixDisplay.aspx?drRegionalOffice=0&drMonth=5&drYear=2026 (POST form),Reserve Bank of India,2026-09-28
2026,5,1,2026-05-01,Patna,Maharashtra Din/Buddha Pournima/May Day (Labour Day)/Birth Anniversary of Pandit Raghunath Murmu,NI Act holiday,https://www.rbi.org.in/Scripts/HolidayMatrixDisplay.aspx?drRegionalOffice=0&drMonth=5&drYear=2026 (POST form),Reserve Bank of India,2026-09-28
2026,5,28,2026-05-28,Patna,Bakri ID (Id-Uz-Zuha),NI Act holiday,https://www.rbi.org.in/Scripts/HolidayMatrixDisplay.aspx?drRegionalOffice=0&drMonth=5&drYear=2026 (POST form),Reserve Bank of India,2026-09-28
2026,5,1,2026-05-01,Raipur,Maharashtra Din/Buddha Pournima/May Day (Labour Day)/Birth Anniversary of Pandit Raghunath Murmu,NI Act holiday,https://www.rbi.org.in/Scripts/HolidayMatrixDisplay.aspx?drRegionalOffice=0&drMonth=5&drYear=2026 (POST form),Reserve Bank of India,2026-09-28
2026,5,28,2026-05-28,Raipur,Bakri ID (Id-Uz-Zuha),NI Act holiday,https://www.rbi.org.in/Scripts/HolidayMatrixDisplay.aspx?drRegionalOffice=0&drMonth=5&drYear=2026 (POST form),Reserve Bank of India,2026-09-28
2026,5,1,2026-05-01,Ranchi,Maharashtra Din/Buddha Pournima/May Day (Labour Day)/Birth Anniversary of Pandit Raghunath Murmu,NI Act holiday,https://www.rbi.org.in/Scripts/HolidayMatrixDisplay.aspx?drRegionalOffice=0&drMonth=5&drYear=2026 (POST form),Reserve Bank of India,2026-09-28
2026,5,28,2026-05-28,Ranchi,Bakri ID (Id-Uz-Zuha),NI Act holiday,https://www.rbi.org.in/Scripts/HolidayMatrixDisplay.aspx?drRegionalOffice=0&drMonth=5&drYear=2026 (POST form),Reserve Bank of India,2026-09-28
2026,5,28,2026-05-28,Shillong,Bakri ID (Id-Uz-Zuha),NI Act holiday,https://www.rbi.org.in/Scripts/HolidayMatrixDisplay.aspx?drRegionalOffice=0&drMonth=5&drYear=2026 (POST form),Reserve Bank of India,2026-09-28
2026,5,1,2026-05-01,Shimla,Maharashtra Din/Buddha Pournima/May Day (Labour Day)/Birth Anniversary of Pandit Raghunath Murmu,NI Act holiday,https://www.rbi.org.in/Scripts/HolidayMatrixDisplay.aspx?drRegionalOffice=0&drMonth=5&drYear=2026 (POST form),Reserve Bank of India,2026-09-28
2026,5,28,2026-05-28,Shimla,Bakri ID (Id-Uz-Zuha),NI Act holiday,https://www.rbi.org.in/Scripts/HolidayMatrixDisplay.aspx?drRegionalOffice=0&drMonth=5&drYear=2026 (POST form),Reserve Bank of India,2026-09-28
2026,5,1,2026-05-01,Srinagar,Maharashtra Din/Buddha Pournima/May Day (Labour Day)/Birth Anniversary of Pandit Raghunath Murmu,NI Act holiday,https://www.rbi.org.in/Scripts/HolidayMatrixDisplay.aspx?drRegionalOffice=0&drMonth=5&drYear=2026 (POST form),Reserve Bank of India,2026-09-28
2026,5,27,2026-05-27,Srinagar,Eid-UI-Adha-(Bakri-Eid)/Id-ul-Zuha,NI Act holiday,https://www.rbi.org.in/Scripts/HolidayMatrixDisplay.aspx?drRegionalOffice=0&drMonth=5&drYear=2026 (POST form),Reserve Bank of India,2026-09-28
2026,5,28,2026-05-28,Srinagar,Bakri ID (Id-Uz-Zuha),NI Act holiday,https://www.rbi.org.in/Scripts/HolidayMatrixDisplay.aspx?drRegionalOffice=0&drMonth=5&drYear=2026 (POST form),Reserve Bank of India,2026-09-28
2026,5,1,2026-05-01,Thiruvananthapuram,Maharashtra Din/Buddha Pournima/May Day (Labour Day)/Birth Anniversary of Pandit Raghunath Murmu,NI Act holiday,https://www.rbi.org.in/Scripts/HolidayMatrixDisplay.aspx?drRegionalOffice=0&drMonth=5&drYear=2026 (POST form),Reserve Bank of India,2026-09-28
2026,5,27,2026-05-27,Thiruvananthapuram,Eid-UI-Adha-(Bakri-Eid)/Id-ul-Zuha,NI Act holiday,https://www.rbi.org.in/Scripts/HolidayMatrixDisplay.aspx?drRegionalOffice=0&drMonth=5&drYear=2026 (POST form),Reserve Bank of India,2026-09-28
2026,5,28,2026-05-28,Thiruvananthapuram,Bakri ID (Id-Uz-Zuha),NI Act holiday,https://www.rbi.org.in/Scripts/HolidayMatrixDisplay.aspx?drRegionalOffice=0&drMonth=5&drYear=2026 (POST form),Reserve Bank of India,2026-09-28
2026,5,1,2026-05-01,Vijayawada,Maharashtra Din/Buddha Pournima/May Day (Labour Day)/Birth Anniversary of Pandit Raghunath Murmu,NI Act holiday,https://www.rbi.org.in/Scripts/HolidayMatrixDisplay.aspx?drRegionalOffice=0&drMonth=5&drYear=2026 (POST form),Reserve Bank of India,2026-09-28
2026,5,28,2026-05-28,Vijayawada,Bakri ID (Id-Uz-Zuha),NI Act holiday,https://www.rbi.org.in/Scripts/HolidayMatrixDisplay.aspx?drRegionalOffice=0&drMonth=5&drYear=2026 (POST form),Reserve Bank of India,2026-09-28
2026,6,26,2026-06-26,Agartala,Muharram (Yaom-EShahadath)/Last Day of Moharam/Ashoora,NI Act holiday,https://www.rbi.org.in/Scripts/HolidayMatrixDisplay.aspx?drRegionalOffice=0&drMonth=6&drYear=2026 (POST form),Reserve Bank of India,2026-09-28
2026,6,15,2026-06-15,Aizawl,YMA Day/Raja Sankranti,NI Act holiday,https://www.rbi.org.in/Scripts/HolidayMatrixDisplay.aspx?drRegionalOffice=0&drMonth=6&drYear=2026 (POST form),Reserve Bank of India,2026-09-28
2026,6,26,2026-06-26,Aizawl,Muharram (Yaom-EShahadath)/Last Day of Moharam/Ashoora,NI Act holiday,https://www.rbi.org.in/Scripts/HolidayMatrixDisplay.aspx?drRegionalOffice=0&drMonth=6&drYear=2026 (POST form),Reserve Bank of India,2026-09-28
2026,6,30,2026-06-30,Aizawl,Remna Ni,NI Act holiday,https://www.rbi.org.in/Scripts/HolidayMatrixDisplay.aspx?drRegionalOffice=0&drMonth=6&drYear=2026 (POST form),Reserve Bank of India,2026-09-28
2026,6,26,2026-06-26,Belapur,Muharram (Yaom-EShahadath)/Last Day of Moharam/Ashoora,NI Act holiday,https://www.rbi.org.in/Scripts/HolidayMatrixDisplay.aspx?drRegionalOffice=0&drMonth=6&drYear=2026 (POST form),Reserve Bank of India,2026-09-28
2026,6,26,2026-06-26,Bengaluru,Muharram (Yaom-EShahadath)/Last Day of Moharam/Ashoora,NI Act holiday,https://www.rbi.org.in/Scripts/HolidayMatrixDisplay.aspx?drRegionalOffice=0&drMonth=6&drYear=2026 (POST form),Reserve Bank of India,2026-09-28
2026,6,26,2026-06-26,Bhopal,Muharram (Yaom-EShahadath)/Last Day of Moharam/Ashoora,NI Act holiday,https://www.rbi.org.in/Scripts/HolidayMatrixDisplay.aspx?drRegionalOffice=0&drMonth=6&drYear=2026 (POST form),Reserve Bank of India,2026-09-28
2026,6,15,2026-06-15,Bhubaneswar,YMA Day/Raja Sankranti,NI Act holiday,https://www.rbi.org.in/Scripts/HolidayMatrixDisplay.aspx?drRegionalOffice=0&drMonth=6&drYear=2026 (POST form),Reserve Bank of India,2026-09-28
2026,6,26,2026-06-26,Chennai,Muharram (Yaom-EShahadath)/Last Day of Moharam/Ashoora,NI Act holiday,https://www.rbi.org.in/Scripts/HolidayMatrixDisplay.aspx?drRegionalOffice=0&drMonth=6&drYear=2026 (POST form),Reserve Bank of India,2026-09-28
2026,6,26,2026-06-26,Hyderabad,Muharram (Yaom-EShahadath)/Last Day of Moharam/Ashoora,NI Act holiday,https://www.rbi.org.in/Scripts/HolidayMatrixDisplay.aspx?drRegionalOffice=0&drMonth=6&drYear=2026 (POST form),Reserve Bank of India,2026-09-28
2026,6,26,2026-06-26,Jammu,Muharram (Yaom-EShahadath)/Last Day of Moharam/Ashoora,NI Act holiday,https://www.rbi.org.in/Scripts/HolidayMatrixDisplay.aspx?drRegionalOffice=0&drMonth=6&drYear=2026 (POST form),Reserve Bank of India,2026-09-28
2026,6,26,2026-06-26,Kanpur,Muharram (Yaom-EShahadath)/Last Day of Moharam/Ashoora,NI Act holiday,https://www.rbi.org.in/Scripts/HolidayMatrixDisplay.aspx?drRegionalOffice=0&drMonth=6&drYear=2026 (POST form),Reserve Bank of India,2026-09-28
2026,6,26,2026-06-26,Kolkata,Muharram (Yaom-EShahadath)/Last Day of Moharam/Ashoora,NI Act holiday,https://www.rbi.org.in/Scripts/HolidayMatrixDisplay.aspx?drRegionalOffice=0&drMonth=6&drYear=2026 (POST form),Reserve Bank of India,2026-09-28
2026,6,26,2026-06-26,Lucknow,Muharram (Yaom-EShahadath)/Last Day of Moharam/Ashoora,NI Act holiday,https://www.rbi.org.in/Scripts/HolidayMatrixDisplay.aspx?drRegionalOffice=0&drMonth=6&drYear=2026 (POST form),Reserve Bank of India,2026-09-28
2026,6,26,2026-06-26,Mumbai,Muharram (Yaom-EShahadath)/Last Day of Moharam/Ashoora,NI Act holiday,https://www.rbi.org.in/Scripts/HolidayMatrixDisplay.aspx?drRegionalOffice=0&drMonth=6&drYear=2026 (POST form),Reserve Bank of India,2026-09-28
2026,6,26,2026-06-26,Nagpur,Muharram (Yaom-EShahadath)/Last Day of Moharam/Ashoora,NI Act holiday,https://www.rbi.org.in/Scripts/HolidayMatrixDisplay.aspx?drRegionalOffice=0&drMonth=6&drYear=2026 (POST form),Reserve Bank of India,2026-09-28
2026,6,26,2026-06-26,New Delhi,Muharram (Yaom-EShahadath)/Last Day of Moharam/Ashoora,NI Act holiday,https://www.rbi.org.in/Scripts/HolidayMatrixDisplay.aspx?drRegionalOffice=0&drMonth=6&drYear=2026 (POST form),Reserve Bank of India,2026-09-28
2026,6,26,2026-06-26,Patna,Muharram (Yaom-EShahadath)/Last Day of Moharam/Ashoora,NI Act holiday,https://www.rbi.org.in/Scripts/HolidayMatrixDisplay.aspx?drRegionalOffice=0&drMonth=6&drYear=2026 (POST form),Reserve Bank of India,2026-09-28
2026,6,26,2026-06-26,Raipur,Muharram (Yaom-EShahadath)/Last Day of Moharam/Ashoora,NI Act holiday,https://www.rbi.org.in/Scripts/HolidayMatrixDisplay.aspx?drRegionalOffice=0&drMonth=6&drYear=2026 (POST form),Reserve Bank of India,2026-09-28
2026,6,26,2026-06-26,Ranchi,Muharram (Yaom-EShahadath)/Last Day of Moharam/Ashoora,NI Act holiday,https://www.rbi.org.in/Scripts/HolidayMatrixDisplay.aspx?drRegionalOffice=0&drMonth=6&drYear=2026 (POST form),Reserve Bank of India,2026-09-28
2026,6,22,2026-06-22,Shillong,Rev Thomas Jones,NI Act holiday,https://www.rbi.org.in/Scripts/HolidayMatrixDisplay.aspx?drRegionalOffice=0&drMonth=6&drYear=2026 (POST form),Reserve Bank of India,2026-09-28
2026,6,29,2026-06-29,Shimla,Sant Guru Kabir Jayanti,NI Act holiday,https://www.rbi.org.in/Scripts/HolidayMatrixDisplay.aspx?drRegionalOffice=0&drMonth=6&drYear=2026 (POST form),Reserve Bank of India,2026-09-28
2026,6,26,2026-06-26,Srinagar,Muharram (Yaom-EShahadath)/Last Day of Moharam/Ashoora,NI Act holiday,https://www.rbi.org.in/Scripts/HolidayMatrixDisplay.aspx?drRegionalOffice=0&drMonth=6&drYear=2026 (POST form),Reserve Bank of India,2026-09-28
2026,6,26,2026-06-26,Vijayawada,Muharram (Yaom-EShahadath)/Last Day of Moharam/Ashoora,NI Act holiday,https://www.rbi.org.in/Scripts/HolidayMatrixDisplay.aspx?drRegionalOffice=0&drMonth=6&drYear=2026 (POST form),Reserve Bank of India,2026-09-28
2026,7,22,2026-07-22,Agartala,Kharchi Puja,NI Act holiday,https://www.rbi.org.in/Scripts/HolidayMatrixDisplay.aspx?drRegionalOffice=0&drMonth=7&drYear=2026 (POST form),Reserve Bank of India,2026-09-28
2026,7,6,2026-07-06,Aizawl,MHIP Day/Birth Anniversary of Dr. Syama Prasad Mookerjee,NI Act holiday,https://www.rbi.org.in/Scripts/HolidayMatrixDisplay.aspx?drRegionalOffice=0&drMonth=7&drYear=2026 (POST form),Reserve Bank of India,2026-09-28
2026,7,16,2026-07-16,Bhubaneswar,Ratha Yatra/Kang (Rathajatra)/Harela,NI Act holiday,https://www.rbi.org.in/Scripts/HolidayMatrixDisplay.aspx?drRegionalOffice=0&drMonth=7&drYear=2026 (POST form),Reserve Bank of India,2026-09-28
2026,7,16,2026-07-16,Dehradun,Ratha Yatra/Kang (Rathajatra)/Harela,NI Act holiday,https://www.rbi.org.in/Scripts/HolidayMatrixDisplay.aspx?drRegionalOffice=0&drMonth=7&drYear=2026 (POST form),Reserve Bank of India,2026-09-28
2026,7,18,2026-07-18,Gangtok,Drukpa Tshe-zi,NI Act holiday,https://www.rbi.org.in/Scripts/HolidayMatrixDisplay.aspx?drRegionalOffice=0&drMonth=7&drYear=2026 (POST form),Reserve Bank of India,2026-09-28
2026,7,16,2026-07-16,Imphal,Ratha Yatra/Kang (Rathajatra)/Harela,NI Act holiday,https://www.rbi.org.in/Scripts/HolidayMatrixDisplay.aspx?drRegionalOffice=0&drMonth=7&drYear=2026 (POST form),Reserve Bank of India,2026-09-28
2026,7,6,2026-07-06,Kolkata,MHIP Day/Birth Anniversary of Dr. Syama Prasad Mookerjee,NI Act holiday,https://www.rbi.org.in/Scripts/HolidayMatrixDisplay.aspx?drRegionalOffice=0&drMonth=7&drYear=2026 (POST form),Reserve Bank of India,2026-09-28
2026,7,9,2026-07-09,Shillong,Beh Deinkhlam,NI Act holiday,https://www.rbi.org.in/Scripts/HolidayMatrixDisplay.aspx?drRegionalOffice=0&drMonth=7&drYear=2026 (POST form),Reserve Bank of India,2026-09-28
2026,7,17,2026-07-17,Shillong,Death Anniversary of U Tirot Singh,NI Act holiday,https://www.rbi.org.in/Scripts/HolidayMatrixDisplay.aspx?drRegionalOffice=0&drMonth=7&drYear=2026 (POST form),Reserve Bank of India,2026-09-28
2026,8,4,2026-08-04,Agartala,Ker Puja,NI Act holiday,https://www.rbi.org.in/Scripts/HolidayMatrixDisplay.aspx?drRegionalOffice=0&drMonth=8&drYear=2026 (POST form),Reserve Bank of India,2026-09-28
2026,8,15,2026-08-15,Agartala,Independence Day/Parsi New Year (Shahenshahi),NI Act holiday,https://www.rbi.org.in/Scripts/HolidayMatrixDisplay.aspx?drRegionalOffice=0&drMonth=8&drYear=2026 (POST form),Reserve Bank of India,2026-09-28
2026,8,19,2026-08-19,Agartala,Birthday of Maharaja Bir Bikram Kishore Manikya Bahadur,NI Act holiday,https://www.rbi.org.in/Scripts/HolidayMatrixDisplay.aspx?drRegionalOffice=0&drMonth=8&drYear=2026 (POST form),Reserve Bank of India,2026-09-28
2026,8,15,2026-08-15,Ahmedabad,Independence Day/Parsi New Year (Shahenshahi),NI Act holiday,https://www.rbi.org.in/Scripts/HolidayMatrixDisplay.aspx?drRegionalOffice=0&drMonth=8&drYear=2026 (POST form),Reserve Bank of India,2026-09-28
2026,8,28,2026-08-28,Ahmedabad,Raksha Bandhan/Pang-Lhabsol/Friday following Eid-i-Milad-ul-Nabi/Sree Narayana Guru Jayanthi/Ayyankali Jayanthi,NI Act holiday,https://www.rbi.org.in/Scripts/HolidayMatrixDisplay.aspx?drRegionalOffice=0&drMonth=8&drYear=2026 (POST form),Reserve Bank of India,2026-09-28
2026,8,15,2026-08-15,Aizawl,Independence Day/Parsi New Year (Shahenshahi),NI Act holiday,https://www.rbi.org.in/Scripts/HolidayMatrixDisplay.aspx?drRegionalOffice=0&drMonth=8&drYear=2026 (POST form),Reserve Bank of India,2026-09-28
2026,8,15,2026-08-15,Belapur,Independence Day/Parsi New Year (Shahenshahi),NI Act holiday,https://www.rbi.org.in/Scripts/HolidayMatrixDisplay.aspx?drRegionalOffice=0&drMonth=8&drYear=2026 (POST form),Reserve Bank of India,2026-09-28
2026,8,26,2026-08-26,Belapur,Id-E-Milad/Baravafat/Milad-un-Nabi (Birthday of Prophet Mohammad)/Thiruvonam,NI Act holiday,https://www.rbi.org.in/Scripts/HolidayMatrixDisplay.aspx?drRegionalOffice=0&drMonth=8&drYear=2026 (POST form),Reserve Bank of India,2026-09-28
2026,8,15,2026-08-15,Bengaluru,Independence Day/Parsi New Year (Shahenshahi),NI Act holiday,https://www.rbi.org.in/Scripts/HolidayMatrixDisplay.aspx?drRegionalOffice=0&drMonth=8&drYear=2026 (POST form),Reserve Bank of India,2026-09-28
2026,8,26,2026-08-26,Bengaluru,Id-E-Milad/Baravafat/Milad-un-Nabi (Birthday of Prophet Mohammad)/Thiruvonam,NI Act holiday,https://www.rbi.org.in/Scripts/HolidayMatrixDisplay.aspx?drRegionalOffice=0&drMonth=8&drYear=2026 (POST form),Reserve Bank of India,2026-09-28
2026,8,15,2026-08-15,Bhopal,Independence Day/Parsi New Year (Shahenshahi),NI Act holiday,https://www.rbi.org.in/Scripts/HolidayMatrixDisplay.aspx?drRegionalOffice=0&drMonth=8&drYear=2026 (POST form),Reserve Bank of India,2026-09-28
2026,8,26,2026-08-26,Bhopal,Id-E-Milad/Baravafat/Milad-un-Nabi (Birthday of Prophet Mohammad)/Thiruvonam,NI Act holiday,https://www.rbi.org.in/Scripts/HolidayMatrixDisplay.aspx?drRegionalOffice=0&drMonth=8&drYear=2026 (POST form),Reserve Bank of India,2026-09-28
2026,8,28,2026-08-28,Bhopal,Raksha Bandhan/Pang-Lhabsol/Friday following Eid-i-Milad-ul-Nabi/Sree Narayana Guru Jayanthi/Ayyankali Jayanthi,NI Act holiday,https://www.rbi.org.in/Scripts/HolidayMatrixDisplay.aspx?drRegionalOffice=0&drMonth=8&drYear=2026 (POST form),Reserve Bank of India,2026-09-28
2026,8,15,2026-08-15,Bhubaneswar,Independence Day/Parsi New Year (Shahenshahi),NI Act holiday,https://www.rbi.org.in/Scripts/HolidayMatrixDisplay.aspx?drRegionalOffice=0&drMonth=8&drYear=2026 (POST form),Reserve Bank of India,2026-09-28
2026,8,15,2026-08-15,Chandigarh,Independence Day/Parsi New Year (Shahenshahi),NI Act holiday,https://www.rbi.org.in/Scripts/HolidayMatrixDisplay.aspx?drRegionalOffice=0&drMonth=8&drYear=2026 (POST form),Reserve Bank of India,2026-09-28
2026,8,15,2026-08-15,Chennai,Independence Day/Parsi New Year (Shahenshahi),NI Act holiday,https://www.rbi.org.in/Scripts/HolidayMatrixDisplay.aspx?drRegionalOffice=0&drMonth=8&drYear=2026 (POST form),Reserve Bank of India,2026-09-28
2026,8,26,2026-08-26,Chennai,Id-E-Milad/Baravafat/Milad-un-Nabi (Birthday of Prophet Mohammad)/Thiruvonam,NI Act holiday,https://www.rbi.org.in/Scripts/HolidayMatrixDisplay.aspx?drRegionalOffice=0&drMonth=8&drYear=2026 (POST form),Reserve Bank of India,2026-09-28
2026,8,15,2026-08-15,Dehradun,Independence Day/Parsi New Year (Shahenshahi),NI Act holiday,https://www.rbi.org.in/Scripts/HolidayMatrixDisplay.aspx?drRegionalOffice=0&drMonth=8&drYear=2026 (POST form),Reserve Bank of India,2026-09-28
2026,8,26,2026-08-26,Dehradun,Id-E-Milad/Baravafat/Milad-un-Nabi (Birthday of Prophet Mohammad)/Thiruvonam,NI Act holiday,https://www.rbi.org.in/Scripts/HolidayMatrixDisplay.aspx?drRegionalOffice=0&drMonth=8&drYear=2026 (POST form),Reserve Bank of India,2026-09-28
2026,8,28,2026-08-28,Dehradun,Raksha Bandhan/Pang-Lhabsol/Friday following Eid-i-Milad-ul-Nabi/Sree Narayana Guru Jayanthi/Ayyankali Jayanthi,NI Act holiday,https://www.rbi.org.in/Scripts/HolidayMatrixDisplay.aspx?drRegionalOffice=0&drMonth=8&drYear=2026 (POST form),Reserve Bank of India,2026-09-28
2026,8,8,2026-08-08,Gangtok,Tendong Lho Rum Faat,NI Act holiday,https://www.rbi.org.in/Scripts/HolidayMatrixDisplay.aspx?drRegionalOffice=0&drMonth=8&drYear=2026 (POST form),Reserve Bank of India,2026-09-28
2026,8,15,2026-08-15,Gangtok,Independence Day/Parsi New Year (Shahenshahi),NI Act holiday,https://www.rbi.org.in/Scripts/HolidayMatrixDisplay.aspx?drRegionalOffice=0&drMonth=8&drYear=2026 (POST form),Reserve Bank of India,2026-09-28
2026,8,28,2026-08-28,Gangtok,Raksha Bandhan/Pang-Lhabsol/Friday following Eid-i-Milad-ul-Nabi/Sree Narayana Guru Jayanthi/Ayyankali Jayanthi,NI Act holiday,https://www.rbi.org.in/Scripts/HolidayMatrixDisplay.aspx?drRegionalOffice=0&drMonth=8&drYear=2026 (POST form),Reserve Bank of India,2026-09-28
2026,8,15,2026-08-15,Guwahati,Independence Day/Parsi New Year (Shahenshahi),NI Act holiday,https://www.rbi.org.in/Scripts/HolidayMatrixDisplay.aspx?drRegionalOffice=0&drMonth=8&drYear=2026 (POST form),Reserve Bank of India,2026-09-28
2026,8,15,2026-08-15,Hyderabad,Independence Day/Parsi New Year (Shahenshahi),NI Act holiday,https://www.rbi.org.in/Scripts/HolidayMatrixDisplay.aspx?drRegionalOffice=0&drMonth=8&drYear=2026 (POST form),Reserve Bank of India,2026-09-28
2026,8,26,2026-08-26,Hyderabad,Id-E-Milad/Baravafat/Milad-un-Nabi (Birthday of Prophet Mohammad)/Thiruvonam,NI Act holiday,https://www.rbi.org.in/Scripts/HolidayMatrixDisplay.aspx?drRegionalOffice=0&drMonth=8&drYear=2026 (POST form),Reserve Bank of India,2026-09-28
2026,8,13,2026-08-13,Imphal,Patriot’s Day,NI Act holiday,https://www.rbi.org.in/Scripts/HolidayMatrixDisplay.aspx?drRegionalOffice=0&drMonth=8&drYear=2026 (POST form),Reserve Bank of India,2026-09-28
2026,8,15,2026-08-15,Imphal,Independence Day/Parsi New Year (Shahenshahi),NI Act holiday,https://www.rbi.org.in/Scripts/HolidayMatrixDisplay.aspx?drRegionalOffice=0&drMonth=8&drYear=2026 (POST form),Reserve Bank of India,2026-09-28
2026,8,26,2026-08-26,Imphal,Id-E-Milad/Baravafat/Milad-un-Nabi (Birthday of Prophet Mohammad)/Thiruvonam,NI Act holiday,https://www.rbi.org.in/Scripts/HolidayMatrixDisplay.aspx?drRegionalOffice=0&drMonth=8&drYear=2026 (POST form),Reserve Bank of India,2026-09-28
2026,8,15,2026-08-15,Itanagar,Independence Day/Parsi New Year (Shahenshahi),NI Act holiday,https://www.rbi.org.in/Scripts/HolidayMatrixDisplay.aspx?drRegionalOffice=0&drMonth=8&drYear=2026 (POST form),Reserve Bank of India,2026-09-28
2026,8,15,2026-08-15,Jaipur,Independence Day/Parsi New Year (Shahenshahi),NI Act holiday,https://www.rbi.org.in/Scripts/HolidayMatrixDisplay.aspx?drRegionalOffice=0&drMonth=8&drYear=2026 (POST form),Reserve Bank of India,2026-09-28
2026,8,28,2026-08-28,Jaipur,Raksha Bandhan/Pang-Lhabsol/Friday following Eid-i-Milad-ul-Nabi/Sree Narayana Guru Jayanthi/Ayyankali Jayanthi,NI Act holiday,https://www.rbi.org.in/Scripts/HolidayMatrixDisplay.aspx?drRegionalOffice=0&drMonth=8&drYear=2026 (POST form),Reserve Bank of India,2026-09-28
2026,8,15,2026-08-15,Jammu,Independence Day/Parsi New Year (Shahenshahi),NI Act holiday,https://www.rbi.org.in/Scripts/HolidayMatrixDisplay.aspx?drRegionalOffice=0&drMonth=8&drYear=2026 (POST form),Reserve Bank of India,2026-09-28
2026,8,26,2026-08-26,Jammu,Id-E-Milad/Baravafat/Milad-un-Nabi (Birthday of Prophet Mohammad)/Thiruvonam,NI Act holiday,https://www.rbi.org.in/Scripts/HolidayMatrixDisplay.aspx?drRegionalOffice=0&drMonth=8&drYear=2026 (POST form),Reserve Bank of India,2026-09-28
2026,8,28,2026-08-28,Jammu,Raksha Bandhan/Pang-Lhabsol/Friday following Eid-i-Milad-ul-Nabi/Sree Narayana Guru Jayanthi/Ayyankali Jayanthi,NI Act holiday,https://www.rbi.org.in/Scripts/HolidayMatrixDisplay.aspx?drRegionalOffice=0&drMonth=8&drYear=2026 (POST form),Reserve Bank of India,2026-09-28
2026,8,15,2026-08-15,Kanpur,Independence Day/Parsi New Year (Shahenshahi),NI Act holiday,https://www.rbi.org.in/Scripts/HolidayMatrixDisplay.aspx?drRegionalOffice=0&drMonth=8&drYear=2026 (POST form),Reserve Bank of India,2026-09-28
2026,8,26,2026-08-26,Kanpur,Id-E-Milad/Baravafat/Milad-un-Nabi (Birthday of Prophet Mohammad)/Thiruvonam,NI Act holiday,https://www.rbi.org.in/Scripts/HolidayMatrixDisplay.aspx?drRegionalOffice=0&drMonth=8&drYear=2026 (POST form),Reserve Bank of India,2026-09-28
2026,8,28,2026-08-28,Kanpur,Raksha Bandhan/Pang-Lhabsol/Friday following Eid-i-Milad-ul-Nabi/Sree Narayana Guru Jayanthi/Ayyankali Jayanthi,NI Act holiday,https://www.rbi.org.in/Scripts/HolidayMatrixDisplay.aspx?drRegionalOffice=0&drMonth=8&drYear=2026 (POST form),Reserve Bank of India,2026-09-28
2026,8,15,2026-08-15,Kochi,Independence Day/Parsi New Year (Shahenshahi),NI Act holiday,https://www.rbi.org.in/Scripts/HolidayMatrixDisplay.aspx?drRegionalOffice=0&drMonth=8&drYear=2026 (POST form),Reserve Bank of India,2026-09-28
2026,8,25,2026-08-25,Kochi,First Onam/Milad-i-Sherif (Birthday of Prophet Muhammed),NI Act holiday,https://www.rbi.org.in/Scripts/HolidayMatrixDisplay.aspx?drRegionalOffice=0&drMonth=8&drYear=2026 (POST form),Reserve Bank of India,2026-09-28
2026,8,26,2026-08-26,Kochi,Id-E-Milad/Baravafat/Milad-un-Nabi (Birthday of Prophet Mohammad)/Thiruvonam,NI Act holiday,https://www.rbi.org.in/Scripts/HolidayMatrixDisplay.aspx?drRegionalOffice=0&drMonth=8&drYear=2026 (POST form),Reserve Bank of India,2026-09-28
2026,8,28,2026-08-28,Kochi,Raksha Bandhan/Pang-Lhabsol/Friday following Eid-i-Milad-ul-Nabi/Sree Narayana Guru Jayanthi/Ayyankali Jayanthi,NI Act holiday,https://www.rbi.org.in/Scripts/HolidayMatrixDisplay.aspx?drRegionalOffice=0&drMonth=8&drYear=2026 (POST form),Reserve Bank of India,2026-09-28
2026,8,15,2026-08-15,Kohima,Independence Day/Parsi New Year (Shahenshahi),NI Act holiday,https://www.rbi.org.in/Scripts/HolidayMatrixDisplay.aspx?drRegionalOffice=0&drMonth=8&drYear=2026 (POST form),Reserve Bank of India,2026-09-28
2026,8,15,2026-08-15,Kolkata,Independence Day/Parsi New Year (Shahenshahi),NI Act holiday,https://www.rbi.org.in/Scripts/HolidayMatrixDisplay.aspx?drRegionalOffice=0&drMonth=8&drYear=2026 (POST form),Reserve Bank of India,2026-09-28
2026,8,15,2026-08-15,Lucknow,Independence Day/Parsi New Year (Shahenshahi),NI Act holiday,https://www.rbi.org.in/Scripts/HolidayMatrixDisplay.aspx?drRegionalOffice=0&drMonth=8&drYear=2026 (POST form),Reserve Bank of India,2026-09-28
2026,8,26,2026-08-26,Lucknow,Id-E-Milad/Baravafat/Milad-un-Nabi (Birthday of Prophet Mohammad)/Thiruvonam,NI Act holiday,https://www.rbi.org.in/Scripts/HolidayMatrixDisplay.aspx?drRegionalOffice=0&drMonth=8&drYear=2026 (POST form),Reserve Bank of India,2026-09-28
2026,8,28,2026-08-28,Lucknow,Raksha Bandhan/Pang-Lhabsol/Friday following Eid-i-Milad-ul-Nabi/Sree Narayana Guru Jayanthi/Ayyankali Jayanthi,NI Act holiday,https://www.rbi.org.in/Scripts/HolidayMatrixDisplay.aspx?drRegionalOffice=0&drMonth=8&drYear=2026 (POST form),Reserve Bank of India,2026-09-28
2026,8,15,2026-08-15,Mumbai,Independence Day/Parsi New Year (Shahenshahi),NI Act holiday,https://www.rbi.org.in/Scripts/HolidayMatrixDisplay.aspx?drRegionalOffice=0&drMonth=8&drYear=2026 (POST form),Reserve Bank of India,2026-09-28
2026,8,26,2026-08-26,Mumbai,Id-E-Milad/Baravafat/Milad-un-Nabi (Birthday of Prophet Mohammad)/Thiruvonam,NI Act holiday,https://www.rbi.org.in/Scripts/HolidayMatrixDisplay.aspx?drRegionalOffice=0&drMonth=8&drYear=2026 (POST form),Reserve Bank of India,2026-09-28
2026,8,15,2026-08-15,Nagpur,Independence Day/Parsi New Year (Shahenshahi),NI Act holiday,https://www.rbi.org.in/Scripts/HolidayMatrixDisplay.aspx?drRegionalOffice=0&drMonth=8&drYear=2026 (POST form),Reserve Bank of India,2026-09-28
2026,8,26,2026-08-26,Nagpur,Id-E-Milad/Baravafat/Milad-un-Nabi (Birthday of Prophet Mohammad)/Thiruvonam,NI Act holiday,https://www.rbi.org.in/Scripts/HolidayMatrixDisplay.aspx?drRegionalOffice=0&drMonth=8&drYear=2026 (POST form),Reserve Bank of India,2026-09-28
2026,8,15,2026-08-15,New Delhi,Independence Day/Parsi New Year (Shahenshahi),NI Act holiday,https://www.rbi.org.in/Scripts/HolidayMatrixDisplay.aspx?drRegionalOffice=0&drMonth=8&drYear=2026 (POST form),Reserve Bank of India,2026-09-28
2026,8,26,2026-08-26,New Delhi,Id-E-Milad/Baravafat/Milad-un-Nabi (Birthday of Prophet Mohammad)/Thiruvonam,NI Act holiday,https://www.rbi.org.in/Scripts/HolidayMatrixDisplay.aspx?drRegionalOffice=0&drMonth=8&drYear=2026 (POST form),Reserve Bank of India,2026-09-28
2026,8,15,2026-08-15,Panaji,Independence Day/Parsi New Year (Shahenshahi),NI Act holiday,https://www.rbi.org.in/Scripts/HolidayMatrixDisplay.aspx?drRegionalOffice=0&drMonth=8&drYear=2026 (POST form),Reserve Bank of India,2026-09-28
2026,8,15,2026-08-15,Patna,Independence Day/Parsi New Year (Shahenshahi),NI Act holiday,https://www.rbi.org.in/Scripts/HolidayMatrixDisplay.aspx?drRegionalOffice=0&drMonth=8&drYear=2026 (POST form),Reserve Bank of India,2026-09-28
2026,8,26,2026-08-26,Patna,Id-E-Milad/Baravafat/Milad-un-Nabi (Birthday of Prophet Mohammad)/Thiruvonam,NI Act holiday,https://www.rbi.org.in/Scripts/HolidayMatrixDisplay.aspx?drRegionalOffice=0&drMonth=8&drYear=2026 (POST form),Reserve Bank of India,2026-09-28
2026,8,15,2026-08-15,Raipur,Independence Day/Parsi New Year (Shahenshahi),NI Act holiday,https://www.rbi.org.in/Scripts/HolidayMatrixDisplay.aspx?drRegionalOffice=0&drMonth=8&drYear=2026 (POST form),Reserve Bank of India,2026-09-28
2026,8,26,2026-08-26,Raipur,Id-E-Milad/Baravafat/Milad-un-Nabi (Birthday of Prophet Mohammad)/Thiruvonam,NI Act holiday,https://www.rbi.org.in/Scripts/HolidayMatrixDisplay.aspx?drRegionalOffice=0&drMonth=8&drYear=2026 (POST form),Reserve Bank of India,2026-09-28
2026,8,28,2026-08-28,Raipur,Raksha Bandhan/Pang-Lhabsol/Friday following Eid-i-Milad-ul-Nabi/Sree Narayana Guru Jayanthi/Ayyankali Jayanthi,NI Act holiday,https://www.rbi.org.in/Scripts/HolidayMatrixDisplay.aspx?drRegionalOffice=0&drMonth=8&drYear=2026 (POST form),Reserve Bank of India,2026-09-28
2026,8,15,2026-08-15,Ranchi,Independence Day/Parsi New Year (Shahenshahi),NI Act holiday,https://www.rbi.org.in/Scripts/HolidayMatrixDisplay.aspx?drRegionalOffice=0&drMonth=8&drYear=2026 (POST form),Reserve Bank of India,2026-09-28
2026,8,26,2026-08-26,Ranchi,Id-E-Milad/Baravafat/Milad-un-Nabi (Birthday of Prophet Mohammad)/Thiruvonam,NI Act holiday,https://www.rbi.org.in/Scripts/HolidayMatrixDisplay.aspx?drRegionalOffice=0&drMonth=8&drYear=2026 (POST form),Reserve Bank of India,2026-09-28
2026,8,15,2026-08-15,Shillong,Independence Day/Parsi New Year (Shahenshahi),NI Act holiday,https://www.rbi.org.in/Scripts/HolidayMatrixDisplay.aspx?drRegionalOffice=0&drMonth=8&drYear=2026 (POST form),Reserve Bank of India,2026-09-28
2026,8,15,2026-08-15,Shimla,Independence Day/Parsi New Year (Shahenshahi),NI Act holiday,https://www.rbi.org.in/Scripts/HolidayMatrixDisplay.aspx?drRegionalOffice=0&drMonth=8&drYear=2026 (POST form),Reserve Bank of India,2026-09-28
2026,8,28,2026-08-28,Shimla,Raksha Bandhan/Pang-Lhabsol/Friday following Eid-i-Milad-ul-Nabi/Sree Narayana Guru Jayanthi/Ayyankali Jayanthi,NI Act holiday,https://www.rbi.org.in/Scripts/HolidayMatrixDisplay.aspx?drRegionalOffice=0&drMonth=8&drYear=2026 (POST form),Reserve Bank of India,2026-09-28
2026,8,15,2026-08-15,Srinagar,Independence Day/Parsi New Year (Shahenshahi),NI Act holiday,https://www.rbi.org.in/Scripts/HolidayMatrixDisplay.aspx?drRegionalOffice=0&drMonth=8&drYear=2026 (POST form),Reserve Bank of India,2026-09-28
2026,8,26,2026-08-26,Srinagar,Id-E-Milad/Baravafat/Milad-un-Nabi (Birthday of Prophet Mohammad)/Thiruvonam,NI Act holiday,https://www.rbi.org.in/Scripts/HolidayMatrixDisplay.aspx?drRegionalOffice=0&drMonth=8&drYear=2026 (POST form),Reserve Bank of India,2026-09-28
2026,8,28,2026-08-28,Srinagar,Raksha Bandhan/Pang-Lhabsol/Friday following Eid-i-Milad-ul-Nabi/Sree Narayana Guru Jayanthi/Ayyankali Jayanthi,NI Act holiday,https://www.rbi.org.in/Scripts/HolidayMatrixDisplay.aspx?drRegionalOffice=0&drMonth=8&drYear=2026 (POST form),Reserve Bank of India,2026-09-28
2026,8,15,2026-08-15,Thiruvananthapuram,Independence Day/Parsi New Year (Shahenshahi),NI Act holiday,https://www.rbi.org.in/Scripts/HolidayMatrixDisplay.aspx?drRegionalOffice=0&drMonth=8&drYear=2026 (POST form),Reserve Bank of India,2026-09-28
2026,8,25,2026-08-25,Thiruvananthapuram,First Onam/Milad-i-Sherif (Birthday of Prophet Muhammed),NI Act holiday,https://www.rbi.org.in/Scripts/HolidayMatrixDisplay.aspx?drRegionalOffice=0&drMonth=8&drYear=2026 (POST form),Reserve Bank of India,2026-09-28
2026,8,26,2026-08-26,Thiruvananthapuram,Id-E-Milad/Baravafat/Milad-un-Nabi (Birthday of Prophet Mohammad)/Thiruvonam,NI Act holiday,https://www.rbi.org.in/Scripts/HolidayMatrixDisplay.aspx?drRegionalOffice=0&drMonth=8&drYear=2026 (POST form),Reserve Bank of India,2026-09-28
2026,8,28,2026-08-28,Thiruvananthapuram,Raksha Bandhan/Pang-Lhabsol/Friday following Eid-i-Milad-ul-Nabi/Sree Narayana Guru Jayanthi/Ayyankali Jayanthi,NI Act holiday,https://www.rbi.org.in/Scripts/HolidayMatrixDisplay.aspx?drRegionalOffice=0&drMonth=8&drYear=2026 (POST form),Reserve Bank of India,2026-09-28
2026,8,15,2026-08-15,Vijayawada,Independence Day/Parsi New Year (Shahenshahi),NI Act holiday,https://www.rbi.org.in/Scripts/HolidayMatrixDisplay.aspx?drRegionalOffice=0&drMonth=8&drYear=2026 (POST form),Reserve Bank of India,2026-09-28
2026,8,26,2026-08-26,Vijayawada,Id-E-Milad/Baravafat/Milad-un-Nabi (Birthday of Prophet Mohammad)/Thiruvonam,NI Act holiday,https://www.rbi.org.in/Scripts/HolidayMatrixDisplay.aspx?drRegionalOffice=0&drMonth=8&drYear=2026 (POST form),Reserve Bank of India,2026-09-28
2026,9,4,2026-09-04,Ahmedabad,Janmashtami (Vaishnva) (Shravan Vad-8)/Krishna Jayanthi,NI Act holiday,https://www.rbi.org.in/Scripts/HolidayMatrixDisplay.aspx?drRegionalOffice=0&drMonth=9&drYear=2026 (POST form),Reserve Bank of India,2026-09-28
2026,9,15,2026-09-15,Ahmedabad,Samvatsari (Chaturthi Paksha)/Nuakhai/Ganesh Chaturthi (2nd Day),NI Act holiday,https://www.rbi.org.in/Scripts/HolidayMatrixDisplay.aspx?drRegionalOffice=0&drMonth=9&drYear=2026 (POST form),Reserve Bank of India,2026-09-28
2026,9,4,2026-09-04,Aizawl,Janmashtami (Vaishnva) (Shravan Vad-8)/Krishna Jayanthi,NI Act holiday,https://www.rbi.org.in/Scripts/HolidayMatrixDisplay.aspx?drRegionalOffice=0&drMonth=9&drYear=2026 (POST form),Reserve Bank of India,2026-09-28
2026,9,14,2026-09-14,Belapur,Ganesh Chaturthi/Ganesh Puja/Varasiddhi Vinayaka Vrata/Vinayakar Chathurthi/Hartalika,NI Act holiday,https://www.rbi.org.in/Scripts/HolidayMatrixDisplay.aspx?drRegionalOffice=0&drMonth=9&drYear=2026 (POST form),Reserve Bank of India,2026-09-28
2026,9,14,2026-09-14,Bengaluru,Ganesh Chaturthi/Ganesh Puja/Varasiddhi Vinayaka Vrata/Vinayakar Chathurthi/Hartalika,NI Act holiday,https://www.rbi.org.in/Scripts/HolidayMatrixDisplay.aspx?drRegionalOffice=0&drMonth=9&drYear=2026 (POST form),Reserve Bank of India,2026-09-28
2026,9,4,2026-09-04,Bhopal,Janmashtami (Vaishnva) (Shravan Vad-8)/Krishna Jayanthi,NI Act holiday,https://www.rbi.org.in/Scripts/HolidayMatrixDisplay.aspx?drRegionalOffice=0&drMonth=9&drYear=2026 (POST form),Reserve Bank of India,2026-09-28
2026,9,4,2026-09-04,Bhubaneswar,Janmashtami (Vaishnva) (Shravan Vad-8)/Krishna Jayanthi,NI Act holiday,https://www.rbi.org.in/Scripts/HolidayMatrixDisplay.aspx?drRegionalOffice=0&drMonth=9&drYear=2026 (POST form),Reserve Bank of India,2026-09-28
2026,9,14,2026-09-14,Bhubaneswar,Ganesh Chaturthi/Ganesh Puja/Varasiddhi Vinayaka Vrata/Vinayakar Chathurthi/Hartalika,NI Act holiday,https://www.rbi.org.in/Scripts/HolidayMatrixDisplay.aspx?drRegionalOffice=0&drMonth=9&drYear=2026 (POST form),Reserve Bank of India,2026-09-28
2026,9,15,2026-09-15,Bhubaneswar,Samvatsari (Chaturthi Paksha)/Nuakhai/Ganesh Chaturthi (2nd Day),NI Act holiday,https://www.rbi.org.in/Scripts/HolidayMatrixDisplay.aspx?drRegionalOffice=0&drMonth=9&drYear=2026 (POST form),Reserve Bank of India,2026-09-28
2026,9,4,2026-09-04,Chandigarh,Janmashtami (Vaishnva) (Shravan Vad-8)/Krishna Jayanthi,NI Act holiday,https://www.rbi.org.in/Scripts/HolidayMatrixDisplay.aspx?drRegionalOffice=0&drMonth=9&drYear=2026 (POST form),Reserve Bank of India,2026-09-28
2026,9,4,2026-09-04,Chennai,Janmashtami (Vaishnva) (Shravan Vad-8)/Krishna Jayanthi,NI Act holiday,https://www.rbi.org.in/Scripts/HolidayMatrixDisplay.aspx?drRegionalOffice=0&drMonth=9&drYear=2026 (POST form),Reserve Bank of India,2026-09-28
2026,9,14,2026-09-14,Chennai,Ganesh Chaturthi/Ganesh Puja/Varasiddhi Vinayaka Vrata/Vinayakar Chathurthi/Hartalika,NI Act holiday,https://www.rbi.org.in/Scripts/HolidayMatrixDisplay.aspx?drRegionalOffice=0&drMonth=9&drYear=2026 (POST form),Reserve Bank of India,2026-09-28
2026,9,4,2026-09-04,Dehradun,Janmashtami (Vaishnva) (Shravan Vad-8)/Krishna Jayanthi,NI Act holiday,https://www.rbi.org.in/Scripts/HolidayMatrixDisplay.aspx?drRegionalOffice=0&drMonth=9&drYear=2026 (POST form),Reserve Bank of India,2026-09-28
2026,9,4,2026-09-04,Gangtok,Janmashtami (Vaishnva) (Shravan Vad-8)/Krishna Jayanthi,NI Act holiday,https://www.rbi.org.in/Scripts/HolidayMatrixDisplay.aspx?drRegionalOffice=0&drMonth=9&drYear=2026 (POST form),Reserve Bank of India,2026-09-28
2026,9,25,2026-09-25,Gangtok,Indrajatra,NI Act holiday,https://www.rbi.org.in/Scripts/HolidayMatrixDisplay.aspx?drRegionalOffice=0&drMonth=9&drYear=2026 (POST form),Reserve Bank of India,2026-09-28
2026,9,12,2026-09-12,Guwahati,Tirubhav Tithi of Srimanta Sankardeva,NI Act holiday,https://www.rbi.org.in/Scripts/HolidayMatrixDisplay.aspx?drRegionalOffice=0&drMonth=9&drYear=2026 (POST form),Reserve Bank of India,2026-09-28
2026,9,21,2026-09-21,Guwahati,Janmotsav of Srimanta Sankardeva/Sree Narayana Guru Samadhi,NI Act holiday,https://www.rbi.org.in/Scripts/HolidayMatrixDisplay.aspx?drRegionalOffice=0&drMonth=9&drYear=2026 (POST form),Reserve Bank of India,2026-09-28
2026,9,4,2026-09-04,Hyderabad,Janmashtami (Vaishnva) (Shravan Vad-8)/Krishna Jayanthi,NI Act holiday,https://www.rbi.org.in/Scripts/HolidayMatrixDisplay.aspx?drRegionalOffice=0&drMonth=9&drYear=2026 (POST form),Reserve Bank of India,2026-09-28
2026,9,14,2026-09-14,Hyderabad,Ganesh Chaturthi/Ganesh Puja/Varasiddhi Vinayaka Vrata/Vinayakar Chathurthi/Hartalika,NI Act holiday,https://www.rbi.org.in/Scripts/HolidayMatrixDisplay.aspx?drRegionalOffice=0&drMonth=9&drYear=2026 (POST form),Reserve Bank of India,2026-09-28
2026,9,4,2026-09-04,Jaipur,Janmashtami (Vaishnva) (Shravan Vad-8)/Krishna Jayanthi,NI Act holiday,https://www.rbi.org.in/Scripts/HolidayMatrixDisplay.aspx?drRegionalOffice=0&drMonth=9&drYear=2026 (POST form),Reserve Bank of India,2026-09-28
2026,9,11,2026-09-11,Jaipur,Elections in the jurisdiction of Jaipur Municipal Corporation,NI Act holiday,https://www.rbi.org.in/Scripts/HolidayMatrixDisplay.aspx?drRegionalOffice=0&drMonth=9&drYear=2026 (POST form),Reserve Bank of India,2026-09-28
2026,9,4,2026-09-04,Jammu,Janmashtami (Vaishnva) (Shravan Vad-8)/Krishna Jayanthi,NI Act holiday,https://www.rbi.org.in/Scripts/HolidayMatrixDisplay.aspx?drRegionalOffice=0&drMonth=9&drYear=2026 (POST form),Reserve Bank of India,2026-09-28
2026,9,23,2026-09-23,Jammu,Birthday of Maharaja Hari Singh Ji,NI Act holiday,https://www.rbi.org.in/Scripts/HolidayMatrixDisplay.aspx?drRegionalOffice=0&drMonth=9&drYear=2026 (POST form),Reserve Bank of India,2026-09-28
2026,9,4,2026-09-04,Kanpur,Janmashtami (Vaishnva) (Shravan Vad-8)/Krishna Jayanthi,NI Act holiday,https://www.rbi.org.in/Scripts/HolidayMatrixDisplay.aspx?drRegionalOffice=0&drMonth=9&drYear=2026 (POST form),Reserve Bank of India,2026-09-28
2026,9,4,2026-09-04,Kochi,Janmashtami (Vaishnva) (Shravan Vad-8)/Krishna Jayanthi,NI Act holiday,https://www.rbi.org.in/Scripts/HolidayMatrixDisplay.aspx?drRegionalOffice=0&drMonth=9&drYear=2026 (POST form),Reserve Bank of India,2026-09-28
2026,9,21,2026-09-21,Kochi,Janmotsav of Srimanta Sankardeva/Sree Narayana Guru Samadhi,NI Act holiday,https://www.rbi.org.in/Scripts/HolidayMatrixDisplay.aspx?drRegionalOffice=0&drMonth=9&drYear=2026 (POST form),Reserve Bank of India,2026-09-28
2026,9,4,2026-09-04,Kolkata,Janmashtami (Vaishnva) (Shravan Vad-8)/Krishna Jayanthi,NI Act holiday,https://www.rbi.org.in/Scripts/HolidayMatrixDisplay.aspx?drRegionalOffice=0&drMonth=9&drYear=2026 (POST form),Reserve Bank of India,2026-09-28
2026,9,4,2026-09-04,Lucknow,Janmashtami (Vaishnva) (Shravan Vad-8)/Krishna Jayanthi,NI Act holiday,https://www.rbi.org.in/Scripts/HolidayMatrixDisplay.aspx?drRegionalOffice=0&drMonth=9&drYear=2026 (POST form),Reserve Bank of India,2026-09-28
2026,9,14,2026-09-14,Mumbai,Ganesh Chaturthi/Ganesh Puja/Varasiddhi Vinayaka Vrata/Vinayakar Chathurthi/Hartalika,NI Act holiday,https://www.rbi.org.in/Scripts/HolidayMatrixDisplay.aspx?drRegionalOffice=0&drMonth=9&drYear=2026 (POST form),Reserve Bank of India,2026-09-28
2026,9,14,2026-09-14,Nagpur,Ganesh Chaturthi/Ganesh Puja/Varasiddhi Vinayaka Vrata/Vinayakar Chathurthi/Hartalika,NI Act holiday,https://www.rbi.org.in/Scripts/HolidayMatrixDisplay.aspx?drRegionalOffice=0&drMonth=9&drYear=2026 (POST form),Reserve Bank of India,2026-09-28
2026,9,14,2026-09-14,Panaji,Ganesh Chaturthi/Ganesh Puja/Varasiddhi Vinayaka Vrata/Vinayakar Chathurthi/Hartalika,NI Act holiday,https://www.rbi.org.in/Scripts/HolidayMatrixDisplay.aspx?drRegionalOffice=0&drMonth=9&drYear=2026 (POST form),Reserve Bank of India,2026-09-28
2026,9,15,2026-09-15,Panaji,Samvatsari (Chaturthi Paksha)/Nuakhai/Ganesh Chaturthi (2nd Day),NI Act holiday,https://www.rbi.org.in/Scripts/HolidayMatrixDisplay.aspx?drRegionalOffice=0&drMonth=9&drYear=2026 (POST form),Reserve Bank of India,2026-09-28
2026,9,4,2026-09-04,Patna,Janmashtami (Vaishnva) (Shravan Vad-8)/Krishna Jayanthi,NI Act holiday,https://www.rbi.org.in/Scripts/HolidayMatrixDisplay.aspx?drRegionalOffice=0&drMonth=9&drYear=2026 (POST form),Reserve Bank of India,2026-09-28
2026,9,4,2026-09-04,Raipur,Janmashtami (Vaishnva) (Shravan Vad-8)/Krishna Jayanthi,NI Act holiday,https://www.rbi.org.in/Scripts/HolidayMatrixDisplay.aspx?drRegionalOffice=0&drMonth=9&drYear=2026 (POST form),Reserve Bank of India,2026-09-28
2026,9,4,2026-09-04,Ranchi,Janmashtami (Vaishnva) (Shravan Vad-8)/Krishna Jayanthi,NI Act holiday,https://www.rbi.org.in/Scripts/HolidayMatrixDisplay.aspx?drRegionalOffice=0&drMonth=9&drYear=2026 (POST form),Reserve Bank of India,2026-09-28
2026,9,22,2026-09-22,Ranchi,Karma Puja,NI Act holiday,https://www.rbi.org.in/Scripts/HolidayMatrixDisplay.aspx?drRegionalOffice=0&drMonth=9&drYear=2026 (POST form),Reserve Bank of India,2026-09-28
2026,9,4,2026-09-04,Shillong,Janmashtami (Vaishnva) (Shravan Vad-8)/Krishna Jayanthi,NI Act holiday,https://www.rbi.org.in/Scripts/HolidayMatrixDisplay.aspx?drRegionalOffice=0&drMonth=9&drYear=2026 (POST form),Reserve Bank of India,2026-09-28
2026,9,18,2026-09-18,Shillong,Unitarian Anniversary Day,NI Act holiday,https://www.rbi.org.in/Scripts/HolidayMatrixDisplay.aspx?drRegionalOffice=0&drMonth=9&drYear=2026 (POST form),Reserve Bank of India,2026-09-28
2026,9,4,2026-09-04,Shimla,Janmashtami (Vaishnva) (Shravan Vad-8)/Krishna Jayanthi,NI Act holiday,https://www.rbi.org.in/Scripts/HolidayMatrixDisplay.aspx?drRegionalOffice=0&drMonth=9&drYear=2026 (POST form),Reserve Bank of India,2026-09-28
2026,9,4,2026-09-04,Srinagar,Janmashtami (Vaishnva) (Shravan Vad-8)/Krishna Jayanthi,NI Act holiday,https://www.rbi.org.in/Scripts/HolidayMatrixDisplay.aspx?drRegionalOffice=0&drMonth=9&drYear=2026 (POST form),Reserve Bank of India,2026-09-28
2026,9,23,2026-09-23,Srinagar,Birthday of Maharaja Hari Singh Ji,NI Act holiday,https://www.rbi.org.in/Scripts/HolidayMatrixDisplay.aspx?drRegionalOffice=0&drMonth=9&drYear=2026 (POST form),Reserve Bank of India,2026-09-28
2026,9,4,2026-09-04,Thiruvananthapuram,Janmashtami (Vaishnva) (Shravan Vad-8)/Krishna Jayanthi,NI Act holiday,https://www.rbi.org.in/Scripts/HolidayMatrixDisplay.aspx?drRegionalOffice=0&drMonth=9&drYear=2026 (POST form),Reserve Bank of India,2026-09-28
2026,9,21,2026-09-21,Thiruvananthapuram,Janmotsav of Srimanta Sankardeva/Sree Narayana Guru Samadhi,NI Act holiday,https://www.rbi.org.in/Scripts/HolidayMatrixDisplay.aspx?drRegionalOffice=0&drMonth=9&drYear=2026 (POST form),Reserve Bank of India,2026-09-28
2026,9,4,2026-09-04,Vijayawada,Janmashtami (Vaishnva) (Shravan Vad-8)/Krishna Jayanthi,NI Act holiday,https://www.rbi.org.in/Scripts/HolidayMatrixDisplay.aspx?drRegionalOffice=0&drMonth=9&drYear=2026 (POST form),Reserve Bank of India,2026-09-28
2026,9,14,2026-09-14,Vijayawada,Ganesh Chaturthi/Ganesh Puja/Varasiddhi Vinayaka Vrata/Vinayakar Chathurthi/Hartalika,NI Act holiday,https://www.rbi.org.in/Scripts/HolidayMatrixDisplay.aspx?drRegionalOffice=0&drMonth=9&drYear=2026 (POST form),Reserve Bank of India,2026-09-28
2026,10,2,2026-10-02,Agartala,Mahatma Gandhi Jayanti,NI Act holiday,https://www.rbi.org.in/Scripts/HolidayMatrixDisplay.aspx?drRegionalOffice=0&drMonth=10&drYear=2026 (POST form),Reserve Bank of India,2026-09-28
2026,10,17,2026-10-17,Agartala,Maha Saptami,NI Act holiday,https://www.rbi.org.in/Scripts/HolidayMatrixDisplay.aspx?drRegionalOffice=0&drMonth=10&drYear=2026 (POST form),Reserve Bank of India,2026-09-28
2026,10,19,2026-10-19,Agartala,Dussehra (Mahashtami)/Maha Navami/Ayutha Pooja/Durga Puja/Vijaya Dashomi/Durga Ashtami,NI Act holiday,https://www.rbi.org.in/Scripts/HolidayMatrixDisplay.aspx?drRegionalOffice=0&drMonth=10&drYear=2026 (POST form),Reserve Bank of India,2026-09-28
2026,10,20,2026-10-20,Agartala,"Dasara/Dusshera (Vijaya Dashmi) (Aaso sud-10)/Mahanavami, Ayudhapooja/Durga Puja",NI Act holiday,https://www.rbi.org.in/Scripts/HolidayMatrixDisplay.aspx?drRegionalOffice=0&drMonth=10&drYear=2026 (POST form),Reserve Bank of India,2026-09-28
2026,10,21,2026-10-21,Agartala,Vijaya Dasami/Durga Puja (Dasain),NI Act holiday,https://www.rbi.org.in/Scripts/HolidayMatrixDisplay.aspx?drRegionalOffice=0&drMonth=10&drYear=2026 (POST form),Reserve Bank of India,2026-09-28
2026,10,26,2026-10-26,Agartala,Laxmi Puja/Accession Day/Maharishi Valmiki’s Birthday,NI Act holiday,https://www.rbi.org.in/Scripts/HolidayMatrixDisplay.aspx?drRegionalOffice=0&drMonth=10&drYear=2026 (POST form),Reserve Bank of India,2026-09-28
2026,10,2,2026-10-02,Ahmedabad,Mahatma Gandhi Jayanti,NI Act holiday,https://www.rbi.org.in/Scripts/HolidayMatrixDisplay.aspx?drRegionalOffice=0&drMonth=10&drYear=2026 (POST form),Reserve Bank of India,2026-09-28
2026,10,20,2026-10-20,Ahmedabad,"Dasara/Dusshera (Vijaya Dashmi) (Aaso sud-10)/Mahanavami, Ayudhapooja/Durga Puja",NI Act holiday,https://www.rbi.org.in/Scripts/HolidayMatrixDisplay.aspx?drRegionalOffice=0&drMonth=10&drYear=2026 (POST form),Reserve Bank of India,2026-09-28
2026,10,31,2026-10-31,Ahmedabad,Sardar Vallabhbhai Patel's Birthday,NI Act holiday,https://www.rbi.org.in/Scripts/HolidayMatrixDisplay.aspx?drRegionalOffice=0&drMonth=10&drYear=2026 (POST form),Reserve Bank of India,2026-09-28
2026,10,2,2026-10-02,Aizawl,Mahatma Gandhi Jayanti,NI Act holiday,https://www.rbi.org.in/Scripts/HolidayMatrixDisplay.aspx?drRegionalOffice=0&drMonth=10&drYear=2026 (POST form),Reserve Bank of India,2026-09-28
2026,10,19,2026-10-19,Aizawl,Dussehra (Mahashtami)/Maha Navami/Ayutha Pooja/Durga Puja/Vijaya Dashomi/Durga Ashtami,NI Act holiday,https://www.rbi.org.in/Scripts/HolidayMatrixDisplay.aspx?drRegionalOffice=0&drMonth=10&drYear=2026 (POST form),Reserve Bank of India,2026-09-28
2026,10,20,2026-10-20,Aizawl,"Dasara/Dusshera (Vijaya Dashmi) (Aaso sud-10)/Mahanavami, Ayudhapooja/Durga Puja",NI Act holiday,https://www.rbi.org.in/Scripts/HolidayMatrixDisplay.aspx?drRegionalOffice=0&drMonth=10&drYear=2026 (POST form),Reserve Bank of India,2026-09-28
2026,10,2,2026-10-02,Belapur,Mahatma Gandhi Jayanti,NI Act holiday,https://www.rbi.org.in/Scripts/HolidayMatrixDisplay.aspx?drRegionalOffice=0&drMonth=10&drYear=2026 (POST form),Reserve Bank of India,2026-09-28
2026,10,20,2026-10-20,Belapur,"Dasara/Dusshera (Vijaya Dashmi) (Aaso sud-10)/Mahanavami, Ayudhapooja/Durga Puja",NI Act holiday,https://www.rbi.org.in/Scripts/HolidayMatrixDisplay.aspx?drRegionalOffice=0&drMonth=10&drYear=2026 (POST form),Reserve Bank of India,2026-09-28
2026,10,2,2026-10-02,Bengaluru,Mahatma Gandhi Jayanti,NI Act holiday,https://www.rbi.org.in/Scripts/HolidayMatrixDisplay.aspx?drRegionalOffice=0&drMonth=10&drYear=2026 (POST form),Reserve Bank of India,2026-09-28
2026,10,10,2026-10-10,Bengaluru,Mahalaya Amavasye,NI Act holiday,https://www.rbi.org.in/Scripts/HolidayMatrixDisplay.aspx?drRegionalOffice=0&drMonth=10&drYear=2026 (POST form),Reserve Bank of India,2026-09-28
2026,10,20,2026-10-20,Bengaluru,"Dasara/Dusshera (Vijaya Dashmi) (Aaso sud-10)/Mahanavami, Ayudhapooja/Durga Puja",NI Act holiday,https://www.rbi.org.in/Scripts/HolidayMatrixDisplay.aspx?drRegionalOffice=0&drMonth=10&drYear=2026 (POST form),Reserve Bank of India,2026-09-28
2026,10,21,2026-10-21,Bengaluru,Vijaya Dasami/Durga Puja (Dasain),NI Act holiday,https://www.rbi.org.in/Scripts/HolidayMatrixDisplay.aspx?drRegionalOffice=0&drMonth=10&drYear=2026 (POST form),Reserve Bank of India,2026-09-28
2026,10,2,2026-10-02,Bhopal,Mahatma Gandhi Jayanti,NI Act holiday,https://www.rbi.org.in/Scripts/HolidayMatrixDisplay.aspx?drRegionalOffice=0&drMonth=10&drYear=2026 (POST form),Reserve Bank of India,2026-09-28
2026,10,20,2026-10-20,Bhopal,"Dasara/Dusshera (Vijaya Dashmi) (Aaso sud-10)/Mahanavami, Ayudhapooja/Durga Puja",NI Act holiday,https://www.rbi.org.in/Scripts/HolidayMatrixDisplay.aspx?drRegionalOffice=0&drMonth=10&drYear=2026 (POST form),Reserve Bank of India,2026-09-28
2026,10,2,2026-10-02,Bhubaneswar,Mahatma Gandhi Jayanti,NI Act holiday,https://www.rbi.org.in/Scripts/HolidayMatrixDisplay.aspx?drRegionalOffice=0&drMonth=10&drYear=2026 (POST form),Reserve Bank of India,2026-09-28
2026,10,19,2026-10-19,Bhubaneswar,Dussehra (Mahashtami)/Maha Navami/Ayutha Pooja/Durga Puja/Vijaya Dashomi/Durga Ashtami,NI Act holiday,https://www.rbi.org.in/Scripts/HolidayMatrixDisplay.aspx?drRegionalOffice=0&drMonth=10&drYear=2026 (POST form),Reserve Bank of India,2026-09-28
2026,10,20,2026-10-20,Bhubaneswar,"Dasara/Dusshera (Vijaya Dashmi) (Aaso sud-10)/Mahanavami, Ayudhapooja/Durga Puja",NI Act holiday,https://www.rbi.org.in/Scripts/HolidayMatrixDisplay.aspx?drRegionalOffice=0&drMonth=10&drYear=2026 (POST form),Reserve Bank of India,2026-09-28
2026,10,2,2026-10-02,Chandigarh,Mahatma Gandhi Jayanti,NI Act holiday,https://www.rbi.org.in/Scripts/HolidayMatrixDisplay.aspx?drRegionalOffice=0&drMonth=10&drYear=2026 (POST form),Reserve Bank of India,2026-09-28
2026,10,20,2026-10-20,Chandigarh,"Dasara/Dusshera (Vijaya Dashmi) (Aaso sud-10)/Mahanavami, Ayudhapooja/Durga Puja",NI Act holiday,https://www.rbi.org.in/Scripts/HolidayMatrixDisplay.aspx?drRegionalOffice=0&drMonth=10&drYear=2026 (POST form),Reserve Bank of India,2026-09-28
2026,10,26,2026-10-26,Chandigarh,Laxmi Puja/Accession Day/Maharishi Valmiki’s Birthday,NI Act holiday,https://www.rbi.org.in/Scripts/HolidayMatrixDisplay.aspx?drRegionalOffice=0&drMonth=10&drYear=2026 (POST form),Reserve Bank of India,2026-09-28
2026,10,2,2026-10-02,Chennai,Mahatma Gandhi Jayanti,NI Act holiday,https://www.rbi.org.in/Scripts/HolidayMatrixDisplay.aspx?drRegionalOffice=0&drMonth=10&drYear=2026 (POST form),Reserve Bank of India,2026-09-28
2026,10,19,2026-10-19,Chennai,Dussehra (Mahashtami)/Maha Navami/Ayutha Pooja/Durga Puja/Vijaya Dashomi/Durga Ashtami,NI Act holiday,https://www.rbi.org.in/Scripts/HolidayMatrixDisplay.aspx?drRegionalOffice=0&drMonth=10&drYear=2026 (POST form),Reserve Bank of India,2026-09-28
2026,10,20,2026-10-20,Chennai,"Dasara/Dusshera (Vijaya Dashmi) (Aaso sud-10)/Mahanavami, Ayudhapooja/Durga Puja",NI Act holiday,https://www.rbi.org.in/Scripts/HolidayMatrixDisplay.aspx?drRegionalOffice=0&drMonth=10&drYear=2026 (POST form),Reserve Bank of India,2026-09-28
2026,10,2,2026-10-02,Dehradun,Mahatma Gandhi Jayanti,NI Act holiday,https://www.rbi.org.in/Scripts/HolidayMatrixDisplay.aspx?drRegionalOffice=0&drMonth=10&drYear=2026 (POST form),Reserve Bank of India,2026-09-28
2026,10,20,2026-10-20,Dehradun,"Dasara/Dusshera (Vijaya Dashmi) (Aaso sud-10)/Mahanavami, Ayudhapooja/Durga Puja",NI Act holiday,https://www.rbi.org.in/Scripts/HolidayMatrixDisplay.aspx?drRegionalOffice=0&drMonth=10&drYear=2026 (POST form),Reserve Bank of India,2026-09-28
2026,10,2,2026-10-02,Gangtok,Mahatma Gandhi Jayanti,NI Act holiday,https://www.rbi.org.in/Scripts/HolidayMatrixDisplay.aspx?drRegionalOffice=0&drMonth=10&drYear=2026 (POST form),Reserve Bank of India,2026-09-28
2026,10,21,2026-10-21,Gangtok,Vijaya Dasami/Durga Puja (Dasain),NI Act holiday,https://www.rbi.org.in/Scripts/HolidayMatrixDisplay.aspx?drRegionalOffice=0&drMonth=10&drYear=2026 (POST form),Reserve Bank of India,2026-09-28
2026,10,22,2026-10-22,Gangtok,Durga Puja (Dasain),NI Act holiday,https://www.rbi.org.in/Scripts/HolidayMatrixDisplay.aspx?drRegionalOffice=0&drMonth=10&drYear=2026 (POST form),Reserve Bank of India,2026-09-28
2026,10,23,2026-10-23,Gangtok,Durga Puja (Dasain),NI Act holiday,https://www.rbi.org.in/Scripts/HolidayMatrixDisplay.aspx?drRegionalOffice=0&drMonth=10&drYear=2026 (POST form),Reserve Bank of India,2026-09-28
2026,10,2,2026-10-02,Guwahati,Mahatma Gandhi Jayanti,NI Act holiday,https://www.rbi.org.in/Scripts/HolidayMatrixDisplay.aspx?drRegionalOffice=0&drMonth=10&drYear=2026 (POST form),Reserve Bank of India,2026-09-28
2026,10,19,2026-10-19,Guwahati,Dussehra (Mahashtami)/Maha Navami/Ayutha Pooja/Durga Puja/Vijaya Dashomi/Durga Ashtami,NI Act holiday,https://www.rbi.org.in/Scripts/HolidayMatrixDisplay.aspx?drRegionalOffice=0&drMonth=10&drYear=2026 (POST form),Reserve Bank of India,2026-09-28
2026,10,20,2026-10-20,Guwahati,"Dasara/Dusshera (Vijaya Dashmi) (Aaso sud-10)/Mahanavami, Ayudhapooja/Durga Puja",NI Act holiday,https://www.rbi.org.in/Scripts/HolidayMatrixDisplay.aspx?drRegionalOffice=0&drMonth=10&drYear=2026 (POST form),Reserve Bank of India,2026-09-28
2026,10,21,2026-10-21,Guwahati,Vijaya Dasami/Durga Puja (Dasain),NI Act holiday,https://www.rbi.org.in/Scripts/HolidayMatrixDisplay.aspx?drRegionalOffice=0&drMonth=10&drYear=2026 (POST form),Reserve Bank of India,2026-09-28
2026,10,2,2026-10-02,Hyderabad,Mahatma Gandhi Jayanti,NI Act holiday,https://www.rbi.org.in/Scripts/HolidayMatrixDisplay.aspx?drRegionalOffice=0&drMonth=10&drYear=2026 (POST form),Reserve Bank of India,2026-09-28
2026,10,20,2026-10-20,Hyderabad,"Dasara/Dusshera (Vijaya Dashmi) (Aaso sud-10)/Mahanavami, Ayudhapooja/Durga Puja",NI Act holiday,https://www.rbi.org.in/Scripts/HolidayMatrixDisplay.aspx?drRegionalOffice=0&drMonth=10&drYear=2026 (POST form),Reserve Bank of India,2026-09-28
2026,10,2,2026-10-02,Imphal,Mahatma Gandhi Jayanti,NI Act holiday,https://www.rbi.org.in/Scripts/HolidayMatrixDisplay.aspx?drRegionalOffice=0&drMonth=10&drYear=2026 (POST form),Reserve Bank of India,2026-09-28
2026,10,19,2026-10-19,Imphal,Dussehra (Mahashtami)/Maha Navami/Ayutha Pooja/Durga Puja/Vijaya Dashomi/Durga Ashtami,NI Act holiday,https://www.rbi.org.in/Scripts/HolidayMatrixDisplay.aspx?drRegionalOffice=0&drMonth=10&drYear=2026 (POST form),Reserve Bank of India,2026-09-28
2026,10,2,2026-10-02,Itanagar,Mahatma Gandhi Jayanti,NI Act holiday,https://www.rbi.org.in/Scripts/HolidayMatrixDisplay.aspx?drRegionalOffice=0&drMonth=10&drYear=2026 (POST form),Reserve Bank of India,2026-09-28
2026,10,19,2026-10-19,Itanagar,Dussehra (Mahashtami)/Maha Navami/Ayutha Pooja/Durga Puja/Vijaya Dashomi/Durga Ashtami,NI Act holiday,https://www.rbi.org.in/Scripts/HolidayMatrixDisplay.aspx?drRegionalOffice=0&drMonth=10&drYear=2026 (POST form),Reserve Bank of India,2026-09-28
2026,10,20,2026-10-20,Itanagar,"Dasara/Dusshera (Vijaya Dashmi) (Aaso sud-10)/Mahanavami, Ayudhapooja/Durga Puja",NI Act holiday,https://www.rbi.org.in/Scripts/HolidayMatrixDisplay.aspx?drRegionalOffice=0&drMonth=10&drYear=2026 (POST form),Reserve Bank of India,2026-09-28
2026,10,2,2026-10-02,Jaipur,Mahatma Gandhi Jayanti,NI Act holiday,https://www.rbi.org.in/Scripts/HolidayMatrixDisplay.aspx?drRegionalOffice=0&drMonth=10&drYear=2026 (POST form),Reserve Bank of India,2026-09-28
2026,10,20,2026-10-20,Jaipur,"Dasara/Dusshera (Vijaya Dashmi) (Aaso sud-10)/Mahanavami, Ayudhapooja/Durga Puja",NI Act holiday,https://www.rbi.org.in/Scripts/HolidayMatrixDisplay.aspx?drRegionalOffice=0&drMonth=10&drYear=2026 (POST form),Reserve Bank of India,2026-09-28
2026,10,2,2026-10-02,Jammu,Mahatma Gandhi Jayanti,NI Act holiday,https://www.rbi.org.in/Scripts/HolidayMatrixDisplay.aspx?drRegionalOffice=0&drMonth=10&drYear=2026 (POST form),Reserve Bank of India,2026-09-28
2026,10,20,2026-10-20,Jammu,"Dasara/Dusshera (Vijaya Dashmi) (Aaso sud-10)/Mahanavami, Ayudhapooja/Durga Puja",NI Act holiday,https://www.rbi.org.in/Scripts/HolidayMatrixDisplay.aspx?drRegionalOffice=0&drMonth=10&drYear=2026 (POST form),Reserve Bank of India,2026-09-28
2026,10,26,2026-10-26,Jammu,Laxmi Puja/Accession Day/Maharishi Valmiki’s Birthday,NI Act holiday,https://www.rbi.org.in/Scripts/HolidayMatrixDisplay.aspx?drRegionalOffice=0&drMonth=10&drYear=2026 (POST form),Reserve Bank of India,2026-09-28
2026,10,2,2026-10-02,Kanpur,Mahatma Gandhi Jayanti,NI Act holiday,https://www.rbi.org.in/Scripts/HolidayMatrixDisplay.aspx?drRegionalOffice=0&drMonth=10&drYear=2026 (POST form),Reserve Bank of India,2026-09-28
2026,10,20,2026-10-20,Kanpur,"Dasara/Dusshera (Vijaya Dashmi) (Aaso sud-10)/Mahanavami, Ayudhapooja/Durga Puja",NI Act holiday,https://www.rbi.org.in/Scripts/HolidayMatrixDisplay.aspx?drRegionalOffice=0&drMonth=10&drYear=2026 (POST form),Reserve Bank of India,2026-09-28
2026,10,2,2026-10-02,Kochi,Mahatma Gandhi Jayanti,NI Act holiday,https://www.rbi.org.in/Scripts/HolidayMatrixDisplay.aspx?drRegionalOffice=0&drMonth=10&drYear=2026 (POST form),Reserve Bank of India,2026-09-28
2026,10,20,2026-10-20,Kochi,"Dasara/Dusshera (Vijaya Dashmi) (Aaso sud-10)/Mahanavami, Ayudhapooja/Durga Puja",NI Act holiday,https://www.rbi.org.in/Scripts/HolidayMatrixDisplay.aspx?drRegionalOffice=0&drMonth=10&drYear=2026 (POST form),Reserve Bank of India,2026-09-28
2026,10,21,2026-10-21,Kochi,Vijaya Dasami/Durga Puja (Dasain),NI Act holiday,https://www.rbi.org.in/Scripts/HolidayMatrixDisplay.aspx?drRegionalOffice=0&drMonth=10&drYear=2026 (POST form),Reserve Bank of India,2026-09-28
2026,10,2,2026-10-02,Kohima,Mahatma Gandhi Jayanti,NI Act holiday,https://www.rbi.org.in/Scripts/HolidayMatrixDisplay.aspx?drRegionalOffice=0&drMonth=10&drYear=2026 (POST form),Reserve Bank of India,2026-09-28
2026,10,19,2026-10-19,Kohima,Dussehra (Mahashtami)/Maha Navami/Ayutha Pooja/Durga Puja/Vijaya Dashomi/Durga Ashtami,NI Act holiday,https://www.rbi.org.in/Scripts/HolidayMatrixDisplay.aspx?drRegionalOffice=0&drMonth=10&drYear=2026 (POST form),Reserve Bank of India,2026-09-28
2026,10,20,2026-10-20,Kohima,"Dasara/Dusshera (Vijaya Dashmi) (Aaso sud-10)/Mahanavami, Ayudhapooja/Durga Puja",NI Act holiday,https://www.rbi.org.in/Scripts/HolidayMatrixDisplay.aspx?drRegionalOffice=0&drMonth=10&drYear=2026 (POST form),Reserve Bank of India,2026-09-28
2026,10,2,2026-10-02,Kolkata,Mahatma Gandhi Jayanti,NI Act holiday,https://www.rbi.org.in/Scripts/HolidayMatrixDisplay.aspx?drRegionalOffice=0&drMonth=10&drYear=2026 (POST form),Reserve Bank of India,2026-09-28
2026,10,10,2026-10-10,Kolkata,Mahalaya Amavasye,NI Act holiday,https://www.rbi.org.in/Scripts/HolidayMatrixDisplay.aspx?drRegionalOffice=0&drMonth=10&drYear=2026 (POST form),Reserve Bank of India,2026-09-28
2026,10,19,2026-10-19,Kolkata,Dussehra (Mahashtami)/Maha Navami/Ayutha Pooja/Durga Puja/Vijaya Dashomi/Durga Ashtami,NI Act holiday,https://www.rbi.org.in/Scripts/HolidayMatrixDisplay.aspx?drRegionalOffice=0&drMonth=10&drYear=2026 (POST form),Reserve Bank of India,2026-09-28
2026,10,20,2026-10-20,Kolkata,"Dasara/Dusshera (Vijaya Dashmi) (Aaso sud-10)/Mahanavami, Ayudhapooja/Durga Puja",NI Act holiday,https://www.rbi.org.in/Scripts/HolidayMatrixDisplay.aspx?drRegionalOffice=0&drMonth=10&drYear=2026 (POST form),Reserve Bank of India,2026-09-28
2026,10,21,2026-10-21,Kolkata,Vijaya Dasami/Durga Puja (Dasain),NI Act holiday,https://www.rbi.org.in/Scripts/HolidayMatrixDisplay.aspx?drRegionalOffice=0&drMonth=10&drYear=2026 (POST form),Reserve Bank of India,2026-09-28
2026,10,2,2026-10-02,Lucknow,Mahatma Gandhi Jayanti,NI Act holiday,https://www.rbi.org.in/Scripts/HolidayMatrixDisplay.aspx?drRegionalOffice=0&drMonth=10&drYear=2026 (POST form),Reserve Bank of India,2026-09-28
2026,10,20,2026-10-20,Lucknow,"Dasara/Dusshera (Vijaya Dashmi) (Aaso sud-10)/Mahanavami, Ayudhapooja/Durga Puja",NI Act holiday,https://www.rbi.org.in/Scripts/HolidayMatrixDisplay.aspx?drRegionalOffice=0&drMonth=10&drYear=2026 (POST form),Reserve Bank of India,2026-09-28
2026,10,2,2026-10-02,Mumbai,Mahatma Gandhi Jayanti,NI Act holiday,https://www.rbi.org.in/Scripts/HolidayMatrixDisplay.aspx?drRegionalOffice=0&drMonth=10&drYear=2026 (POST form),Reserve Bank of India,2026-09-28
2026,10,20,2026-10-20,Mumbai,"Dasara/Dusshera (Vijaya Dashmi) (Aaso sud-10)/Mahanavami, Ayudhapooja/Durga Puja",NI Act holiday,https://www.rbi.org.in/Scripts/HolidayMatrixDisplay.aspx?drRegionalOffice=0&drMonth=10&drYear=2026 (POST form),Reserve Bank of India,2026-09-28
2026,10,2,2026-10-02,Nagpur,Mahatma Gandhi Jayanti,NI Act holiday,https://www.rbi.org.in/Scripts/HolidayMatrixDisplay.aspx?drRegionalOffice=0&drMonth=10&drYear=2026 (POST form),Reserve Bank of India,2026-09-28
2026,10,20,2026-10-20,Nagpur,"Dasara/Dusshera (Vijaya Dashmi) (Aaso sud-10)/Mahanavami, Ayudhapooja/Durga Puja",NI Act holiday,https://www.rbi.org.in/Scripts/HolidayMatrixDisplay.aspx?drRegionalOffice=0&drMonth=10&drYear=2026 (POST form),Reserve Bank of India,2026-09-28
2026,10,2,2026-10-02,New Delhi,Mahatma Gandhi Jayanti,NI Act holiday,https://www.rbi.org.in/Scripts/HolidayMatrixDisplay.aspx?drRegionalOffice=0&drMonth=10&drYear=2026 (POST form),Reserve Bank of India,2026-09-28
2026,10,20,2026-10-20,New Delhi,"Dasara/Dusshera (Vijaya Dashmi) (Aaso sud-10)/Mahanavami, Ayudhapooja/Durga Puja",NI Act holiday,https://www.rbi.org.in/Scripts/HolidayMatrixDisplay.aspx?drRegionalOffice=0&drMonth=10&drYear=2026 (POST form),Reserve Bank of India,2026-09-28
2026,10,2,2026-10-02,Panaji,Mahatma Gandhi Jayanti,NI Act holiday,https://www.rbi.org.in/Scripts/HolidayMatrixDisplay.aspx?drRegionalOffice=0&drMonth=10&drYear=2026 (POST form),Reserve Bank of India,2026-09-28
2026,10,20,2026-10-20,Panaji,"Dasara/Dusshera (Vijaya Dashmi) (Aaso sud-10)/Mahanavami, Ayudhapooja/Durga Puja",NI Act holiday,https://www.rbi.org.in/Scripts/HolidayMatrixDisplay.aspx?drRegionalOffice=0&drMonth=10&drYear=2026 (POST form),Reserve Bank of India,2026-09-28
2026,10,2,2026-10-02,Patna,Mahatma Gandhi Jayanti,NI Act holiday,https://www.rbi.org.in/Scripts/HolidayMatrixDisplay.aspx?drRegionalOffice=0&drMonth=10&drYear=2026 (POST form),Reserve Bank of India,2026-09-28
2026,10,19,2026-10-19,Patna,Dussehra (Mahashtami)/Maha Navami/Ayutha Pooja/Durga Puja/Vijaya Dashomi/Durga Ashtami,NI Act holiday,https://www.rbi.org.in/Scripts/HolidayMatrixDisplay.aspx?drRegionalOffice=0&drMonth=10&drYear=2026 (POST form),Reserve Bank of India,2026-09-28
2026,10,20,2026-10-20,Patna,"Dasara/Dusshera (Vijaya Dashmi) (Aaso sud-10)/Mahanavami, Ayudhapooja/Durga Puja",NI Act holiday,https://www.rbi.org.in/Scripts/HolidayMatrixDisplay.aspx?drRegionalOffice=0&drMonth=10&drYear=2026 (POST form),Reserve Bank of India,2026-09-28
2026,10,2,2026-10-02,Raipur,Mahatma Gandhi Jayanti,NI Act holiday,https://www.rbi.org.in/Scripts/HolidayMatrixDisplay.aspx?drRegionalOffice=0&drMonth=10&drYear=2026 (POST form),Reserve Bank of India,2026-09-28
2026,10,20,2026-10-20,Raipur,"Dasara/Dusshera (Vijaya Dashmi) (Aaso sud-10)/Mahanavami, Ayudhapooja/Durga Puja",NI Act holiday,https://www.rbi.org.in/Scripts/HolidayMatrixDisplay.aspx?drRegionalOffice=0&drMonth=10&drYear=2026 (POST form),Reserve Bank of India,2026-09-28
2026,10,2,2026-10-02,Ranchi,Mahatma Gandhi Jayanti,NI Act holiday,https://www.rbi.org.in/Scripts/HolidayMatrixDisplay.aspx?drRegionalOffice=0&drMonth=10&drYear=2026 (POST form),Reserve Bank of India,2026-09-28
2026,10,19,2026-10-19,Ranchi,Dussehra (Mahashtami)/Maha Navami/Ayutha Pooja/Durga Puja/Vijaya Dashomi/Durga Ashtami,NI Act holiday,https://www.rbi.org.in/Scripts/HolidayMatrixDisplay.aspx?drRegionalOffice=0&drMonth=10&drYear=2026 (POST form),Reserve Bank of India,2026-09-28
2026,10,20,2026-10-20,Ranchi,"Dasara/Dusshera (Vijaya Dashmi) (Aaso sud-10)/Mahanavami, Ayudhapooja/Durga Puja",NI Act holiday,https://www.rbi.org.in/Scripts/HolidayMatrixDisplay.aspx?drRegionalOffice=0&drMonth=10&drYear=2026 (POST form),Reserve Bank of India,2026-09-28
2026,10,2,2026-10-02,Shillong,Mahatma Gandhi Jayanti,NI Act holiday,https://www.rbi.org.in/Scripts/HolidayMatrixDisplay.aspx?drRegionalOffice=0&drMonth=10&drYear=2026 (POST form),Reserve Bank of India,2026-09-28
2026,10,19,2026-10-19,Shillong,Dussehra (Mahashtami)/Maha Navami/Ayutha Pooja/Durga Puja/Vijaya Dashomi/Durga Ashtami,NI Act holiday,https://www.rbi.org.in/Scripts/HolidayMatrixDisplay.aspx?drRegionalOffice=0&drMonth=10&drYear=2026 (POST form),Reserve Bank of India,2026-09-28
2026,10,20,2026-10-20,Shillong,"Dasara/Dusshera (Vijaya Dashmi) (Aaso sud-10)/Mahanavami, Ayudhapooja/Durga Puja",NI Act holiday,https://www.rbi.org.in/Scripts/HolidayMatrixDisplay.aspx?drRegionalOffice=0&drMonth=10&drYear=2026 (POST form),Reserve Bank of India,2026-09-28
2026,10,2,2026-10-02,Shimla,Mahatma Gandhi Jayanti,NI Act holiday,https://www.rbi.org.in/Scripts/HolidayMatrixDisplay.aspx?drRegionalOffice=0&drMonth=10&drYear=2026 (POST form),Reserve Bank of India,2026-09-28
2026,10,20,2026-10-20,Shimla,"Dasara/Dusshera (Vijaya Dashmi) (Aaso sud-10)/Mahanavami, Ayudhapooja/Durga Puja",NI Act holiday,https://www.rbi.org.in/Scripts/HolidayMatrixDisplay.aspx?drRegionalOffice=0&drMonth=10&drYear=2026 (POST form),Reserve Bank of India,2026-09-28
2026,10,26,2026-10-26,Shimla,Laxmi Puja/Accession Day/Maharishi Valmiki’s Birthday,NI Act holiday,https://www.rbi.org.in/Scripts/HolidayMatrixDisplay.aspx?drRegionalOffice=0&drMonth=10&drYear=2026 (POST form),Reserve Bank of India,2026-09-28
2026,10,29,2026-10-29,Shimla,Karva Chauth,NI Act holiday,https://www.rbi.org.in/Scripts/HolidayMatrixDisplay.aspx?drRegionalOffice=0&drMonth=10&drYear=2026 (POST form),Reserve Bank of India,2026-09-28
2026,10,2,2026-10-02,Srinagar,Mahatma Gandhi Jayanti,NI Act holiday,https://www.rbi.org.in/Scripts/HolidayMatrixDisplay.aspx?drRegionalOffice=0&drMonth=10&drYear=2026 (POST form),Reserve Bank of India,2026-09-28
2026,10,20,2026-10-20,Srinagar,"Dasara/Dusshera (Vijaya Dashmi) (Aaso sud-10)/Mahanavami, Ayudhapooja/Durga Puja",NI Act holiday,https://www.rbi.org.in/Scripts/HolidayMatrixDisplay.aspx?drRegionalOffice=0&drMonth=10&drYear=2026 (POST form),Reserve Bank of India,2026-09-28
2026,10,26,2026-10-26,Srinagar,Laxmi Puja/Accession Day/Maharishi Valmiki’s Birthday,NI Act holiday,https://www.rbi.org.in/Scripts/HolidayMatrixDisplay.aspx?drRegionalOffice=0&drMonth=10&drYear=2026 (POST form),Reserve Bank of India,2026-09-28
2026,10,2,2026-10-02,Thiruvananthapuram,Mahatma Gandhi Jayanti,NI Act holiday,https://www.rbi.org.in/Scripts/HolidayMatrixDisplay.aspx?drRegionalOffice=0&drMonth=10&drYear=2026 (POST form),Reserve Bank of India,2026-09-28
2026,10,20,2026-10-20,Thiruvananthapuram,"Dasara/Dusshera (Vijaya Dashmi) (Aaso sud-10)/Mahanavami, Ayudhapooja/Durga Puja",NI Act holiday,https://www.rbi.org.in/Scripts/HolidayMatrixDisplay.aspx?drRegionalOffice=0&drMonth=10&drYear=2026 (POST form),Reserve Bank of India,2026-09-28
2026,10,21,2026-10-21,Thiruvananthapuram,Vijaya Dasami/Durga Puja (Dasain),NI Act holiday,https://www.rbi.org.in/Scripts/HolidayMatrixDisplay.aspx?drRegionalOffice=0&drMonth=10&drYear=2026 (POST form),Reserve Bank of India,2026-09-28
2026,10,2,2026-10-02,Vijayawada,Mahatma Gandhi Jayanti,NI Act holiday,https://www.rbi.org.in/Scripts/HolidayMatrixDisplay.aspx?drRegionalOffice=0&drMonth=10&drYear=2026 (POST form),Reserve Bank of India,2026-09-28
2026,10,20,2026-10-20,Vijayawada,"Dasara/Dusshera (Vijaya Dashmi) (Aaso sud-10)/Mahanavami, Ayudhapooja/Durga Puja",NI Act holiday,https://www.rbi.org.in/Scripts/HolidayMatrixDisplay.aspx?drRegionalOffice=0&drMonth=10&drYear=2026 (POST form),Reserve Bank of India,2026-09-28
2026,11,9,2026-11-09,Agartala,Diwali/Laxmi Puja (Deepawali)/Govardhan Pooja/Vishwakarma Day,NI Act holiday,https://www.rbi.org.in/Scripts/HolidayMatrixDisplay.aspx?drRegionalOffice=0&drMonth=11&drYear=2026 (POST form),Reserve Bank of India,2026-09-28
2026,11,10,2026-11-10,Ahmedabad,Diwali (Bali Pratipada)/Deepawali (Govardhan Puja)/Laxmi Puja/Vikram Samvant New Year Day,NI Act holiday,https://www.rbi.org.in/Scripts/HolidayMatrixDisplay.aspx?drRegionalOffice=0&drMonth=11&drYear=2026 (POST form),Reserve Bank of India,2026-09-28
2026,11,24,2026-11-24,Aizawl,Guru Nanak Jayanti/Karthika Purnima/Rahas Purnima,NI Act holiday,https://www.rbi.org.in/Scripts/HolidayMatrixDisplay.aspx?drRegionalOffice=0&drMonth=11&drYear=2026 (POST form),Reserve Bank of India,2026-09-28
2026,11,10,2026-11-10,Belapur,Diwali (Bali Pratipada)/Deepawali (Govardhan Puja)/Laxmi Puja/Vikram Samvant New Year Day,NI Act holiday,https://www.rbi.org.in/Scripts/HolidayMatrixDisplay.aspx?drRegionalOffice=0&drMonth=11&drYear=2026 (POST form),Reserve Bank of India,2026-09-28
2026,11,24,2026-11-24,Belapur,Guru Nanak Jayanti/Karthika Purnima/Rahas Purnima,NI Act holiday,https://www.rbi.org.in/Scripts/HolidayMatrixDisplay.aspx?drRegionalOffice=0&drMonth=11&drYear=2026 (POST form),Reserve Bank of India,2026-09-28
2026,11,10,2026-11-10,Bengaluru,Diwali (Bali Pratipada)/Deepawali (Govardhan Puja)/Laxmi Puja/Vikram Samvant New Year Day,NI Act holiday,https://www.rbi.org.in/Scripts/HolidayMatrixDisplay.aspx?drRegionalOffice=0&drMonth=11&drYear=2026 (POST form),Reserve Bank of India,2026-09-28
2026,11,27,2026-11-27,Bengaluru,Kanakadasa Jayanthi,NI Act holiday,https://www.rbi.org.in/Scripts/HolidayMatrixDisplay.aspx?drRegionalOffice=0&drMonth=11&drYear=2026 (POST form),Reserve Bank of India,2026-09-28
2026,11,9,2026-11-09,Bhopal,Diwali/Laxmi Puja (Deepawali)/Govardhan Pooja/Vishwakarma Day,NI Act holiday,https://www.rbi.org.in/Scripts/HolidayMatrixDisplay.aspx?drRegionalOffice=0&drMonth=11&drYear=2026 (POST form),Reserve Bank of India,2026-09-28
2026,11,24,2026-11-24,Bhopal,Guru Nanak Jayanti/Karthika Purnima/Rahas Purnima,NI Act holiday,https://www.rbi.org.in/Scripts/HolidayMatrixDisplay.aspx?drRegionalOffice=0&drMonth=11&drYear=2026 (POST form),Reserve Bank of India,2026-09-28
2026,11,24,2026-11-24,Bhubaneswar,Guru Nanak Jayanti/Karthika Purnima/Rahas Purnima,NI Act holiday,https://www.rbi.org.in/Scripts/HolidayMatrixDisplay.aspx?drRegionalOffice=0&drMonth=11&drYear=2026 (POST form),Reserve Bank of India,2026-09-28
2026,11,9,2026-11-09,Chandigarh,Diwali/Laxmi Puja (Deepawali)/Govardhan Pooja/Vishwakarma Day,NI Act holiday,https://www.rbi.org.in/Scripts/HolidayMatrixDisplay.aspx?drRegionalOffice=0&drMonth=11&drYear=2026 (POST form),Reserve Bank of India,2026-09-28
2026,11,24,2026-11-24,Chandigarh,Guru Nanak Jayanti/Karthika Purnima/Rahas Purnima,NI Act holiday,https://www.rbi.org.in/Scripts/HolidayMatrixDisplay.aspx?drRegionalOffice=0&drMonth=11&drYear=2026 (POST form),Reserve Bank of India,2026-09-28
2026,11,10,2026-11-10,Dehradun,Diwali (Bali Pratipada)/Deepawali (Govardhan Puja)/Laxmi Puja/Vikram Samvant New Year Day,NI Act holiday,https://www.rbi.org.in/Scripts/HolidayMatrixDisplay.aspx?drRegionalOffice=0&drMonth=11&drYear=2026 (POST form),Reserve Bank of India,2026-09-28
2026,11,20,2026-11-20,Dehradun,Igas-Bagwal,NI Act holiday,https://www.rbi.org.in/Scripts/HolidayMatrixDisplay.aspx?drRegionalOffice=0&drMonth=11&drYear=2026 (POST form),Reserve Bank of India,2026-09-28
2026,11,24,2026-11-24,Dehradun,Guru Nanak Jayanti/Karthika Purnima/Rahas Purnima,NI Act holiday,https://www.rbi.org.in/Scripts/HolidayMatrixDisplay.aspx?drRegionalOffice=0&drMonth=11&drYear=2026 (POST form),Reserve Bank of India,2026-09-28
2026,11,9,2026-11-09,Gangtok,Diwali/Laxmi Puja (Deepawali)/Govardhan Pooja/Vishwakarma Day,NI Act holiday,https://www.rbi.org.in/Scripts/HolidayMatrixDisplay.aspx?drRegionalOffice=0&drMonth=11&drYear=2026 (POST form),Reserve Bank of India,2026-09-28
2026,11,10,2026-11-10,Gangtok,Diwali (Bali Pratipada)/Deepawali (Govardhan Puja)/Laxmi Puja/Vikram Samvant New Year Day,NI Act holiday,https://www.rbi.org.in/Scripts/HolidayMatrixDisplay.aspx?drRegionalOffice=0&drMonth=11&drYear=2026 (POST form),Reserve Bank of India,2026-09-28
2026,11,11,2026-11-11,Gangtok,Laxmi Puja (Deepawali)/Ningol Chakkouba/Bhratridwitiya/Bhaidooj/Chitragupt Jayanti,NI Act holiday,https://www.rbi.org.in/Scripts/HolidayMatrixDisplay.aspx?drRegionalOffice=0&drMonth=11&drYear=2026 (POST form),Reserve Bank of India,2026-09-28
2026,11,24,2026-11-24,Hyderabad,Guru Nanak Jayanti/Karthika Purnima/Rahas Purnima,NI Act holiday,https://www.rbi.org.in/Scripts/HolidayMatrixDisplay.aspx?drRegionalOffice=0&drMonth=11&drYear=2026 (POST form),Reserve Bank of India,2026-09-28
2026,11,9,2026-11-09,Imphal,Diwali/Laxmi Puja (Deepawali)/Govardhan Pooja/Vishwakarma Day,NI Act holiday,https://www.rbi.org.in/Scripts/HolidayMatrixDisplay.aspx?drRegionalOffice=0&drMonth=11&drYear=2026 (POST form),Reserve Bank of India,2026-09-28
2026,11,11,2026-11-11,Imphal,Laxmi Puja (Deepawali)/Ningol Chakkouba/Bhratridwitiya/Bhaidooj/Chitragupt Jayanti,NI Act holiday,https://www.rbi.org.in/Scripts/HolidayMatrixDisplay.aspx?drRegionalOffice=0&drMonth=11&drYear=2026 (POST form),Reserve Bank of India,2026-09-28
2026,11,24,2026-11-24,Itanagar,Guru Nanak Jayanti/Karthika Purnima/Rahas Purnima,NI Act holiday,https://www.rbi.org.in/Scripts/HolidayMatrixDisplay.aspx?drRegionalOffice=0&drMonth=11&drYear=2026 (POST form),Reserve Bank of India,2026-09-28
2026,11,9,2026-11-09,Jaipur,Diwali/Laxmi Puja (Deepawali)/Govardhan Pooja/Vishwakarma Day,NI Act holiday,https://www.rbi.org.in/Scripts/HolidayMatrixDisplay.aspx?drRegionalOffice=0&drMonth=11&drYear=2026 (POST form),Reserve Bank of India,2026-09-28
2026,11,24,2026-11-24,Jaipur,Guru Nanak Jayanti/Karthika Purnima/Rahas Purnima,NI Act holiday,https://www.rbi.org.in/Scripts/HolidayMatrixDisplay.aspx?drRegionalOffice=0&drMonth=11&drYear=2026 (POST form),Reserve Bank of India,2026-09-28
2026,11,24,2026-11-24,Jammu,Guru Nanak Jayanti/Karthika Purnima/Rahas Purnima,NI Act holiday,https://www.rbi.org.in/Scripts/HolidayMatrixDisplay.aspx?drRegionalOffice=0&drMonth=11&drYear=2026 (POST form),Reserve Bank of India,2026-09-28
2026,11,9,2026-11-09,Kanpur,Diwali/Laxmi Puja (Deepawali)/Govardhan Pooja/Vishwakarma Day,NI Act holiday,https://www.rbi.org.in/Scripts/HolidayMatrixDisplay.aspx?drRegionalOffice=0&drMonth=11&drYear=2026 (POST form),Reserve Bank of India,2026-09-28
2026,11,11,2026-11-11,Kanpur,Laxmi Puja (Deepawali)/Ningol Chakkouba/Bhratridwitiya/Bhaidooj/Chitragupt Jayanti,NI Act holiday,https://www.rbi.org.in/Scripts/HolidayMatrixDisplay.aspx?drRegionalOffice=0&drMonth=11&drYear=2026 (POST form),Reserve Bank of India,2026-09-28
2026,11,24,2026-11-24,Kanpur,Guru Nanak Jayanti/Karthika Purnima/Rahas Purnima,NI Act holiday,https://www.rbi.org.in/Scripts/HolidayMatrixDisplay.aspx?drRegionalOffice=0&drMonth=11&drYear=2026 (POST form),Reserve Bank of India,2026-09-28
2026,11,24,2026-11-24,Kohima,Guru Nanak Jayanti/Karthika Purnima/Rahas Purnima,NI Act holiday,https://www.rbi.org.in/Scripts/HolidayMatrixDisplay.aspx?drRegionalOffice=0&drMonth=11&drYear=2026 (POST form),Reserve Bank of India,2026-09-28
2026,11,11,2026-11-11,Kolkata,Laxmi Puja (Deepawali)/Ningol Chakkouba/Bhratridwitiya/Bhaidooj/Chitragupt Jayanti,NI Act holiday,https://www.rbi.org.in/Scripts/HolidayMatrixDisplay.aspx?drRegionalOffice=0&drMonth=11&drYear=2026 (POST form),Reserve Bank of India,2026-09-28
2026,11,24,2026-11-24,Kolkata,Guru Nanak Jayanti/Karthika Purnima/Rahas Purnima,NI Act holiday,https://www.rbi.org.in/Scripts/HolidayMatrixDisplay.aspx?drRegionalOffice=0&drMonth=11&drYear=2026 (POST form),Reserve Bank of India,2026-09-28
2026,11,9,2026-11-09,Lucknow,Diwali/Laxmi Puja (Deepawali)/Govardhan Pooja/Vishwakarma Day,NI Act holiday,https://www.rbi.org.in/Scripts/HolidayMatrixDisplay.aspx?drRegionalOffice=0&drMonth=11&drYear=2026 (POST form),Reserve Bank of India,2026-09-28
2026,11,11,2026-11-11,Lucknow,Laxmi Puja (Deepawali)/Ningol Chakkouba/Bhratridwitiya/Bhaidooj/Chitragupt Jayanti,NI Act holiday,https://www.rbi.org.in/Scripts/HolidayMatrixDisplay.aspx?drRegionalOffice=0&drMonth=11&drYear=2026 (POST form),Reserve Bank of India,2026-09-28
2026,11,24,2026-11-24,Lucknow,Guru Nanak Jayanti/Karthika Purnima/Rahas Purnima,NI Act holiday,https://www.rbi.org.in/Scripts/HolidayMatrixDisplay.aspx?drRegionalOffice=0&drMonth=11&drYear=2026 (POST form),Reserve Bank of India,2026-09-28
2026,11,10,2026-11-10,Mumbai,Diwali (Bali Pratipada)/Deepawali (Govardhan Puja)/Laxmi Puja/Vikram Samvant New Year Day,NI Act holiday,https://www.rbi.org.in/Scripts/HolidayMatrixDisplay.aspx?drRegionalOffice=0&drMonth=11&drYear=2026 (POST form),Reserve Bank of India,2026-09-28
2026,11,24,2026-11-24,Mumbai,Guru Nanak Jayanti/Karthika Purnima/Rahas Purnima,NI Act holiday,https://www.rbi.org.in/Scripts/HolidayMatrixDisplay.aspx?drRegionalOffice=0&drMonth=11&drYear=2026 (POST form),Reserve Bank of India,2026-09-28
2026,11,10,2026-11-10,Nagpur,Diwali (Bali Pratipada)/Deepawali (Govardhan Puja)/Laxmi Puja/Vikram Samvant New Year Day,NI Act holiday,https://www.rbi.org.in/Scripts/HolidayMatrixDisplay.aspx?drRegionalOffice=0&drMonth=11&drYear=2026 (POST form),Reserve Bank of India,2026-09-28
2026,11,24,2026-11-24,Nagpur,Guru Nanak Jayanti/Karthika Purnima/Rahas Purnima,NI Act holiday,https://www.rbi.org.in/Scripts/HolidayMatrixDisplay.aspx?drRegionalOffice=0&drMonth=11&drYear=2026 (POST form),Reserve Bank of India,2026-09-28
2026,11,24,2026-11-24,New Delhi,Guru Nanak Jayanti/Karthika Purnima/Rahas Purnima,NI Act holiday,https://www.rbi.org.in/Scripts/HolidayMatrixDisplay.aspx?drRegionalOffice=0&drMonth=11&drYear=2026 (POST form),Reserve Bank of India,2026-09-28
2026,11,16,2026-11-16,Patna,Chhath Puja/Surya Shashti Dala Chhath  (Prath Arghya),NI Act holiday,https://www.rbi.org.in/Scripts/HolidayMatrixDisplay.aspx?drRegionalOffice=0&drMonth=11&drYear=2026 (POST form),Reserve Bank of India,2026-09-28
2026,11,24,2026-11-24,Raipur,Guru Nanak Jayanti/Karthika Purnima/Rahas Purnima,NI Act holiday,https://www.rbi.org.in/Scripts/HolidayMatrixDisplay.aspx?drRegionalOffice=0&drMonth=11&drYear=2026 (POST form),Reserve Bank of India,2026-09-28
2026,11,16,2026-11-16,Ranchi,Chhath Puja/Surya Shashti Dala Chhath  (Prath Arghya),NI Act holiday,https://www.rbi.org.in/Scripts/HolidayMatrixDisplay.aspx?drRegionalOffice=0&drMonth=11&drYear=2026 (POST form),Reserve Bank of India,2026-09-28
2026,11,24,2026-11-24,Ranchi,Guru Nanak Jayanti/Karthika Purnima/Rahas Purnima,NI Act holiday,https://www.rbi.org.in/Scripts/HolidayMatrixDisplay.aspx?drRegionalOffice=0&drMonth=11&drYear=2026 (POST form),Reserve Bank of India,2026-09-28
2026,11,13,2026-11-13,Shillong,Wangala Festival,NI Act holiday,https://www.rbi.org.in/Scripts/HolidayMatrixDisplay.aspx?drRegionalOffice=0&drMonth=11&drYear=2026 (POST form),Reserve Bank of India,2026-09-28
2026,11,23,2026-11-23,Shillong,Seng Kut Snem,NI Act holiday,https://www.rbi.org.in/Scripts/HolidayMatrixDisplay.aspx?drRegionalOffice=0&drMonth=11&drYear=2026 (POST form),Reserve Bank of India,2026-09-28
2026,11,11,2026-11-11,Shimla,Laxmi Puja (Deepawali)/Ningol Chakkouba/Bhratridwitiya/Bhaidooj/Chitragupt Jayanti,NI Act holiday,https://www.rbi.org.in/Scripts/HolidayMatrixDisplay.aspx?drRegionalOffice=0&drMonth=11&drYear=2026 (POST form),Reserve Bank of India,2026-09-28
2026,11,24,2026-11-24,Shimla,Guru Nanak Jayanti/Karthika Purnima/Rahas Purnima,NI Act holiday,https://www.rbi.org.in/Scripts/HolidayMatrixDisplay.aspx?drRegionalOffice=0&drMonth=11&drYear=2026 (POST form),Reserve Bank of India,2026-09-28
2026,11,24,2026-11-24,Srinagar,Guru Nanak Jayanti/Karthika Purnima/Rahas Purnima,NI Act holiday,https://www.rbi.org.in/Scripts/HolidayMatrixDisplay.aspx?drRegionalOffice=0&drMonth=11&drYear=2026 (POST form),Reserve Bank of India,2026-09-28
2026,12,25,2026-12-25,Agartala,Christmas,NI Act holiday,https://www.rbi.org.in/Scripts/HolidayMatrixDisplay.aspx?drRegionalOffice=0&drMonth=12&drYear=2026 (POST form),Reserve Bank of India,2026-09-28
2026,12,25,2026-12-25,Ahmedabad,Christmas,NI Act holiday,https://www.rbi.org.in/Scripts/HolidayMatrixDisplay.aspx?drRegionalOffice=0&drMonth=12&drYear=2026 (POST form),Reserve Bank of India,2026-09-28
2026,12,24,2026-12-24,Aizawl,Christmas Eve,NI Act holiday,https://www.rbi.org.in/Scripts/HolidayMatrixDisplay.aspx?drRegionalOffice=0&drMonth=12&drYear=2026 (POST form),Reserve Bank of India,2026-09-28
2026,12,25,2026-12-25,Aizawl,Christmas,NI Act holiday,https://www.rbi.org.in/Scripts/HolidayMatrixDisplay.aspx?drRegionalOffice=0&drMonth=12&drYear=2026 (POST form),Reserve Bank of India,2026-09-28
2026,12,31,2026-12-31,Aizawl,New Year's Eve,NI Act holiday,https://www.rbi.org.in/Scripts/HolidayMatrixDisplay.aspx?drRegionalOffice=0&drMonth=12&drYear=2026 (POST form),Reserve Bank of India,2026-09-28
2026,12,25,2026-12-25,Belapur,Christmas,NI Act holiday,https://www.rbi.org.in/Scripts/HolidayMatrixDisplay.aspx?drRegionalOffice=0&drMonth=12&drYear=2026 (POST form),Reserve Bank of India,2026-09-28
2026,12,25,2026-12-25,Bengaluru,Christmas,NI Act holiday,https://www.rbi.org.in/Scripts/HolidayMatrixDisplay.aspx?drRegionalOffice=0&drMonth=12&drYear=2026 (POST form),Reserve Bank of India,2026-09-28
2026,12,25,2026-12-25,Bhopal,Christmas,NI Act holiday,https://www.rbi.org.in/Scripts/HolidayMatrixDisplay.aspx?drRegionalOffice=0&drMonth=12&drYear=2026 (POST form),Reserve Bank of India,2026-09-28
2026,12,25,2026-12-25,Bhubaneswar,Christmas,NI Act holiday,https://www.rbi.org.in/Scripts/HolidayMatrixDisplay.aspx?drRegionalOffice=0&drMonth=12&drYear=2026 (POST form),Reserve Bank of India,2026-09-28
2026,12,25,2026-12-25,Chandigarh,Christmas,NI Act holiday,https://www.rbi.org.in/Scripts/HolidayMatrixDisplay.aspx?drRegionalOffice=0&drMonth=12&drYear=2026 (POST form),Reserve Bank of India,2026-09-28
2026,12,25,2026-12-25,Chennai,Christmas,NI Act holiday,https://www.rbi.org.in/Scripts/HolidayMatrixDisplay.aspx?drRegionalOffice=0&drMonth=12&drYear=2026 (POST form),Reserve Bank of India,2026-09-28
2026,12,25,2026-12-25,Dehradun,Christmas,NI Act holiday,https://www.rbi.org.in/Scripts/HolidayMatrixDisplay.aspx?drRegionalOffice=0&drMonth=12&drYear=2026 (POST form),Reserve Bank of India,2026-09-28
2026,12,9,2026-12-09,Gangtok,Losoong / Namsoong,NI Act holiday,https://www.rbi.org.in/Scripts/HolidayMatrixDisplay.aspx?drRegionalOffice=0&drMonth=12&drYear=2026 (POST form),Reserve Bank of India,2026-09-28
2026,12,10,2026-12-10,Gangtok,Losoong / Namsoong,NI Act holiday,https://www.rbi.org.in/Scripts/HolidayMatrixDisplay.aspx?drRegionalOffice=0&drMonth=12&drYear=2026 (POST form),Reserve Bank of India,2026-09-28
2026,12,11,2026-12-11,Gangtok,Losoong / Namsoong,NI Act holiday,https://www.rbi.org.in/Scripts/HolidayMatrixDisplay.aspx?drRegionalOffice=0&drMonth=12&drYear=2026 (POST form),Reserve Bank of India,2026-09-28
2026,12,25,2026-12-25,Gangtok,Christmas,NI Act holiday,https://www.rbi.org.in/Scripts/HolidayMatrixDisplay.aspx?drRegionalOffice=0&drMonth=12&drYear=2026 (POST form),Reserve Bank of India,2026-09-28
2026,12,25,2026-12-25,Guwahati,Christmas,NI Act holiday,https://www.rbi.org.in/Scripts/HolidayMatrixDisplay.aspx?drRegionalOffice=0&drMonth=12&drYear=2026 (POST form),Reserve Bank of India,2026-09-28
2026,12,25,2026-12-25,Hyderabad,Christmas,NI Act holiday,https://www.rbi.org.in/Scripts/HolidayMatrixDisplay.aspx?drRegionalOffice=0&drMonth=12&drYear=2026 (POST form),Reserve Bank of India,2026-09-28
2026,12,25,2026-12-25,Imphal,Christmas,NI Act holiday,https://www.rbi.org.in/Scripts/HolidayMatrixDisplay.aspx?drRegionalOffice=0&drMonth=12&drYear=2026 (POST form),Reserve Bank of India,2026-09-28
2026,12,1,2026-12-01,Itanagar,Indigenous Faith Day/State Inauguration Day,NI Act holiday,https://www.rbi.org.in/Scripts/HolidayMatrixDisplay.aspx?drRegionalOffice=0&drMonth=12&drYear=2026 (POST form),Reserve Bank of India,2026-09-28
2026,12,25,2026-12-25,Itanagar,Christmas,NI Act holiday,https://www.rbi.org.in/Scripts/HolidayMatrixDisplay.aspx?drRegionalOffice=0&drMonth=12&drYear=2026 (POST form),Reserve Bank of India,2026-09-28
2026,12,25,2026-12-25,Jaipur,Christmas,NI Act holiday,https://www.rbi.org.in/Scripts/HolidayMatrixDisplay.aspx?drRegionalOffice=0&drMonth=12&drYear=2026 (POST form),Reserve Bank of India,2026-09-28
2026,12,25,2026-12-25,Jammu,Christmas,NI Act holiday,https://www.rbi.org.in/Scripts/HolidayMatrixDisplay.aspx?drRegionalOffice=0&drMonth=12&drYear=2026 (POST form),Reserve Bank of India,2026-09-28
2026,12,25,2026-12-25,Kanpur,Christmas,NI Act holiday,https://www.rbi.org.in/Scripts/HolidayMatrixDisplay.aspx?drRegionalOffice=0&drMonth=12&drYear=2026 (POST form),Reserve Bank of India,2026-09-28
2026,12,25,2026-12-25,Kochi,Christmas,NI Act holiday,https://www.rbi.org.in/Scripts/HolidayMatrixDisplay.aspx?drRegionalOffice=0&drMonth=12&drYear=2026 (POST form),Reserve Bank of India,2026-09-28
2026,12,1,2026-12-01,Kohima,Indigenous Faith Day/State Inauguration Day,NI Act holiday,https://www.rbi.org.in/Scripts/HolidayMatrixDisplay.aspx?drRegionalOffice=0&drMonth=12&drYear=2026 (POST form),Reserve Bank of India,2026-09-28
2026,12,24,2026-12-24,Kohima,Christmas Eve,NI Act holiday,https://www.rbi.org.in/Scripts/HolidayMatrixDisplay.aspx?drRegionalOffice=0&drMonth=12&drYear=2026 (POST form),Reserve Bank of India,2026-09-28
2026,12,25,2026-12-25,Kohima,Christmas,NI Act holiday,https://www.rbi.org.in/Scripts/HolidayMatrixDisplay.aspx?drRegionalOffice=0&drMonth=12&drYear=2026 (POST form),Reserve Bank of India,2026-09-28
2026,12,26,2026-12-26,Kohima,Christmas,NI Act holiday,https://www.rbi.org.in/Scripts/HolidayMatrixDisplay.aspx?drRegionalOffice=0&drMonth=12&drYear=2026 (POST form),Reserve Bank of India,2026-09-28
2026,12,25,2026-12-25,Kolkata,Christmas,NI Act holiday,https://www.rbi.org.in/Scripts/HolidayMatrixDisplay.aspx?drRegionalOffice=0&drMonth=12&drYear=2026 (POST form),Reserve Bank of India,2026-09-28
2026,12,25,2026-12-25,Lucknow,Christmas,NI Act holiday,https://www.rbi.org.in/Scripts/HolidayMatrixDisplay.aspx?drRegionalOffice=0&drMonth=12&drYear=2026 (POST form),Reserve Bank of India,2026-09-28
2026,12,25,2026-12-25,Mumbai,Christmas,NI Act holiday,https://www.rbi.org.in/Scripts/HolidayMatrixDisplay.aspx?drRegionalOffice=0&drMonth=12&drYear=2026 (POST form),Reserve Bank of India,2026-09-28
2026,12,25,2026-12-25,Nagpur,Christmas,NI Act holiday,https://www.rbi.org.in/Scripts/HolidayMatrixDisplay.aspx?drRegionalOffice=0&drMonth=12&drYear=2026 (POST form),Reserve Bank of India,2026-09-28
2026,12,25,2026-12-25,New Delhi,Christmas,NI Act holiday,https://www.rbi.org.in/Scripts/HolidayMatrixDisplay.aspx?drRegionalOffice=0&drMonth=12&drYear=2026 (POST form),Reserve Bank of India,2026-09-28
2026,12,3,2026-12-03,Panaji,Feast of St. Francis Xavier,NI Act holiday,https://www.rbi.org.in/Scripts/HolidayMatrixDisplay.aspx?drRegionalOffice=0&drMonth=12&drYear=2026 (POST form),Reserve Bank of India,2026-09-28
2026,12,19,2026-12-19,Panaji,Goa Liberation Day,NI Act holiday,https://www.rbi.org.in/Scripts/HolidayMatrixDisplay.aspx?drRegionalOffice=0&drMonth=12&drYear=2026 (POST form),Reserve Bank of India,2026-09-28
2026,12,25,2026-12-25,Panaji,Christmas,NI Act holiday,https://www.rbi.org.in/Scripts/HolidayMatrixDisplay.aspx?drRegionalOffice=0&drMonth=12&drYear=2026 (POST form),Reserve Bank of India,2026-09-28
2026,12,25,2026-12-25,Patna,Christmas,NI Act holiday,https://www.rbi.org.in/Scripts/HolidayMatrixDisplay.aspx?drRegionalOffice=0&drMonth=12&drYear=2026 (POST form),Reserve Bank of India,2026-09-28
2026,12,25,2026-12-25,Raipur,Christmas,NI Act holiday,https://www.rbi.org.in/Scripts/HolidayMatrixDisplay.aspx?drRegionalOffice=0&drMonth=12&drYear=2026 (POST form),Reserve Bank of India,2026-09-28
2026,12,25,2026-12-25,Ranchi,Christmas,NI Act holiday,https://www.rbi.org.in/Scripts/HolidayMatrixDisplay.aspx?drRegionalOffice=0&drMonth=12&drYear=2026 (POST form),Reserve Bank of India,2026-09-28
2026,12,12,2026-12-12,Shillong,Death Anniversary of Pa Togan Nengminja Sangma,NI Act holiday,https://www.rbi.org.in/Scripts/HolidayMatrixDisplay.aspx?drRegionalOffice=0&drMonth=12&drYear=2026 (POST form),Reserve Bank of India,2026-09-28
2026,12,18,2026-12-18,Shillong,Death Anniversary of U SoSo Tham,NI Act holiday,https://www.rbi.org.in/Scripts/HolidayMatrixDisplay.aspx?drRegionalOffice=0&drMonth=12&drYear=2026 (POST form),Reserve Bank of India,2026-09-28
2026,12,24,2026-12-24,Shillong,Christmas Eve,NI Act holiday,https://www.rbi.org.in/Scripts/HolidayMatrixDisplay.aspx?drRegionalOffice=0&drMonth=12&drYear=2026 (POST form),Reserve Bank of India,2026-09-28
2026,12,25,2026-12-25,Shillong,Christmas,NI Act holiday,https://www.rbi.org.in/Scripts/HolidayMatrixDisplay.aspx?drRegionalOffice=0&drMonth=12&drYear=2026 (POST form),Reserve Bank of India,2026-09-28
2026,12,26,2026-12-26,Shillong,Christmas,NI Act holiday,https://www.rbi.org.in/Scripts/HolidayMatrixDisplay.aspx?drRegionalOffice=0&drMonth=12&drYear=2026 (POST form),Reserve Bank of India,2026-09-28
2026,12,30,2026-12-30,Shillong,Death Anniversary of U Kiang Nangbah,NI Act holiday,https://www.rbi.org.in/Scripts/HolidayMatrixDisplay.aspx?drRegionalOffice=0&drMonth=12&drYear=2026 (POST form),Reserve Bank of India,2026-09-28
2026,12,25,2026-12-25,Shimla,Christmas,NI Act holiday,https://www.rbi.org.in/Scripts/HolidayMatrixDisplay.aspx?drRegionalOffice=0&drMonth=12&drYear=2026 (POST form),Reserve Bank of India,2026-09-28
2026,12,25,2026-12-25,Srinagar,Christmas,NI Act holiday,https://www.rbi.org.in/Scripts/HolidayMatrixDisplay.aspx?drRegionalOffice=0&drMonth=12&drYear=2026 (POST form),Reserve Bank of India,2026-09-28
2026,12,25,2026-12-25,Thiruvananthapuram,Christmas,NI Act holiday,https://www.rbi.org.in/Scripts/HolidayMatrixDisplay.aspx?drRegionalOffice=0&drMonth=12&drYear=2026 (POST form),Reserve Bank of India,2026-09-28
2026,12,25,2026-12-25,Vijayawada,Christmas,NI Act holiday,https://www.rbi.org.in/Scripts/HolidayMatrixDisplay.aspx?drRegionalOffice=0&drMonth=12&drYear=2026 (POST form),Reserve Bank of India,2026-09-28
